tripinfo_id,tripinfo_vType,day,sim,CO2_abs,departDelay,waitingTime,waitingCount,timeLoss
flow_0.0,car,1,1,242224.952847,0.0,23.0,1,38.91
flow_0.1,car,1,1,250168.818843,0.4,19.0,1,35.88
flow_0.2,car,1,1,238355.610061,0.8,18.0,1,33.22
flow_0.3,car,1,1,233975.09925,0.2,15.0,1,30.91
flow_0.4,car,1,1,196606.937829,0.6,6.0,1,23.33
flow_0.5,car,1,1,221089.959282,0.0,10.0,1,26.47
flow_0.6,car,1,1,195375.730703,0.4,5.0,1,19.66
flow_0.7,car,1,1,192533.395246,0.8,1.0,1,18.56
flow_0.8,car,1,1,172438.561274,0.2,0.0,0,13.12
flow_0.9,car,1,1,187731.398161,0.6,0.0,0,13.79
flow_0.10,car,1,1,167508.559771,0.0,0.0,0,11.06
flow_0.11,car,1,1,170602.025857,0.4,0.0,0,11.14
flow_0.12,car,1,1,164807.792503,0.8,0.0,0,10.36
flow_0.13,car,1,1,171489.803533,0.2,0.0,0,11.89
flow_0.14,car,1,1,166967.466073,0.6,0.0,0,11.14
flow_0.15,car,1,1,161161.257892,0.0,0.0,0,11.59
flow_0.16,car,1,1,163750.961425,0.4,0.0,0,11.02
flow_0.17,car,1,1,163433.367528,0.8,0.0,0,11.98
flow_0.18,car,1,1,167183.468988,0.2,0.0,0,11.31
flow_0.19,car,1,1,174486.442652,0.6,0.0,0,11.18
flow_0.20,car,1,1,172738.702335,0.0,0.0,0,11.54
flow_0.21,car,1,1,325609.336428,0.4,58.0,1,73.55
flow_0.22,car,1,1,302259.585566,0.8,52.0,1,68.22
flow_0.23,car,1,1,287823.615495,0.2,48.0,1,65.34
flow_0.24,car,1,1,292716.818553,0.6,48.0,1,63.44
flow_0.25,car,1,1,289996.843158,0.0,45.0,1,61.4
flow_0.26,car,1,1,290011.594646,0.4,44.0,1,60.68
flow_0.27,car,1,1,291240.073298,0.8,42.0,1,58.74
flow_0.28,car,1,1,275863.706617,0.2,38.0,1,54.08
flow_0.29,car,1,1,280339.705471,0.6,37.0,1,53.73
flow_0.30,car,1,1,270920.548586,0.0,36.0,1,51.96
flow_0.31,car,1,1,266255.513479,0.4,31.0,1,48.15
flow_0.32,car,1,1,262164.650927,0.8,31.0,1,45.45
flow_0.33,car,1,1,252804.582016,0.2,28.0,1,43.44
flow_0.34,car,1,1,251794.088268,0.6,22.0,1,39.41
flow_0.35,car,1,1,242637.1531,0.0,22.0,1,36.88
flow_0.36,car,1,1,240580.065643,0.4,18.0,1,35.12
flow_0.37,car,1,1,227392.846491,0.8,17.0,1,31.95
flow_0.38,car,1,1,207643.326381,0.2,11.0,1,27.72
flow_0.39,car,1,1,223412.283909,0.6,13.0,1,26.92
flow_0.40,car,1,1,210597.312907,0.0,6.0,1,22.77
flow_0.41,car,1,1,211631.981281,0.4,4.0,1,22.52
flow_0.42,car,1,1,209784.327727,0.8,4.0,1,19.77
flow_0.43,car,1,1,203169.52953,0.2,2.0,1,17.65
flow_0.44,car,1,1,192466.117331,0.6,0.0,0,13.65
flow_0.45,car,1,1,170619.879753,0.0,0.0,0,10.67
flow_0.46,car,1,1,161987.151898,0.4,0.0,0,11.69
flow_0.47,car,1,1,164755.331595,0.8,0.0,0,10.51
flow_0.48,car,1,1,157615.120556,0.2,0.0,0,10.58
flow_0.49,car,1,1,164327.521023,0.6,0.0,0,11.0
flow_0.50,car,1,1,169438.40954,0.0,0.0,0,10.22
flow_0.51,car,1,1,172421.367035,0.4,0.0,0,10.48
flow_0.52,car,1,1,168644.937761,0.8,0.0,0,10.24
flow_0.53,car,1,1,172462.629894,0.2,0.0,0,11.01
flow_0.54,car,1,1,171496.491101,0.6,0.0,0,10.85
flow_0.55,car,1,1,319461.346675,0.0,58.0,1,73.72
flow_0.56,car,1,1,328594.406139,0.4,59.0,1,73.4
flow_0.57,car,1,1,315962.890924,0.8,52.0,1,71.14
flow_0.58,car,1,1,306998.294383,0.2,51.0,1,68.18
flow_0.59,car,1,1,303008.454837,0.6,51.0,1,65.79
flow_0.60,car,1,1,308971.108362,0.0,48.0,1,63.79
flow_0.61,car,1,1,297688.964178,0.4,44.0,1,60.39
flow_0.62,car,1,1,291552.226754,0.8,39.0,1,56.84
flow_0.63,car,1,1,275861.858213,0.2,36.0,1,53.22
flow_0.64,car,1,1,261273.447613,0.6,33.0,1,48.91
flow_0.65,car,1,1,254464.062285,0.0,32.0,1,47.33
flow_0.66,car,1,1,243762.75993,0.4,28.0,1,44.56
flow_0.67,car,1,1,263992.1787,0.8,27.0,1,44.07
flow_0.68,car,1,1,252136.739843,0.2,24.0,1,41.78
flow_0.69,car,1,1,251529.927693,0.6,23.0,1,38.94
flow_0.70,car,1,1,240635.057078,0.0,19.0,1,36.85
flow_0.71,car,1,1,228667.094461,0.4,16.0,1,32.49
flow_0.72,car,1,1,224847.684735,0.8,13.0,1,32.02
flow_0.73,car,1,1,213462.630685,0.2,11.0,1,27.78
flow_0.74,car,1,1,214272.37049,0.6,9.0,1,25.27
flow_0.75,car,1,1,218489.880414,0.0,8.0,1,23.67
flow_0.76,car,1,1,202106.450559,0.4,6.0,1,21.4
flow_0.77,car,1,1,212996.499794,0.8,4.0,1,18.59
flow_0.78,car,1,1,194156.518198,0.2,0.0,0,17.36
flow_0.79,car,1,1,172798.62344,0.6,0.0,0,10.7
flow_0.80,car,1,1,171425.032281,0.0,0.0,0,10.71
flow_0.81,car,1,1,169089.711671,0.4,0.0,0,9.7
flow_0.82,car,1,1,164063.649296,0.8,0.0,0,9.67
flow_0.83,car,1,1,165382.996856,0.2,0.0,0,11.99
flow_0.84,car,1,1,170206.810841,0.6,0.0,0,11.08
flow_0.85,car,1,1,167662.832817,0.0,0.0,0,10.4
flow_0.86,car,1,1,174795.436217,0.4,0.0,0,10.76
flow_0.87,car,1,1,175461.687081,0.8,0.0,0,11.18
flow_0.88,car,1,1,170758.521811,0.2,0.0,0,10.42
flow_0.89,car,1,1,317786.619771,0.6,59.0,1,74.34
flow_0.90,car,1,1,303944.229276,0.0,55.0,1,70.73
flow_0.91,car,1,1,312148.391904,0.4,55.0,1,70.11
flow_0.92,car,1,1,317803.920369,0.8,52.0,1,69.86
flow_0.93,car,1,1,312869.737338,0.2,51.0,1,67.06
flow_0.94,car,1,1,307460.173734,0.6,48.0,1,65.33
flow_0.95,car,1,1,285239.671016,0.0,42.0,1,59.89
flow_0.96,car,1,1,300803.25291,0.4,43.0,1,59.98
flow_0.97,car,1,1,282703.522887,0.8,40.0,1,56.41
flow_0.98,car,1,1,285460.162844,0.2,39.0,1,53.95
flow_0.99,car,1,1,273346.554009,0.6,33.0,1,49.69
flow_0.100,car,1,1,265611.044891,0.0,33.0,1,47.6
flow_0.101,car,1,1,259557.278159,0.4,29.0,1,44.93
flow_0.102,car,1,1,243711.864892,0.8,25.0,1,40.59
flow_0.103,car,1,1,256494.175501,0.2,25.0,1,41.1
flow_0.104,car,1,1,247832.524487,0.6,22.0,1,37.38
flow_0.105,car,1,1,237599.387291,0.0,21.0,1,35.64
flow_0.106,car,1,1,232780.235287,0.4,17.0,1,34.34
flow_0.107,car,1,1,228195.437308,0.8,13.0,1,29.24
flow_0.108,car,1,1,214330.415191,0.2,9.0,1,25.95
flow_0.109,car,1,1,200835.3589,0.6,8.0,1,22.28
flow_0.110,car,1,1,220776.373815,0.0,8.0,1,22.75
flow_0.111,car,1,1,204030.705971,0.4,3.0,1,20.93
flow_0.112,car,1,1,206118.923789,0.8,1.0,1,17.05
flow_0.113,car,1,1,174396.734761,0.2,0.0,0,11.18
flow_0.114,car,1,1,176127.957202,0.6,0.0,0,10.72
flow_0.115,car,1,1,178740.797156,0.0,0.0,0,11.74
flow_0.116,car,1,1,179378.710054,0.4,0.0,0,11.55
flow_0.117,car,1,1,170928.806061,0.8,0.0,0,10.85
flow_0.118,car,1,1,162058.367637,0.2,0.0,0,10.32
flow_0.119,car,1,1,173440.223311,0.6,0.0,0,9.71
flow_0.120,car,1,1,168683.148671,0.0,0.0,0,11.2
flow_0.121,car,1,1,175101.789493,0.4,0.0,0,10.69
flow_0.122,car,1,1,165758.178611,0.8,0.0,0,10.55
flow_0.123,car,1,1,161147.130186,0.2,0.0,0,10.0
flow_0.124,car,1,1,171473.083777,0.6,0.0,0,10.11
flow_0.125,car,1,1,296801.316468,0.0,54.0,1,68.27
flow_0.126,car,1,1,320994.360717,0.4,55.0,1,71.25
flow_0.127,car,1,1,311493.588666,0.8,50.0,1,67.97
flow_0.128,car,1,1,305849.145095,0.2,49.0,1,65.83
flow_0.129,car,1,1,308268.419685,0.6,49.0,1,62.99
flow_0.130,car,1,1,295375.517463,0.0,46.0,1,61.11
flow_0.131,car,1,1,290009.149506,0.4,41.0,1,58.59
flow_0.132,car,1,1,283642.450636,0.8,38.0,1,55.93
flow_0.133,car,1,1,279967.570225,0.2,35.0,1,53.03
flow_0.134,car,1,1,273635.320931,0.6,36.0,1,50.16
flow_0.135,car,1,1,274310.89222,0.0,33.0,1,47.8
flow_0.136,car,1,1,263249.340775,0.4,30.0,1,45.76
flow_0.137,car,1,1,242093.634056,0.8,27.0,1,41.38
flow_0.138,car,1,1,255019.800844,0.2,26.0,1,40.67
flow_0.139,car,1,1,250561.512899,0.6,22.0,1,38.05
flow_0.140,car,1,1,231831.022392,0.0,17.0,1,32.29
flow_0.141,car,1,1,233172.225626,0.4,17.0,1,32.82
flow_0.142,car,1,1,190256.649645,0.8,6.0,1,20.56
flow_0.143,car,1,1,218550.730895,0.2,12.0,1,27.44
flow_0.144,car,1,1,192180.021224,0.6,2.0,1,21.38
flow_0.145,car,1,1,212680.070484,0.0,6.0,1,21.97
flow_0.146,car,1,1,203997.559916,0.4,1.0,1,18.28
flow_0.147,car,1,1,196136.949516,0.8,2.0,1,16.86
flow_0.148,car,1,1,179457.360431,0.2,0.0,0,11.09
flow_0.149,car,1,1,169308.090564,0.6,0.0,0,12.42
flow_0.150,car,1,1,168802.934041,0.0,0.0,0,10.85
flow_0.151,car,1,1,167751.926232,0.4,0.0,0,11.88
flow_0.152,car,1,1,163303.925239,0.8,0.0,0,9.99
flow_0.153,car,1,1,171227.995171,0.2,0.0,0,10.68
flow_0.154,car,1,1,162922.819908,0.6,0.0,0,9.68
flow_0.155,car,1,1,174516.580245,0.0,0.0,0,11.84
flow_0.156,car,1,1,158739.196036,0.4,0.0,0,10.41
flow_0.157,car,1,1,162953.490533,0.8,0.0,0,12.38
flow_0.158,car,1,1,172473.169352,0.2,0.0,0,10.97
flow_0.159,car,1,1,329566.462541,0.6,58.0,1,75.5
flow_0.160,car,1,1,327089.099966,0.0,58.0,1,73.37
flow_0.161,car,1,1,319288.99635,0.4,55.0,1,70.23
flow_0.162,car,1,1,295755.37879,0.8,48.0,1,64.29
flow_0.163,car,1,1,308320.477381,0.2,49.0,1,65.51
flow_0.164,car,1,1,302514.747092,0.6,48.0,1,62.85
flow_0.165,car,1,1,295219.588552,0.0,44.0,1,59.79
flow_0.166,car,1,1,282053.268425,0.4,41.0,1,55.35
flow_0.167,car,1,1,280733.320873,0.8,38.0,1,54.86
flow_0.168,car,1,1,264883.098723,0.2,34.0,1,50.2
flow_0.169,car,1,1,256697.939394,0.6,29.0,1,46.28
flow_0.170,car,1,1,266868.031359,0.0,33.0,1,47.7
flow_0.171,car,1,1,254948.231472,0.4,28.0,1,43.22
flow_0.172,car,1,1,242757.730006,0.8,22.0,1,38.8
flow_0.173,car,1,1,248151.94024,0.2,22.0,1,39.13
flow_0.174,car,1,1,251668.282893,0.6,19.0,1,36.36
flow_0.175,car,1,1,241475.34496,0.0,17.0,1,34.58
flow_0.176,car,1,1,232074.236871,0.4,15.0,1,31.12
flow_0.177,car,1,1,221004.854822,0.8,10.0,1,28.01
flow_0.178,car,1,1,216086.712479,0.2,10.0,1,26.69
flow_0.179,car,1,1,214019.707041,0.6,6.0,1,23.69
flow_0.180,car,1,1,202319.107538,0.0,5.0,1,20.84
flow_0.181,car,1,1,193105.766252,0.4,1.0,1,16.03
flow_0.182,car,1,1,163723.990736,0.8,0.0,0,11.51
flow_0.183,car,1,1,180754.67911,0.2,0.0,0,10.96
flow_0.184,car,1,1,153860.712895,0.6,0.0,0,10.9
flow_0.185,car,1,1,170385.251068,0.0,0.0,0,10.76
flow_0.186,car,1,1,171044.391882,0.4,0.0,0,12.19
flow_0.187,car,1,1,163912.170658,0.8,0.0,0,10.29
flow_0.188,car,1,1,166126.341058,0.2,0.0,0,11.05
flow_0.189,car,1,1,176379.516325,0.6,0.0,0,10.31
flow_0.190,car,1,1,172882.570374,0.0,0.0,0,10.62
flow_0.191,car,1,1,173425.095949,0.4,0.0,0,10.6
flow_0.192,car,1,1,319153.717644,0.8,59.0,1,75.02
flow_0.193,car,1,1,173623.10591,0.2,0.0,0,10.59
flow_0.194,car,1,1,314337.992886,0.6,55.0,1,70.32
flow_0.195,car,1,1,326633.981187,0.0,55.0,1,71.67
flow_0.196,car,1,1,288234.255593,0.4,48.0,1,63.6
flow_0.197,car,1,1,303198.954988,0.8,47.0,1,64.96
flow_0.198,car,1,1,286949.464843,0.2,45.0,1,60.25
flow_0.199,car,1,1,302662.649127,0.6,45.0,1,61.1
flow_0.200,car,1,1,298674.45928,0.0,44.0,1,59.66
flow_0.201,car,1,1,288417.180846,0.4,40.0,1,56.81
flow_0.202,car,1,1,288562.927195,0.8,36.0,1,53.12
flow_0.203,car,1,1,274787.408676,0.2,36.0,1,51.52
flow_0.204,car,1,1,263524.282936,0.6,33.0,1,47.61
flow_0.205,car,1,1,258021.439177,0.0,28.0,1,44.69
flow_0.206,car,1,1,251792.360323,0.4,25.0,1,42.88
flow_0.207,car,1,1,247208.310615,0.8,23.0,1,40.13
flow_0.208,car,1,1,245036.546291,0.2,24.0,1,38.95
flow_0.209,car,1,1,243411.201812,0.6,20.0,1,34.01
flow_0.210,car,1,1,239244.545758,0.0,17.0,1,33.21
flow_0.211,car,1,1,204230.216935,0.4,10.0,1,24.47
flow_0.212,car,1,1,221382.671261,0.8,11.0,1,27.86
flow_0.213,car,1,1,213808.485253,0.2,6.0,1,23.93
flow_0.214,car,1,1,206942.73558,0.6,6.0,1,22.22
flow_0.215,car,1,1,203868.652867,0.0,4.0,1,21.08
flow_0.216,car,1,1,176934.004693,0.4,0.0,0,12.89
flow_0.217,car,1,1,180761.465334,0.8,0.0,0,13.02
flow_0.218,car,1,1,163404.295436,0.2,0.0,0,10.19
flow_0.219,car,1,1,163656.096657,0.6,0.0,0,10.09
flow_0.220,car,1,1,174321.021473,0.0,0.0,0,11.33
flow_0.221,car,1,1,174013.099844,0.4,0.0,0,9.97
flow_0.222,car,1,1,169955.560382,0.8,0.0,0,10.13
flow_0.223,car,1,1,171347.184707,0.2,0.0,0,9.56
flow_0.224,car,1,1,169374.84947,0.6,0.0,0,10.78
flow_0.225,car,1,1,169215.944918,0.0,0.0,0,10.95
flow_0.226,car,1,1,171605.790101,0.4,0.0,0,11.29
flow_0.227,car,1,1,174613.225627,0.8,0.0,0,11.83
flow_0.228,car,1,1,163007.518378,0.2,0.0,0,9.98
flow_0.229,car,1,1,323150.262889,0.6,55.0,1,71.92
flow_0.230,car,1,1,322543.589102,0.0,56.0,1,71.46
flow_0.231,car,1,1,299436.911396,0.4,50.0,1,65.65
flow_0.232,car,1,1,304601.524191,0.8,47.0,1,64.63
flow_0.233,car,1,1,301974.989769,0.2,47.0,1,63.43
flow_0.234,car,1,1,297116.64468,0.6,45.0,1,60.39
flow_0.235,car,1,1,290416.93546,0.0,45.0,1,59.15
flow_0.236,car,1,1,272113.947603,0.4,38.0,1,53.34
flow_0.237,car,1,1,281622.128128,0.8,35.0,1,52.34
flow_0.238,car,1,1,273136.110934,0.2,31.0,1,49.52
flow_0.239,car,1,1,265861.033054,0.6,29.0,1,46.48
flow_0.240,car,1,1,258217.04409,0.0,29.0,1,45.39
flow_0.241,car,1,1,249172.338321,0.4,26.0,1,43.21
flow_0.242,car,1,1,239364.68286,0.8,22.0,1,38.2
flow_0.243,car,1,1,233168.815736,0.2,18.0,1,37.06
flow_0.244,car,1,1,231927.546302,0.6,19.0,1,34.34
flow_0.245,car,1,1,231678.877706,0.0,17.0,1,32.87
flow_0.246,car,1,1,215976.221987,0.4,10.0,1,28.06
flow_0.247,car,1,1,203465.511701,0.8,8.0,1,22.6
flow_0.248,car,1,1,207894.244223,0.2,8.0,1,24.64
flow_0.249,car,1,1,199815.700287,0.6,4.0,1,20.63
flow_0.250,car,1,1,178783.525235,0.0,0.0,0,14.94
flow_0.251,car,1,1,162466.357243,0.4,0.0,0,12.16
flow_0.252,car,1,1,168100.629131,0.8,0.0,0,11.48
flow_0.253,car,1,1,172476.191383,0.2,0.0,0,9.2
flow_0.254,car,1,1,168762.426268,0.6,0.0,0,11.32
flow_0.255,car,1,1,168016.935597,0.0,0.0,0,12.37
flow_0.256,car,1,1,165024.78023,0.4,0.0,0,11.52
flow_0.257,car,1,1,170896.889465,0.8,0.0,0,10.22
flow_0.258,car,1,1,171946.73081,0.2,0.0,0,10.32
flow_0.259,car,1,1,174458.642901,0.6,0.0,0,10.67
flow_0.260,car,1,1,171628.764036,0.0,0.0,0,10.16
flow_0.261,car,1,1,173131.522723,0.4,0.0,0,10.86
flow_0.262,car,1,1,170914.529477,0.8,0.0,0,11.14
flow_0.263,car,1,1,320028.01294,0.2,58.0,1,73.13
flow_0.264,car,1,1,318797.478598,0.6,55.0,1,71.11
flow_0.265,car,1,1,318504.260556,0.0,55.0,1,70.18
flow_0.266,car,1,1,309693.221697,0.4,51.0,1,66.59
flow_0.267,car,1,1,282014.05329,0.8,43.0,1,60.42
flow_0.268,car,1,1,293115.596597,0.2,46.0,1,62.51
flow_0.269,car,1,1,290289.416002,0.6,41.0,1,59.43
flow_0.270,car,1,1,268154.678183,0.0,37.0,1,52.74
flow_0.271,car,1,1,274038.447718,0.4,35.0,1,53.77
flow_0.272,car,1,1,258700.429319,0.8,32.0,1,48.11
flow_0.273,car,1,1,270225.751885,0.2,33.0,1,49.93
flow_0.274,car,1,1,258433.896626,0.6,29.0,1,46.15
flow_0.275,car,1,1,254107.673085,0.0,26.0,1,43.39
flow_0.276,car,1,1,252821.958431,0.4,25.0,1,40.71
flow_0.277,car,1,1,249408.342579,0.8,22.0,1,39.24
flow_0.278,car,1,1,225664.16108,0.2,19.0,1,34.97
flow_0.279,car,1,1,235253.112574,0.6,18.0,1,32.57
flow_0.280,car,1,1,193395.791243,0.0,9.0,1,23.5
flow_0.281,car,1,1,221431.167188,0.4,13.0,1,28.12
flow_0.282,car,1,1,218229.119506,0.8,10.0,1,25.15
flow_0.283,car,1,1,192617.608644,0.2,3.0,1,19.85
flow_0.284,car,1,1,198251.808792,0.6,5.0,1,20.91
flow_0.285,car,1,1,194426.929667,0.0,3.0,1,18.33
flow_0.286,car,1,1,181734.557583,0.4,0.0,0,11.9
flow_0.287,car,1,1,171318.127585,0.8,0.0,0,9.93
flow_0.288,car,1,1,167494.099897,0.2,0.0,0,10.63
flow_0.289,car,1,1,161804.693144,0.6,0.0,0,10.95
flow_0.290,car,1,1,174471.322874,0.0,0.0,0,13.01
flow_0.291,car,1,1,166581.655654,0.4,0.0,0,10.74
flow_0.292,car,1,1,172037.708997,0.8,0.0,0,10.61
flow_0.293,car,1,1,181333.571738,0.2,0.0,0,10.46
flow_0.294,car,1,1,175216.901242,0.6,0.0,0,11.33
flow_0.295,car,1,1,165426.485702,0.0,0.0,0,10.41
flow_0.296,car,1,1,165664.249098,0.4,0.0,0,10.72
flow_0.297,car,1,1,322409.782379,0.8,57.0,1,74.11
flow_0.298,car,1,1,321366.309126,0.2,55.0,1,73.56
flow_0.299,car,1,1,321794.026162,0.6,55.0,1,71.02
flow_0.300,car,1,1,313989.538941,0.0,52.0,1,68.82
flow_0.301,car,1,1,308292.422989,0.4,48.0,1,64.85
flow_0.302,car,1,1,305661.401026,0.8,47.0,1,62.71
flow_0.303,car,1,1,297276.406152,0.2,44.0,1,61.28
flow_0.304,car,1,1,283999.422789,0.6,41.0,1,57.62
flow_0.305,car,1,1,286563.714626,0.0,41.0,1,56.54
flow_0.306,car,1,1,271525.848482,0.4,33.0,1,50.47
flow_0.307,car,1,1,277955.472917,0.8,35.0,1,50.77
flow_0.308,car,1,1,274747.157123,0.2,34.0,1,48.25
flow_0.309,car,1,1,268853.290072,0.6,30.0,1,45.94
flow_0.310,car,1,1,265482.431996,0.0,26.0,1,43.59
flow_0.311,car,1,1,243550.436778,0.4,24.0,1,40.44
flow_0.312,car,1,1,237674.279586,0.8,19.0,1,35.74
flow_0.313,car,1,1,238869.782247,0.2,20.0,1,35.57
flow_0.314,car,1,1,232432.973314,0.6,16.0,1,32.72
flow_0.315,car,1,1,231133.695778,0.0,15.0,1,30.7
flow_0.316,car,1,1,203243.375125,0.4,9.0,1,23.79
flow_0.317,car,1,1,195316.205796,0.8,5.0,1,20.77
flow_0.318,car,1,1,184953.147749,0.2,2.0,1,16.95
flow_0.319,car,1,1,190913.625287,0.6,2.0,1,17.28
flow_0.320,car,1,1,203119.033325,0.0,1.0,1,17.48
flow_0.321,car,1,1,163538.285281,0.4,0.0,0,10.96
flow_0.322,car,1,1,166578.940533,0.8,0.0,0,10.4
flow_0.323,car,1,1,167634.685294,0.2,0.0,0,11.2
flow_0.324,car,1,1,162593.315933,0.6,0.0,0,10.88
flow_0.325,car,1,1,160554.748327,0.0,0.0,0,11.77
flow_0.326,car,1,1,175081.093207,0.4,0.0,0,11.69
flow_0.327,car,1,1,170068.259046,0.8,0.0,0,10.18
flow_0.328,car,1,1,171416.429223,0.2,0.0,0,11.92
flow_0.329,car,1,1,163082.084079,0.6,0.0,0,9.47
flow_0.330,car,1,1,171124.638636,0.0,0.0,0,10.86
flow_0.331,car,1,1,164390.541495,0.4,0.0,0,10.14
flow_0.332,car,1,1,332233.826523,0.8,58.0,1,75.67
flow_0.333,car,1,1,325627.937745,0.2,56.0,1,72.15
flow_0.334,car,1,1,316560.364525,0.6,54.0,1,70.64
flow_0.335,car,1,1,313106.109315,0.0,53.0,1,68.64
flow_0.336,car,1,1,293395.337719,0.4,45.0,1,61.23
flow_0.337,car,1,1,301942.084761,0.8,45.0,1,62.67
flow_0.338,car,1,1,293266.176322,0.2,45.0,1,58.88
flow_0.339,car,1,1,284007.793158,0.6,39.0,1,56.21
flow_0.340,car,1,1,275523.622017,0.0,36.0,1,53.02
flow_0.341,car,1,1,280631.106178,0.4,36.0,1,52.4
flow_0.342,car,1,1,242167.019696,0.8,29.0,1,44.27
flow_0.343,car,1,1,272052.289237,0.2,32.0,1,47.76
flow_0.344,car,1,1,245858.679991,0.6,27.0,1,42.45
flow_0.345,car,1,1,254790.190383,0.0,24.0,1,42.13
flow_0.346,car,1,1,219094.811814,0.4,18.0,1,34.16
flow_0.347,car,1,1,238255.88986,0.8,21.0,1,35.41
flow_0.348,car,1,1,240865.22989,0.2,19.0,1,34.11
flow_0.349,car,1,1,231830.310463,0.6,15.0,1,30.73
flow_0.350,car,1,1,223102.253697,0.0,12.0,1,29.01
flow_0.351,car,1,1,211600.00978,0.4,8.0,1,25.24
flow_0.352,car,1,1,206452.694948,0.8,7.0,1,22.62
flow_0.353,car,1,1,205930.282687,0.2,7.0,1,22.11
flow_0.354,car,1,1,175242.56189,0.6,0.0,0,12.82
flow_0.355,car,1,1,197934.916931,0.0,2.0,1,16.9
flow_0.356,car,1,1,173169.871586,0.4,0.0,0,11.39
flow_0.357,car,1,1,165472.877542,0.8,0.0,0,10.99
flow_0.358,car,1,1,165531.279428,0.2,0.0,0,12.52
flow_0.359,car,1,1,178381.978724,0.6,0.0,0,11.98
flow_0.360,car,1,1,169257.060034,0.0,0.0,0,9.61
flow_0.361,car,1,1,169588.032166,0.4,0.0,0,10.83
flow_0.362,car,1,1,173369.429851,0.8,0.0,0,11.46
flow_0.363,car,1,1,167792.596302,0.2,0.0,0,10.65
flow_0.364,car,1,1,172901.835844,0.6,0.0,0,11.65
flow_0.365,car,1,1,162030.297624,0.0,0.0,0,11.21
flow_0.366,car,1,1,322305.816885,0.4,60.0,1,75.95
flow_0.367,car,1,1,324079.289446,0.8,57.0,1,74.3
flow_0.368,car,1,1,314387.908946,0.2,55.0,1,70.36
flow_0.369,car,1,1,297500.586094,0.6,51.0,1,66.81
flow_0.370,car,1,1,284747.953735,0.0,45.0,1,62.23
flow_0.371,car,1,1,309521.372163,0.4,48.0,1,64.42
flow_0.372,car,1,1,297526.505892,0.8,45.0,1,60.11
flow_0.373,car,1,1,282961.296382,0.2,42.0,1,56.88
flow_0.374,car,1,1,264816.164279,0.6,36.0,1,51.97
flow_0.375,car,1,1,262760.720497,0.0,33.0,1,49.51
flow_0.376,car,1,1,274720.382911,0.4,34.0,1,50.23
flow_0.377,car,1,1,251265.694768,0.8,29.0,1,44.37
flow_0.378,car,1,1,265498.601585,0.2,30.0,1,46.11
flow_0.379,car,1,1,260258.187954,0.6,29.0,1,43.35
flow_0.380,car,1,1,258632.60792,0.0,25.0,1,41.74
flow_0.381,car,1,1,238480.762292,0.4,21.0,1,37.85
flow_0.382,car,1,1,222070.578342,0.8,17.0,1,31.73
flow_0.383,car,1,1,233499.14178,0.2,17.0,1,33.24
flow_0.384,car,1,1,214209.004703,0.6,12.0,1,28.62
flow_0.385,car,1,1,221030.052683,0.0,12.0,1,27.4
flow_0.386,car,1,1,219448.938724,0.4,11.0,1,25.61
flow_0.387,car,1,1,205362.721428,0.8,6.0,1,21.07
flow_0.388,car,1,1,208782.650506,0.2,5.0,1,21.28
flow_0.389,car,1,1,206068.844925,0.6,2.0,1,17.53
flow_0.390,car,1,1,195041.739041,0.0,0.0,0,14.0
flow_0.391,car,1,1,166557.809204,0.4,0.0,0,10.9
flow_0.392,car,1,1,169013.707966,0.8,0.0,0,10.75
flow_0.393,car,1,1,164391.220948,0.2,0.0,0,11.3
flow_0.394,car,1,1,167068.791178,0.6,0.0,0,11.28
flow_0.395,car,1,1,171367.997757,0.0,0.0,0,10.22
flow_0.396,car,1,1,174850.326006,0.4,0.0,0,10.39
flow_0.397,car,1,1,168680.49485,0.8,0.0,0,10.08
flow_0.398,car,1,1,163934.630094,0.2,0.0,0,10.91
flow_0.399,car,1,1,178705.309085,0.6,0.0,0,10.52
flow_0.400,car,1,1,167956.106166,0.0,0.0,0,10.89
flow_0.401,car,1,1,318899.359534,0.4,58.0,1,72.67
flow_0.402,car,1,1,323996.143876,0.8,56.0,1,73.61
flow_0.403,car,1,1,320179.212877,0.2,57.0,1,71.56
flow_0.404,car,1,1,315231.998623,0.6,53.0,1,68.59
flow_0.405,car,1,1,308678.48509,0.0,51.0,1,65.97
flow_0.406,car,1,1,293286.941547,0.4,46.0,1,61.81
flow_0.407,car,1,1,268049.778222,0.8,39.0,1,54.1
flow_0.408,car,1,1,292304.774333,0.2,41.0,1,58.58
flow_0.409,car,1,1,280320.54441,0.6,39.0,1,54.27
flow_0.410,car,1,1,279675.574078,0.0,38.0,1,54.08
flow_0.411,car,1,1,277730.686332,0.4,34.0,1,50.27
flow_0.412,car,1,1,254625.627049,0.8,29.0,1,44.73
flow_0.413,car,1,1,263884.048904,0.2,28.0,1,45.24
flow_0.414,car,1,1,244237.432147,0.6,25.0,1,40.18
flow_0.415,car,1,1,250459.161817,0.0,24.0,1,40.07
flow_0.416,car,1,1,239686.307561,0.4,19.0,1,35.54
flow_0.417,car,1,1,236601.884611,0.8,17.0,1,33.75
flow_0.418,car,1,1,231710.941515,0.2,18.0,1,31.73
flow_0.419,car,1,1,206127.094237,0.6,10.0,1,26.26
flow_0.420,car,1,1,223424.32338,0.0,12.0,1,27.66
flow_0.421,car,1,1,217229.274904,0.4,7.0,1,24.72
flow_0.422,car,1,1,201211.957971,0.8,4.0,1,20.18
flow_0.423,car,1,1,203460.735918,0.2,5.0,1,19.73
flow_0.424,car,1,1,190623.715818,0.6,0.0,0,16.3
flow_0.425,car,1,1,160182.860487,0.0,0.0,0,11.54
flow_0.426,car,1,1,174738.000051,0.4,0.0,0,10.41
flow_0.427,car,1,1,169089.420221,0.8,0.0,0,11.69
flow_0.428,car,1,1,168441.53768,0.2,0.0,0,12.18
flow_0.429,car,1,1,171977.684077,0.6,0.0,0,12.11
flow_0.430,car,1,1,162181.05809,0.0,0.0,0,10.28
flow_0.431,car,1,1,170542.179994,0.4,0.0,0,11.53
flow_0.432,car,1,1,166429.16368,0.8,0.0,0,10.98
flow_0.433,car,1,1,164291.33536,0.2,0.0,0,12.78
flow_0.434,car,1,1,168759.319064,0.6,0.0,0,11.27
flow_0.435,car,1,1,170095.990117,0.0,0.0,0,10.46
flow_0.436,car,1,1,164830.971329,0.4,0.0,0,10.42
flow_0.437,car,1,1,323930.84887,0.8,56.0,1,72.84
flow_0.438,car,1,1,309568.167645,0.2,54.0,1,69.62
flow_0.439,car,1,1,309873.781289,0.6,52.0,1,67.37
flow_0.440,car,1,1,309579.800336,0.0,50.0,1,65.18
flow_0.441,car,1,1,301972.941007,0.4,47.0,1,63.18
flow_0.442,car,1,1,276519.051651,0.8,39.0,1,54.69
flow_0.443,car,1,1,293822.014527,0.2,43.0,1,57.2
flow_0.444,car,1,1,288399.048594,0.6,38.0,1,54.46
flow_0.445,car,1,1,257766.192745,0.0,34.0,1,49.34
flow_0.446,car,1,1,261885.790657,0.4,32.0,1,48.87
flow_0.447,car,1,1,256633.539029,0.8,28.0,1,45.53
flow_0.448,car,1,1,235299.702399,0.2,24.0,1,40.33
flow_0.449,car,1,1,227676.323793,0.6,23.0,1,38.49
flow_0.450,car,1,1,250848.090875,0.0,23.0,1,39.69
flow_0.451,car,1,1,238442.775126,0.4,22.0,1,36.31
flow_0.452,car,1,1,207639.204326,0.8,12.0,1,27.2
flow_0.453,car,1,1,198421.536147,0.2,8.0,1,23.89
flow_0.454,car,1,1,224505.651891,0.6,12.0,1,28.39
flow_0.455,car,1,1,209770.567755,0.0,9.0,1,24.05
flow_0.456,car,1,1,211105.93241,0.4,6.0,1,24.16
flow_0.457,car,1,1,200366.294907,0.8,4.0,1,20.82
flow_0.458,car,1,1,201889.22666,0.2,3.0,1,18.57
flow_0.459,car,1,1,184412.025135,0.6,0.0,0,13.46
flow_0.460,car,1,1,172542.221589,0.0,0.0,0,10.76
flow_0.461,car,1,1,171977.836315,0.4,0.0,0,11.28
flow_0.462,car,1,1,168156.30674,0.8,0.0,0,10.56
flow_0.463,car,1,1,160926.063131,0.2,0.0,0,9.99
flow_0.464,car,1,1,170829.638303,0.6,0.0,0,11.29
flow_0.465,car,1,1,173744.531526,0.0,0.0,0,10.8
flow_0.466,car,1,1,166151.055895,0.4,0.0,0,10.89
flow_0.467,car,1,1,175480.37179,0.8,0.0,0,11.18
flow_0.468,car,1,1,167359.308328,0.2,0.0,0,11.41
flow_0.469,car,1,1,167277.941853,0.6,0.0,0,10.85
flow_0.470,car,1,1,174743.54693,0.0,0.0,0,12.27
flow_0.471,car,1,1,307349.314026,0.4,56.0,1,69.57
flow_0.472,car,1,1,314477.719415,0.8,53.0,1,70.67
flow_0.473,car,1,1,317539.92223,0.2,53.0,1,69.25
flow_0.474,car,1,1,310419.112074,0.6,48.0,1,66.23
flow_0.475,car,1,1,302094.929741,0.0,49.0,1,64.02
flow_0.476,car,1,1,294704.983555,0.4,46.0,1,61.6
flow_0.477,car,1,1,286394.82153,0.8,41.0,1,57.38
flow_0.478,car,1,1,284023.009213,0.2,40.0,1,57.41
flow_0.479,car,1,1,285653.513614,0.6,39.0,1,53.13
flow_0.480,car,1,1,277650.958976,0.0,36.0,1,51.96
flow_0.481,car,1,1,269956.180089,0.4,32.0,1,48.74
flow_0.482,car,1,1,255881.179129,0.8,26.0,1,43.56
flow_0.483,car,1,1,257768.017347,0.2,27.0,1,42.06
flow_0.484,car,1,1,251659.211626,0.6,25.0,1,40.74
flow_0.485,car,1,1,249330.68053,0.0,23.0,1,38.49
flow_0.486,car,1,1,240013.54136,0.4,19.0,1,35.71
flow_0.487,car,1,1,232593.780723,0.8,17.0,1,32.93
flow_0.488,car,1,1,206746.241216,0.2,11.0,1,25.46
flow_0.489,car,1,1,224342.945196,0.6,11.0,1,27.82
flow_0.490,car,1,1,199891.646285,0.0,7.0,1,23.24
flow_0.491,car,1,1,210045.464133,0.4,6.0,1,22.14
flow_0.492,car,1,1,200574.461339,0.8,4.0,1,19.44
flow_0.493,car,1,1,201071.546981,0.2,2.0,1,17.64
flow_0.494,car,1,1,169896.198042,0.6,0.0,0,10.19
flow_0.495,car,1,1,177317.561552,0.0,0.0,0,11.95
flow_0.496,car,1,1,165941.757123,0.4,0.0,0,11.16
flow_0.497,car,1,1,176855.028256,0.8,0.0,0,11.25
flow_0.498,car,1,1,170775.789994,0.2,0.0,0,10.13
flow_0.499,car,1,1,169191.046697,0.6,0.0,0,10.59
flow_0.500,car,1,1,158627.976719,0.0,0.0,0,11.12
flow_0.501,car,1,1,165001.207681,0.4,0.0,0,10.75
flow_0.502,car,1,1,172241.00143,0.8,0.0,0,11.37
flow_0.503,car,1,1,170158.656427,0.2,0.0,0,12.23
flow_0.504,car,1,1,167832.648628,0.6,0.0,0,10.94
flow_0.505,car,1,1,166638.099001,0.0,0.0,0,10.03
flow_0.506,car,1,1,325551.727919,0.4,57.0,1,73.1
flow_0.507,car,1,1,319524.104054,0.8,55.0,1,70.4
flow_0.508,car,1,1,300172.681844,0.2,49.0,1,65.37
flow_0.509,car,1,1,293496.964015,0.6,46.0,1,62.15
flow_0.510,car,1,1,287608.366478,0.0,44.0,1,60.59
flow_0.511,car,1,1,293292.921052,0.4,43.0,1,61.05
flow_0.512,car,1,1,295827.8321,0.8,41.0,1,57.87
flow_0.513,car,1,1,281900.00185,0.2,39.0,1,55.4
flow_0.514,car,1,1,281609.904261,0.6,38.0,1,53.31
flow_0.515,car,1,1,252210.215476,0.0,32.0,1,47.08
flow_0.516,car,1,1,269204.442265,0.4,30.0,1,47.47
flow_0.517,car,1,1,258443.582005,0.8,27.0,1,43.65
flow_0.518,car,1,1,254337.100945,0.2,25.0,1,42.36
flow_0.519,car,1,1,237949.617143,0.6,22.0,1,39.7
flow_0.520,car,1,1,250182.92394,0.0,20.0,1,37.61
flow_0.521,car,1,1,240416.502626,0.4,19.0,1,34.51
flow_0.522,car,1,1,223952.488917,0.8,14.0,1,30.93
flow_0.523,car,1,1,222820.863366,0.2,12.0,1,28.98
flow_0.524,car,1,1,218410.117345,0.6,11.0,1,26.23
flow_0.525,car,1,1,212148.321136,0.0,8.0,1,23.6
flow_0.526,car,1,1,204420.822061,0.4,3.0,1,20.23
flow_0.527,car,1,1,196229.233002,0.8,2.0,1,17.55
flow_0.528,car,1,1,154038.335663,0.2,0.0,0,11.95
flow_0.529,car,1,1,170271.423271,0.6,0.0,0,11.09
flow_0.530,car,1,1,155688.166838,0.0,0.0,0,11.18
flow_0.531,car,1,1,176436.092927,0.4,0.0,0,11.51
flow_0.532,car,1,1,164793.864362,0.8,0.0,0,10.62
flow_0.533,car,1,1,166436.40928,0.2,0.0,0,9.67
flow_0.534,car,1,1,173189.125317,0.6,0.0,0,11.68
flow_0.535,car,1,1,173628.511542,0.0,0.0,0,10.67
flow_0.536,car,1,1,164829.303732,0.4,0.0,0,11.58
flow_0.537,car,1,1,170065.494038,0.8,0.0,0,10.81
flow_0.538,car,1,1,168299.573109,0.2,0.0,0,10.06
flow_0.539,car,1,1,173899.242154,0.6,0.0,0,11.19
flow_0.540,car,1,1,334697.758029,0.0,59.0,1,75.57
flow_0.541,car,1,1,321471.137549,0.4,58.0,1,72.84
flow_0.542,car,1,1,311741.237147,0.8,53.0,1,69.04
flow_0.543,car,1,1,309266.214772,0.2,50.0,1,66.49
flow_0.544,car,1,1,283040.914416,0.6,45.0,1,60.71
flow_0.545,car,1,1,272841.097336,0.0,41.0,1,57.59
flow_0.546,car,1,1,276820.598859,0.4,40.0,1,56.28
flow_0.547,car,1,1,292851.474341,0.8,41.0,1,56.76
flow_0.548,car,1,1,284951.294254,0.2,40.0,1,55.55
flow_0.549,car,1,1,270288.828731,0.6,35.0,1,50.67
flow_0.550,car,1,1,267346.454483,0.0,31.0,1,48.42
flow_0.551,car,1,1,252934.283431,0.4,28.0,1,44.15
flow_0.552,car,1,1,260139.03521,0.8,27.0,1,43.47
flow_0.553,car,1,1,238255.055698,0.2,23.0,1,40.54
flow_0.554,car,1,1,252895.231888,0.6,22.0,1,37.44
flow_0.555,car,1,1,242942.86407,0.0,19.0,1,35.9
flow_0.556,car,1,1,208851.015698,0.4,14.0,1,28.9
flow_0.557,car,1,1,224764.020626,0.8,13.0,1,29.34
flow_0.558,car,1,1,213475.895758,0.2,11.0,1,26.09
flow_0.559,car,1,1,220938.278949,0.6,8.0,1,26.21
flow_0.560,car,1,1,192938.352767,0.0,3.0,1,18.8
flow_0.561,car,1,1,192890.371426,0.4,1.0,1,16.12
flow_0.562,car,1,1,190817.441616,0.8,2.0,1,17.51
flow_0.563,car,1,1,198719.454478,0.2,0.0,0,15.53
flow_0.564,car,1,1,176276.444474,0.6,0.0,0,11.54
flow_0.565,car,1,1,169302.250662,0.0,0.0,0,10.1
flow_0.566,car,1,1,166738.888053,0.4,0.0,0,11.05
flow_0.567,car,1,1,170282.382532,0.8,0.0,0,10.04
flow_0.568,car,1,1,168108.79053,0.2,0.0,0,11.56
flow_0.569,car,1,1,170161.177154,0.6,0.0,0,12.34
flow_0.570,car,1,1,176825.847415,0.0,0.0,0,11.38
flow_0.571,car,1,1,167078.62841,0.4,0.0,0,11.53
flow_0.572,car,1,1,161530.513671,0.8,0.0,0,11.25
flow_0.573,car,1,1,166477.795544,0.2,0.0,0,11.84
flow_0.574,car,1,1,311609.189502,0.6,58.0,1,74.26
flow_0.575,car,1,1,330897.802456,0.0,59.0,1,73.88
flow_0.576,car,1,1,325156.776998,0.4,56.0,1,72.02
flow_0.577,car,1,1,317018.024971,0.8,51.0,1,68.1
flow_0.578,car,1,1,308730.371427,0.2,50.0,1,66.85
flow_0.579,car,1,1,302775.636537,0.6,45.0,1,63.55
flow_0.580,car,1,1,290864.198294,0.0,44.0,1,59.63
flow_0.581,car,1,1,279683.764294,0.4,41.0,1,56.41
flow_0.582,car,1,1,290193.091332,0.8,39.0,1,55.04
flow_0.583,car,1,1,281834.381712,0.2,37.0,1,53.33
flow_0.584,car,1,1,268992.694823,0.6,36.0,1,50.62
flow_0.585,car,1,1,274010.457567,0.0,31.0,1,48.9
flow_0.586,car,1,1,261078.115182,0.4,29.0,1,45.3
flow_0.587,car,1,1,255968.935531,0.8,26.0,1,42.47
flow_0.588,car,1,1,243331.711963,0.2,22.0,1,39.09
flow_0.589,car,1,1,230658.663034,0.6,19.0,1,35.43
flow_0.590,car,1,1,233325.485324,0.0,19.0,1,34.72
flow_0.591,car,1,1,211993.277036,0.4,12.0,1,29.39
flow_0.592,car,1,1,222036.230829,0.8,10.0,1,28.5
flow_0.593,car,1,1,226676.436507,0.2,12.0,1,26.77
flow_0.594,car,1,1,209227.731239,0.6,8.0,1,24.06
flow_0.595,car,1,1,209820.444247,0.0,6.0,1,22.42
flow_0.596,car,1,1,186935.872796,0.4,0.0,0,16.83
flow_0.597,car,1,1,177529.562621,0.8,0.0,0,13.12
flow_0.598,car,1,1,168581.610708,0.2,0.0,0,11.28
flow_0.599,car,1,1,166716.123607,0.6,0.0,0,11.49
flow_0.600,car,1,1,172404.469716,0.0,0.0,0,10.85
flow_0.601,car,1,1,166158.591086,0.4,0.0,0,11.24
flow_0.602,car,1,1,172357.53903,0.8,0.0,0,10.67
flow_0.603,car,1,1,163379.619013,0.2,0.0,0,10.44
flow_0.604,car,1,1,175773.875372,0.6,0.0,0,11.05
flow_0.605,car,1,1,171993.722873,0.0,0.0,0,9.63
flow_0.606,car,1,1,168639.832977,0.4,0.0,0,10.16
flow_0.607,car,1,1,172545.621517,0.8,0.0,0,10.24
flow_0.608,car,1,1,173404.97828,0.2,0.0,0,10.9
flow_0.609,car,1,1,333536.69378,0.6,59.0,1,75.71
flow_0.610,car,1,1,331206.586992,0.0,55.0,1,73.62
flow_0.611,car,1,1,301291.204927,0.4,50.0,1,67.64
flow_0.612,car,1,1,317959.589391,0.8,50.0,1,68.02
flow_0.613,car,1,1,306070.182216,0.2,49.0,1,64.99
flow_0.614,car,1,1,299719.041552,0.6,45.0,1,62.3
flow_0.615,car,1,1,302170.893369,0.0,45.0,1,60.8
flow_0.616,car,1,1,298638.28969,0.4,42.0,1,57.88
flow_0.617,car,1,1,283224.35712,0.8,36.0,1,54.36
flow_0.618,car,1,1,275309.197128,0.2,37.0,1,52.72
flow_0.619,car,1,1,262825.932626,0.6,32.0,1,46.39
flow_0.620,car,1,1,255587.478686,0.0,29.0,1,43.77
flow_0.621,car,1,1,243500.334974,0.4,25.0,1,40.72
flow_0.622,car,1,1,249378.150511,0.8,25.0,1,41.59
flow_0.623,car,1,1,247563.472522,0.2,24.0,1,39.89
flow_0.624,car,1,1,238707.280241,0.6,18.0,1,34.85
flow_0.625,car,1,1,234688.063885,0.0,17.0,1,34.32
flow_0.626,car,1,1,231183.453983,0.4,18.0,1,31.32
flow_0.627,car,1,1,222835.918253,0.8,14.0,1,29.16
flow_0.628,car,1,1,213323.871995,0.2,9.0,1,25.83
flow_0.629,car,1,1,213741.496269,0.6,8.0,1,24.0
flow_0.630,car,1,1,207615.676916,0.0,5.0,1,20.97
flow_0.631,car,1,1,192532.040132,0.4,0.0,0,16.59
flow_0.632,car,1,1,197304.713002,0.8,0.0,0,15.12
flow_0.633,car,1,1,186263.044226,0.2,0.0,0,11.93
flow_0.634,car,1,1,171987.641722,0.6,0.0,0,11.14
flow_0.635,car,1,1,170516.964572,0.0,0.0,0,11.37
flow_0.636,car,1,1,148669.377216,0.4,0.0,0,9.78
flow_0.637,car,1,1,168782.858736,0.8,0.0,0,10.15
flow_0.638,car,1,1,171359.326889,0.2,0.0,0,11.11
flow_0.639,car,1,1,169824.834334,0.6,0.0,0,12.17
flow_0.640,car,1,1,165591.961408,0.0,0.0,0,11.82
flow_0.641,car,1,1,163823.803714,0.4,0.0,0,11.27
flow_0.642,car,1,1,170827.125227,0.8,0.0,0,11.48
flow_0.643,car,1,1,171795.482523,0.2,0.0,0,10.57
flow_0.644,car,1,1,306070.971953,0.6,55.0,1,70.28
flow_0.645,car,1,1,323832.685299,0.0,56.0,1,72.03
flow_0.646,car,1,1,319789.945069,0.4,53.0,1,69.47
flow_0.647,car,1,1,307888.209578,0.8,52.0,1,66.39
flow_0.648,car,1,1,305148.563329,0.2,48.0,1,64.68
flow_0.649,car,1,1,280203.812419,0.6,41.0,1,57.24
flow_0.650,car,1,1,266874.987099,0.0,40.0,1,53.43
flow_0.651,car,1,1,289428.851945,0.4,39.0,1,56.03
flow_0.652,car,1,1,284257.039871,0.8,38.0,1,52.64
flow_0.653,car,1,1,254703.817669,0.2,33.0,1,47.33
flow_0.654,car,1,1,263775.596558,0.6,33.0,1,48.97
flow_0.655,car,1,1,267168.49725,0.0,31.0,1,46.01
flow_0.656,car,1,1,250629.288518,0.4,27.0,1,43.2
flow_0.657,car,1,1,245024.149161,0.8,24.0,1,41.12
flow_0.658,car,1,1,243450.812322,0.2,20.0,1,37.45
flow_0.659,car,1,1,230857.602564,0.6,18.0,1,33.75
flow_0.660,car,1,1,243106.127728,0.0,19.0,1,34.46
flow_0.661,car,1,1,227914.748162,0.4,14.0,1,29.83
flow_0.662,car,1,1,221034.066353,0.8,11.0,1,27.55
flow_0.663,car,1,1,201491.169262,0.2,5.0,1,21.03
flow_0.664,car,1,1,209888.319893,0.6,6.0,1,22.17
flow_0.665,car,1,1,180623.856388,0.0,1.0,1,16.88
flow_0.666,car,1,1,197765.610718,0.4,0.0,0,18.11
flow_0.667,car,1,1,197681.975076,0.8,0.0,0,14.93
flow_0.668,car,1,1,173734.609856,0.2,0.0,0,10.65
flow_0.669,car,1,1,169384.525505,0.6,0.0,0,11.75
flow_0.670,car,1,1,178075.251598,0.0,0.0,0,11.61
flow_0.671,car,1,1,176057.690256,0.4,0.0,0,11.39
flow_0.672,car,1,1,165790.675248,0.8,0.0,0,9.73
flow_0.673,car,1,1,172731.690814,0.2,0.0,0,11.07
flow_0.674,car,1,1,165440.553564,0.6,0.0,0,10.76
flow_0.675,car,1,1,165976.396308,0.0,0.0,0,11.32
flow_0.676,car,1,1,173766.090112,0.4,0.0,0,10.28
flow_0.677,car,1,1,316951.947549,0.8,60.0,1,75.16
flow_0.678,car,1,1,165928.7364,0.2,0.0,0,11.15
flow_0.679,car,1,1,287380.228631,0.6,50.0,1,66.53
flow_0.680,car,1,1,324500.862135,0.0,56.0,1,71.47
flow_0.681,car,1,1,301173.984059,0.4,51.0,1,65.92
flow_0.682,car,1,1,310354.509698,0.8,50.0,1,66.07
flow_0.683,car,1,1,310707.430499,0.2,48.0,1,63.07
flow_0.684,car,1,1,288052.690813,0.6,43.0,1,58.02
flow_0.685,car,1,1,284480.836225,0.0,41.0,1,56.87
flow_0.686,car,1,1,279211.430999,0.4,39.0,1,55.06
flow_0.687,car,1,1,277640.099842,0.8,36.0,1,52.05
flow_0.688,car,1,1,277479.361143,0.2,35.0,1,49.21
flow_0.689,car,1,1,267805.830963,0.6,31.0,1,47.48
flow_0.690,car,1,1,261644.055553,0.0,30.0,1,45.97
flow_0.691,car,1,1,256882.394759,0.4,26.0,1,42.19
flow_0.692,car,1,1,243139.579503,0.8,22.0,1,38.12
flow_0.693,car,1,1,232606.169159,0.2,19.0,1,35.25
flow_0.694,car,1,1,233190.928437,0.6,19.0,1,33.13
flow_0.695,car,1,1,219294.379097,0.0,14.0,1,31.34
flow_0.696,car,1,1,228020.842486,0.4,12.0,1,28.92
flow_0.697,car,1,1,218763.581351,0.8,8.0,1,26.8
flow_0.698,car,1,1,209127.14664,0.2,7.0,1,24.01
flow_0.699,car,1,1,200736.405093,0.6,5.0,1,21.8
flow_0.700,car,1,1,206257.180492,0.0,3.0,1,19.59
flow_0.701,car,1,1,190838.790778,0.4,0.0,0,16.43
flow_0.702,car,1,1,168590.852063,0.8,0.0,0,11.4
flow_0.703,car,1,1,169996.824497,0.2,0.0,0,10.93
flow_0.704,car,1,1,171226.459345,0.6,0.0,0,12.3
flow_0.705,car,1,1,166344.857703,0.0,0.0,0,9.87
flow_0.706,car,1,1,169010.732526,0.4,0.0,0,11.97
flow_0.707,car,1,1,165986.066749,0.8,0.0,0,9.61
flow_0.708,car,1,1,167554.089103,0.2,0.0,0,11.1
flow_0.709,car,1,1,165540.573709,0.6,0.0,0,11.87
flow_0.710,car,1,1,165489.087133,0.0,0.0,0,10.37
flow_0.711,car,1,1,164345.439911,0.4,0.0,0,10.97
flow_0.712,car,1,1,309430.239937,0.8,58.0,1,73.77
flow_0.713,car,1,1,166075.404859,0.2,0.0,0,10.16
flow_0.714,car,1,1,322254.50795,0.6,57.0,1,72.31
flow_0.715,car,1,1,297497.961992,0.0,52.0,1,66.39
flow_0.716,car,1,1,315314.474118,0.4,52.0,1,67.65
flow_0.717,car,1,1,274433.577055,0.8,44.0,1,58.85
flow_0.718,car,1,1,302006.185972,0.2,46.0,1,61.87
flow_0.719,car,1,1,297145.698796,0.6,42.0,1,59.05
flow_0.720,car,1,1,288609.24138,0.0,42.0,1,57.75
flow_0.721,car,1,1,274706.593453,0.4,40.0,1,54.78
flow_0.722,car,1,1,273805.742035,0.8,34.0,1,50.87
flow_0.723,car,1,1,250732.891664,0.2,31.0,1,47.45
flow_0.724,car,1,1,262765.714986,0.6,30.0,1,46.34
flow_0.725,car,1,1,260288.063229,0.0,27.0,1,43.49
flow_0.726,car,1,1,247122.719033,0.4,24.0,1,38.65
flow_0.727,car,1,1,245104.201043,0.8,23.0,1,37.86
flow_0.728,car,1,1,239348.504224,0.2,20.0,1,36.09
flow_0.729,car,1,1,210930.537676,0.6,13.0,1,29.57
flow_0.730,car,1,1,224102.424891,0.0,16.0,1,31.57
flow_0.731,car,1,1,226333.225505,0.4,12.0,1,28.01
flow_0.732,car,1,1,216455.552965,0.8,10.0,1,25.34
flow_0.733,car,1,1,208718.647627,0.2,6.0,1,23.38
flow_0.734,car,1,1,192739.4244,0.6,1.0,1,18.22
flow_0.735,car,1,1,205235.499032,0.0,2.0,1,18.29
flow_0.736,car,1,1,176468.580399,0.4,0.0,0,11.78
flow_0.737,car,1,1,167547.66988,0.8,0.0,0,11.65
flow_0.738,car,1,1,166703.460828,0.2,0.0,0,10.23
flow_0.739,car,1,1,165703.178081,0.6,0.0,0,11.44
flow_0.740,car,1,1,171084.091362,0.0,0.0,0,10.25
flow_0.741,car,1,1,167112.051612,0.4,0.0,0,10.16
flow_0.742,car,1,1,161242.697144,0.8,0.0,0,10.67
flow_0.743,car,1,1,172483.006466,0.2,0.0,0,10.13
flow_0.744,car,1,1,170615.536077,0.6,0.0,0,9.73
flow_0.745,car,1,1,163983.658755,0.0,0.0,0,11.12
flow_0.746,car,1,1,166443.516189,0.4,0.0,0,11.77
flow_0.747,car,1,1,168821.962618,0.8,0.0,0,11.2
flow_0.748,car,1,1,332270.435336,0.2,58.0,1,75.09
flow_0.749,car,1,1,310091.301024,0.6,53.0,1,69.93
flow_0.750,car,1,1,322034.22396,0.0,53.0,1,69.38
flow_0.751,car,1,1,306692.751723,0.4,49.0,1,66.78
flow_0.752,car,1,1,306778.22664,0.8,46.0,1,63.56
flow_0.753,car,1,1,302698.593907,0.2,46.0,1,61.65
flow_0.754,car,1,1,296706.966182,0.6,44.0,1,58.58
flow_0.755,car,1,1,275570.027094,0.0,38.0,1,54.92
flow_0.756,car,1,1,285491.534827,0.4,39.0,1,53.97
flow_0.757,car,1,1,275666.509192,0.8,36.0,1,49.89
flow_0.758,car,1,1,263132.550317,0.2,32.0,1,48.75
flow_0.759,car,1,1,253228.442174,0.6,28.0,1,43.84
flow_0.760,car,1,1,246271.422264,0.0,25.0,1,41.36
flow_0.761,car,1,1,246453.736052,0.4,22.0,1,39.01
flow_0.762,car,1,1,223795.582049,0.8,17.0,1,33.78
flow_0.763,car,1,1,241877.700291,0.2,19.0,1,35.84
flow_0.764,car,1,1,216026.979196,0.6,12.0,1,28.15
flow_0.765,car,1,1,228890.70165,0.0,14.0,1,31.05
flow_0.766,car,1,1,220510.865378,0.4,9.0,1,27.73
flow_0.767,car,1,1,220192.589465,0.8,7.0,1,24.11
flow_0.768,car,1,1,168360.699959,0.2,1.0,1,14.37
flow_0.769,car,1,1,196517.466076,0.6,1.0,1,18.44
flow_0.770,car,1,1,199389.667745,0.0,2.0,1,17.28
flow_0.771,car,1,1,187043.861513,0.4,0.0,0,12.19
flow_0.772,car,1,1,158912.650967,0.8,0.0,0,12.21
flow_0.773,car,1,1,172383.504754,0.2,0.0,0,12.35
flow_0.774,car,1,1,177774.959167,0.6,0.0,0,12.56
flow_0.775,car,1,1,167780.02857,0.0,0.0,0,12.62
flow_0.776,car,1,1,168478.762744,0.4,0.0,0,10.58
flow_0.777,car,1,1,164837.02182,0.8,0.0,0,11.64
flow_0.778,car,1,1,171969.41177,0.2,0.0,0,11.74
flow_0.779,car,1,1,176620.3766,0.6,0.0,0,10.85
flow_0.780,car,1,1,169689.601442,0.0,0.0,0,11.09
flow_0.781,car,1,1,176591.277418,0.4,0.0,0,11.57
flow_0.782,car,1,1,166635.118753,0.8,0.0,0,10.11
flow_0.783,car,1,1,328927.693119,0.2,58.0,1,73.35
flow_0.784,car,1,1,311655.183095,0.6,53.0,1,68.99
flow_0.785,car,1,1,292553.415304,0.0,51.0,1,65.2
flow_0.786,car,1,1,308381.764437,0.4,50.0,1,64.61
flow_0.787,car,1,1,292615.822111,0.8,44.0,1,60.72
flow_0.788,car,1,1,288036.714986,0.2,43.0,1,59.24
flow_0.789,car,1,1,283779.138032,0.6,39.0,1,56.25
flow_0.790,car,1,1,283314.181449,0.0,39.0,1,55.37
flow_0.791,car,1,1,273335.465825,0.4,35.0,1,50.67
flow_0.792,car,1,1,251630.661326,0.8,30.0,1,45.21
flow_0.793,car,1,1,268131.258226,0.2,31.0,1,47.18
flow_0.794,car,1,1,263605.77287,0.6,28.0,1,44.51
flow_0.795,car,1,1,260626.886899,0.0,27.0,1,42.63
flow_0.796,car,1,1,248297.914172,0.4,25.0,1,39.3
flow_0.797,car,1,1,242856.665496,0.8,20.0,1,35.41
flow_0.798,car,1,1,237778.72257,0.2,19.0,1,34.31
flow_0.799,car,1,1,218559.325715,0.6,12.0,1,29.09
flow_0.800,car,1,1,204699.407263,0.0,11.0,1,24.04
flow_0.801,car,1,1,218647.07474,0.4,9.0,1,26.39
flow_0.802,car,1,1,190804.844038,0.8,4.0,1,19.4
flow_0.803,car,1,1,208994.608067,0.2,4.0,1,20.44
flow_0.804,car,1,1,197264.957074,0.6,3.0,1,18.81
flow_0.805,car,1,1,194020.185036,0.0,0.0,0,16.57
flow_0.806,car,1,1,177420.321933,0.4,0.0,0,11.91
flow_0.807,car,1,1,165406.358503,0.8,0.0,0,10.14
flow_0.808,car,1,1,169431.686366,0.2,0.0,0,10.34
flow_0.809,car,1,1,167604.668328,0.6,0.0,0,11.94
flow_0.810,car,1,1,167491.398577,0.0,0.0,0,12.21
flow_0.811,car,1,1,173269.284186,0.4,0.0,0,10.77
flow_0.812,car,1,1,166773.115643,0.8,0.0,0,12.02
flow_0.813,car,1,1,166937.911649,0.2,0.0,0,10.45
flow_0.814,car,1,1,161290.901528,0.6,0.0,0,11.44
flow_0.815,car,1,1,167565.454691,0.0,0.0,0,10.29
flow_0.816,car,1,1,319111.993091,0.4,57.0,1,74.25
flow_0.817,car,1,1,297980.961726,0.8,54.0,1,67.87
flow_0.818,car,1,1,318577.657061,0.2,55.0,1,71.37
flow_0.819,car,1,1,315272.04928,0.6,51.0,1,68.62
flow_0.820,car,1,1,315546.474767,0.0,53.0,1,67.7
flow_0.821,car,1,1,313692.218612,0.4,48.0,1,64.38
flow_0.822,car,1,1,299354.021936,0.8,44.0,1,62.04
flow_0.823,car,1,1,288473.902121,0.2,42.0,1,59.23
flow_0.824,car,1,1,251689.1485,0.6,33.0,1,48.65
flow_0.825,car,1,1,286879.097288,0.0,38.0,1,54.0
flow_0.826,car,1,1,277516.588957,0.4,36.0,1,51.86
flow_0.827,car,1,1,269848.037415,0.8,31.0,1,48.72
flow_0.828,car,1,1,269061.424889,0.2,30.0,1,46.54
flow_0.829,car,1,1,259073.942777,0.6,27.0,1,43.34
flow_0.830,car,1,1,250918.379683,0.0,24.0,1,41.45
flow_0.831,car,1,1,216244.958894,0.4,17.0,1,31.45
flow_0.832,car,1,1,238094.223256,0.8,19.0,1,35.39
flow_0.833,car,1,1,233887.572053,0.2,16.0,1,32.53
flow_0.834,car,1,1,230076.930275,0.6,14.0,1,30.96
flow_0.835,car,1,1,185762.002727,0.0,5.0,1,20.09
flow_0.836,car,1,1,200605.473023,0.4,6.0,1,22.48
flow_0.837,car,1,1,204851.978204,0.8,6.0,1,20.74
flow_0.838,car,1,1,179806.08171,0.2,0.0,0,16.15
flow_0.839,car,1,1,201537.660264,0.6,1.0,1,17.44
flow_0.840,car,1,1,178441.227,0.0,0.0,0,11.86
flow_0.841,car,1,1,169007.486248,0.4,0.0,0,10.86
flow_0.842,car,1,1,165727.765294,0.8,0.0,0,11.86
flow_0.843,car,1,1,177544.099561,0.2,0.0,0,10.97
flow_0.844,car,1,1,175524.962987,0.6,0.0,0,10.53
flow_0.845,car,1,1,172226.054408,0.0,0.0,0,11.55
flow_0.846,car,1,1,174865.650723,0.4,0.0,0,11.59
flow_0.847,car,1,1,163012.270438,0.8,0.0,0,10.41
flow_0.848,car,1,1,165502.730399,0.2,0.0,0,11.64
flow_0.849,car,1,1,166308.004811,0.6,0.0,0,11.91
flow_0.850,car,1,1,172347.402787,0.0,0.0,0,12.86
flow_0.851,car,1,1,339444.939168,0.4,59.0,1,75.91
flow_0.852,car,1,1,323844.261874,0.8,58.0,1,73.57
flow_0.853,car,1,1,316541.216081,0.2,54.0,1,71.46
flow_0.854,car,1,1,315245.102086,0.6,52.0,1,69.15
flow_0.855,car,1,1,306477.15143,0.0,48.0,1,65.19
flow_0.856,car,1,1,290120.557226,0.4,43.0,1,60.66
flow_0.857,car,1,1,296028.793863,0.8,43.0,1,59.17
flow_0.858,car,1,1,280310.751918,0.2,39.0,1,56.73
flow_0.859,car,1,1,285960.129234,0.6,40.0,1,55.08
flow_0.860,car,1,1,258981.377341,0.0,34.0,1,48.97
flow_0.861,car,1,1,273905.243847,0.4,34.0,1,49.57
flow_0.862,car,1,1,271046.331422,0.8,33.0,1,47.45
flow_0.863,car,1,1,262815.61152,0.2,29.0,1,45.83
flow_0.864,car,1,1,253785.127771,0.6,26.0,1,42.72
flow_0.865,car,1,1,238398.713318,0.0,21.0,1,37.37
flow_0.866,car,1,1,250998.991261,0.4,21.0,1,37.1
flow_0.867,car,1,1,233133.045475,0.8,18.0,1,33.92
flow_0.868,car,1,1,230259.358803,0.2,15.0,1,31.82
flow_0.869,car,1,1,224404.334583,0.6,13.0,1,28.02
flow_0.870,car,1,1,220913.826968,0.0,12.0,1,27.74
flow_0.871,car,1,1,212045.23696,0.4,7.0,1,22.64
flow_0.872,car,1,1,209242.237475,0.8,6.0,1,21.94
flow_0.873,car,1,1,203653.643363,0.2,4.0,1,19.85
flow_0.874,car,1,1,175412.476109,0.6,0.0,0,12.4
flow_0.875,car,1,1,185570.580139,0.0,0.0,0,12.16
flow_0.876,car,1,1,155325.33619,0.4,0.0,0,11.71
flow_0.877,car,1,1,175655.563473,0.8,0.0,0,11.41
flow_0.878,car,1,1,165975.342978,0.2,0.0,0,9.88
flow_0.879,car,1,1,174911.484873,0.6,0.0,0,11.17
flow_0.880,car,1,1,169520.847515,0.0,0.0,0,11.34
flow_0.881,car,1,1,170329.491411,0.4,0.0,0,11.04
flow_0.882,car,1,1,169518.269735,0.8,0.0,0,10.61
flow_0.883,car,1,1,174836.775299,0.2,0.0,0,11.31
flow_0.884,car,1,1,168601.886813,0.6,0.0,0,11.01
flow_0.885,car,1,1,326130.362888,0.0,59.0,1,75.37
flow_0.886,car,1,1,299793.235874,0.4,55.0,1,68.37
flow_0.887,car,1,1,314125.524653,0.8,54.0,1,70.56
flow_0.888,car,1,1,322584.723331,0.2,55.0,1,70.02
flow_0.889,car,1,1,300482.765235,0.6,49.0,1,65.74
flow_0.890,car,1,1,311363.747007,0.0,49.0,1,65.22
flow_0.891,car,1,1,302675.507204,0.4,48.0,1,62.96
flow_0.892,car,1,1,262753.54575,0.8,37.0,1,52.37
flow_0.893,car,1,1,273585.241285,0.2,39.0,1,54.53
flow_0.894,car,1,1,281790.426761,0.6,37.0,1,54.37
flow_0.895,car,1,1,278036.251851,0.0,37.0,1,52.83
flow_0.896,car,1,1,255970.188479,0.4,32.0,1,47.23
flow_0.897,car,1,1,246689.182997,0.8,26.0,1,42.47
flow_0.898,car,1,1,262018.760375,0.2,28.0,1,44.18
flow_0.899,car,1,1,239784.272103,0.6,24.0,1,39.27
flow_0.900,car,1,1,247946.012226,0.0,22.0,1,38.46
flow_0.901,car,1,1,238920.802158,0.4,21.0,1,36.48
flow_0.902,car,1,1,216617.897531,0.8,13.0,1,31.09
flow_0.903,car,1,1,206318.724535,0.2,11.0,1,25.36
flow_0.904,car,1,1,215667.822555,0.6,11.0,1,25.2
flow_0.905,car,1,1,206626.056031,0.0,8.0,1,24.42
flow_0.906,car,1,1,211950.126044,0.4,7.0,1,23.14
flow_0.907,car,1,1,199843.384249,0.8,2.0,1,19.83
flow_0.908,car,1,1,191949.45256,0.2,1.0,1,17.54
flow_0.909,car,1,1,173438.698633,0.6,0.0,0,12.19
flow_0.910,car,1,1,168039.82451,0.0,0.0,0,11.52
flow_0.911,car,1,1,171563.060993,0.4,0.0,0,11.21
flow_0.912,car,1,1,177632.063115,0.8,0.0,0,11.47
flow_0.913,car,1,1,170917.260171,0.2,0.0,0,11.32
flow_0.914,car,1,1,174085.172771,0.6,0.0,0,11.34
flow_0.915,car,1,1,172661.128221,0.0,0.0,0,10.48
flow_0.916,car,1,1,171637.350014,0.4,0.0,0,11.77
flow_0.917,car,1,1,165628.841982,0.8,0.0,0,9.93
flow_0.918,car,1,1,164465.117338,0.2,0.0,0,11.68
flow_0.919,car,1,1,166061.590574,0.6,0.0,0,10.92
flow_0.920,car,1,1,323253.203746,0.0,60.0,1,75.88
flow_0.921,car,1,1,315043.577345,0.4,57.0,1,71.03
flow_0.922,car,1,1,324730.443943,0.8,56.0,1,70.75
flow_0.923,car,1,1,307098.350499,0.2,50.0,1,66.67
flow_0.924,car,1,1,313105.314758,0.6,51.0,1,66.01
flow_0.925,car,1,1,304323.605474,0.0,47.0,1,63.7
flow_0.926,car,1,1,298351.225488,0.4,45.0,1,61.75
flow_0.927,car,1,1,296959.184283,0.8,42.0,1,58.71
flow_0.928,car,1,1,282058.651407,0.2,38.0,1,54.14
flow_0.929,car,1,1,281998.435797,0.6,36.0,1,53.11
flow_0.930,car,1,1,248305.17995,0.0,31.0,1,46.94
flow_0.931,car,1,1,253519.604442,0.4,30.0,1,46.13
flow_0.932,car,1,1,267759.573669,0.8,30.0,1,45.87
flow_0.933,car,1,1,257111.597546,0.2,28.0,1,43.55
flow_1.0,bus,1,1,386936.728716,0.0,8.0,1,37.96
flow_1.1,bus,1,1,386699.641851,0.0,10.0,2,38.41
flow_1.2,bus,1,1,389553.776253,0.0,8.0,2,38.37
flow_1.3,bus,1,1,390142.995509,0.0,7.0,2,37.78
flow_1.4,bus,1,1,373639.616957,0.0,12.0,4,38.23
flow_1.5,bus,1,1,379000.11459,0.0,12.0,2,38.93
flow_1.6,bus,1,1,386362.301348,0.0,10.0,1,38.29
flow_1.7,bus,1,1,375408.590516,0.0,11.0,2,36.74
flow_1.8,bus,1,1,386302.45115,0.0,11.0,2,40.19
flow_1.9,bus,1,1,385267.343037,0.0,9.0,2,37.29
flow_1.10,bus,1,1,391751.586063,0.0,12.0,1,39.15
flow_1.11,bus,1,1,388055.02418,0.0,5.0,2,38.56
flow_0.0,car,2,1,242224.952847,0.0,23.0,1,38.91
flow_0.1,car,2,1,234015.699398,0.23,12.0,1,29.29
flow_0.2,car,2,1,204356.540703,0.46,4.0,1,18.91
flow_0.3,car,2,1,175825.886155,0.69,0.0,0,9.73
flow_0.4,car,2,1,159876.210541,0.92,0.0,0,11.87
flow_0.5,car,2,1,174491.553437,0.15,0.0,0,11.12
flow_0.6,car,2,1,306695.97443,0.38,52.0,1,67.25
flow_0.7,car,2,1,283373.349303,0.61,43.0,1,58.73
flow_0.8,car,2,1,246983.376704,0.84,30.0,1,45.89
flow_0.9,car,2,1,255058.955647,0.07,23.0,1,41.75
flow_0.10,car,2,1,224165.728937,0.3,16.0,1,30.87
flow_0.11,car,2,1,207217.81128,0.53,5.0,1,21.68
flow_0.12,car,2,1,173444.444473,0.76,0.0,0,10.07
flow_0.13,car,2,1,176375.607825,0.99,0.0,0,11.82
flow_0.14,car,2,1,173616.780318,0.22,0.0,0,11.08
flow_0.15,car,2,1,299359.861593,0.45,52.0,1,68.69
flow_0.16,car,2,1,291393.536631,0.68,43.0,1,60.21
flow_0.17,car,2,1,265928.376798,0.91,33.0,1,50.48
flow_0.18,car,2,1,264088.663553,0.14,28.0,1,43.75
flow_0.19,car,2,1,236173.915666,0.37,17.0,1,34.31
flow_0.20,car,2,1,210343.413114,0.6,7.0,1,23.83
flow_0.21,car,2,1,174261.625079,0.83,0.0,0,11.13
flow_0.22,car,2,1,165490.848725,0.06,0.0,0,11.28
flow_0.23,car,2,1,161165.965807,0.29,0.0,0,11.31
flow_0.24,car,2,1,306423.792735,0.52,55.0,1,71.11
flow_0.25,car,2,1,299634.387688,0.75,45.0,1,61.77
flow_0.26,car,2,1,274349.947211,0.98,36.0,1,53.11
flow_0.27,car,2,1,263987.119825,0.21,29.0,1,46.07
flow_0.28,car,2,1,229941.842825,0.44,15.0,1,33.1
flow_0.29,car,2,1,209026.860755,0.67,10.0,1,25.32
flow_0.30,car,2,1,191274.587704,0.9,0.0,0,15.98
flow_0.31,car,2,1,170412.367807,0.13,0.0,0,11.67
flow_0.32,car,2,1,163069.039613,0.36,0.0,0,9.36
flow_0.33,car,2,1,162659.995841,0.59,0.0,0,9.99
flow_0.34,car,2,1,311943.400375,0.82,48.0,1,65.29
flow_0.35,car,2,1,288675.817079,0.05,40.0,1,56.21
flow_0.36,car,2,1,272230.193546,0.28,29.0,1,47.18
flow_0.37,car,2,1,240669.567403,0.51,22.0,1,37.11
flow_0.38,car,2,1,201978.521447,0.74,8.0,1,24.27
flow_0.39,car,2,1,198979.61196,0.97,1.0,1,16.99
flow_0.40,car,2,1,170624.327124,0.2,0.0,0,11.01
flow_0.41,car,2,1,176491.813861,0.43,0.0,0,11.7
flow_0.42,car,2,1,175230.236417,0.66,0.0,0,11.19
flow_0.43,car,2,1,313754.810896,0.89,51.0,1,69.01
flow_0.44,car,2,1,296196.555614,0.12,43.0,1,59.76
flow_0.45,car,2,1,274687.249283,0.35,32.0,1,48.89
flow_0.46,car,2,1,232153.721032,0.58,22.0,1,37.1
flow_0.47,car,2,1,207582.656292,0.81,10.0,1,26.07
flow_0.48,car,2,1,175861.942157,0.04,0.0,0,15.49
flow_0.49,car,2,1,164465.438672,0.27,0.0,0,10.83
flow_0.50,car,2,1,171311.762047,0.5,0.0,0,9.87
flow_0.51,car,2,1,168444.577303,0.73,0.0,0,9.99
flow_0.52,car,2,1,317474.697653,0.96,54.0,1,70.2
flow_0.53,car,2,1,300835.651545,0.19,46.0,1,62.46
flow_0.54,car,2,1,272834.63355,0.42,36.0,1,51.92
flow_0.55,car,2,1,240648.669949,0.65,25.0,1,38.76
flow_0.56,car,2,1,234040.171503,0.88,16.0,1,31.71
flow_0.57,car,2,1,207223.033807,0.11,4.0,1,22.6
flow_0.58,car,2,1,162997.814492,0.34,0.0,0,11.78
flow_0.59,car,2,1,164610.242879,0.57,0.0,0,11.0
flow_0.60,car,2,1,171678.297597,0.8,0.0,0,11.05
flow_0.61,car,2,1,330922.739425,0.03,58.0,1,72.91
flow_0.62,car,2,1,300530.902027,0.26,46.0,1,62.79
flow_0.63,car,2,1,269834.837633,0.49,35.0,1,51.11
flow_0.64,car,2,1,250237.967117,0.72,24.0,1,40.58
flow_0.65,car,2,1,220086.895772,0.95,15.0,1,30.04
flow_0.66,car,2,1,199039.909064,0.18,6.0,1,21.83
flow_0.67,car,2,1,183986.98918,0.41,0.0,0,11.67
flow_0.68,car,2,1,174805.510677,0.64,0.0,0,11.62
flow_0.69,car,2,1,174071.356259,0.87,0.0,0,10.34
flow_0.70,car,2,1,325539.106324,0.1,58.0,1,74.79
flow_0.71,car,2,1,299733.364431,0.33,46.0,1,63.61
flow_0.72,car,2,1,286931.510862,0.56,40.0,1,55.77
flow_0.73,car,2,1,256811.17142,0.79,28.0,1,44.6
flow_0.74,car,2,1,244474.850056,0.02,22.0,1,36.26
flow_0.75,car,2,1,219433.493769,0.25,10.0,1,26.05
flow_0.76,car,2,1,192884.881798,0.48,0.0,0,16.72
flow_0.77,car,2,1,168946.221578,0.71,0.0,0,9.97
flow_0.78,car,2,1,172387.022738,0.94,0.0,0,10.09
flow_0.79,car,2,1,174657.305962,0.17,0.0,0,11.76
flow_0.80,car,2,1,313624.982198,0.4,51.0,1,67.88
flow_0.81,car,2,1,284333.824472,0.63,41.0,1,56.87
flow_0.82,car,2,1,266587.659293,0.86,33.0,1,47.78
flow_0.83,car,2,1,239941.041154,0.09,21.0,1,38.12
flow_0.84,car,2,1,223247.827742,0.32,11.0,1,28.32
flow_0.85,car,2,1,197364.125363,0.55,1.0,1,17.9
flow_0.86,car,2,1,175261.757333,0.78,0.0,0,10.69
flow_0.87,car,2,1,177746.998262,0.01,0.0,0,11.08
flow_0.88,car,2,1,171146.480757,0.24,0.0,0,10.35
flow_0.89,car,2,1,298680.338989,0.47,51.0,1,66.39
flow_0.90,car,2,1,267604.19415,0.7,40.0,1,53.98
flow_0.91,car,2,1,258080.275411,0.93,33.0,1,47.4
flow_0.92,car,2,1,251441.076226,0.16,24.0,1,41.32
flow_0.93,car,2,1,228706.905466,0.39,14.0,1,29.99
flow_0.94,car,2,1,202516.150435,0.62,4.0,1,20.56
flow_0.95,car,2,1,171168.261194,0.85,0.0,0,12.17
flow_0.96,car,2,1,167802.604261,0.08,0.0,0,9.68
flow_0.97,car,2,1,171779.834002,0.31,0.0,0,12.36
flow_0.98,car,2,1,324931.260907,0.54,55.0,1,71.23
flow_0.99,car,2,1,290377.750321,0.77,43.0,1,60.31
flow_0.100,car,2,1,270844.266126,0.0,36.0,1,50.65
flow_0.101,car,2,1,249607.43262,0.23,23.0,1,40.21
flow_0.102,car,2,1,217049.588606,0.46,15.0,1,30.22
flow_0.103,car,2,1,209169.033148,0.69,5.0,1,21.88
flow_0.104,car,2,1,172633.695994,0.92,0.0,0,11.31
flow_0.105,car,2,1,166418.691548,0.15,0.0,0,10.71
flow_0.106,car,2,1,165723.6131,0.38,0.0,0,10.05
flow_0.107,car,2,1,324638.826538,0.61,56.0,1,72.56
flow_0.108,car,2,1,290879.004896,0.84,45.0,1,61.74
flow_0.109,car,2,1,267528.67283,0.07,37.0,1,51.01
flow_0.110,car,2,1,257976.027947,0.3,27.0,1,44.3
flow_0.111,car,2,1,241597.954044,0.53,17.0,1,34.87
flow_0.112,car,2,1,219323.123034,0.76,8.0,1,24.68
flow_0.113,car,2,1,168433.433907,0.99,0.0,0,11.46
flow_0.114,car,2,1,172269.970515,0.22,0.0,0,10.67
flow_0.115,car,2,1,177998.745913,0.45,0.0,0,11.82
flow_0.116,car,2,1,332140.919888,0.68,58.0,1,75.07
flow_0.117,car,2,1,312377.065588,0.91,48.0,1,65.23
flow_0.118,car,2,1,272577.172401,0.14,38.0,1,54.47
flow_0.119,car,2,1,268166.497167,0.37,29.0,1,46.07
flow_0.120,car,2,1,239725.473912,0.6,19.0,1,35.65
flow_0.121,car,2,1,215193.049311,0.83,11.0,1,25.73
flow_0.122,car,2,1,196378.334662,0.06,0.0,0,17.61
flow_0.123,car,2,1,166119.784111,0.29,0.0,0,9.99
flow_0.124,car,2,1,171370.866858,0.52,0.0,0,10.11
flow_0.125,car,2,1,298047.125994,0.75,55.0,1,71.57
flow_0.126,car,2,1,315684.254969,0.98,52.0,1,68.28
flow_0.127,car,2,1,285828.652479,0.21,42.0,1,58.43
flow_0.128,car,2,1,265489.582184,0.44,31.0,1,48.24
flow_0.129,car,2,1,250922.877422,0.67,22.0,1,38.19
flow_0.130,car,2,1,218229.871907,0.9,11.0,1,27.87
flow_0.131,car,2,1,201184.653458,0.13,3.0,1,18.84
flow_0.132,car,2,1,166635.480469,0.36,0.0,0,10.8
flow_0.133,car,2,1,169264.724807,0.59,0.0,0,10.22
flow_0.134,car,2,1,170862.451553,0.82,0.0,0,10.12
flow_0.135,car,2,1,319576.263008,0.05,54.0,1,69.8
flow_0.136,car,2,1,301922.360512,0.28,45.0,1,60.17
flow_0.137,car,2,1,265612.64629,0.51,33.0,1,49.58
flow_0.138,car,2,1,247877.255031,0.74,25.0,1,40.75
flow_0.139,car,2,1,228156.437652,0.97,16.0,1,30.42
flow_0.140,car,2,1,193712.503185,0.2,2.0,1,19.6
flow_0.141,car,2,1,166524.982382,0.43,0.0,0,9.73
flow_0.142,car,2,1,164283.409875,0.66,0.0,0,11.35
flow_0.143,car,2,1,165280.069187,0.89,0.0,0,10.05
flow_0.144,car,2,1,304678.094489,0.12,52.0,1,69.41
flow_0.145,car,2,1,297655.426171,0.35,45.0,1,61.24
flow_0.146,car,2,1,282269.761244,0.58,37.0,1,52.69
flow_0.147,car,2,1,249090.035415,0.81,25.0,1,41.64
flow_0.148,car,2,1,239429.007452,0.04,18.0,1,34.21
flow_0.149,car,2,1,204873.914093,0.27,5.0,1,23.21
flow_0.150,car,2,1,168593.032294,0.5,0.0,0,12.05
flow_0.151,car,2,1,170477.84042,0.73,0.0,0,11.08
flow_0.152,car,2,1,164088.736434,0.96,0.0,0,9.71
flow_0.153,car,2,1,332543.257736,0.19,57.0,1,74.43
flow_0.154,car,2,1,305434.163922,0.42,48.0,1,63.65
flow_0.155,car,2,1,274324.173257,0.65,38.0,1,51.97
flow_0.156,car,2,1,260250.030046,0.88,28.0,1,44.62
flow_0.157,car,2,1,226152.39123,0.11,16.0,1,32.18
flow_0.158,car,2,1,219376.371798,0.34,9.0,1,25.46
flow_0.159,car,2,1,184533.294555,0.57,0.0,0,13.42
flow_0.160,car,2,1,164995.685791,0.8,0.0,0,10.19
flow_0.161,car,2,1,175105.509113,0.03,0.0,0,10.11
flow_0.162,car,2,1,322329.874062,0.26,58.0,1,73.23
flow_0.163,car,2,1,307277.187048,0.49,51.0,1,66.37
flow_0.164,car,2,1,281617.023947,0.72,40.0,1,56.97
flow_0.165,car,2,1,259409.818951,0.95,29.0,1,46.05
flow_0.166,car,2,1,233613.729441,0.18,17.0,1,36.38
flow_0.167,car,2,1,220206.591086,0.41,10.0,1,27.37
flow_0.168,car,2,1,184935.163189,0.64,0.0,0,13.73
flow_0.169,car,2,1,161213.475825,0.87,0.0,0,10.91
flow_0.170,car,2,1,166721.372464,0.1,0.0,0,9.46
flow_0.171,car,2,1,168089.627949,0.33,0.0,0,10.21
flow_0.172,car,2,1,302039.734556,0.56,51.0,1,65.86
flow_0.173,car,2,1,290907.820451,0.79,41.0,1,58.01
flow_0.174,car,2,1,266837.665183,0.02,33.0,1,49.35
flow_0.175,car,2,1,251920.016492,0.25,22.0,1,39.31
flow_0.176,car,2,1,218291.423694,0.48,13.0,1,30.04
flow_0.177,car,2,1,207518.323118,0.71,3.0,1,18.99
flow_0.178,car,2,1,176543.498384,0.94,0.0,0,11.47
flow_0.179,car,2,1,165733.35299,0.17,0.0,0,11.38
flow_0.180,car,2,1,165642.118364,0.4,0.0,0,11.99
flow_0.181,car,2,1,317703.511434,0.63,53.0,1,68.48
flow_0.182,car,2,1,289868.882861,0.86,43.0,1,57.57
flow_0.183,car,2,1,278455.635773,0.09,36.0,1,51.15
flow_0.184,car,2,1,228973.239124,0.32,22.0,1,38.62
flow_0.185,car,2,1,224112.521019,0.55,14.0,1,29.86
flow_0.186,car,2,1,204254.804086,0.78,5.0,1,20.61
flow_0.187,car,2,1,167786.981906,0.01,0.0,0,11.21
flow_0.188,car,2,1,170280.885582,0.24,0.0,0,11.96
flow_0.189,car,2,1,161994.615283,0.47,0.0,0,10.47
flow_0.190,car,2,1,330480.530118,0.7,58.0,1,72.38
flow_0.191,car,2,1,299448.62413,0.93,45.0,1,62.34
flow_0.192,car,2,1,254837.255968,0.16,33.0,1,48.06
flow_0.193,car,2,1,256113.163368,0.39,27.0,1,42.9
flow_0.194,car,2,1,214767.428369,0.62,13.0,1,29.6
flow_0.195,car,2,1,212798.910609,0.85,8.0,1,22.79
flow_0.196,car,2,1,165262.544009,0.08,0.0,0,11.31
flow_0.197,car,2,1,164723.885826,0.31,0.0,0,11.95
flow_0.198,car,2,1,165082.640181,0.54,0.0,0,11.15
flow_0.199,car,2,1,332998.977506,0.77,59.0,1,74.34
flow_0.200,car,2,1,310206.521362,0.0,49.0,1,65.41
flow_0.201,car,2,1,280027.389916,0.23,39.0,1,55.35
flow_0.202,car,2,1,263928.527996,0.46,29.0,1,45.2
flow_0.203,car,2,1,237958.589888,0.69,20.0,1,35.53
flow_0.204,car,2,1,214646.656273,0.92,10.0,1,24.92
flow_0.205,car,2,1,176096.335434,0.15,0.0,0,13.27
flow_0.206,car,2,1,170457.748648,0.38,0.0,0,11.29
flow_0.207,car,2,1,166928.921143,0.61,0.0,0,11.84
flow_0.208,car,2,1,171250.464229,0.84,0.0,0,10.44
flow_0.209,car,2,1,314459.718964,0.07,51.0,1,67.2
flow_0.210,car,2,1,292531.256201,0.3,40.0,1,57.19
flow_0.211,car,2,1,246970.6561,0.53,27.0,1,41.46
flow_0.212,car,2,1,243176.202695,0.76,21.0,1,37.37
flow_0.213,car,2,1,221461.581883,0.99,9.0,1,26.28
flow_0.214,car,2,1,193546.728873,0.22,2.0,1,18.34
flow_0.215,car,2,1,170982.992686,0.45,0.0,0,10.7
flow_0.216,car,2,1,168269.365284,0.68,0.0,0,11.36
flow_0.217,car,2,1,170459.539734,0.91,0.0,0,11.0
flow_0.218,car,2,1,293068.341585,0.14,50.0,1,64.26
flow_0.219,car,2,1,292608.31267,0.37,43.0,1,59.19
flow_0.220,car,2,1,281485.630519,0.6,35.0,1,49.75
flow_0.221,car,2,1,245637.520025,0.83,21.0,1,37.71
flow_0.222,car,2,1,234594.458091,0.06,16.0,1,30.81
flow_0.223,car,2,1,204166.434415,0.29,5.0,1,20.16
flow_0.224,car,2,1,167198.322894,0.52,0.0,0,11.1
flow_0.225,car,2,1,172506.85874,0.75,0.0,0,12.11
flow_0.226,car,2,1,172967.189763,0.98,0.0,0,10.07
flow_0.227,car,2,1,319352.024696,0.21,55.0,1,71.22
flow_0.228,car,2,1,283194.583169,0.44,44.0,1,60.14
flow_0.229,car,2,1,277167.604271,0.67,35.0,1,52.05
flow_0.230,car,2,1,235684.195593,0.9,22.0,1,39.9
flow_0.231,car,2,1,219157.503697,0.13,14.0,1,31.05
flow_0.232,car,2,1,205123.662298,0.36,6.0,1,22.77
flow_0.233,car,2,1,160977.890434,0.59,0.0,0,11.22
flow_0.234,car,2,1,162536.840584,0.82,0.0,0,9.91
flow_0.235,car,2,1,169047.681931,0.05,0.0,0,10.03
flow_0.236,car,2,1,319315.01225,0.28,56.0,1,72.61
flow_0.237,car,2,1,302301.980093,0.51,46.0,1,63.23
flow_0.238,car,2,1,278256.484652,0.74,36.0,1,51.88
flow_0.239,car,2,1,250076.925115,0.97,26.0,1,42.87
flow_0.240,car,2,1,235818.942065,0.2,17.0,1,33.63
flow_0.241,car,2,1,215861.984312,0.43,7.0,1,24.98
flow_0.242,car,2,1,169343.141508,0.66,0.0,0,12.17
flow_0.243,car,2,1,173344.896291,0.89,0.0,0,12.65
flow_0.244,car,2,1,170118.142975,0.12,0.0,0,9.45
flow_0.245,car,2,1,162388.585077,0.35,0.0,0,9.82
flow_0.246,car,2,1,294976.408837,0.58,47.0,1,63.48
flow_0.247,car,2,1,266256.184333,0.81,35.0,1,51.94
flow_0.248,car,2,1,270771.223799,0.04,31.0,1,46.65
flow_0.249,car,2,1,236701.994765,0.27,19.0,1,35.02
flow_0.250,car,2,1,200520.01705,0.5,8.0,1,23.08
flow_0.251,car,2,1,164089.663788,0.73,0.0,0,12.45
flow_0.252,car,2,1,163101.147032,0.96,0.0,0,11.11
flow_0.253,car,2,1,162570.292247,0.19,0.0,0,9.13
flow_0.254,car,2,1,340331.260641,0.42,61.0,1,76.93
flow_0.255,car,2,1,290084.250289,0.65,46.0,1,62.48
flow_0.256,car,2,1,255737.33659,0.88,36.0,1,49.07
flow_0.257,car,2,1,269806.352001,0.11,33.0,1,49.1
flow_0.258,car,2,1,253593.22313,0.34,23.0,1,38.18
flow_0.259,car,2,1,213899.137984,0.57,9.0,1,27.5
flow_0.260,car,2,1,202899.282205,0.8,3.0,1,18.17
flow_0.261,car,2,1,174867.789653,0.03,0.0,0,11.2
flow_0.262,car,2,1,179513.288623,0.26,0.0,0,11.5
flow_0.263,car,2,1,167444.418762,0.49,0.0,0,10.92
flow_0.264,car,2,1,308908.922265,0.72,50.0,1,68.35
flow_0.265,car,2,1,293372.754634,0.95,45.0,1,59.91
flow_0.266,car,2,1,261666.89313,0.18,32.0,1,49.6
flow_0.267,car,2,1,234051.277157,0.41,20.0,1,35.83
flow_0.268,car,2,1,229811.908226,0.64,13.0,1,30.79
flow_0.269,car,2,1,203314.937249,0.87,3.0,1,19.66
flow_0.270,car,2,1,161621.346826,0.1,0.0,0,11.1
flow_0.271,car,2,1,171548.019113,0.33,0.0,0,11.24
flow_0.272,car,2,1,157979.095538,0.56,0.0,0,10.74
flow_0.273,car,2,1,329207.358618,0.79,56.0,1,72.25
flow_0.274,car,2,1,298745.712482,0.02,45.0,1,63.14
flow_0.275,car,2,1,269398.651176,0.25,36.0,1,51.73
flow_0.276,car,2,1,250012.702905,0.48,24.0,1,41.4
flow_0.277,car,2,1,235227.881581,0.71,17.0,1,32.45
flow_0.278,car,2,1,208887.009773,0.94,6.0,1,21.32
flow_0.279,car,2,1,174739.419817,0.17,0.0,0,11.56
flow_0.280,car,2,1,158495.927595,0.4,0.0,0,11.89
flow_0.281,car,2,1,162676.575914,0.63,0.0,0,11.08
flow_0.282,car,2,1,322393.511341,0.86,56.0,1,72.84
flow_0.283,car,2,1,293139.926752,0.09,44.0,1,61.38
flow_0.284,car,2,1,282725.209255,0.32,38.0,1,54.33
flow_0.285,car,2,1,262211.618127,0.55,29.0,1,44.42
flow_0.286,car,2,1,228351.966077,0.78,19.0,1,33.5
flow_0.287,car,2,1,215807.564006,0.01,10.0,1,25.34
flow_0.288,car,2,1,180637.222348,0.24,0.0,0,12.9
flow_0.289,car,2,1,172028.638114,0.47,0.0,0,11.51
flow_0.290,car,2,1,168229.082386,0.7,0.0,0,10.89
flow_0.291,car,2,1,170576.042073,0.93,0.0,0,10.61
flow_0.292,car,2,1,304510.552285,0.16,48.0,1,65.81
flow_0.293,car,2,1,283250.959117,0.39,40.0,1,55.75
flow_0.294,car,2,1,260955.826555,0.62,31.0,1,46.61
flow_0.295,car,2,1,242593.76396,0.85,21.0,1,36.21
flow_0.296,car,2,1,208984.239316,0.08,10.0,1,25.8
flow_0.297,car,2,1,188667.206869,0.31,0.0,0,16.72
flow_0.298,car,2,1,177545.099465,0.54,0.0,0,12.02
flow_0.299,car,2,1,169960.440775,0.77,0.0,0,11.72
flow_0.300,car,2,1,170412.091649,0.0,0.0,0,10.37
flow_0.301,car,2,1,320694.320469,0.23,51.0,1,68.1
flow_0.302,car,2,1,294684.097612,0.46,42.0,1,58.45
flow_0.303,car,2,1,262699.380773,0.69,31.0,1,48.14
flow_0.304,car,2,1,243606.009352,0.92,21.0,1,37.56
flow_0.305,car,2,1,218295.437436,0.15,12.0,1,26.77
flow_0.306,car,2,1,208056.689849,0.38,4.0,1,19.39
flow_0.307,car,2,1,165661.28094,0.61,0.0,0,10.17
flow_0.308,car,2,1,168995.815828,0.84,0.0,0,10.06
flow_0.309,car,2,1,166047.745424,0.07,0.0,0,10.41
flow_0.310,car,2,1,321547.403741,0.3,52.0,1,70.79
flow_0.311,car,2,1,304421.310059,0.53,44.0,1,60.28
flow_0.312,car,2,1,266082.808034,0.76,32.0,1,49.42
flow_0.313,car,2,1,254456.19156,0.99,24.0,1,40.21
flow_0.314,car,2,1,238752.893058,0.22,16.0,1,31.26
flow_0.315,car,2,1,204761.433684,0.45,6.0,1,21.75
flow_0.316,car,2,1,168068.217005,0.68,0.0,0,10.91
flow_0.317,car,2,1,161324.505567,0.91,0.0,0,12.0
flow_0.318,car,2,1,165679.666823,0.14,0.0,0,11.41
flow_0.319,car,2,1,320011.11,0.37,54.0,1,70.77
flow_0.320,car,2,1,296939.054667,0.6,45.0,1,62.28
flow_0.321,car,2,1,266736.750833,0.83,35.0,1,49.76
flow_0.322,car,2,1,246380.121914,0.06,24.0,1,40.8
flow_0.323,car,2,1,234942.708949,0.29,17.0,1,32.49
flow_0.324,car,2,1,193212.18238,0.52,5.0,1,21.12
flow_0.325,car,2,1,175722.048852,0.75,0.0,0,10.71
flow_0.326,car,2,1,175826.661412,0.98,0.0,0,11.22
flow_0.327,car,2,1,175742.462572,0.21,0.0,0,11.57
flow_0.328,car,2,1,315409.467926,0.44,55.0,1,71.28
flow_0.329,car,2,1,310382.753146,0.67,51.0,1,64.61
flow_0.330,car,2,1,274197.861256,0.9,35.0,1,51.45
flow_0.331,car,2,1,260958.172959,0.13,30.0,1,46.2
flow_0.332,car,2,1,242852.518865,0.36,20.0,1,35.24
flow_0.333,car,2,1,209800.939436,0.59,8.0,1,23.72
flow_0.334,car,2,1,191497.291607,0.82,0.0,0,15.43
flow_0.335,car,2,1,165632.650535,0.05,0.0,0,11.19
flow_0.336,car,2,1,161882.293695,0.28,0.0,0,10.82
flow_0.337,car,2,1,173698.825352,0.51,0.0,0,10.25
flow_0.338,car,2,1,300348.230743,0.74,49.0,1,64.21
flow_0.339,car,2,1,285297.815443,0.97,40.0,1,56.15
flow_0.340,car,2,1,256097.374323,0.2,29.0,1,46.13
flow_0.341,car,2,1,240868.036849,0.43,21.0,1,37.24
flow_0.342,car,2,1,198363.127485,0.66,8.0,1,21.98
flow_0.343,car,2,1,194100.15989,0.89,0.0,0,16.43
flow_0.344,car,2,1,161747.553868,0.12,0.0,0,11.29
flow_0.345,car,2,1,166785.539291,0.35,0.0,0,11.32
flow_0.346,car,2,1,318861.989502,0.58,59.0,1,72.44
flow_0.347,car,2,1,309050.286851,0.81,51.0,1,66.97
flow_0.348,car,2,1,302720.7326,0.04,45.0,1,59.72
flow_0.349,car,2,1,257593.008622,0.27,32.0,1,48.95
flow_0.350,car,2,1,247524.612793,0.5,22.0,1,38.87
flow_0.351,car,2,1,221100.93035,0.73,12.0,1,28.1
flow_0.352,car,2,1,191067.770239,0.96,1.0,1,17.97
flow_0.353,car,2,1,171635.267214,0.19,0.0,0,10.92
flow_0.354,car,2,1,163316.628321,0.42,0.0,0,11.67
flow_0.355,car,2,1,167606.668624,0.65,0.0,0,9.95
flow_0.356,car,2,1,308906.285411,0.88,52.0,1,68.82
flow_0.357,car,2,1,297482.839371,0.11,44.0,1,61.29
flow_0.358,car,2,1,266355.928122,0.34,33.0,1,48.72
flow_0.359,car,2,1,254425.167245,0.57,25.0,1,40.66
flow_0.360,car,2,1,227220.10765,0.8,16.0,1,32.1
flow_0.361,car,2,1,214668.458879,0.03,6.0,1,22.15
flow_0.362,car,2,1,172024.875561,0.26,0.0,0,10.4
flow_0.363,car,2,1,169865.709259,0.49,0.0,0,12.28
flow_0.364,car,2,1,167070.901639,0.72,0.0,0,10.05
flow_0.365,car,2,1,311188.050335,0.95,55.0,1,70.41
flow_0.366,car,2,1,309414.999927,0.18,48.0,1,63.46
flow_0.367,car,2,1,268722.39951,0.41,35.0,1,50.05
flow_0.368,car,2,1,246752.114962,0.64,25.0,1,41.38
flow_0.369,car,2,1,207408.826945,0.87,11.0,1,27.64
flow_0.370,car,2,1,216864.339485,0.1,10.0,1,25.24
flow_0.371,car,2,1,184813.880981,0.33,0.0,0,12.84
flow_0.372,car,2,1,167850.309262,0.56,0.0,0,11.16
flow_0.373,car,2,1,157648.032476,0.79,0.0,0,10.81
flow_0.374,car,2,1,306893.803134,0.02,56.0,1,71.03
flow_0.375,car,2,1,300528.776914,0.25,49.0,1,64.26
flow_0.376,car,2,1,265299.830604,0.48,35.0,1,50.65
flow_0.377,car,2,1,268686.14875,0.71,30.0,1,45.41
flow_0.378,car,2,1,240227.963957,0.94,22.0,1,36.21
flow_0.379,car,2,1,209567.367071,0.17,7.0,1,25.75
flow_0.380,car,2,1,203674.480793,0.4,1.0,1,15.65
flow_0.381,car,2,1,157741.707,0.63,0.0,0,11.88
flow_0.382,car,2,1,165171.336476,0.86,0.0,0,10.56
flow_0.383,car,2,1,322820.974866,0.09,59.0,1,75.3
flow_0.384,car,2,1,310589.731268,0.32,51.0,1,66.72
flow_0.385,car,2,1,285618.099305,0.55,42.0,1,57.86
flow_0.386,car,2,1,269915.111196,0.78,31.0,1,47.33
flow_0.387,car,2,1,250358.077623,0.01,22.0,1,39.1
flow_0.388,car,2,1,223457.783164,0.24,12.0,1,28.99
flow_0.389,car,2,1,204100.757934,0.47,4.0,1,18.91
flow_0.390,car,2,1,173564.409975,0.7,0.0,0,11.03
flow_0.391,car,2,1,164343.319143,0.93,0.0,0,10.41
flow_0.392,car,2,1,166633.453496,0.16,0.0,0,10.87
flow_0.393,car,2,1,323664.852239,0.39,52.0,1,68.92
flow_0.394,car,2,1,292862.986248,0.62,42.0,1,59.28
flow_0.395,car,2,1,275270.613517,0.85,34.0,1,48.98
flow_0.396,car,2,1,258937.192196,0.08,26.0,1,40.44
flow_0.397,car,2,1,224101.882388,0.31,13.0,1,30.18
flow_0.398,car,2,1,204737.488338,0.54,4.0,1,20.95
flow_0.399,car,2,1,163697.949556,0.77,0.0,0,9.73
flow_0.400,car,2,1,169929.850449,0.0,0.0,0,9.66
flow_0.401,car,2,1,326397.543552,0.23,59.0,1,76.85
flow_0.402,car,2,1,325468.582778,0.46,54.0,1,70.93
flow_0.403,car,2,1,297433.977561,0.69,44.0,1,60.1
flow_0.404,car,2,1,279820.61237,0.92,34.0,1,51.32
flow_0.405,car,2,1,253970.803158,0.15,24.0,1,41.28
flow_0.406,car,2,1,228361.105827,0.38,15.0,1,31.32
flow_0.407,car,2,1,176711.262928,0.61,1.0,1,15.76
flow_0.408,car,2,1,171750.254719,0.84,0.0,0,10.35
flow_0.409,car,2,1,167815.2244,0.07,0.0,0,9.91
flow_0.410,car,2,1,163544.566064,0.3,0.0,0,10.27
flow_0.411,car,2,1,329944.637613,0.53,58.0,1,73.73
flow_0.412,car,2,1,291842.60922,0.76,45.0,1,61.92
flow_0.413,car,2,1,275384.95698,0.99,35.0,1,52.46
flow_0.414,car,2,1,254830.313392,0.22,27.0,1,42.52
flow_0.415,car,2,1,236268.616097,0.45,19.0,1,34.12
flow_0.416,car,2,1,211124.037634,0.68,8.0,1,23.42
flow_0.417,car,2,1,192220.297713,0.91,0.0,0,13.85
flow_0.418,car,2,1,169891.189274,0.14,0.0,0,11.65
flow_0.419,car,2,1,168476.966099,0.37,0.0,0,11.73
flow_0.420,car,2,1,328506.264069,0.6,59.0,1,74.57
flow_0.421,car,2,1,310314.088105,0.83,47.0,1,65.24
flow_0.422,car,2,1,277819.034255,0.06,39.0,1,54.38
flow_0.423,car,2,1,267818.844457,0.29,30.0,1,46.0
flow_0.424,car,2,1,239642.450372,0.52,21.0,1,36.39
flow_0.425,car,2,1,195748.91162,0.75,7.0,1,20.94
flow_0.426,car,2,1,201665.556759,0.98,0.0,0,16.01
flow_0.427,car,2,1,171573.712358,0.21,0.0,0,11.31
flow_0.428,car,2,1,158197.439157,0.44,0.0,0,11.6
flow_0.429,car,2,1,169128.987537,0.67,0.0,0,10.71
flow_0.430,car,2,1,298546.856559,0.9,47.0,1,64.31
flow_0.431,car,2,1,289923.568367,0.13,43.0,1,58.33
flow_0.432,car,2,1,265302.247082,0.36,32.0,1,48.1
flow_0.433,car,2,1,227713.337677,0.59,20.0,1,35.68
flow_0.434,car,2,1,213745.336012,0.82,10.0,1,25.79
flow_0.435,car,2,1,200370.478014,0.05,4.0,1,19.68
flow_0.436,car,2,1,165166.030085,0.28,0.0,0,10.1
flow_0.437,car,2,1,174993.530734,0.51,0.0,0,10.39
flow_0.438,car,2,1,168582.695427,0.74,0.0,0,11.85
flow_0.439,car,2,1,324863.602687,0.97,54.0,1,70.05
flow_0.440,car,2,1,300922.744685,0.2,45.0,1,60.72
flow_0.441,car,2,1,255862.069962,0.43,31.0,1,46.07
flow_0.442,car,2,1,252226.108739,0.66,24.0,1,40.64
flow_0.443,car,2,1,227128.469114,0.89,16.0,1,30.5
flow_0.444,car,2,1,188036.182969,0.12,2.0,1,18.2
flow_0.445,car,2,1,166454.397771,0.35,0.0,0,10.79
flow_0.446,car,2,1,172214.429636,0.58,0.0,0,11.76
flow_0.447,car,2,1,164901.818872,0.81,0.0,0,11.62
flow_0.448,car,2,1,305631.137211,0.04,52.0,1,68.98
flow_0.449,car,2,1,304296.04959,0.27,46.0,1,62.4
flow_0.450,car,2,1,287548.02254,0.5,36.0,1,51.95
flow_0.451,car,2,1,225773.204495,0.73,21.0,1,35.89
flow_0.452,car,2,1,194772.030254,0.96,11.0,1,25.38
flow_0.453,car,2,1,211198.873933,0.19,6.0,1,23.47
flow_0.454,car,2,1,165868.377285,0.42,0.0,0,9.85
flow_0.455,car,2,1,171928.448197,0.65,0.0,0,13.15
flow_0.456,car,2,1,166047.790445,0.88,0.0,0,10.28
flow_0.457,car,2,1,330594.679097,0.11,59.0,1,73.6
flow_0.458,car,2,1,305141.389365,0.34,47.0,1,63.95
flow_0.459,car,2,1,274455.404138,0.57,37.0,1,53.98
flow_0.460,car,2,1,256670.781699,0.8,26.0,1,42.95
flow_0.461,car,2,1,240289.933797,0.03,20.0,1,35.42
flow_0.462,car,2,1,191459.162474,0.26,7.0,1,21.83
flow_0.463,car,2,1,201829.670738,0.49,0.0,0,15.71
flow_0.464,car,2,1,168951.057337,0.72,0.0,0,11.31
flow_0.465,car,2,1,171946.644544,0.95,0.0,0,10.84
flow_0.466,car,2,1,168715.814652,0.18,0.0,0,10.18
flow_0.467,car,2,1,302347.371644,0.41,49.0,1,65.62
flow_0.468,car,2,1,279812.545932,0.64,37.0,1,55.01
flow_0.469,car,2,1,265872.43416,0.87,30.0,1,45.65
flow_0.470,car,2,1,241637.200648,0.1,20.0,1,36.6
flow_0.471,car,2,1,203719.261986,0.33,9.0,1,23.66
flow_0.472,car,2,1,189178.856041,0.56,0.0,0,14.34
flow_0.473,car,2,1,173034.551822,0.79,0.0,0,11.48
flow_0.474,car,2,1,169158.032334,0.02,0.0,0,10.73
flow_0.475,car,2,1,165559.371511,0.25,0.0,0,10.01
flow_0.476,car,2,1,317971.926681,0.48,52.0,1,68.25
flow_0.477,car,2,1,286843.417667,0.71,42.0,1,57.62
flow_0.478,car,2,1,270132.202553,0.94,32.0,1,48.35
flow_0.479,car,2,1,248413.774873,0.17,23.0,1,39.18
flow_0.480,car,2,1,228430.345291,0.4,14.0,1,29.4
flow_0.481,car,2,1,204913.713428,0.63,2.0,1,19.56
flow_0.482,car,2,1,167792.543312,0.86,0.0,0,11.52
flow_0.483,car,2,1,170760.70165,0.09,0.0,0,10.54
flow_0.484,car,2,1,170610.879719,0.32,0.0,0,11.06
flow_0.485,car,2,1,319336.210029,0.55,53.0,1,69.76
flow_0.486,car,2,1,301247.526188,0.78,46.0,1,60.29
flow_0.487,car,2,1,277576.347264,0.01,36.0,1,51.14
flow_0.488,car,2,1,221091.006634,0.24,21.0,1,36.67
flow_0.489,car,2,1,234304.444734,0.47,16.0,1,31.49
flow_0.490,car,2,1,195328.786155,0.7,2.0,1,18.95
flow_0.491,car,2,1,168948.118063,0.93,0.0,0,9.89
flow_0.492,car,2,1,163547.593144,0.16,0.0,0,10.28
flow_0.493,car,2,1,164182.415279,0.39,0.0,0,9.67
flow_0.494,car,2,1,313933.163889,0.62,55.0,1,69.95
flow_0.495,car,2,1,292724.135437,0.85,44.0,1,59.19
flow_0.496,car,2,1,271193.204078,0.08,35.0,1,52.26
flow_0.497,car,2,1,259280.926121,0.31,29.0,1,44.14
flow_0.498,car,2,1,236065.583999,0.54,19.0,1,33.13
flow_0.499,car,2,1,214187.471374,0.77,7.0,1,23.52
flow_0.500,car,2,1,158315.580347,0.0,0.0,0,11.95
flow_0.501,car,2,1,174038.218689,0.23,0.0,0,11.19
flow_0.502,car,2,1,167068.265983,0.46,0.0,0,10.62
flow_0.503,car,2,1,328571.256168,0.69,58.0,1,74.69
flow_0.504,car,2,1,305088.341858,0.92,47.0,1,63.35
flow_0.505,car,2,1,282496.117442,0.15,38.0,1,55.95
flow_0.506,car,2,1,260940.508446,0.38,27.0,1,45.32
flow_0.507,car,2,1,230119.600286,0.61,16.0,1,32.93
flow_0.508,car,2,1,205515.274257,0.84,6.0,1,23.2
flow_0.509,car,2,1,172898.478114,0.07,0.0,0,12.29
flow_0.510,car,2,1,168862.245215,0.3,0.0,0,12.23
flow_0.511,car,2,1,167892.256121,0.53,0.0,0,12.25
flow_0.512,car,2,1,175092.304277,0.76,0.0,0,10.57
flow_0.513,car,2,1,312024.622672,0.99,50.0,1,65.94
flow_0.514,car,2,1,270054.841346,0.22,37.0,1,53.26
flow_0.515,car,2,1,258409.784819,0.45,30.0,1,46.46
flow_0.516,car,2,1,234136.138433,0.68,21.0,1,36.48
flow_0.517,car,2,1,220655.26377,0.91,12.0,1,27.52
flow_0.518,car,2,1,196558.874135,0.14,2.0,1,18.77
flow_0.519,car,2,1,165601.837966,0.37,0.0,0,10.77
flow_0.520,car,2,1,169482.404606,0.6,0.0,0,9.77
flow_0.521,car,2,1,175889.809471,0.83,0.0,0,11.5
flow_0.522,car,2,1,316017.01297,0.06,54.0,1,70.31
flow_0.523,car,2,1,298813.198791,0.29,43.0,1,57.99
flow_0.524,car,2,1,263354.598048,0.52,33.0,1,48.51
flow_0.525,car,2,1,250302.244475,0.75,21.0,1,39.87
flow_0.526,car,2,1,222200.35485,0.98,12.0,1,30.07
flow_0.527,car,2,1,181844.593301,0.21,0.0,0,15.86
flow_0.528,car,2,1,169021.598791,0.44,0.0,0,11.7
flow_0.529,car,2,1,160759.999324,0.67,0.0,0,10.4
flow_0.530,car,2,1,163574.055192,0.9,0.0,0,11.24
flow_0.531,car,2,1,328064.507075,0.13,57.0,1,71.69
flow_0.532,car,2,1,302116.051679,0.36,46.0,1,61.9
flow_0.533,car,2,1,273730.686944,0.59,35.0,1,51.39
flow_0.534,car,2,1,254129.904939,0.82,26.0,1,41.39
flow_0.535,car,2,1,217659.465855,0.05,12.0,1,29.7
flow_0.536,car,2,1,205014.532184,0.28,5.0,1,21.76
flow_0.537,car,2,1,168128.986339,0.51,0.0,0,10.26
flow_0.538,car,2,1,161346.034445,0.74,0.0,0,11.21
flow_0.539,car,2,1,177752.194772,0.97,0.0,0,11.59
flow_0.540,car,2,1,327038.808802,0.2,58.0,1,72.83
flow_0.541,car,2,1,295902.066622,0.43,46.0,1,62.54
flow_0.542,car,2,1,271176.787449,0.66,36.0,1,52.95
flow_0.543,car,2,1,245340.164607,0.89,26.0,1,40.64
flow_0.544,car,2,1,238079.764274,0.12,18.0,1,34.94
flow_0.545,car,2,1,194302.381909,0.35,6.0,1,19.29
flow_0.546,car,2,1,173332.427609,0.58,0.0,0,11.44
flow_0.547,car,2,1,165358.800098,0.81,0.0,0,12.06
flow_0.548,car,2,1,171412.169712,0.04,0.0,0,10.95
flow_0.549,car,2,1,325699.325251,0.27,59.0,1,74.88
flow_0.550,car,2,1,304812.443,0.5,50.0,1,64.6
flow_0.551,car,2,1,266572.859239,0.73,36.0,1,53.99
flow_0.552,car,2,1,265797.986238,0.96,30.0,1,45.1
flow_0.553,car,2,1,223878.272662,0.19,18.0,1,35.88
flow_0.554,car,2,1,218200.007803,0.42,10.0,1,26.63
flow_0.555,car,2,1,196449.14899,0.65,0.0,0,15.65
flow_0.556,car,2,1,157349.769786,0.88,0.0,0,10.5
flow_0.557,car,2,1,172971.522512,0.11,0.0,0,10.98
flow_0.558,car,2,1,320375.734661,0.34,60.0,1,74.67
flow_0.559,car,2,1,313724.177722,0.57,52.0,1,66.47
flow_0.560,car,2,1,268161.85992,0.8,38.0,1,52.84
flow_0.561,car,2,1,251550.094662,0.03,29.0,1,45.22
flow_0.562,car,2,1,243924.898956,0.26,22.0,1,38.73
flow_0.563,car,2,1,225740.034051,0.49,12.0,1,28.09
flow_0.564,car,2,1,206172.423787,0.72,4.0,1,18.87
flow_0.565,car,2,1,168348.94105,0.95,0.0,0,11.83
flow_0.566,car,2,1,160004.936828,0.18,0.0,0,10.86
flow_0.567,car,2,1,166205.044694,0.41,0.0,0,10.56
flow_0.568,car,2,1,326183.809191,0.64,53.0,1,69.73
flow_0.569,car,2,1,289730.581683,0.87,42.0,1,58.62
flow_0.570,car,2,1,268198.10621,0.1,34.0,1,50.33
flow_0.571,car,2,1,234642.580189,0.33,21.0,1,38.13
flow_0.572,car,2,1,220974.170182,0.56,11.0,1,28.22
flow_0.573,car,2,1,197885.316711,0.79,3.0,1,19.41
flow_0.574,car,2,1,169114.949842,0.02,0.0,0,12.09
flow_0.575,car,2,1,171757.983642,0.25,0.0,0,11.14
flow_0.576,car,2,1,168085.239224,0.48,0.0,0,10.25
flow_0.577,car,2,1,325292.658412,0.71,56.0,1,71.47
flow_0.578,car,2,1,303406.286619,0.94,45.0,1,61.5
flow_0.579,car,2,1,273820.194349,0.17,36.0,1,51.72
flow_0.580,car,2,1,238896.378741,0.4,24.0,1,40.74
flow_0.581,car,2,1,230907.331325,0.63,17.0,1,32.35
flow_0.582,car,2,1,214071.950791,0.86,6.0,1,22.8
flow_0.583,car,2,1,183460.229884,0.09,0.0,0,11.7
flow_0.584,car,2,1,173958.222091,0.32,0.0,0,11.66
flow_0.585,car,2,1,167101.099796,0.55,0.0,0,10.24
flow_0.586,car,2,1,328815.952422,0.78,55.0,1,73.31
flow_0.587,car,2,1,299645.818897,0.01,50.0,1,63.64
flow_0.588,car,2,1,273979.300531,0.24,34.0,1,51.9
flow_0.589,car,2,1,261951.925294,0.47,28.0,1,44.57
flow_0.590,car,2,1,216767.580484,0.7,15.0,1,30.75
flow_0.591,car,2,1,203245.093805,0.93,4.0,1,24.47
flow_0.592,car,2,1,189305.862785,0.16,0.0,0,13.42
flow_0.593,car,2,1,168598.353142,0.39,0.0,0,11.65
flow_0.594,car,2,1,173683.966948,0.62,0.0,0,11.01
flow_0.595,car,2,1,312616.780071,0.85,55.0,1,72.35
flow_0.596,car,2,1,298378.803208,0.08,48.0,1,64.56
flow_0.597,car,2,1,273765.737572,0.31,38.0,1,55.0
flow_0.598,car,2,1,252572.101653,0.54,29.0,1,44.88
flow_0.599,car,2,1,230931.072957,0.77,19.0,1,34.19
flow_0.600,car,2,1,224748.454789,0.0,12.0,1,28.16
flow_0.601,car,2,1,197380.088604,0.23,1.0,1,16.96
flow_0.602,car,2,1,162591.174334,0.46,0.0,0,9.88
flow_0.603,car,2,1,175470.371373,0.69,0.0,0,11.72
flow_0.604,car,2,1,173078.41957,0.92,0.0,0,10.54
flow_0.605,car,2,1,316262.478959,0.15,52.0,1,69.2
flow_0.606,car,2,1,294731.309052,0.38,42.0,1,58.58
flow_0.607,car,2,1,273311.764682,0.61,33.0,1,48.09
flow_0.608,car,2,1,245231.847501,0.84,22.0,1,38.54
flow_0.609,car,2,1,226587.281352,0.07,14.0,1,29.6
flow_0.610,car,2,1,190013.059857,0.3,1.0,1,16.72
flow_0.611,car,2,1,169356.094637,0.53,0.0,0,10.82
flow_0.612,car,2,1,165673.902162,0.76,0.0,0,11.17
flow_0.613,car,2,1,180802.235642,0.99,0.0,0,11.4
flow_0.614,car,2,1,322655.087476,0.22,54.0,1,71.07
flow_0.615,car,2,1,295379.116894,0.45,42.0,1,61.11
flow_0.616,car,2,1,276466.884803,0.68,33.0,1,49.71
flow_0.617,car,2,1,252314.264872,0.91,25.0,1,40.36
flow_0.618,car,2,1,218276.795523,0.14,13.0,1,28.43
flow_0.619,car,2,1,187917.637338,0.37,2.0,1,18.93
flow_0.620,car,2,1,163975.124207,0.6,0.0,0,11.73
flow_0.621,car,2,1,168104.718087,0.83,0.0,0,10.93
flow_0.622,car,2,1,167279.307071,0.06,0.0,0,10.52
flow_0.623,car,2,1,322945.661345,0.29,58.0,1,73.05
flow_0.624,car,2,1,303639.468425,0.52,45.0,1,62.28
flow_0.625,car,2,1,276934.803504,0.75,37.0,1,52.02
flow_0.626,car,2,1,253519.408903,0.98,28.0,1,42.72
flow_0.627,car,2,1,234631.188498,0.21,17.0,1,34.07
flow_0.628,car,2,1,213796.895265,0.44,7.0,1,22.66
flow_0.629,car,2,1,173774.806593,0.67,0.0,0,11.57
flow_0.630,car,2,1,167744.970709,0.9,0.0,0,12.37
flow_0.631,car,2,1,164400.360905,0.13,0.0,0,10.58
flow_0.632,car,2,1,334412.296141,0.36,59.0,1,74.05
flow_0.633,car,2,1,308854.181555,0.59,47.0,1,63.89
flow_0.634,car,2,1,283549.377715,0.82,39.0,1,53.91
flow_0.635,car,2,1,255591.389942,0.05,27.0,1,42.73
flow_0.636,car,2,1,210869.710809,0.28,17.0,1,30.16
flow_0.637,car,2,1,215099.262639,0.51,8.0,1,26.3
flow_0.638,car,2,1,174341.604205,0.74,0.0,0,12.9
flow_0.639,car,2,1,164420.148369,0.97,0.0,0,11.2
flow_0.640,car,2,1,163608.215264,0.2,0.0,0,10.24
flow_0.641,car,2,1,169313.863094,0.43,0.0,0,11.11
flow_0.642,car,2,1,312974.998526,0.66,51.0,1,65.64
flow_0.643,car,2,1,286981.407757,0.89,39.0,1,55.42
flow_0.644,car,2,1,252296.887307,0.12,28.0,1,43.29
flow_0.645,car,2,1,235459.863942,0.35,19.0,1,36.95
flow_0.646,car,2,1,219452.892213,0.58,9.0,1,26.04
flow_0.647,car,2,1,204898.748299,0.81,3.0,1,17.96
flow_0.648,car,2,1,175531.517347,0.04,0.0,0,9.95
flow_0.649,car,2,1,158780.64802,0.27,0.0,0,10.52
flow_0.650,car,2,1,174332.187194,0.5,0.0,0,11.23
flow_0.651,car,2,1,315611.544572,0.73,52.0,1,67.96
flow_0.652,car,2,1,274503.577912,0.96,39.0,1,55.06
flow_0.653,car,2,1,274359.858123,0.19,35.0,1,49.27
flow_0.654,car,2,1,244521.717071,0.42,24.0,1,39.63
flow_0.655,car,2,1,219749.889158,0.65,11.0,1,28.37
flow_0.656,car,2,1,204595.985175,0.88,3.0,1,19.24
flow_0.657,car,2,1,166446.486017,0.11,0.0,0,11.44
flow_0.658,car,2,1,155307.536277,0.34,0.0,0,10.64
flow_0.659,car,2,1,177437.232902,0.57,0.0,0,10.35
flow_0.660,car,2,1,324144.947756,0.8,54.0,1,70.01
flow_0.661,car,2,1,297475.981047,0.03,45.0,1,61.76
flow_0.662,car,2,1,252497.175498,0.26,32.0,1,47.65
flow_0.663,car,2,1,257341.669107,0.49,26.0,1,41.0
flow_0.664,car,2,1,208122.398763,0.72,12.0,1,28.08
flow_0.665,car,2,1,211384.509918,0.95,6.0,1,21.69
flow_0.666,car,2,1,174560.718854,0.18,0.0,0,10.47
flow_0.667,car,2,1,168861.432437,0.41,0.0,0,10.55
flow_0.668,car,2,1,175174.695113,0.64,0.0,0,11.63
flow_0.669,car,2,1,326336.028381,0.87,56.0,1,71.72
flow_0.670,car,2,1,307471.497082,0.1,45.0,1,62.94
flow_0.671,car,2,1,279651.824794,0.33,37.0,1,53.79
flow_0.672,car,2,1,257610.826622,0.56,28.0,1,42.63
flow_0.673,car,2,1,234334.310691,0.79,18.0,1,33.11
flow_0.674,car,2,1,196178.657275,0.02,6.0,1,22.58
flow_0.675,car,2,1,195386.342555,0.25,0.0,0,14.76
flow_0.676,car,2,1,164291.890426,0.48,0.0,0,11.12
flow_0.677,car,2,1,163629.326873,0.71,0.0,0,11.08
flow_0.678,car,2,1,290984.180424,0.94,52.0,1,68.48
flow_0.679,car,2,1,308250.17443,0.17,50.0,1,65.82
flow_0.680,car,2,1,267066.760029,0.4,37.0,1,52.36
flow_0.681,car,2,1,261807.374864,0.63,30.0,1,46.04
flow_0.682,car,2,1,238789.361531,0.86,18.0,1,34.86
flow_0.683,car,2,1,207917.767615,0.09,8.0,1,24.32
flow_0.684,car,2,1,184620.954683,0.32,0.0,0,13.55
flow_0.685,car,2,1,169713.946206,0.55,0.0,0,10.44
flow_0.686,car,2,1,167955.012178,0.78,0.0,0,11.49
flow_0.687,car,2,1,174330.402065,0.01,0.0,0,10.8
flow_0.688,car,2,1,312944.983497,0.24,50.0,1,66.72
flow_0.689,car,2,1,290948.661051,0.47,42.0,1,57.93
flow_0.690,car,2,1,269524.405998,0.7,32.0,1,46.99
flow_0.691,car,2,1,231715.759088,0.93,20.0,1,35.71
flow_0.692,car,2,1,216634.710357,0.16,11.0,1,26.25
flow_0.693,car,2,1,197580.023453,0.39,1.0,1,17.7
flow_0.694,car,2,1,175458.147514,0.62,0.0,0,12.47
flow_0.695,car,2,1,172525.840839,0.85,0.0,0,11.9
flow_0.696,car,2,1,171034.475229,0.08,0.0,0,12.36
flow_0.697,car,2,1,316196.08168,0.31,52.0,1,69.21
flow_0.698,car,2,1,293162.505002,0.54,44.0,1,60.02
flow_0.699,car,2,1,238457.170578,0.77,27.0,1,43.52
flow_0.700,car,2,1,247218.440324,0.0,25.0,1,40.12
flow_0.701,car,2,1,235733.87952,0.23,16.0,1,30.81
flow_0.702,car,2,1,202155.370257,0.46,3.0,1,20.65
flow_0.703,car,2,1,172932.643805,0.69,0.0,0,12.16
flow_0.704,car,2,1,169417.498181,0.92,0.0,0,9.59
flow_0.705,car,2,1,167001.496696,0.15,0.0,0,10.4
flow_0.706,car,2,1,324510.424784,0.38,55.0,1,71.04
flow_0.707,car,2,1,300443.398214,0.61,45.0,1,61.75
flow_0.708,car,2,1,275480.558685,0.84,35.0,1,50.2
flow_0.709,car,2,1,242458.495889,0.07,24.0,1,40.14
flow_0.710,car,2,1,239513.586991,0.3,18.0,1,32.45
flow_0.711,car,2,1,194741.060795,0.53,3.0,1,20.32
flow_0.712,car,2,1,159793.829363,0.76,0.0,0,11.12
flow_0.713,car,2,1,174454.629059,0.99,0.0,0,10.13
flow_0.714,car,2,1,174412.703424,0.22,0.0,0,10.44
flow_0.715,car,2,1,309771.52428,0.45,53.0,1,68.97
flow_0.716,car,2,1,302828.611328,0.68,46.0,1,63.12
flow_0.717,car,2,1,246868.71232,0.91,31.0,1,47.45
flow_0.718,car,2,1,252974.903642,0.14,28.0,1,44.36
flow_0.719,car,2,1,229599.369058,0.37,16.0,1,34.34
flow_0.720,car,2,1,213833.355568,0.6,5.0,1,23.8
flow_0.721,car,2,1,188353.76795,0.83,0.0,0,14.31
flow_0.722,car,2,1,167325.809108,0.06,0.0,0,10.97
flow_0.723,car,2,1,176084.551991,0.29,0.0,0,11.44
flow_0.724,car,2,1,330323.447369,0.52,58.0,1,74.55
flow_0.725,car,2,1,296737.000505,0.75,48.0,1,63.25
flow_0.726,car,2,1,285517.408166,0.98,38.0,1,54.84
flow_0.727,car,2,1,265617.181566,0.21,31.0,1,45.81
flow_0.728,car,2,1,225451.625799,0.44,18.0,1,32.45
flow_0.729,car,2,1,213232.224621,0.67,10.0,1,25.52
flow_0.730,car,2,1,188046.074237,0.9,0.0,0,15.36
flow_0.731,car,2,1,173250.023042,0.13,0.0,0,11.22
flow_0.732,car,2,1,174111.611022,0.36,0.0,0,11.46
flow_0.733,car,2,1,318901.347356,0.59,58.0,1,75.35
flow_0.734,car,2,1,313754.030803,0.82,49.0,1,67.52
flow_0.735,car,2,1,287313.664171,0.05,42.0,1,56.98
flow_0.736,car,2,1,265497.940437,0.28,30.0,1,47.47
flow_0.737,car,2,1,241564.191871,0.51,22.0,1,37.43
flow_0.738,car,2,1,222123.180879,0.74,11.0,1,27.67
flow_0.739,car,2,1,199303.739718,0.97,3.0,1,18.19
flow_0.740,car,2,1,165634.90381,0.2,0.0,0,10.46
flow_0.741,car,2,1,160487.45677,0.43,0.0,0,10.64
flow_0.742,car,2,1,164437.284248,0.66,0.0,0,10.08
flow_0.743,car,2,1,315282.595935,0.89,54.0,1,68.71
flow_0.744,car,2,1,287861.946211,0.12,42.0,1,57.6
flow_0.745,car,2,1,257924.703402,0.35,33.0,1,49.46
flow_0.746,car,2,1,243559.477663,0.58,23.0,1,40.12
flow_0.747,car,2,1,230332.412787,0.81,14.0,1,30.57
flow_0.748,car,2,1,192642.555159,0.04,3.0,1,20.27
flow_0.749,car,2,1,173320.544777,0.27,0.0,0,10.98
flow_0.750,car,2,1,169282.522545,0.5,0.0,0,10.91
flow_0.751,car,2,1,167699.552613,0.73,0.0,0,10.71
flow_0.752,car,2,1,327672.107757,0.96,55.0,1,71.77
flow_0.753,car,2,1,299595.673234,0.19,49.0,1,63.09
flow_0.754,car,2,1,276577.118871,0.42,34.0,1,50.86
flow_0.755,car,2,1,261846.580422,0.65,26.0,1,41.81
flow_0.756,car,2,1,231981.698383,0.88,17.0,1,32.21
flow_0.757,car,2,1,214901.081054,0.11,7.0,1,23.09
flow_0.758,car,2,1,164863.749634,0.34,0.0,0,10.81
flow_0.759,car,2,1,174224.898219,0.57,0.0,0,11.01
flow_0.760,car,2,1,173952.610609,0.8,0.0,0,11.37
flow_0.761,car,2,1,310003.69076,0.03,56.0,1,70.89
flow_0.762,car,2,1,310096.57639,0.26,47.0,1,65.06
flow_0.763,car,2,1,258960.01542,0.49,32.0,1,49.93
flow_0.764,car,2,1,256470.419749,0.72,27.0,1,44.18
flow_0.765,car,2,1,234179.031814,0.95,17.0,1,33.52
flow_0.766,car,2,1,221219.387182,0.18,9.0,1,26.04
flow_0.767,car,2,1,161305.820483,0.41,0.0,0,11.49
flow_0.768,car,2,1,165641.83806,0.64,0.0,0,11.56
flow_0.769,car,2,1,173313.574514,0.87,0.0,0,9.71
flow_0.770,car,2,1,331277.546771,0.1,59.0,1,75.37
flow_0.771,car,2,1,280485.669425,0.33,42.0,1,58.53
flow_0.772,car,2,1,274070.697572,0.56,37.0,1,52.87
flow_0.773,car,2,1,265790.817579,0.79,29.0,1,46.53
flow_0.774,car,2,1,201093.59186,0.02,12.0,1,28.75
flow_0.775,car,2,1,224163.029437,0.25,12.0,1,27.39
flow_0.776,car,2,1,192271.131539,0.48,0.0,0,15.5
flow_0.777,car,2,1,166996.958024,0.71,0.0,0,10.9
flow_0.778,car,2,1,176049.229487,0.94,0.0,0,10.01
flow_0.779,car,2,1,172950.237414,0.17,0.0,0,10.83
flow_0.780,car,2,1,314284.401549,0.4,50.0,1,67.63
flow_0.781,car,2,1,290421.145959,0.63,43.0,1,58.04
flow_0.782,car,2,1,262066.942705,0.86,32.0,1,47.45
flow_0.783,car,2,1,248713.575097,0.09,23.0,1,39.37
flow_0.784,car,2,1,215755.736866,0.32,11.0,1,27.69
flow_0.785,car,2,1,174665.324579,0.55,0.0,0,15.99
flow_0.786,car,2,1,172483.485269,0.78,0.0,0,11.48
flow_0.787,car,2,1,167397.250025,0.01,0.0,0,11.44
flow_0.788,car,2,1,168262.99423,0.24,0.0,0,10.45
flow_0.789,car,2,1,312384.059366,0.47,53.0,1,69.58
flow_0.790,car,2,1,296437.405012,0.7,44.0,1,59.75
flow_0.791,car,2,1,263717.318972,0.93,33.0,1,48.87
flow_0.792,car,2,1,236340.203758,0.16,21.0,1,37.62
flow_0.793,car,2,1,225833.598404,0.39,16.0,1,31.83
flow_0.794,car,2,1,210864.16204,0.62,4.0,1,21.84
flow_0.795,car,2,1,169734.083859,0.85,0.0,0,10.13
flow_0.796,car,2,1,169550.155715,0.08,0.0,0,10.83
flow_0.797,car,2,1,167660.024562,0.31,0.0,0,10.46
flow_0.798,car,2,1,313463.798942,0.54,53.0,1,69.22
flow_0.799,car,2,1,270465.189153,0.77,40.0,1,57.22
flow_0.800,car,2,1,278612.071658,0.0,38.0,1,53.73
flow_0.801,car,2,1,238737.844231,0.23,26.0,1,40.36
flow_0.802,car,2,1,237209.468968,0.46,18.0,1,33.13
flow_0.803,car,2,1,215123.485866,0.69,7.0,1,23.82
flow_0.804,car,2,1,182655.236898,0.92,0.0,0,10.84
flow_0.805,car,2,1,164598.30596,0.15,0.0,0,11.21
flow_0.806,car,2,1,170733.646176,0.38,0.0,0,10.28
flow_0.807,car,2,1,322872.652191,0.61,57.0,1,74.05
flow_0.808,car,2,1,291523.65866,0.84,46.0,1,62.59
flow_0.809,car,2,1,275774.069948,0.07,35.0,1,52.84
flow_0.810,car,2,1,259743.739599,0.3,27.0,1,45.32
flow_0.811,car,2,1,233679.2317,0.53,18.0,1,34.36
flow_0.812,car,2,1,217590.186672,0.76,9.0,1,24.66
flow_0.813,car,2,1,188991.487635,0.99,0.0,0,14.38
flow_0.814,car,2,1,168489.597745,0.22,0.0,0,11.05
flow_0.815,car,2,1,159890.806493,0.45,0.0,0,10.34
flow_0.816,car,2,1,300663.554874,0.68,56.0,1,71.09
flow_0.817,car,2,1,312967.135594,0.91,51.0,1,66.35
flow_0.818,car,2,1,289056.966071,0.14,42.0,1,56.54
flow_0.819,car,2,1,264304.666997,0.37,30.0,1,46.37
flow_0.820,car,2,1,247968.853228,0.6,22.0,1,36.97
flow_0.821,car,2,1,220112.854189,0.83,12.0,1,28.04
flow_0.822,car,2,1,199031.307847,0.06,1.0,1,18.2
flow_0.823,car,2,1,160985.267125,0.29,0.0,0,10.2
flow_0.824,car,2,1,166411.170368,0.52,0.0,0,11.07
flow_0.825,car,2,1,165080.665232,0.75,0.0,0,10.84
flow_0.826,car,2,1,316719.160183,0.98,51.0,1,68.01
flow_0.827,car,2,1,290109.956056,0.21,43.0,1,59.61
flow_0.828,car,2,1,281778.576574,0.44,35.0,1,49.48
flow_0.829,car,2,1,251647.208977,0.67,22.0,1,39.54
flow_0.830,car,2,1,193256.402967,0.9,7.0,1,22.57
flow_0.831,car,2,1,201349.799691,0.13,4.0,1,20.29
flow_0.832,car,2,1,168038.346597,0.36,0.0,0,12.27
flow_0.833,car,2,1,173129.521724,0.59,0.0,0,11.48
flow_0.834,car,2,1,304645.764249,0.82,58.0,1,71.7
flow_0.835,car,2,1,308278.596067,0.05,51.0,1,68.67
flow_0.836,car,2,1,289806.374258,0.28,43.0,1,60.17
flow_0.837,car,2,1,253416.63242,0.51,30.0,1,47.09
flow_0.838,car,2,1,255661.256127,0.74,26.0,1,41.28
flow_0.839,car,2,1,225309.496445,0.97,14.0,1,30.11
flow_0.840,car,2,1,205256.179435,0.2,5.0,1,21.6
flow_0.841,car,2,1,171922.089827,0.43,0.0,0,11.8
flow_0.842,car,2,1,171181.602457,0.66,0.0,0,10.54
flow_0.843,car,2,1,170573.877049,0.89,0.0,0,10.19
flow_0.844,car,2,1,327661.355274,0.12,57.0,1,72.56
flow_0.845,car,2,1,299294.315652,0.35,46.0,1,63.39
flow_0.846,car,2,1,265603.947244,0.58,35.0,1,48.61
flow_0.847,car,2,1,234462.744284,0.81,22.0,1,36.98
flow_0.848,car,2,1,230956.102983,0.04,17.0,1,31.56
flow_0.849,car,2,1,207330.021975,0.27,7.0,1,23.84
flow_0.850,car,2,1,183598.247382,0.5,0.0,0,12.74
flow_0.851,car,2,1,175365.214987,0.73,0.0,0,11.47
flow_0.852,car,2,1,160813.409113,0.96,0.0,0,9.68
flow_0.853,car,2,1,162723.124754,0.19,0.0,0,10.51
flow_0.854,car,2,1,299431.696828,0.42,48.0,1,64.97
flow_0.855,car,2,1,245788.559765,0.65,31.0,1,47.25
flow_0.856,car,2,1,237188.296237,0.88,27.0,1,41.88
flow_0.857,car,2,1,234984.722317,0.11,18.0,1,35.67
flow_0.858,car,2,1,204811.462029,0.34,7.0,1,23.71
flow_0.859,car,2,1,190698.339109,0.57,0.0,0,16.59
flow_0.860,car,2,1,159494.814629,0.8,0.0,0,11.05
flow_0.861,car,2,1,165012.192987,0.03,0.0,0,10.9
flow_0.862,car,2,1,168496.514203,0.26,0.0,0,11.2
flow_0.863,car,2,1,321397.820656,0.49,51.0,1,67.76
flow_0.864,car,2,1,294741.237167,0.72,42.0,1,58.34
flow_0.865,car,2,1,256086.860407,0.95,31.0,1,44.8
flow_1.0,bus,2,1,386936.728716,0.0,8.0,1,37.96
flow_1.1,bus,2,1,386533.143635,0.0,11.0,3,39.78
flow_1.2,bus,2,1,388705.147793,0.0,9.0,2,39.07
flow_1.3,bus,2,1,385729.348448,0.0,8.0,2,36.9
flow_1.4,bus,2,1,380103.41647,0.0,11.0,3,39.96
flow_1.5,bus,2,1,390699.968346,0.0,12.0,1,41.0
flow_1.6,bus,2,1,385559.913767,0.0,10.0,1,39.32
flow_1.7,bus,2,1,372641.589478,0.0,11.0,2,39.71
flow_1.8,bus,2,1,396974.741287,0.0,11.0,2,39.31
flow_1.9,bus,2,1,387107.07883,0.0,9.0,1,39.22
flow_1.10,bus,2,1,393930.357149,0.0,13.0,4,39.38
flow_1.11,bus,2,1,373131.592499,0.0,9.0,2,37.44
flow_0.0,car,3,1,242224.952847,0.0,23.0,1,38.91
flow_0.1,car,3,1,188150.741614,0.11,0.0,0,11.65
flow_0.2,car,3,1,171666.992098,0.22,0.0,0,9.81
flow_0.3,car,3,1,284415.093064,0.33,36.0,1,53.54
flow_0.4,car,3,1,200125.22392,0.44,6.0,1,23.61
flow_0.5,car,3,1,170843.77452,0.55,0.0,0,11.35
flow_0.6,car,3,1,304826.861122,0.66,51.0,1,66.18
flow_0.7,car,3,1,246277.54313,0.77,24.0,1,42.79
flow_0.8,car,3,1,182975.464469,0.88,0.0,0,14.63
flow_0.9,car,3,1,168882.831275,0.99,0.0,0,11.99
flow_0.10,car,3,1,290918.800997,0.1,45.0,1,60.31
flow_0.11,car,3,1,234040.092216,0.21,17.0,1,35.39
flow_0.12,car,3,1,166806.732996,0.32,0.0,0,10.43
flow_0.13,car,3,1,331183.59138,0.43,58.0,1,74.75
flow_0.14,car,3,1,267925.557979,0.54,33.0,1,48.56
flow_0.15,car,3,1,196330.555577,0.65,7.0,1,22.4
flow_0.16,car,3,1,163428.065177,0.76,0.0,0,11.19
flow_0.17,car,3,1,292965.594171,0.87,47.0,1,63.09
flow_0.18,car,3,1,245329.997884,0.98,24.0,1,40.61
flow_0.19,car,3,1,198013.394499,0.09,0.0,0,16.29
flow_0.20,car,3,1,168999.784688,0.2,0.0,0,11.94
flow_0.21,car,3,1,285796.702567,0.31,40.0,1,56.59
flow_0.22,car,3,1,209018.322426,0.42,11.0,1,27.89
flow_0.23,car,3,1,157125.577067,0.53,0.0,0,11.52
flow_0.24,car,3,1,303782.582243,0.64,53.0,1,68.05
flow_0.25,car,3,1,250821.536275,0.75,26.0,1,43.18
flow_0.26,car,3,1,200153.3096,0.86,4.0,1,20.82
flow_0.27,car,3,1,166391.731602,0.97,0.0,0,11.24
flow_0.28,car,3,1,289421.332265,0.08,45.0,1,59.39
flow_0.29,car,3,1,243697.161051,0.19,23.0,1,37.61
flow_0.30,car,3,1,163618.492999,0.3,0.0,0,11.03
flow_0.31,car,3,1,171653.102458,0.41,0.0,0,11.85
flow_0.32,car,3,1,276642.169502,0.52,38.0,1,52.45
flow_0.33,car,3,1,213180.270586,0.63,11.0,1,27.29
flow_0.34,car,3,1,173339.913931,0.74,0.0,0,11.87
flow_0.35,car,3,1,313316.937863,0.85,50.0,1,65.93
flow_0.36,car,3,1,255666.573722,0.96,24.0,1,41.94
flow_0.37,car,3,1,198423.39955,0.07,1.0,1,18.46
flow_0.38,car,3,1,158835.325667,0.18,0.0,0,11.44
flow_0.39,car,3,1,291064.202039,0.29,43.0,1,58.64
flow_0.40,car,3,1,228384.763432,0.4,14.0,1,31.34
flow_0.41,car,3,1,177388.121794,0.51,0.0,0,11.56
flow_0.42,car,3,1,329734.488612,0.62,57.0,1,73.73
flow_0.43,car,3,1,267969.867915,0.73,32.0,1,48.73
flow_0.44,car,3,1,223794.446874,0.84,9.0,1,23.6
flow_0.45,car,3,1,170671.915651,0.95,0.0,0,9.97
flow_0.46,car,3,1,293206.883238,0.06,46.0,1,62.76
flow_0.47,car,3,1,224923.86417,0.17,20.0,1,36.1
flow_0.48,car,3,1,161644.237412,0.28,0.0,0,10.03
flow_0.49,car,3,1,322200.516164,0.39,60.0,1,74.72
flow_0.50,car,3,1,291234.8475,0.5,38.0,1,53.99
flow_0.51,car,3,1,226396.625064,0.61,14.0,1,29.38
flow_0.52,car,3,1,169327.084221,0.72,0.0,0,10.62
flow_0.53,car,3,1,320730.333022,0.83,52.0,1,69.63
flow_0.54,car,3,1,256763.727957,0.94,27.0,1,44.69
flow_0.55,car,3,1,191439.165843,0.05,3.0,1,17.82
flow_0.56,car,3,1,169107.716556,0.16,0.0,0,10.58
flow_0.57,car,3,1,290830.809446,0.27,43.0,1,60.84
flow_0.58,car,3,1,233886.928834,0.38,17.0,1,35.37
flow_0.59,car,3,1,161796.388042,0.49,0.0,0,11.23
flow_0.60,car,3,1,171372.745622,0.6,0.0,0,10.73
flow_0.61,car,3,1,275702.381016,0.71,34.0,1,49.86
flow_0.62,car,3,1,215399.732528,0.82,9.0,1,24.43
flow_0.63,car,3,1,164717.874853,0.93,0.0,0,10.85
flow_0.64,car,3,1,300494.541551,0.04,48.0,1,63.81
flow_0.65,car,3,1,231928.768047,0.15,23.0,1,39.3
flow_0.66,car,3,1,195577.039997,0.26,0.0,0,15.58
flow_0.67,car,3,1,175540.747561,0.37,0.0,0,11.57
flow_0.68,car,3,1,281080.133046,0.48,38.0,1,55.79
flow_0.69,car,3,1,218308.667227,0.59,14.0,1,31.01
flow_0.70,car,3,1,169084.80046,0.7,0.0,0,12.1
flow_0.71,car,3,1,325014.023956,0.81,56.0,1,71.19
flow_0.72,car,3,1,253083.643259,0.92,27.0,1,45.59
flow_0.73,car,3,1,205483.171626,0.03,6.0,1,21.96
flow_0.74,car,3,1,172556.177664,0.14,0.0,0,9.97
flow_0.75,car,3,1,297091.856401,0.25,45.0,1,62.23
flow_0.76,car,3,1,242795.405047,0.36,21.0,1,38.15
flow_0.77,car,3,1,166466.896668,0.47,0.0,0,10.7
flow_0.78,car,3,1,172630.357157,0.58,0.0,0,11.07
flow_0.79,car,3,1,275542.932014,0.69,36.0,1,51.49
flow_0.80,car,3,1,219473.699478,0.8,12.0,1,27.95
flow_0.81,car,3,1,165594.081108,0.91,0.0,0,9.81
flow_0.82,car,3,1,314997.963279,0.02,53.0,1,68.66
flow_0.83,car,3,1,251392.699461,0.13,25.0,1,42.66
flow_0.84,car,3,1,199737.584742,0.24,1.0,1,17.87
flow_0.85,car,3,1,170365.713549,0.35,0.0,0,10.59
flow_0.86,car,3,1,292000.310155,0.46,42.0,1,58.53
flow_0.87,car,3,1,242007.120679,0.57,17.0,1,34.16
flow_0.88,car,3,1,172959.096138,0.68,0.0,0,10.56
flow_0.89,car,3,1,306647.230631,0.79,55.0,1,70.25
flow_0.90,car,3,1,245888.392387,0.9,27.0,1,43.75
flow_0.91,car,3,1,202970.577574,0.01,7.0,1,22.48
flow_0.92,car,3,1,169192.389317,0.12,0.0,0,12.14
flow_0.93,car,3,1,301360.866854,0.23,48.0,1,65.01
flow_0.94,car,3,1,253099.544854,0.34,23.0,1,39.07
flow_0.95,car,3,1,165636.554893,0.45,0.0,0,11.12
flow_0.96,car,3,1,168585.469611,0.56,0.0,0,9.81
flow_0.97,car,3,1,285069.857621,0.67,38.0,1,54.61
flow_0.98,car,3,1,224215.486466,0.78,13.0,1,28.95
flow_0.99,car,3,1,174692.900107,0.89,0.0,0,12.43
flow_0.100,car,3,1,316119.352397,0.0,53.0,1,69.17
flow_0.101,car,3,1,258328.848199,0.11,28.0,1,43.45
flow_0.102,car,3,1,187535.741266,0.22,2.0,1,17.37
flow_0.103,car,3,1,164947.483855,0.33,0.0,0,11.49
flow_0.104,car,3,1,292449.212604,0.44,41.0,1,60.01
flow_0.105,car,3,1,233850.064549,0.55,20.0,1,34.68
flow_0.106,car,3,1,166262.868768,0.66,0.0,0,10.19
flow_0.107,car,3,1,328890.530657,0.77,59.0,1,74.85
flow_0.108,car,3,1,263592.518361,0.88,33.0,1,49.05
flow_0.109,car,3,1,200272.851099,0.99,7.0,1,22.74
flow_0.110,car,3,1,170410.410463,0.1,0.0,0,10.57
flow_0.111,car,3,1,313659.19611,0.21,50.0,1,66.7
flow_0.112,car,3,1,256410.877134,0.32,26.0,1,41.93
flow_0.113,car,3,1,182201.955234,0.43,0.0,0,13.09
flow_0.114,car,3,1,168548.79277,0.54,0.0,0,10.38
flow_0.115,car,3,1,282901.771108,0.65,39.0,1,55.73
flow_0.116,car,3,1,229353.544231,0.76,12.0,1,30.91
flow_0.117,car,3,1,168733.197619,0.87,0.0,0,11.15
flow_0.118,car,3,1,312510.010553,0.98,54.0,1,69.13
flow_0.119,car,3,1,265373.454868,0.09,32.0,1,47.71
flow_0.120,car,3,1,206174.062052,0.2,5.0,1,22.09
flow_0.121,car,3,1,167249.667446,0.31,0.0,0,10.73
flow_0.122,car,3,1,304512.988943,0.42,48.0,1,62.12
flow_0.123,car,3,1,247326.436915,0.53,23.0,1,37.84
flow_0.124,car,3,1,175341.775655,0.64,0.0,0,10.87
flow_0.125,car,3,1,307103.413047,0.75,57.0,1,71.49
flow_0.126,car,3,1,280643.15892,0.86,36.0,1,52.19
flow_0.127,car,3,1,215325.692762,0.97,9.0,1,28.01
flow_0.128,car,3,1,166189.319681,0.08,0.0,0,11.29
flow_0.129,car,3,1,312357.204526,0.19,53.0,1,67.6
flow_0.130,car,3,1,262393.843563,0.3,27.0,1,42.92
flow_0.131,car,3,1,200639.629564,0.41,3.0,1,17.85
flow_0.132,car,3,1,173653.630851,0.52,0.0,0,11.6
flow_0.133,car,3,1,293320.889449,0.63,43.0,1,57.92
flow_0.134,car,3,1,231462.945032,0.74,18.0,1,33.98
flow_0.135,car,3,1,177063.777223,0.85,0.0,0,10.43
flow_0.136,car,3,1,320248.57154,0.96,56.0,1,71.89
flow_0.137,car,3,1,272721.997631,0.07,35.0,1,50.02
flow_0.138,car,3,1,225141.003548,0.18,10.0,1,24.54
flow_0.139,car,3,1,170496.494571,0.29,0.0,0,9.98
flow_0.140,car,3,1,304550.676855,0.4,48.0,1,64.46
flow_0.141,car,3,1,205468.52646,0.51,15.0,1,30.63
flow_0.142,car,3,1,187469.059361,0.62,0.0,0,14.11
flow_0.143,car,3,1,171362.629574,0.73,0.0,0,11.57
flow_0.144,car,3,1,280402.90336,0.84,37.0,1,54.03
flow_0.145,car,3,1,218804.775138,0.95,12.0,1,28.0
flow_0.146,car,3,1,171158.953344,0.06,0.0,0,11.63
flow_0.147,car,3,1,319564.381937,0.17,55.0,1,70.12
flow_0.148,car,3,1,255535.336161,0.28,28.0,1,45.89
flow_0.149,car,3,1,205930.658302,0.39,4.0,1,20.11
flow_0.150,car,3,1,161449.366141,0.5,0.0,0,11.33
flow_0.151,car,3,1,299394.73467,0.61,44.0,1,60.9
flow_0.152,car,3,1,245138.295236,0.72,20.0,1,35.98
flow_0.153,car,3,1,164488.061549,0.83,0.0,0,9.84
flow_0.154,car,3,1,167699.455771,0.94,0.0,0,10.2
flow_0.155,car,3,1,264541.78277,0.05,33.0,1,48.61
flow_0.156,car,3,1,220289.326803,0.16,9.0,1,26.04
flow_0.157,car,3,1,165330.786334,0.27,0.0,0,11.37
flow_0.158,car,3,1,305923.142426,0.38,50.0,1,65.94
flow_0.159,car,3,1,251013.985222,0.49,25.0,1,41.39
flow_0.160,car,3,1,196020.958485,0.6,0.0,0,16.46
flow_0.161,car,3,1,173673.23056,0.71,0.0,0,10.27
flow_0.162,car,3,1,272367.99693,0.82,38.0,1,53.48
flow_0.163,car,3,1,227951.782744,0.93,15.0,1,31.58
flow_0.164,car,3,1,167987.390638,0.04,0.0,0,11.26
flow_0.165,car,3,1,321269.437731,0.15,56.0,1,72.04
flow_0.166,car,3,1,258767.285292,0.26,28.0,1,46.73
flow_0.167,car,3,1,213759.741207,0.37,6.0,1,22.72
flow_0.168,car,3,1,160784.454619,0.48,0.0,0,11.13
flow_0.169,car,3,1,279301.139682,0.59,43.0,1,58.64
flow_0.170,car,3,1,249932.317712,0.7,24.0,1,37.55
flow_0.171,car,3,1,169074.544324,0.81,0.0,0,10.2
flow_0.172,car,3,1,169189.727868,0.92,0.0,0,10.29
flow_0.173,car,3,1,285335.750353,0.03,36.0,1,53.7
flow_0.174,car,3,1,225225.47193,0.14,12.0,1,28.12
flow_0.175,car,3,1,171004.652236,0.25,0.0,0,12.04
flow_0.176,car,3,1,322256.721489,0.36,53.0,1,68.66
flow_0.177,car,3,1,257311.432943,0.47,25.0,1,42.52
flow_0.178,car,3,1,205507.928798,0.58,2.0,1,18.04
flow_0.179,car,3,1,167733.270179,0.69,0.0,0,11.78
flow_0.180,car,3,1,290902.91601,0.8,39.0,1,58.21
flow_0.181,car,3,1,226256.339105,0.91,17.0,1,31.38
flow_0.182,car,3,1,172100.864267,0.02,0.0,0,10.66
flow_0.183,car,3,1,333807.496874,0.13,60.0,1,74.14
flow_0.184,car,3,1,244341.270773,0.24,31.0,1,45.83
flow_0.185,car,3,1,203737.137257,0.35,5.0,1,24.3
flow_0.186,car,3,1,173702.126304,0.46,0.0,0,11.16
flow_0.187,car,3,1,298118.78884,0.57,46.0,1,61.3
flow_0.188,car,3,1,230288.129353,0.68,21.0,1,37.25
flow_0.189,car,3,1,187115.463268,0.79,0.0,0,12.15
flow_0.190,car,3,1,172589.099897,0.9,0.0,0,11.03
flow_0.191,car,3,1,264372.308358,0.01,34.0,1,49.85
flow_0.192,car,3,1,232349.352547,0.12,16.0,1,30.75
flow_0.193,car,3,1,160118.95994,0.23,0.0,0,10.73
flow_0.194,car,3,1,321716.901069,0.34,54.0,1,70.77
flow_0.195,car,3,1,231913.907575,0.45,23.0,1,39.77
flow_0.196,car,3,1,194956.110825,0.56,2.0,1,18.89
flow_0.197,car,3,1,166191.920036,0.67,0.0,0,11.24
flow_0.198,car,3,1,301545.891026,0.78,45.0,1,60.14
flow_0.199,car,3,1,246007.240464,0.89,22.0,1,35.53
flow_0.200,car,3,1,168328.782532,0.0,0.0,0,11.52
flow_0.201,car,3,1,169311.678588,0.11,0.0,0,10.8
flow_0.202,car,3,1,277510.009975,0.22,35.0,1,51.56
flow_0.203,car,3,1,217663.231666,0.33,10.0,1,25.24
flow_0.204,car,3,1,170165.322356,0.44,0.0,0,9.64
flow_0.205,car,3,1,307330.474837,0.55,47.0,1,65.79
flow_0.206,car,3,1,254123.026719,0.66,24.0,1,40.6
flow_0.207,car,3,1,194922.602638,0.77,0.0,0,15.92
flow_0.208,car,3,1,172845.016961,0.88,0.0,0,10.18
flow_0.209,car,3,1,286110.688161,0.99,40.0,1,55.76
flow_0.210,car,3,1,208549.761017,0.1,11.0,1,26.7
flow_0.211,car,3,1,168902.207341,0.21,0.0,0,10.6
flow_0.212,car,3,1,319984.330842,0.32,54.0,1,72.33
flow_0.213,car,3,1,269487.618951,0.43,28.0,1,47.22
flow_0.214,car,3,1,209304.339204,0.54,5.0,1,21.7
flow_0.215,car,3,1,169320.115492,0.65,0.0,0,12.39
flow_0.216,car,3,1,297193.73759,0.76,46.0,1,61.76
flow_0.217,car,3,1,239873.912119,0.87,21.0,1,37.26
flow_0.218,car,3,1,160209.571245,0.98,0.0,0,10.44
flow_0.219,car,3,1,174741.650183,0.09,0.0,0,12.22
flow_0.220,car,3,1,280671.155482,0.2,38.0,1,53.6
flow_0.221,car,3,1,222938.496053,0.31,12.0,1,26.78
flow_0.222,car,3,1,166352.388621,0.42,0.0,0,9.79
flow_0.223,car,3,1,320821.066541,0.53,50.0,1,67.98
flow_0.224,car,3,1,254506.095168,0.64,27.0,1,42.55
flow_0.225,car,3,1,194152.411399,0.75,1.0,1,18.01
flow_0.226,car,3,1,172597.16292,0.86,0.0,0,10.08
flow_0.227,car,3,1,283338.598854,0.97,41.0,1,58.49
flow_0.228,car,3,1,233364.862257,0.08,17.0,1,33.16
flow_0.229,car,3,1,161582.758704,0.19,0.0,0,11.01
flow_0.230,car,3,1,315775.259767,0.3,56.0,1,72.91
flow_0.231,car,3,1,261101.978096,0.41,31.0,1,48.2
flow_0.232,car,3,1,214515.615059,0.52,7.0,1,24.6
flow_0.233,car,3,1,156216.431579,0.63,0.0,0,11.06
flow_0.234,car,3,1,309361.142991,0.74,51.0,1,64.48
flow_0.235,car,3,1,245636.264037,0.85,23.0,1,38.87
flow_0.236,car,3,1,168503.261825,0.96,0.0,0,11.05
flow_0.237,car,3,1,173421.725637,0.07,0.0,0,11.73
flow_0.238,car,3,1,275379.260259,0.18,36.0,1,53.48
flow_0.239,car,3,1,224476.801196,0.29,15.0,1,29.61
flow_0.240,car,3,1,169783.878236,0.4,0.0,0,9.96
flow_0.241,car,3,1,325324.638366,0.51,54.0,1,69.6
flow_0.242,car,3,1,265061.477064,0.62,28.0,1,44.54
flow_0.243,car,3,1,207744.392497,0.73,2.0,1,20.33
flow_0.244,car,3,1,161267.494983,0.84,0.0,0,10.02
flow_0.245,car,3,1,298888.377292,0.95,45.0,1,60.41
flow_0.246,car,3,1,234059.256503,0.06,19.0,1,35.43
flow_0.247,car,3,1,165288.083741,0.17,0.0,0,11.25
flow_0.248,car,3,1,178238.139909,0.28,0.0,0,10.8
flow_0.249,car,3,1,273283.264937,0.39,34.0,1,51.3
flow_0.250,car,3,1,198558.290412,0.5,7.0,1,22.88
flow_0.251,car,3,1,167980.154413,0.61,0.0,0,11.93
flow_0.252,car,3,1,304349.72611,0.72,51.0,1,66.36
flow_0.253,car,3,1,252137.956929,0.83,25.0,1,41.26
flow_0.254,car,3,1,163851.642815,0.94,0.0,0,12.73
flow_0.255,car,3,1,309284.030019,0.05,59.0,1,73.7
flow_0.256,car,3,1,293480.901806,0.16,42.0,1,58.08
flow_0.257,car,3,1,235336.920494,0.27,15.0,1,32.09
flow_0.258,car,3,1,174682.264046,0.38,0.0,0,10.54
flow_0.259,car,3,1,328543.355904,0.49,57.0,1,72.76
flow_0.260,car,3,1,265365.273125,0.6,29.0,1,46.28
flow_0.261,car,3,1,208322.269206,0.71,6.0,1,21.58
flow_0.262,car,3,1,165804.33002,0.82,0.0,0,11.04
flow_0.263,car,3,1,294616.387795,0.93,45.0,1,61.8
flow_0.264,car,3,1,247068.455029,0.04,23.0,1,38.59
flow_0.265,car,3,1,168219.975262,0.15,0.0,0,11.81
flow_0.266,car,3,1,319238.645319,0.26,59.0,1,74.08
flow_0.267,car,3,1,279169.2031,0.37,36.0,1,54.24
flow_0.268,car,3,1,225848.251824,0.48,13.0,1,28.68
flow_0.269,car,3,1,162856.294174,0.59,0.0,0,10.75
flow_0.270,car,3,1,317105.991162,0.7,52.0,1,68.42
flow_0.271,car,3,1,238374.674816,0.81,24.0,1,39.81
flow_0.272,car,3,1,200180.080343,0.92,3.0,1,18.23
flow_0.273,car,3,1,171326.199729,0.03,0.0,0,10.01
flow_0.274,car,3,1,290790.593715,0.14,42.0,1,58.46
flow_0.275,car,3,1,238427.391175,0.25,18.0,1,33.98
flow_0.276,car,3,1,165932.322311,0.36,0.0,0,9.96
flow_0.277,car,3,1,311926.409919,0.47,54.0,1,72.56
flow_0.278,car,3,1,269691.650826,0.58,33.0,1,48.96
flow_0.279,car,3,1,170351.31857,0.69,1.0,1,16.81
flow_0.280,car,3,1,174266.203528,0.8,0.0,0,11.18
flow_0.281,car,3,1,304153.623541,0.91,49.0,1,64.26
flow_0.282,car,3,1,230901.080965,0.02,20.0,1,37.72
flow_0.283,car,3,1,191345.484469,0.13,0.0,0,15.46
flow_0.284,car,3,1,163921.611867,0.24,0.0,0,10.39
flow_0.285,car,3,1,283474.489031,0.35,40.0,1,54.57
flow_0.286,car,3,1,230585.143157,0.46,14.0,1,29.97
flow_0.287,car,3,1,171574.556255,0.57,0.0,0,10.26
flow_0.288,car,3,1,322530.030567,0.68,56.0,1,70.91
flow_0.289,car,3,1,264230.764301,0.79,28.0,1,45.66
flow_0.290,car,3,1,197276.782181,0.9,2.0,1,20.13
flow_0.291,car,3,1,166634.006668,0.01,0.0,0,10.62
flow_0.292,car,3,1,299809.145785,0.12,44.0,1,61.04
flow_0.293,car,3,1,236524.52761,0.23,19.0,1,35.42
flow_0.294,car,3,1,164727.199511,0.34,0.0,0,11.14
flow_0.295,car,3,1,171777.586224,0.45,0.0,0,10.83
flow_0.296,car,3,1,260121.994859,0.56,33.0,1,50.0
flow_0.297,car,3,1,214006.366849,0.67,8.0,1,25.55
flow_0.298,car,3,1,177815.262505,0.78,0.0,0,11.81
flow_0.299,car,3,1,308563.665968,0.89,50.0,1,66.16
flow_0.300,car,3,1,254366.867687,0.0,25.0,1,41.28
flow_0.301,car,3,1,199848.282277,0.11,0.0,0,17.54
flow_0.302,car,3,1,173324.778031,0.22,0.0,0,11.09
flow_0.303,car,3,1,291418.438304,0.33,39.0,1,56.5
flow_0.304,car,3,1,240340.682676,0.44,16.0,1,31.92
flow_0.305,car,3,1,168487.106846,0.55,0.0,0,11.18
flow_0.306,car,3,1,327828.95918,0.66,56.0,1,72.72
flow_0.307,car,3,1,268260.236028,0.77,33.0,1,48.03
flow_0.308,car,3,1,213661.30972,0.88,7.0,1,22.93
flow_0.309,car,3,1,165152.035636,0.99,0.0,0,10.88
flow_0.310,car,3,1,304664.201008,0.1,47.0,1,63.9
flow_0.311,car,3,1,250926.678793,0.21,22.0,1,38.77
flow_0.312,car,3,1,170427.38033,0.32,0.0,0,12.04
flow_0.313,car,3,1,165503.830614,0.43,0.0,0,10.15
flow_0.314,car,3,1,290280.767005,0.54,39.0,1,53.61
flow_0.315,car,3,1,204557.486129,0.65,10.0,1,24.29
flow_0.316,car,3,1,165911.966019,0.76,0.0,0,11.49
flow_0.317,car,3,1,289195.036802,0.87,48.0,1,62.67
flow_0.318,car,3,1,245690.648713,0.98,27.0,1,41.76
flow_0.319,car,3,1,207299.307129,0.09,5.0,1,19.8
flow_0.320,car,3,1,164044.033456,0.2,0.0,0,10.93
flow_0.321,car,3,1,294967.875658,0.31,44.0,1,58.04
flow_0.322,car,3,1,235186.532629,0.42,18.0,1,34.15
flow_0.323,car,3,1,163208.818699,0.53,0.0,0,11.29
flow_0.324,car,3,1,326374.19793,0.64,58.0,1,73.03
flow_0.325,car,3,1,270875.007396,0.75,32.0,1,50.01
flow_0.326,car,3,1,221506.99512,0.86,8.0,1,24.68
flow_0.327,car,3,1,169600.680315,0.97,0.0,0,11.71
flow_0.328,car,3,1,308079.529707,0.08,50.0,1,65.6
flow_0.329,car,3,1,230172.014802,0.19,21.0,1,37.12
flow_0.330,car,3,1,194157.139584,0.3,0.0,0,15.36
flow_0.331,car,3,1,173566.866585,0.41,0.0,0,11.51
flow_0.332,car,3,1,276442.761374,0.52,37.0,1,53.7
flow_0.333,car,3,1,228954.380751,0.63,14.0,1,30.04
flow_0.334,car,3,1,171812.056909,0.74,0.0,0,11.29
flow_0.335,car,3,1,294270.693708,0.85,51.0,1,65.96
flow_0.336,car,3,1,266386.333136,0.96,29.0,1,45.07
flow_0.337,car,3,1,200857.621793,0.07,4.0,1,20.2
flow_0.338,car,3,1,173360.388127,0.18,0.0,0,10.31
flow_0.339,car,3,1,287108.695419,0.29,44.0,1,60.17
flow_0.340,car,3,1,244018.815956,0.4,20.0,1,36.59
flow_0.341,car,3,1,156873.541769,0.51,0.0,0,11.55
flow_0.342,car,3,1,174686.102512,0.62,0.0,0,10.92
flow_0.343,car,3,1,256782.741299,0.73,32.0,1,47.61
flow_0.344,car,3,1,219559.458902,0.84,10.0,1,26.57
flow_0.345,car,3,1,162183.934392,0.95,0.0,0,12.57
flow_0.346,car,3,1,310770.420872,0.06,51.0,1,66.73
flow_0.347,car,3,1,259518.311486,0.17,26.0,1,42.45
flow_0.348,car,3,1,199519.795003,0.28,2.0,1,17.18
flow_0.349,car,3,1,166892.593852,0.39,0.0,0,11.25
flow_0.350,car,3,1,284735.5253,0.5,40.0,1,56.52
flow_0.351,car,3,1,226714.172451,0.61,13.0,1,30.43
flow_0.352,car,3,1,168265.907096,0.72,0.0,0,10.43
flow_0.353,car,3,1,302885.845905,0.83,53.0,1,68.24
flow_0.354,car,3,1,265244.509863,0.94,32.0,1,46.24
flow_0.355,car,3,1,206532.336978,0.05,4.0,1,21.47
flow_0.356,car,3,1,172068.603092,0.16,0.0,0,10.25
flow_0.357,car,3,1,284317.90419,0.27,45.0,1,61.05
flow_0.358,car,3,1,243823.595158,0.38,20.0,1,38.59
flow_0.359,car,3,1,181411.486213,0.49,0.0,0,11.37
flow_0.360,car,3,1,167370.967229,0.6,0.0,0,10.47
flow_0.361,car,3,1,270815.031974,0.71,36.0,1,53.02
flow_0.362,car,3,1,226109.40744,0.82,13.0,1,29.09
flow_0.363,car,3,1,172141.919148,0.93,0.0,0,12.38
flow_0.364,car,3,1,316324.694194,0.04,54.0,1,69.43
flow_0.365,car,3,1,244838.066183,0.15,27.0,1,42.55
flow_0.366,car,3,1,210955.514893,0.26,2.0,1,18.77
flow_0.367,car,3,1,164068.500206,0.37,0.0,0,11.35
flow_0.368,car,3,1,285114.339529,0.48,41.0,1,56.27
flow_0.369,car,3,1,205419.02517,0.59,14.0,1,28.45
flow_0.370,car,3,1,166831.132651,0.7,0.0,0,10.05
flow_0.371,car,3,1,335759.969026,0.81,59.0,1,73.93
flow_0.372,car,3,1,263390.234132,0.92,33.0,1,47.42
flow_0.373,car,3,1,193581.193273,0.03,5.0,1,20.3
flow_0.374,car,3,1,158114.417688,0.14,0.0,0,10.48
flow_0.375,car,3,1,302100.102055,0.25,46.0,1,63.31
flow_0.376,car,3,1,228424.959093,0.36,20.0,1,35.58
flow_0.377,car,3,1,192529.803897,0.47,0.0,0,15.31
flow_0.378,car,3,1,164014.882133,0.58,0.0,0,11.25
flow_0.379,car,3,1,289733.810449,0.69,38.0,1,54.55
flow_0.380,car,3,1,207472.591815,0.8,10.0,1,27.19
flow_0.381,car,3,1,165267.372754,0.91,0.0,0,10.42
flow_0.382,car,3,1,306421.734548,0.02,53.0,1,69.0
flow_0.383,car,3,1,263512.04306,0.13,30.0,1,46.69
flow_0.384,car,3,1,199721.035058,0.24,5.0,1,21.59
flow_0.385,car,3,1,168499.45734,0.35,0.0,0,11.28
flow_0.386,car,3,1,295034.436734,0.46,43.0,1,61.56
flow_0.387,car,3,1,247337.305706,0.57,21.0,1,36.14
flow_0.388,car,3,1,166221.029861,0.68,0.0,0,9.92
flow_0.389,car,3,1,167440.541626,0.79,0.0,0,10.32
flow_0.390,car,3,1,275442.273457,0.9,36.0,1,51.59
flow_0.391,car,3,1,224753.480907,0.01,12.0,1,27.37
flow_0.392,car,3,1,170420.65221,0.12,0.0,0,11.08
flow_0.393,car,3,1,303002.792476,0.23,49.0,1,65.85
flow_0.394,car,3,1,256678.440313,0.34,24.0,1,43.0
flow_0.395,car,3,1,204363.732938,0.45,2.0,1,17.51
flow_0.396,car,3,1,165354.570506,0.56,0.0,0,10.34
flow_0.397,car,3,1,284024.719542,0.67,43.0,1,57.7
flow_0.398,car,3,1,223587.668827,0.78,15.0,1,31.66
flow_0.399,car,3,1,172322.08913,0.89,0.0,0,11.51
flow_0.400,car,3,1,305882.392574,0.0,55.0,1,69.8
flow_0.401,car,3,1,271257.197849,0.11,32.0,1,47.88
flow_0.402,car,3,1,211569.83259,0.22,7.0,1,22.73
flow_0.403,car,3,1,168218.269117,0.33,0.0,0,10.52
flow_0.404,car,3,1,305432.850882,0.44,45.0,1,62.97
flow_0.405,car,3,1,239324.334328,0.55,21.0,1,37.15
flow_0.406,car,3,1,160874.065574,0.66,0.0,0,11.64
flow_0.407,car,3,1,169584.502468,0.77,0.0,0,10.42
flow_0.408,car,3,1,282249.29869,0.88,37.0,1,53.23
flow_0.409,car,3,1,228536.18592,0.99,13.0,1,29.01
flow_0.410,car,3,1,165418.803564,0.1,0.0,0,10.19
flow_0.411,car,3,1,304960.589957,0.21,52.0,1,67.6
flow_0.412,car,3,1,266265.235917,0.32,30.0,1,44.47
flow_0.413,car,3,1,188654.131115,0.43,3.0,1,17.8
flow_0.414,car,3,1,180433.578209,0.54,0.0,0,11.29
flow_0.415,car,3,1,290462.230081,0.65,42.0,1,58.01
flow_0.416,car,3,1,237640.585253,0.76,18.0,1,34.34
flow_0.417,car,3,1,181188.5753,0.87,0.0,0,12.08
flow_0.418,car,3,1,315128.765668,0.98,53.0,1,70.66
flow_0.419,car,3,1,274144.988596,0.09,34.0,1,51.23
flow_0.420,car,3,1,216710.256786,0.2,9.0,1,25.32
flow_0.421,car,3,1,166949.648072,0.31,0.0,0,11.6
flow_0.422,car,3,1,306983.235539,0.42,50.0,1,65.58
flow_0.423,car,3,1,251686.689864,0.53,24.0,1,40.57
flow_0.424,car,3,1,161996.880557,0.64,0.0,0,11.48
flow_0.425,car,3,1,168353.172419,0.75,0.0,0,11.23
flow_0.426,car,3,1,287610.529728,0.86,39.0,1,55.93
flow_0.427,car,3,1,186750.688571,0.97,5.0,1,22.33
flow_0.428,car,3,1,172230.05996,0.08,0.0,0,10.53
flow_0.429,car,3,1,296000.140456,0.19,51.0,1,67.83
flow_0.430,car,3,1,266847.623092,0.3,31.0,1,46.65
flow_0.431,car,3,1,207624.789302,0.41,5.0,1,21.84
flow_0.432,car,3,1,170247.849449,0.52,0.0,0,12.19
flow_0.433,car,3,1,278882.66723,0.63,42.0,1,57.13
flow_0.434,car,3,1,228945.124489,0.74,19.0,1,34.93
flow_0.435,car,3,1,165793.068687,0.85,0.0,0,10.05
flow_0.436,car,3,1,163921.696182,0.96,0.0,0,9.38
flow_0.437,car,3,1,275070.833795,0.07,34.0,1,51.1
flow_0.438,car,3,1,210782.990482,0.18,11.0,1,26.71
flow_0.439,car,3,1,165487.310186,0.29,0.0,0,10.85
flow_0.440,car,3,1,293778.94846,0.4,47.0,1,63.48
flow_0.441,car,3,1,253163.297163,0.51,28.0,1,42.68
flow_0.442,car,3,1,193683.062873,0.62,1.0,1,17.4
flow_0.443,car,3,1,156869.746198,0.73,0.0,0,10.79
flow_0.444,car,3,1,284144.888629,0.84,41.0,1,56.9
flow_0.445,car,3,1,233330.209375,0.95,17.0,1,32.13
flow_0.446,car,3,1,170119.088692,0.06,0.0,0,12.25
flow_0.447,car,3,1,311292.989223,0.17,54.0,1,69.09
flow_0.448,car,3,1,271631.837304,0.28,31.0,1,47.76
flow_0.449,car,3,1,216776.405697,0.39,9.0,1,23.85
flow_0.450,car,3,1,163032.710072,0.5,0.0,0,11.44
flow_0.451,car,3,1,272429.181296,0.61,41.0,1,56.74
flow_0.452,car,3,1,241399.068107,0.72,23.0,1,38.59
flow_0.453,car,3,1,170132.914624,0.83,0.0,0,10.6
flow_0.454,car,3,1,173020.439495,0.94,0.0,0,11.0
flow_0.455,car,3,1,286214.08705,0.05,38.0,1,54.74
flow_0.456,car,3,1,228801.354761,0.16,14.0,1,27.93
flow_0.457,car,3,1,169967.355985,0.27,0.0,0,10.51
flow_0.458,car,3,1,314138.942703,0.38,52.0,1,68.17
flow_0.459,car,3,1,259734.317868,0.49,28.0,1,44.16
flow_0.460,car,3,1,208796.157671,0.6,5.0,1,19.7
flow_0.461,car,3,1,167405.00442,0.71,0.0,0,11.09
flow_0.462,car,3,1,293473.874896,0.82,44.0,1,59.56
flow_0.463,car,3,1,231523.044243,0.93,18.0,1,32.12
flow_0.464,car,3,1,167473.274675,0.04,0.0,0,11.27
flow_0.465,car,3,1,331975.482718,0.15,59.0,1,75.54
flow_0.466,car,3,1,278299.691948,0.26,33.0,1,49.58
flow_0.467,car,3,1,209054.653219,0.37,8.0,1,24.08
flow_0.468,car,3,1,166157.956123,0.48,0.0,0,11.06
flow_0.469,car,3,1,299652.686188,0.59,48.0,1,64.65
flow_0.470,car,3,1,231787.255949,0.7,21.0,1,36.24
flow_0.471,car,3,1,187894.270132,0.81,0.0,0,13.04
flow_0.472,car,3,1,165712.170868,0.92,0.0,0,11.53
flow_0.473,car,3,1,285847.654502,0.03,40.0,1,57.03
flow_0.474,car,3,1,233201.79784,0.14,16.0,1,30.95
flow_0.475,car,3,1,171097.073838,0.25,0.0,0,10.58
flow_0.476,car,3,1,316458.536613,0.36,53.0,1,70.0
flow_0.477,car,3,1,256643.61412,0.47,30.0,1,46.04
flow_0.478,car,3,1,213631.894708,0.58,5.0,1,21.31
flow_0.479,car,3,1,177927.603599,0.69,0.0,0,11.31
flow_0.480,car,3,1,303056.14668,0.8,46.0,1,61.7
flow_0.481,car,3,1,230469.94116,0.91,20.0,1,34.35
flow_0.482,car,3,1,171804.365722,0.02,0.0,0,10.2
flow_0.483,car,3,1,162334.608801,0.13,0.0,0,11.32
flow_0.484,car,3,1,274817.456745,0.24,36.0,1,53.02
flow_0.485,car,3,1,219093.3715,0.35,11.0,1,28.18
flow_0.486,car,3,1,163031.405595,0.46,0.0,0,9.38
flow_0.487,car,3,1,291351.930763,0.57,48.0,1,62.55
flow_0.488,car,3,1,248666.72196,0.68,25.0,1,41.95
flow_0.489,car,3,1,186430.643816,0.79,0.0,0,15.62
flow_0.490,car,3,1,165532.95925,0.9,0.0,0,10.33
flow_0.491,car,3,1,294070.129282,0.01,42.0,1,58.88
flow_0.492,car,3,1,230117.795072,0.12,18.0,1,32.98
flow_0.493,car,3,1,168712.312695,0.23,0.0,0,10.16
flow_0.494,car,3,1,314575.603918,0.34,55.0,1,70.84
flow_0.495,car,3,1,263532.762749,0.45,31.0,1,47.7
flow_0.496,car,3,1,211126.040849,0.56,7.0,1,23.39
flow_0.497,car,3,1,180257.260532,0.67,0.0,0,10.77
flow_0.498,car,3,1,299062.37815,0.78,49.0,1,63.2
flow_0.499,car,3,1,205583.072586,0.89,13.0,1,27.85
flow_0.500,car,3,1,191011.939752,0.0,0.0,0,13.25
flow_0.501,car,3,1,168644.487482,0.11,0.0,0,11.41
flow_0.502,car,3,1,283499.191135,0.22,38.0,1,54.82
flow_0.503,car,3,1,231145.067671,0.33,14.0,1,29.22
flow_0.504,car,3,1,174518.343161,0.44,0.0,0,10.29
flow_0.505,car,3,1,321126.677609,0.55,52.0,1,69.21
flow_0.506,car,3,1,250284.408343,0.66,26.0,1,41.58
flow_0.507,car,3,1,191567.84075,0.77,0.0,0,16.63
flow_0.508,car,3,1,168501.933704,0.88,0.0,0,10.84
flow_0.509,car,3,1,294861.091094,0.99,43.0,1,59.75
flow_0.510,car,3,1,233408.687469,0.1,20.0,1,35.76
flow_0.511,car,3,1,172352.752028,0.21,0.0,0,12.55
flow_0.512,car,3,1,326781.276919,0.32,59.0,1,75.21
flow_0.513,car,3,1,250149.982367,0.43,31.0,1,46.59
flow_0.514,car,3,1,209155.463654,0.54,9.0,1,25.17
flow_0.515,car,3,1,170543.331114,0.65,0.0,0,10.82
flow_0.516,car,3,1,313710.878824,0.76,48.0,1,65.06
flow_0.517,car,3,1,250745.671912,0.87,23.0,1,39.96
flow_0.518,car,3,1,192000.861853,0.98,0.0,0,13.71
flow_0.519,car,3,1,168864.446712,0.09,0.0,0,10.69
flow_0.520,car,3,1,285135.97483,0.2,39.0,1,55.19
flow_0.521,car,3,1,233553.610703,0.31,16.0,1,31.28
flow_0.522,car,3,1,169638.090737,0.42,0.0,0,11.28
flow_0.523,car,3,1,317395.805311,0.53,53.0,1,70.41
flow_0.524,car,3,1,271642.838462,0.64,31.0,1,46.04
flow_0.525,car,3,1,205503.035195,0.75,6.0,1,21.32
flow_0.526,car,3,1,166763.539421,0.86,0.0,0,10.62
flow_0.527,car,3,1,291932.297828,0.97,42.0,1,59.64
flow_0.528,car,3,1,218573.574322,0.08,17.0,1,32.84
flow_0.529,car,3,1,167864.260433,0.19,0.0,0,11.64
flow_0.530,car,3,1,169958.095854,0.3,0.0,0,10.47
flow_0.531,car,3,1,287579.509502,0.41,36.0,1,52.85
flow_0.532,car,3,1,222887.72358,0.52,11.0,1,27.83
flow_0.533,car,3,1,171957.215016,0.63,0.0,0,10.89
flow_0.534,car,3,1,292829.362318,0.74,47.0,1,64.75
flow_0.535,car,3,1,252210.535018,0.85,25.0,1,42.01
flow_0.536,car,3,1,193189.831735,0.96,0.0,0,16.32
flow_0.537,car,3,1,170184.235213,0.07,0.0,0,11.11
flow_0.538,car,3,1,295069.262417,0.18,42.0,1,58.04
flow_0.539,car,3,1,244234.046929,0.29,18.0,1,34.13
flow_0.540,car,3,1,170531.545998,0.4,0.0,0,12.12
flow_0.541,car,3,1,321523.576485,0.51,57.0,1,73.26
flow_0.542,car,3,1,253073.124686,0.62,29.0,1,45.05
flow_0.543,car,3,1,208064.553354,0.73,7.0,1,23.74
flow_0.544,car,3,1,162252.412265,0.84,0.0,0,11.73
flow_0.545,car,3,1,290438.560112,0.95,43.0,1,60.63
flow_0.546,car,3,1,256244.589272,0.06,25.0,1,39.74
flow_0.547,car,3,1,183356.440746,0.17,0.0,0,11.79
flow_0.548,car,3,1,167776.818401,0.28,0.0,0,10.65
flow_0.549,car,3,1,282058.280285,0.39,38.0,1,54.19
flow_0.550,car,3,1,211804.757091,0.5,10.0,1,27.59
flow_0.551,car,3,1,170535.492249,0.61,0.0,0,10.24
flow_0.552,car,3,1,312432.048429,0.72,52.0,1,67.14
flow_0.553,car,3,1,260529.734797,0.83,28.0,1,44.47
flow_0.554,car,3,1,205954.377258,0.94,2.0,1,19.09
flow_0.555,car,3,1,157529.466289,0.05,0.0,0,11.64
flow_0.556,car,3,1,289542.176496,0.16,44.0,1,59.77
flow_0.557,car,3,1,232243.043781,0.27,17.0,1,33.39
flow_0.558,car,3,1,172178.592685,0.38,0.0,0,12.23
flow_0.559,car,3,1,315787.880133,0.49,56.0,1,71.8
flow_0.560,car,3,1,253364.87379,0.6,32.0,1,47.03
flow_0.561,car,3,1,217420.010615,0.71,9.0,1,25.78
flow_0.562,car,3,1,169062.321623,0.82,0.0,0,10.55
flow_0.563,car,3,1,313860.997436,0.93,49.0,1,65.83
flow_0.564,car,3,1,244848.365906,0.04,22.0,1,40.03
flow_0.565,car,3,1,197903.591613,0.15,1.0,1,15.45
flow_0.566,car,3,1,167170.571939,0.26,0.0,0,9.97
flow_0.567,car,3,1,283312.305641,0.37,38.0,1,55.02
flow_0.568,car,3,1,230422.984453,0.48,15.0,1,30.63
flow_0.569,car,3,1,161003.469217,0.59,0.0,0,11.66
flow_0.570,car,3,1,318293.207938,0.7,53.0,1,70.29
flow_0.571,car,3,1,258056.29115,0.81,29.0,1,45.9
flow_0.572,car,3,1,200680.347111,0.92,4.0,1,19.21
flow_0.573,car,3,1,176698.843528,0.03,0.0,0,11.51
flow_0.574,car,3,1,301976.833955,0.14,47.0,1,62.27
flow_0.575,car,3,1,243095.554156,0.25,23.0,1,37.48
flow_0.576,car,3,1,169123.058993,0.36,0.0,0,11.42
flow_0.577,car,3,1,168534.783633,0.47,0.0,0,11.21
flow_0.578,car,3,1,268539.119938,0.58,33.0,1,50.31
flow_0.579,car,3,1,211751.807425,0.69,8.0,1,24.66
flow_0.580,car,3,1,164120.587107,0.8,0.0,0,10.87
flow_0.581,car,3,1,314533.969711,0.91,51.0,1,67.92
flow_0.582,car,3,1,255748.242873,0.02,29.0,1,43.78
flow_0.583,car,3,1,196876.481083,0.13,2.0,1,18.79
flow_0.584,car,3,1,171506.229388,0.24,0.0,0,11.28
flow_0.585,car,3,1,292105.516628,0.35,40.0,1,58.18
flow_0.586,car,3,1,228841.232125,0.46,17.0,1,32.31
flow_0.587,car,3,1,167829.630377,0.57,0.0,0,11.55
flow_0.588,car,3,1,326256.628643,0.68,59.0,1,73.77
flow_0.589,car,3,1,246736.334465,0.79,27.0,1,44.63
flow_0.590,car,3,1,206315.629016,0.9,7.0,1,22.57
flow_0.591,car,3,1,175060.606315,0.01,0.0,0,12.83
flow_0.592,car,3,1,309443.831381,0.12,47.0,1,64.08
flow_0.593,car,3,1,253841.191013,0.23,22.0,1,39.67
flow_0.594,car,3,1,160962.000807,0.34,0.0,0,11.36
flow_0.595,car,3,1,168337.489757,0.45,0.0,0,10.15
flow_0.596,car,3,1,271864.979778,0.56,36.0,1,53.01
flow_0.597,car,3,1,215068.696867,0.67,11.0,1,26.37
flow_0.598,car,3,1,171647.005902,0.78,0.0,0,11.17
flow_0.599,car,3,1,314543.866987,0.89,54.0,1,68.62
flow_0.600,car,3,1,262541.018449,0.0,29.0,1,45.34
flow_0.601,car,3,1,207345.332365,0.11,5.0,1,20.11
flow_0.602,car,3,1,169705.870193,0.22,0.0,0,10.95
flow_0.603,car,3,1,297796.283223,0.33,44.0,1,58.52
flow_0.604,car,3,1,245416.323632,0.44,20.0,1,35.99
flow_0.605,car,3,1,173414.541433,0.55,0.0,0,10.44
flow_0.606,car,3,1,165948.45644,0.66,0.0,0,9.68
flow_0.607,car,3,1,268315.328667,0.77,35.0,1,50.51
flow_0.608,car,3,1,214708.281942,0.88,8.0,1,25.27
flow_0.609,car,3,1,159103.231051,0.99,0.0,0,11.61
flow_0.610,car,3,1,308819.795834,0.1,50.0,1,66.5
flow_0.611,car,3,1,256572.547935,0.21,24.0,1,41.71
flow_0.612,car,3,1,195298.391738,0.32,0.0,0,17.12
flow_0.613,car,3,1,164200.090646,0.43,0.0,0,10.5
flow_0.614,car,3,1,290060.210013,0.54,40.0,1,56.74
flow_0.615,car,3,1,229729.809752,0.65,14.0,1,31.66
flow_0.616,car,3,1,165853.915597,0.76,0.0,0,10.93
flow_0.617,car,3,1,304437.607226,0.87,53.0,1,68.53
flow_0.618,car,3,1,249460.552559,0.98,29.0,1,43.55
flow_0.619,car,3,1,184483.381228,0.09,2.0,1,18.48
flow_0.620,car,3,1,175194.014986,0.2,0.0,0,11.99
flow_0.621,car,3,1,300566.200853,0.31,46.0,1,62.76
flow_0.622,car,3,1,244815.520329,0.42,23.0,1,37.8
flow_0.623,car,3,1,168005.23887,0.53,0.0,0,12.34
flow_0.624,car,3,1,174087.984315,0.64,0.0,0,11.14
flow_0.625,car,3,1,274626.127921,0.75,36.0,1,52.31
flow_0.626,car,3,1,225385.616562,0.86,11.0,1,27.34
flow_0.627,car,3,1,166070.954965,0.97,0.0,0,10.64
flow_0.628,car,3,1,314348.455648,0.08,53.0,1,67.79
flow_0.629,car,3,1,240969.750999,0.19,25.0,1,41.16
flow_0.630,car,3,1,194353.487795,0.3,2.0,1,18.72
flow_0.631,car,3,1,169560.736606,0.41,0.0,0,10.2
flow_0.632,car,3,1,283137.440878,0.52,41.0,1,56.96
flow_0.633,car,3,1,223309.324615,0.63,15.0,1,30.4
flow_0.634,car,3,1,158079.244863,0.74,0.0,0,11.12
flow_0.635,car,3,1,328493.892807,0.85,58.0,1,74.08
flow_0.636,car,3,1,260762.112966,0.96,32.0,1,46.88
flow_0.637,car,3,1,212018.47636,0.07,7.0,1,23.09
flow_0.638,car,3,1,159587.380887,0.18,0.0,0,10.97
flow_0.639,car,3,1,312425.059665,0.29,47.0,1,64.67
flow_0.640,car,3,1,243751.906902,0.4,24.0,1,38.64
flow_0.641,car,3,1,174570.447239,0.51,0.0,0,12.18
flow_0.642,car,3,1,165188.290661,0.62,0.0,0,10.96
flow_0.643,car,3,1,281584.070202,0.73,38.0,1,54.08
flow_0.644,car,3,1,223473.356269,0.84,13.0,1,29.12
flow_0.645,car,3,1,160549.457963,0.95,0.0,0,11.39
flow_0.646,car,3,1,317194.973746,0.06,55.0,1,69.99
flow_0.647,car,3,1,241958.053058,0.17,26.0,1,42.62
flow_0.648,car,3,1,173915.222579,0.28,0.0,0,14.86
flow_0.649,car,3,1,169240.124268,0.39,0.0,0,11.36
flow_0.650,car,3,1,299333.451755,0.5,44.0,1,60.87
flow_0.651,car,3,1,214790.624143,0.61,16.0,1,31.46
flow_0.652,car,3,1,164368.278062,0.72,0.0,0,10.91
flow_0.653,car,3,1,339540.010248,0.83,58.0,1,74.88
flow_0.654,car,3,1,273791.794571,0.94,34.0,1,49.93
flow_0.655,car,3,1,210874.240138,0.05,12.0,1,26.01
flow_0.656,car,3,1,167560.114204,0.16,0.0,0,11.15
flow_0.657,car,3,1,299072.253152,0.27,49.0,1,65.03
flow_0.658,car,3,1,258109.327863,0.38,27.0,1,42.29
flow_0.659,car,3,1,199718.07788,0.49,1.0,1,15.94
flow_0.660,car,3,1,166299.376017,0.6,0.0,0,10.05
flow_0.661,car,3,1,272301.590485,0.71,37.0,1,53.04
flow_0.662,car,3,1,233270.652441,0.82,14.0,1,30.46
flow_0.663,car,3,1,167243.498829,0.93,0.0,0,10.86
flow_0.664,car,3,1,325337.335011,0.04,56.0,1,72.7
flow_0.665,car,3,1,267302.45662,0.15,32.0,1,47.41
flow_0.666,car,3,1,218490.585803,0.26,7.0,1,22.83
flow_0.667,car,3,1,169285.692595,0.37,0.0,0,12.49
flow_0.668,car,3,1,294570.714376,0.48,45.0,1,61.92
flow_0.669,car,3,1,249165.31437,0.59,20.0,1,37.7
flow_0.670,car,3,1,163840.057005,0.7,0.0,0,10.43
flow_0.671,car,3,1,169228.841747,0.81,0.0,0,11.78
flow_0.672,car,3,1,271149.84367,0.92,36.0,1,51.26
flow_0.673,car,3,1,214230.022967,0.03,10.0,1,25.79
flow_0.674,car,3,1,170209.584469,0.14,0.0,0,10.33
flow_0.675,car,3,1,297789.121466,0.25,50.0,1,65.94
flow_0.676,car,3,1,257412.069579,0.36,27.0,1,43.61
flow_0.677,car,3,1,156180.225867,0.47,0.0,0,12.06
flow_0.678,car,3,1,161771.880083,0.58,0.0,0,11.16
flow_0.679,car,3,1,278394.493389,0.69,41.0,1,56.37
flow_0.680,car,3,1,236746.748746,0.8,17.0,1,33.03
flow_0.681,car,3,1,170237.421624,0.91,0.0,0,10.48
flow_0.682,car,3,1,309454.568377,0.02,54.0,1,72.31
flow_0.683,car,3,1,259229.959587,0.13,30.0,1,47.65
flow_0.684,car,3,1,217380.486223,0.24,8.0,1,24.72
flow_0.685,car,3,1,165460.856086,0.35,0.0,0,10.86
flow_0.686,car,3,1,297387.476767,0.46,47.0,1,63.76
flow_0.687,car,3,1,244407.193637,0.57,23.0,1,39.59
flow_0.688,car,3,1,180600.815111,0.68,0.0,0,11.52
flow_0.689,car,3,1,167800.4362,0.79,0.0,0,10.49
flow_0.690,car,3,1,274612.325005,0.9,37.0,1,53.32
flow_0.691,car,3,1,224110.084749,0.01,15.0,1,30.54
flow_0.692,car,3,1,170885.617998,0.12,0.0,0,11.47
flow_0.693,car,3,1,317496.57237,0.23,53.0,1,69.99
flow_0.694,car,3,1,261807.038261,0.34,29.0,1,44.03
flow_0.695,car,3,1,196057.504621,0.45,4.0,1,19.72
flow_0.696,car,3,1,174994.292895,0.56,0.0,0,10.96
flow_0.697,car,3,1,269291.911227,0.67,40.0,1,53.95
flow_0.698,car,3,1,237862.716982,0.78,21.0,1,35.21
flow_0.699,car,3,1,170633.642312,0.89,0.0,0,10.31
flow_0.700,car,3,1,176581.285281,0.0,0.0,0,10.35
flow_0.701,car,3,1,273772.421873,0.11,34.0,1,51.32
flow_0.702,car,3,1,213921.925876,0.22,9.0,1,25.78
flow_0.703,car,3,1,162867.402553,0.33,0.0,0,9.87
flow_0.704,car,3,1,304933.291248,0.44,49.0,1,65.46
flow_0.705,car,3,1,254606.532349,0.55,25.0,1,42.37
flow_0.706,car,3,1,190620.508614,0.66,0.0,0,16.25
flow_0.707,car,3,1,170334.938727,0.77,0.0,0,10.62
flow_0.708,car,3,1,284071.096572,0.88,41.0,1,55.94
flow_0.709,car,3,1,222223.439024,0.99,12.0,1,29.33
flow_0.710,car,3,1,160232.613242,0.1,0.0,0,11.39
flow_0.711,car,3,1,314722.553266,0.21,56.0,1,72.22
flow_0.712,car,3,1,264865.901825,0.32,30.0,1,46.57
flow_0.713,car,3,1,187333.660051,0.43,4.0,1,18.04
flow_0.714,car,3,1,171159.991716,0.54,0.0,0,11.29
flow_0.715,car,3,1,277361.918266,0.65,41.0,1,56.83
flow_0.716,car,3,1,240676.24822,0.76,21.0,1,37.03
flow_0.717,car,3,1,169308.935907,0.87,0.0,0,11.12
flow_0.718,car,3,1,158539.366077,0.98,0.0,0,11.02
flow_0.719,car,3,1,271788.656892,0.09,38.0,1,52.77
flow_0.720,car,3,1,227315.196021,0.2,11.0,1,28.19
flow_0.721,car,3,1,167483.840062,0.31,0.0,0,11.17
flow_0.722,car,3,1,319564.357729,0.42,50.0,1,67.45
flow_0.723,car,3,1,254073.239222,0.53,26.0,1,42.52
flow_0.724,car,3,1,185369.036106,0.64,0.0,0,16.55
flow_0.725,car,3,1,164017.012063,0.75,0.0,0,10.54
flow_0.726,car,3,1,291476.11033,0.86,44.0,1,57.83
flow_0.727,car,3,1,210931.640026,0.97,13.0,1,29.49
flow_0.728,car,3,1,165900.474813,0.08,0.0,0,10.34
flow_0.729,car,3,1,325322.932621,0.19,58.0,1,73.51
flow_0.730,car,3,1,269181.501759,0.3,33.0,1,49.08
flow_0.731,car,3,1,210534.962609,0.41,7.0,1,23.79
flow_0.732,car,3,1,166126.669996,0.52,0.0,0,11.35
flow_0.733,car,3,1,306949.507214,0.63,48.0,1,64.41
flow_0.734,car,3,1,243793.649682,0.74,22.0,1,36.99
flow_0.735,car,3,1,175976.922526,0.85,0.0,0,11.54
flow_0.736,car,3,1,161055.81756,0.96,0.0,0,10.38
flow_0.737,car,3,1,284747.295067,0.07,37.0,1,54.32
flow_0.738,car,3,1,233422.673349,0.18,14.0,1,30.65
flow_0.739,car,3,1,174398.717324,0.29,0.0,0,10.53
flow_0.740,car,3,1,304857.983381,0.4,52.0,1,67.39
flow_0.741,car,3,1,267386.613187,0.51,29.0,1,45.36
flow_0.742,car,3,1,203968.78139,0.62,6.0,1,20.4
flow_0.743,car,3,1,168295.194425,0.73,0.0,0,10.04
flow_0.744,car,3,1,284892.241932,0.84,41.0,1,59.08
flow_0.745,car,3,1,234726.166697,0.95,19.0,1,35.55
flow_0.746,car,3,1,177378.102137,0.06,0.0,0,12.62
flow_0.747,car,3,1,328200.388474,0.17,60.0,1,74.84
flow_0.748,car,3,1,279669.285874,0.28,35.0,1,51.56
flow_0.749,car,3,1,220044.646125,0.39,10.0,1,26.33
flow_0.750,car,3,1,168958.841744,0.5,0.0,0,11.02
flow_0.751,car,3,1,308633.446531,0.61,49.0,1,66.41
flow_0.752,car,3,1,251380.594263,0.72,26.0,1,41.4
flow_1.0,bus,3,1,386936.728716,0.0,8.0,1,37.96
flow_1.1,bus,3,1,391409.664277,0.0,11.0,3,39.39
flow_1.2,bus,3,1,387840.662637,0.0,10.0,3,39.67
flow_1.3,bus,3,1,380779.375212,0.0,8.0,1,38.07
flow_1.4,bus,3,1,377170.126972,0.0,8.0,2,36.4
flow_1.5,bus,3,1,381026.184699,0.0,10.0,2,39.07
flow_1.6,bus,3,1,392404.860433,0.0,15.0,3,40.17
flow_1.7,bus,3,1,384594.967111,0.0,12.0,1,40.52
flow_1.8,bus,3,1,383923.48403,0.0,9.0,1,37.92
flow_1.9,bus,3,1,400783.822266,0.0,9.0,2,38.82
flow_1.10,bus,3,1,392929.70666,0.0,10.0,1,39.65
flow_1.11,bus,3,1,384991.386715,0.0,8.0,2,38.89
flow_0.0,car,4,1,242224.952847,0.0,23.0,1,38.91
flow_0.1,car,4,1,339726.819778,0.0,58.0,1,75.27
flow_0.2,car,4,1,208944.927611,0.0,7.0,1,20.9
flow_0.3,car,4,1,292137.492914,0.0,41.0,1,56.52
flow_0.4,car,4,1,158734.778698,0.0,0.0,0,11.67
flow_0.5,car,4,1,253830.516885,0.0,24.0,1,40.15
flow_0.6,car,4,1,317670.257962,0.0,58.0,1,72.09
flow_0.7,car,4,1,198854.85969,0.0,4.0,1,19.3
flow_0.8,car,4,1,267844.946904,0.0,39.0,1,53.39
flow_0.9,car,4,1,173492.852292,0.0,0.0,0,11.77
flow_0.10,car,4,1,242761.230415,0.0,24.0,1,38.53
flow_0.11,car,4,1,333042.629743,0.0,60.0,1,75.82
flow_0.12,car,4,1,207116.439057,0.0,5.0,1,21.24
flow_0.13,car,4,1,285245.312594,0.0,40.0,1,57.08
flow_0.14,car,4,1,168399.332296,0.0,0.0,0,10.94
flow_0.15,car,4,1,226786.53162,0.0,21.0,1,36.0
flow_0.16,car,4,1,324554.764123,0.0,58.0,1,73.58
flow_0.17,car,4,1,191655.619278,0.0,2.0,1,18.97
flow_0.18,car,4,1,296073.884382,0.0,42.0,1,57.86
flow_0.19,car,4,1,178786.571348,0.0,0.0,0,11.59
flow_0.20,car,4,1,247270.451987,0.0,23.0,1,40.52
flow_0.21,car,4,1,331504.702349,0.0,59.0,1,75.75
flow_0.22,car,4,1,183272.324191,0.0,2.0,1,18.44
flow_0.23,car,4,1,264334.50723,0.0,37.0,1,52.23
flow_0.24,car,4,1,164366.41455,0.0,0.0,0,10.47
flow_0.25,car,4,1,232442.768502,0.0,20.0,1,36.55
flow_0.26,car,4,1,323550.632384,0.0,59.0,1,74.02
flow_0.27,car,4,1,210234.72435,0.0,5.0,1,21.8
flow_0.28,car,4,1,278537.642797,0.0,40.0,1,54.07
flow_0.29,car,4,1,165541.057506,0.0,0.0,0,11.18
flow_0.30,car,4,1,243705.472323,0.0,24.0,1,39.78
flow_0.31,car,4,1,326633.955151,0.0,59.0,1,74.63
flow_0.32,car,4,1,205799.697889,0.0,7.0,1,21.21
flow_0.33,car,4,1,287885.413865,0.0,42.0,1,57.31
flow_0.34,car,4,1,174455.464468,0.0,0.0,0,11.94
flow_0.35,car,4,1,246199.748531,0.0,21.0,1,38.01
flow_0.36,car,4,1,329035.324874,0.0,59.0,1,75.67
flow_0.37,car,4,1,210770.248424,0.0,6.0,1,21.79
flow_0.38,car,4,1,273394.416115,0.0,38.0,1,54.21
flow_0.39,car,4,1,164879.649575,0.0,0.0,0,10.01
flow_0.40,car,4,1,237800.723351,0.0,21.0,1,36.93
flow_0.41,car,4,1,340501.16988,0.0,59.0,1,75.86
flow_0.42,car,4,1,210301.149237,0.0,5.0,1,21.36
flow_0.43,car,4,1,290167.17421,0.0,41.0,1,57.46
flow_0.44,car,4,1,163343.080877,0.0,0.0,0,10.02
flow_0.45,car,4,1,248568.599945,0.0,24.0,1,39.28
flow_0.46,car,4,1,316463.377829,0.0,57.0,1,73.54
flow_0.47,car,4,1,184301.643933,0.0,4.0,1,18.16
flow_0.48,car,4,1,270596.314154,0.0,38.0,1,52.99
flow_0.49,car,4,1,162583.338235,0.0,0.0,0,10.85
flow_0.50,car,4,1,251496.28899,0.0,23.0,1,39.34
flow_0.51,car,4,1,164020.390398,0.0,0.0,0,9.94
flow_0.52,car,4,1,213944.384711,0.0,4.0,1,20.89
flow_0.53,car,4,1,288334.871787,0.0,41.0,1,57.54
flow_0.54,car,4,1,165438.924209,0.0,0.0,0,11.2
flow_0.55,car,4,1,252235.304915,0.0,24.0,1,39.07
flow_0.56,car,4,1,332744.969697,0.0,59.0,1,75.38
flow_0.57,car,4,1,202541.826925,0.0,5.0,1,19.9
flow_0.58,car,4,1,291093.755773,0.0,41.0,1,57.08
flow_0.59,car,4,1,167985.754772,0.0,0.0,0,11.88
flow_0.60,car,4,1,255455.370462,0.0,24.0,1,39.43
flow_0.61,car,4,1,330708.239176,0.0,58.0,1,74.62
flow_0.62,car,4,1,197172.874451,0.0,2.0,1,20.02
flow_0.63,car,4,1,266407.886272,0.0,37.0,1,53.98
flow_0.64,car,4,1,165370.846296,0.0,0.0,0,11.27
flow_0.65,car,4,1,235258.287739,0.0,22.0,1,37.27
flow_0.66,car,4,1,326963.457615,0.0,60.0,1,74.4
flow_0.67,car,4,1,209893.283847,0.0,5.0,1,21.57
flow_0.68,car,4,1,288468.970262,0.0,39.0,1,57.29
flow_0.69,car,4,1,167025.164634,0.0,0.0,0,12.03
flow_0.70,car,4,1,233930.074248,0.0,22.0,1,38.05
flow_0.71,car,4,1,327517.105197,0.0,59.0,1,74.46
flow_0.72,car,4,1,190749.923106,0.0,2.0,1,20.15
flow_0.73,car,4,1,287725.402022,0.0,39.0,1,55.98
flow_0.74,car,4,1,164403.033351,0.0,0.0,0,10.87
flow_0.75,car,4,1,240722.132466,0.0,22.0,1,38.63
flow_0.76,car,4,1,332510.814963,0.0,59.0,1,75.99
flow_0.77,car,4,1,201942.67426,0.0,6.0,1,22.28
flow_0.78,car,4,1,296804.107075,0.0,41.0,1,56.96
flow_0.79,car,4,1,171953.344268,0.0,0.0,0,11.97
flow_0.80,car,4,1,249413.696889,0.0,25.0,1,39.63
flow_0.81,car,4,1,171205.786179,0.0,0.0,0,9.95
flow_0.82,car,4,1,209950.649523,0.0,7.0,1,22.27
flow_0.83,car,4,1,286152.620583,0.0,39.0,1,57.1
flow_0.84,car,4,1,175668.884549,0.0,0.0,0,11.21
flow_0.85,car,4,1,250531.043844,0.0,23.0,1,38.89
flow_0.86,car,4,1,168918.135572,0.0,0.0,0,9.86
flow_0.87,car,4,1,208837.313092,0.0,5.0,1,21.9
flow_0.88,car,4,1,293559.636787,0.0,40.0,1,57.59
flow_0.89,car,4,1,161279.363996,0.0,0.0,0,11.71
flow_0.90,car,4,1,216803.562732,0.0,17.0,1,33.63
flow_0.91,car,4,1,317985.82106,0.0,56.0,1,73.17
flow_0.92,car,4,1,203073.775311,0.0,5.0,1,21.96
flow_0.93,car,4,1,290756.669102,0.0,43.0,1,57.28
flow_0.94,car,4,1,169832.66332,0.0,0.0,0,11.5
flow_0.95,car,4,1,238394.117703,0.0,19.0,1,36.88
flow_0.96,car,4,1,165558.934625,0.0,0.0,0,9.64
flow_0.97,car,4,1,209699.85232,0.0,4.0,1,21.48
flow_0.98,car,4,1,291958.435237,0.0,41.0,1,56.73
flow_0.99,car,4,1,168606.780558,0.0,0.0,0,12.54
flow_0.100,car,4,1,246072.655962,0.0,23.0,1,37.53
flow_0.101,car,4,1,314961.99563,0.0,56.0,1,72.54
flow_0.102,car,4,1,209942.537243,0.0,6.0,1,21.28
flow_0.103,car,4,1,289180.557018,0.0,39.0,1,56.6
flow_0.104,car,4,1,175262.061944,0.0,0.0,0,11.51
flow_0.105,car,4,1,252566.728228,0.0,21.0,1,39.36
flow_0.106,car,4,1,172617.935252,0.0,0.0,0,9.89
flow_0.107,car,4,1,201730.77426,0.0,4.0,1,19.81
flow_0.108,car,4,1,270039.426061,0.0,38.0,1,53.04
flow_0.109,car,4,1,174685.68419,0.0,0.0,0,11.22
flow_0.110,car,4,1,254964.844396,0.0,25.0,1,39.89
flow_0.111,car,4,1,331289.095699,0.0,59.0,1,75.95
flow_0.112,car,4,1,194975.768121,0.0,3.0,1,18.71
flow_0.113,car,4,1,293299.836161,0.0,40.0,1,58.28
flow_0.114,car,4,1,176332.510843,0.0,0.0,0,10.3
flow_0.115,car,4,1,244942.166709,0.0,21.0,1,38.36
flow_0.116,car,4,1,335154.357644,0.0,59.0,1,75.33
flow_0.117,car,4,1,192154.676886,0.0,2.0,1,19.11
flow_0.118,car,4,1,289982.003965,0.0,42.0,1,58.36
flow_0.119,car,4,1,176394.796806,0.0,0.0,0,10.6
flow_0.120,car,4,1,249821.236203,0.0,21.0,1,39.26
flow_0.121,car,4,1,327966.16801,0.0,58.0,1,76.1
flow_0.122,car,4,1,203216.971189,0.0,7.0,1,21.74
flow_0.123,car,4,1,289541.972533,0.0,42.0,1,56.78
flow_0.124,car,4,1,164251.663576,0.0,0.0,0,9.95
flow_0.125,car,4,1,254363.310865,0.0,25.0,1,39.83
flow_0.126,car,4,1,331444.181715,0.0,58.0,1,74.04
flow_0.127,car,4,1,212994.5809,0.0,4.0,1,21.19
flow_0.128,car,4,1,286481.237389,0.0,39.0,1,57.39
flow_0.129,car,4,1,172608.359559,0.0,0.0,0,12.1
flow_0.130,car,4,1,253269.981227,0.0,23.0,1,39.91
flow_0.131,car,4,1,161472.750075,0.0,0.0,0,9.84
flow_0.132,car,4,1,210219.637308,0.0,4.0,1,21.63
flow_0.133,car,4,1,283772.417889,0.0,41.0,1,57.92
flow_0.134,car,4,1,172197.15785,0.0,0.0,0,10.0
flow_0.135,car,4,1,252349.306428,0.0,24.0,1,39.46
flow_0.136,car,4,1,324213.449112,0.0,57.0,1,73.29
flow_0.137,car,4,1,206987.011336,0.0,5.0,1,21.29
flow_0.138,car,4,1,288663.439386,0.0,41.0,1,57.96
flow_0.139,car,4,1,166083.571777,0.0,0.0,0,11.66
flow_0.140,car,4,1,253477.352318,0.0,22.0,1,40.1
flow_0.141,car,4,1,294419.529931,0.0,53.0,1,66.4
flow_0.142,car,4,1,210421.466909,0.0,7.0,1,22.56
flow_0.143,car,4,1,272176.746717,0.0,37.0,1,53.51
flow_0.144,car,4,1,172733.504538,0.0,0.0,0,11.71
flow_0.145,car,4,1,240132.737188,0.0,24.0,1,38.65
flow_0.146,car,4,1,174575.278981,0.0,0.0,0,10.85
flow_0.147,car,4,1,204794.447538,0.0,6.0,1,20.48
flow_0.148,car,4,1,294767.22487,0.0,42.0,1,57.4
flow_0.149,car,4,1,170586.012326,0.0,0.0,0,10.66
flow_0.150,car,4,1,236841.413164,0.0,19.0,1,37.1
flow_0.151,car,4,1,338426.987132,0.0,60.0,1,76.04
flow_0.152,car,4,1,206988.56446,0.0,5.0,1,21.88
flow_0.153,car,4,1,285441.041108,0.0,41.0,1,56.85
flow_0.154,car,4,1,163988.723467,0.0,0.0,0,10.46
flow_0.155,car,4,1,253829.946862,0.0,22.0,1,39.57
flow_0.156,car,4,1,315533.639472,0.0,57.0,1,71.77
flow_0.157,car,4,1,210167.269734,0.0,5.0,1,21.55
flow_0.158,car,4,1,289426.853882,0.0,41.0,1,57.18
flow_0.159,car,4,1,158966.063632,0.0,0.0,0,10.84
flow_0.160,car,4,1,248301.90513,0.0,23.0,1,39.32
flow_0.161,car,4,1,317445.899344,0.0,56.0,1,73.34
flow_0.162,car,4,1,205272.948643,0.0,4.0,1,21.46
flow_0.163,car,4,1,283465.653683,0.0,40.0,1,57.84
flow_0.164,car,4,1,165613.581899,0.0,0.0,0,10.01
flow_0.165,car,4,1,239249.13265,0.0,22.0,1,37.79
flow_0.166,car,4,1,165684.427898,0.0,0.0,0,10.74
flow_0.167,car,4,1,188402.269076,0.0,3.0,1,18.7
flow_0.168,car,4,1,274821.652911,0.0,38.0,1,54.86
flow_0.169,car,4,1,174634.358996,0.0,0.0,0,10.15
flow_0.170,car,4,1,238264.49491,0.0,23.0,1,38.17
flow_0.171,car,4,1,315183.586749,0.0,57.0,1,72.87
flow_0.172,car,4,1,212738.146428,0.0,7.0,1,21.03
flow_0.173,car,4,1,294621.170772,0.0,42.0,1,57.48
flow_0.174,car,4,1,171722.742313,0.0,0.0,0,11.07
flow_0.175,car,4,1,251644.636361,0.0,22.0,1,39.06
flow_0.176,car,4,1,166267.049946,0.0,0.0,0,10.94
flow_0.177,car,4,1,201681.131222,0.0,4.0,1,21.3
flow_0.178,car,4,1,290549.113184,0.0,40.0,1,56.34
flow_0.179,car,4,1,170446.549118,0.0,0.0,0,11.3
flow_0.180,car,4,1,239814.340401,0.0,20.0,1,37.3
flow_0.181,car,4,1,322521.962443,0.0,57.0,1,72.23
flow_0.182,car,4,1,206799.055253,0.0,6.0,1,21.49
flow_0.183,car,4,1,271089.28995,0.0,39.0,1,54.62
flow_0.184,car,4,1,171473.021078,0.0,0.0,0,10.54
flow_0.185,car,4,1,241581.558981,0.0,21.0,1,38.74
flow_0.186,car,4,1,319073.342122,0.0,57.0,1,72.63
flow_0.187,car,4,1,199147.52946,0.0,5.0,1,19.51
flow_0.188,car,4,1,296918.436779,0.0,41.0,1,57.69
flow_0.189,car,4,1,167597.018835,0.0,0.0,0,11.16
flow_0.190,car,4,1,256421.272777,0.0,23.0,1,38.83
flow_0.191,car,4,1,307772.412626,0.0,56.0,1,71.23
flow_0.192,car,4,1,205517.19277,0.0,3.0,1,21.45
flow_0.193,car,4,1,268649.202533,0.0,39.0,1,53.71
flow_0.194,car,4,1,176233.25015,0.0,0.0,0,11.56
flow_0.195,car,4,1,219073.95331,0.0,18.0,1,34.16
flow_0.196,car,4,1,323188.898055,0.0,59.0,1,73.77
flow_0.197,car,4,1,186911.543728,0.0,1.0,1,17.51
flow_0.198,car,4,1,293975.150688,0.0,42.0,1,58.02
flow_0.199,car,4,1,166694.741995,0.0,0.0,0,10.71
flow_0.200,car,4,1,248059.832679,0.0,24.0,1,38.64
flow_0.201,car,4,1,167300.176975,0.0,0.0,0,9.93
flow_0.202,car,4,1,205433.274353,0.0,4.0,1,20.72
flow_0.203,car,4,1,288863.46373,0.0,41.0,1,56.11
flow_0.204,car,4,1,175643.121094,0.0,0.0,0,11.18
flow_0.205,car,4,1,251015.915436,0.0,24.0,1,39.56
flow_0.206,car,4,1,328562.52844,0.0,57.0,1,74.43
flow_0.207,car,4,1,211209.385932,0.0,6.0,1,21.19
flow_0.208,car,4,1,295287.671083,0.0,44.0,1,57.42
flow_0.209,car,4,1,156026.175588,0.0,0.0,0,10.59
flow_0.210,car,4,1,247752.291764,0.0,23.0,1,39.84
flow_0.211,car,4,1,330938.506152,0.0,58.0,1,75.01
flow_0.212,car,4,1,207003.997047,0.0,6.0,1,21.47
flow_0.213,car,4,1,286757.618377,0.0,40.0,1,58.12
flow_0.214,car,4,1,163629.227123,0.0,0.0,0,10.46
flow_0.215,car,4,1,251513.553075,0.0,22.0,1,38.63
flow_0.216,car,4,1,165692.361691,0.0,0.0,0,10.39
flow_0.217,car,4,1,182057.897223,0.0,1.0,1,16.52
flow_0.218,car,4,1,289551.303502,0.0,40.0,1,57.32
flow_0.219,car,4,1,173147.583769,0.0,0.0,0,11.86
flow_0.220,car,4,1,246346.497602,0.0,23.0,1,38.04
flow_0.221,car,4,1,169749.120699,0.0,0.0,0,9.79
flow_0.222,car,4,1,204194.132757,0.0,5.0,1,21.8
flow_0.223,car,4,1,291094.873478,0.0,41.0,1,57.68
flow_0.224,car,4,1,166529.321504,0.0,0.0,0,12.57
flow_0.225,car,4,1,247045.414766,0.0,22.0,1,39.07
flow_0.226,car,4,1,162795.80411,0.0,0.0,0,10.31
flow_0.227,car,4,1,200549.755772,0.0,2.0,1,21.34
flow_0.228,car,4,1,286804.946416,0.0,40.0,1,57.71
flow_0.229,car,4,1,164543.862837,0.0,0.0,0,11.15
flow_0.230,car,4,1,238932.546657,0.0,21.0,1,37.57
flow_0.231,car,4,1,329807.076594,0.0,59.0,1,75.63
flow_0.232,car,4,1,188162.576851,0.0,4.0,1,18.73
flow_0.233,car,4,1,283474.69629,0.0,40.0,1,57.18
flow_0.234,car,4,1,163819.866696,0.0,0.0,0,10.15
flow_0.235,car,4,1,241737.720653,0.0,21.0,1,37.58
flow_0.236,car,4,1,326711.020922,0.0,57.0,1,75.5
flow_0.237,car,4,1,200184.93532,0.0,5.0,1,20.0
flow_0.238,car,4,1,283904.98625,0.0,41.0,1,58.14
flow_0.239,car,4,1,168994.03636,0.0,0.0,0,11.14
flow_0.240,car,4,1,242349.701433,0.0,22.0,1,38.49
flow_0.241,car,4,1,323494.272305,0.0,58.0,1,74.91
flow_0.242,car,4,1,210096.049153,0.0,5.0,1,20.5
flow_0.243,car,4,1,289480.718081,0.0,41.0,1,57.77
flow_0.244,car,4,1,172056.206303,0.0,0.0,0,10.44
flow_0.245,car,4,1,239701.142921,0.0,22.0,1,38.56
flow_0.246,car,4,1,308741.222049,0.0,58.0,1,72.49
flow_0.247,car,4,1,202745.515667,0.0,3.0,1,20.67
flow_0.248,car,4,1,283154.4854,0.0,41.0,1,57.26
flow_0.249,car,4,1,160889.840047,0.0,0.0,0,10.98
flow_0.250,car,4,1,206155.410285,0.0,14.0,1,29.59
flow_0.251,car,4,1,172178.102729,0.0,0.0,0,9.7
flow_0.252,car,4,1,209966.733792,0.0,6.0,1,21.71
flow_0.253,car,4,1,272304.463417,0.0,37.0,1,52.49
flow_0.254,car,4,1,160551.1656,0.0,0.0,0,12.29
flow_0.255,car,4,1,254323.810586,0.0,23.0,1,39.88
flow_0.256,car,4,1,335537.850541,0.0,60.0,1,74.85
flow_0.257,car,4,1,200496.810632,0.0,4.0,1,20.83
flow_0.258,car,4,1,292674.952139,0.0,42.0,1,58.07
flow_0.259,car,4,1,163201.092373,0.0,0.0,0,10.48
flow_0.260,car,4,1,242937.301882,0.0,23.0,1,38.51
flow_0.261,car,4,1,322750.59807,0.0,57.0,1,73.21
flow_0.262,car,4,1,199346.280018,0.0,6.0,1,20.52
flow_0.263,car,4,1,290517.853998,0.0,43.0,1,58.06
flow_0.264,car,4,1,169004.731889,0.0,0.0,0,10.47
flow_0.265,car,4,1,223127.578162,0.0,18.0,1,34.71
flow_0.266,car,4,1,164248.790195,0.0,0.0,0,10.15
flow_0.267,car,4,1,204125.620837,0.0,4.0,1,21.19
flow_0.268,car,4,1,276445.291876,0.0,36.0,1,52.94
flow_0.269,car,4,1,168843.56746,0.0,0.0,0,11.71
flow_0.270,car,4,1,229070.120107,0.0,20.0,1,36.49
flow_0.271,car,4,1,166854.387976,0.0,0.0,0,10.35
flow_0.272,car,4,1,198997.935856,0.0,3.0,1,21.63
flow_0.273,car,4,1,286768.237666,0.0,40.0,1,55.85
flow_0.274,car,4,1,167878.012093,0.0,0.0,0,11.63
flow_0.275,car,4,1,250982.186931,0.0,25.0,1,39.97
flow_0.276,car,4,1,324062.481107,0.0,57.0,1,73.24
flow_0.277,car,4,1,205881.932168,0.0,3.0,1,21.31
flow_0.278,car,4,1,242616.128079,0.0,32.0,1,48.8
flow_0.279,car,4,1,166406.299164,0.0,0.0,0,11.62
flow_0.280,car,4,1,240721.509625,0.0,21.0,1,38.78
flow_0.281,car,4,1,322734.338101,0.0,59.0,1,72.2
flow_0.282,car,4,1,201553.653613,0.0,5.0,1,21.52
flow_0.283,car,4,1,290311.765582,0.0,41.0,1,57.59
flow_0.284,car,4,1,167440.994132,0.0,0.0,0,12.09
flow_0.285,car,4,1,241104.73095,0.0,23.0,1,37.31
flow_0.286,car,4,1,166779.956887,0.0,0.0,0,10.37
flow_0.287,car,4,1,212172.151703,0.0,5.0,1,21.87
flow_0.288,car,4,1,290230.918264,0.0,40.0,1,56.62
flow_0.289,car,4,1,170975.338583,0.0,0.0,0,12.81
flow_0.290,car,4,1,251036.703906,0.0,23.0,1,39.28
flow_0.291,car,4,1,324057.765826,0.0,57.0,1,74.08
flow_0.292,car,4,1,197679.424699,0.0,4.0,1,20.47
flow_0.293,car,4,1,291039.495935,0.0,40.0,1,57.25
flow_0.294,car,4,1,170328.243566,0.0,0.0,0,10.94
flow_0.295,car,4,1,234549.772599,0.0,22.0,1,36.89
flow_0.296,car,4,1,324323.615276,0.0,58.0,1,75.12
flow_0.297,car,4,1,207068.361185,0.0,5.0,1,21.54
flow_0.298,car,4,1,282610.635747,0.0,39.0,1,56.06
flow_0.299,car,4,1,165608.470841,0.0,0.0,0,11.01
flow_0.300,car,4,1,253549.482374,0.0,25.0,1,39.4
flow_0.301,car,4,1,325192.62346,0.0,60.0,1,74.62
flow_0.302,car,4,1,208683.745002,0.0,6.0,1,21.59
flow_0.303,car,4,1,275011.215977,0.0,38.0,1,53.59
flow_0.304,car,4,1,175028.656847,0.0,0.0,0,10.04
flow_0.305,car,4,1,245809.212511,0.0,23.0,1,38.97
flow_0.306,car,4,1,334565.148247,0.0,59.0,1,75.88
flow_0.307,car,4,1,210294.278521,0.0,9.0,1,22.35
flow_0.308,car,4,1,292244.095167,0.0,43.0,1,57.35
flow_0.309,car,4,1,172022.757976,0.0,0.0,0,11.39
flow_0.310,car,4,1,250521.990453,0.0,22.0,1,38.46
flow_0.311,car,4,1,162566.675923,0.0,0.0,0,9.92
flow_0.312,car,4,1,204260.074779,0.0,5.0,1,20.93
flow_0.313,car,4,1,290563.57053,0.0,41.0,1,56.74
flow_0.314,car,4,1,168471.146456,0.0,0.0,0,10.59
flow_0.315,car,4,1,225781.71665,0.0,19.0,1,35.51
flow_0.316,car,4,1,306954.126505,0.0,55.0,1,68.9
flow_0.317,car,4,1,193360.921278,0.0,3.0,1,19.75
flow_0.318,car,4,1,291481.620138,0.0,41.0,1,57.54
flow_0.319,car,4,1,166837.773858,0.0,0.0,0,10.92
flow_0.320,car,4,1,241352.982685,0.0,22.0,1,37.67
flow_0.321,car,4,1,178717.387005,0.0,0.0,0,10.87
flow_0.322,car,4,1,194781.984169,0.0,2.0,1,18.67
flow_0.323,car,4,1,275250.032728,0.0,38.0,1,55.99
flow_0.324,car,4,1,170618.202697,0.0,0.0,0,11.71
flow_0.325,car,4,1,250898.57461,0.0,23.0,1,39.11
flow_0.326,car,4,1,323463.108322,0.0,58.0,1,73.19
flow_0.327,car,4,1,212716.74114,0.0,6.0,1,22.62
flow_0.328,car,4,1,273794.115259,0.0,39.0,1,54.47
flow_0.329,car,4,1,161884.496855,0.0,0.0,0,9.67
flow_0.330,car,4,1,251788.044002,0.0,22.0,1,38.97
flow_0.331,car,4,1,321004.047263,0.0,56.0,1,73.54
flow_0.332,car,4,1,211178.320585,0.0,6.0,1,21.68
flow_0.333,car,4,1,293398.238871,0.0,42.0,1,57.26
flow_0.334,car,4,1,167194.366754,0.0,0.0,0,12.47
flow_0.335,car,4,1,250175.291822,0.0,23.0,1,39.52
flow_0.336,car,4,1,327706.885387,0.0,59.0,1,74.14
flow_0.337,car,4,1,199145.404684,0.0,3.0,1,20.39
flow_0.338,car,4,1,283431.258325,0.0,40.0,1,55.8
flow_0.339,car,4,1,169867.179946,0.0,0.0,0,11.38
flow_0.340,car,4,1,223464.463865,0.0,20.0,1,34.23
flow_0.341,car,4,1,327847.34835,0.0,59.0,1,75.47
flow_0.342,car,4,1,188417.580983,0.0,3.0,1,18.59
flow_0.343,car,4,1,293343.914304,0.0,42.0,1,56.39
flow_0.344,car,4,1,165358.210895,0.0,0.0,0,11.1
flow_0.345,car,4,1,244554.295434,0.0,21.0,1,37.57
flow_0.346,car,4,1,334843.170904,0.0,58.0,1,74.86
flow_0.347,car,4,1,205577.852692,0.0,5.0,1,20.73
flow_0.348,car,4,1,297754.255247,0.0,42.0,1,57.04
flow_0.349,car,4,1,168127.497696,0.0,0.0,0,11.09
flow_0.350,car,4,1,243856.355878,0.0,22.0,1,38.21
flow_0.351,car,4,1,315756.185782,0.0,55.0,1,71.2
flow_0.352,car,4,1,210012.284992,0.0,4.0,1,21.82
flow_0.353,car,4,1,278378.341743,0.0,41.0,1,55.75
flow_0.354,car,4,1,156186.015314,0.0,0.0,0,10.88
flow_0.355,car,4,1,237971.33142,0.0,21.0,1,36.58
flow_0.356,car,4,1,330538.044273,0.0,57.0,1,74.57
flow_0.357,car,4,1,206768.99353,0.0,5.0,1,22.26
flow_0.358,car,4,1,288651.323015,0.0,42.0,1,57.7
flow_0.359,car,4,1,174779.992057,0.0,0.0,0,12.37
flow_0.360,car,4,1,248175.328945,0.0,24.0,1,39.82
flow_0.361,car,4,1,333589.078569,0.0,60.0,1,75.77
flow_0.362,car,4,1,205421.947432,0.0,7.0,1,21.24
flow_0.363,car,4,1,279391.723578,0.0,39.0,1,55.95
flow_0.364,car,4,1,174742.666844,0.0,0.0,0,11.38
flow_0.365,car,4,1,227279.746407,0.0,21.0,1,36.1
flow_0.366,car,4,1,319734.862723,0.0,59.0,1,74.26
flow_0.367,car,4,1,178249.004424,0.0,0.0,0,14.75
flow_0.368,car,4,1,294571.91295,0.0,40.0,1,57.37
flow_0.369,car,4,1,169840.641938,0.0,0.0,0,10.49
flow_0.370,car,4,1,225845.694852,0.0,22.0,1,37.08
flow_0.371,car,4,1,308613.276295,0.0,55.0,1,70.52
flow_0.372,car,4,1,187696.179807,0.0,3.0,1,17.31
flow_0.373,car,4,1,283865.537711,0.0,40.0,1,56.29
flow_0.374,car,4,1,154884.084771,0.0,0.0,0,10.76
flow_0.375,car,4,1,249207.576179,0.0,25.0,1,39.72
flow_0.376,car,4,1,163606.208747,0.0,0.0,0,10.14
flow_0.377,car,4,1,206747.79311,0.0,4.0,1,21.3
flow_0.378,car,4,1,293928.110608,0.0,43.0,1,57.67
flow_0.379,car,4,1,157398.557649,0.0,0.0,0,11.38
flow_0.380,car,4,1,242000.417764,0.0,23.0,1,39.67
flow_0.381,car,4,1,312644.217546,0.0,57.0,1,73.11
flow_0.382,car,4,1,203796.438278,0.0,5.0,1,20.77
flow_0.383,car,4,1,292259.89472,0.0,41.0,1,56.74
flow_0.384,car,4,1,168288.76767,0.0,0.0,0,11.27
flow_0.385,car,4,1,247152.115668,0.0,24.0,1,39.82
flow_0.386,car,4,1,172501.49533,0.0,0.0,0,10.61
flow_0.387,car,4,1,212801.278079,0.0,7.0,1,21.58
flow_0.388,car,4,1,282017.735667,0.0,42.0,1,56.42
flow_0.389,car,4,1,168590.490852,0.0,0.0,0,10.31
flow_0.390,car,4,1,249719.633177,0.0,24.0,1,40.07
flow_0.391,car,4,1,334096.076595,0.0,58.0,1,75.98
flow_0.392,car,4,1,202876.628728,0.0,3.0,1,20.38
flow_0.393,car,4,1,291738.24259,0.0,42.0,1,56.62
flow_0.394,car,4,1,169774.641878,0.0,0.0,0,11.34
flow_0.395,car,4,1,248387.926529,0.0,24.0,1,39.15
flow_0.396,car,4,1,331472.247439,0.0,60.0,1,75.71
flow_0.397,car,4,1,202268.20549,0.0,6.0,1,19.88
flow_0.398,car,4,1,279531.245903,0.0,38.0,1,56.94
flow_0.399,car,4,1,160765.603637,0.0,0.0,0,11.39
flow_0.400,car,4,1,243191.191632,0.0,25.0,1,39.62
flow_0.401,car,4,1,333618.251479,0.0,58.0,1,75.81
flow_0.402,car,4,1,201136.691498,0.0,4.0,1,21.38
flow_0.403,car,4,1,285213.179184,0.0,40.0,1,55.81
flow_0.404,car,4,1,161909.973393,0.0,0.0,0,11.86
flow_0.405,car,4,1,252436.953858,0.0,23.0,1,38.86
flow_0.406,car,4,1,330908.926116,0.0,59.0,1,75.2
flow_0.407,car,4,1,203846.63326,0.0,6.0,1,21.96
flow_0.408,car,4,1,296008.801113,0.0,42.0,1,57.78
flow_0.409,car,4,1,171050.379514,0.0,0.0,0,11.38
flow_0.410,car,4,1,249946.657265,0.0,23.0,1,39.35
flow_0.411,car,4,1,322340.698803,0.0,59.0,1,73.7
flow_0.412,car,4,1,201981.404874,0.0,6.0,1,21.29
flow_0.413,car,4,1,279208.378229,0.0,39.0,1,56.64
flow_0.414,car,4,1,169558.889133,0.0,0.0,0,11.04
flow_0.415,car,4,1,246661.600038,0.0,22.0,1,39.21
flow_0.416,car,4,1,311026.133327,0.0,56.0,1,71.96
flow_0.417,car,4,1,210157.721356,0.0,5.0,1,22.08
flow_0.418,car,4,1,285770.859078,0.0,40.0,1,56.59
flow_0.419,car,4,1,171610.116756,0.0,0.0,0,12.04
flow_0.420,car,4,1,252635.488027,0.0,25.0,1,39.24
flow_0.421,car,4,1,159700.454216,0.0,0.0,0,9.05
flow_0.422,car,4,1,178495.842815,0.0,0.0,0,16.41
flow_0.423,car,4,1,293070.426734,0.0,41.0,1,57.01
flow_0.424,car,4,1,171753.796833,0.0,0.0,0,11.83
flow_0.425,car,4,1,214459.533383,0.0,18.0,1,31.96
flow_0.426,car,4,1,329904.889657,0.0,58.0,1,74.84
flow_0.427,car,4,1,193625.347867,0.0,2.0,1,18.55
flow_0.428,car,4,1,288750.735718,0.0,40.0,1,57.58
flow_0.429,car,4,1,163582.826639,0.0,0.0,0,9.9
flow_0.430,car,4,1,240784.80285,0.0,20.0,1,37.06
flow_0.431,car,4,1,312344.088554,0.0,57.0,1,72.02
flow_0.432,car,4,1,197941.20272,0.0,2.0,1,18.83
flow_0.433,car,4,1,285995.606895,0.0,40.0,1,56.94
flow_0.434,car,4,1,164358.986817,0.0,0.0,0,9.46
flow_0.435,car,4,1,237192.898537,0.0,24.0,1,38.99
flow_0.436,car,4,1,328000.377405,0.0,59.0,1,74.22
flow_0.437,car,4,1,205889.095245,0.0,4.0,1,20.58
flow_0.438,car,4,1,284772.475922,0.0,42.0,1,57.46
flow_0.439,car,4,1,162034.010905,0.0,0.0,0,10.17
flow_0.440,car,4,1,245005.207002,0.0,23.0,1,39.42
flow_0.441,car,4,1,174893.632954,0.0,0.0,0,10.79
flow_0.442,car,4,1,181864.089197,0.0,0.0,0,17.87
flow_0.443,car,4,1,290801.525349,0.0,42.0,1,56.09
flow_0.444,car,4,1,164686.4183,0.0,0.0,0,11.78
flow_0.445,car,4,1,226566.97514,0.0,22.0,1,36.03
flow_0.446,car,4,1,313697.236164,0.0,56.0,1,71.67
flow_0.447,car,4,1,206001.982087,0.0,3.0,1,21.51
flow_0.448,car,4,1,293439.635303,0.0,43.0,1,58.0
flow_0.449,car,4,1,158601.104258,0.0,0.0,0,10.35
flow_0.450,car,4,1,210964.745255,0.0,18.0,1,31.46
flow_0.451,car,4,1,317418.644971,0.0,58.0,1,73.24
flow_0.452,car,4,1,206386.825848,0.0,5.0,1,21.34
flow_0.453,car,4,1,291245.212626,0.0,41.0,1,57.39
flow_0.454,car,4,1,167521.8166,0.0,0.0,0,9.62
flow_0.455,car,4,1,248220.399045,0.0,24.0,1,40.35
flow_0.456,car,4,1,329663.415091,0.0,57.0,1,75.44
flow_0.457,car,4,1,207475.257135,0.0,4.0,1,20.48
flow_0.458,car,4,1,291214.306327,0.0,41.0,1,57.31
flow_0.459,car,4,1,162991.753832,0.0,0.0,0,11.15
flow_0.460,car,4,1,241749.934135,0.0,25.0,1,39.39
flow_0.461,car,4,1,324317.977213,0.0,58.0,1,73.18
flow_0.462,car,4,1,207082.869236,0.0,6.0,1,21.62
flow_0.463,car,4,1,288105.772019,0.0,42.0,1,57.77
flow_0.464,car,4,1,167138.588308,0.0,0.0,0,11.01
flow_0.465,car,4,1,240995.913442,0.0,23.0,1,37.27
flow_0.466,car,4,1,332422.029722,0.0,57.0,1,74.55
flow_0.467,car,4,1,205988.727355,0.0,3.0,1,21.08
flow_0.468,car,4,1,270057.853857,0.0,39.0,1,54.09
flow_0.469,car,4,1,157183.393486,0.0,0.0,0,12.16
flow_0.470,car,4,1,244473.954913,0.0,22.0,1,39.09
flow_0.471,car,4,1,335640.269956,0.0,58.0,1,75.03
flow_0.472,car,4,1,208283.980226,0.0,4.0,1,21.32
flow_0.473,car,4,1,288268.379021,0.0,42.0,1,57.16
flow_0.474,car,4,1,170422.65857,0.0,0.0,0,10.44
flow_0.475,car,4,1,249790.388887,0.0,25.0,1,40.04
flow_0.476,car,4,1,341072.118088,0.0,61.0,1,75.45
flow_0.477,car,4,1,206567.474015,0.0,5.0,1,20.81
flow_0.478,car,4,1,288907.572633,0.0,43.0,1,57.61
flow_0.479,car,4,1,168172.125398,0.0,0.0,0,11.99
flow_0.480,car,4,1,250314.200271,0.0,22.0,1,39.47
flow_0.481,car,4,1,324671.566004,0.0,58.0,1,74.53
flow_0.482,car,4,1,206783.373188,0.0,4.0,1,21.17
flow_0.483,car,4,1,294751.837595,0.0,40.0,1,57.2
flow_0.484,car,4,1,172435.525385,0.0,0.0,0,10.22
flow_0.485,car,4,1,227685.126822,0.0,19.0,1,34.47
flow_0.486,car,4,1,168240.013097,0.0,0.0,0,9.88
flow_0.487,car,4,1,198028.813283,0.0,3.0,1,19.67
flow_0.488,car,4,1,291071.209671,0.0,41.0,1,57.71
flow_0.489,car,4,1,170080.808077,0.0,0.0,0,10.11
flow_0.490,car,4,1,245130.370815,0.0,22.0,1,38.67
flow_0.491,car,4,1,316454.38098,0.0,58.0,1,73.33
flow_0.492,car,4,1,194878.295693,0.0,4.0,1,19.67
flow_0.493,car,4,1,286599.016365,0.0,41.0,1,56.37
flow_0.494,car,4,1,166607.084917,0.0,0.0,0,10.92
flow_0.495,car,4,1,249758.977193,0.0,21.0,1,39.26
flow_0.496,car,4,1,332551.557345,0.0,58.0,1,75.41
flow_0.497,car,4,1,160710.715734,0.0,0.0,0,11.1
flow_0.498,car,4,1,294338.759433,0.0,42.0,1,57.51
flow_0.499,car,4,1,171828.186662,0.0,0.0,0,11.13
flow_0.500,car,4,1,251058.224678,0.0,23.0,1,39.13
flow_0.501,car,4,1,331466.990019,0.0,59.0,1,75.04
flow_0.502,car,4,1,208387.414954,0.0,5.0,1,22.12
flow_0.503,car,4,1,285580.989082,0.0,42.0,1,57.37
flow_0.504,car,4,1,171896.550545,0.0,0.0,0,11.78
flow_0.505,car,4,1,230325.53418,0.0,20.0,1,37.14
flow_0.506,car,4,1,319174.692714,0.0,57.0,1,73.1
flow_0.507,car,4,1,209883.148339,0.0,5.0,1,21.12
flow_0.508,car,4,1,292214.042694,0.0,40.0,1,57.55
flow_0.509,car,4,1,174571.303372,0.0,0.0,0,10.94
flow_0.510,car,4,1,246849.792553,0.0,23.0,1,39.6
flow_0.511,car,4,1,308412.188092,0.0,57.0,1,72.06
flow_0.512,car,4,1,206313.763532,0.0,4.0,1,21.07
flow_0.513,car,4,1,286881.20708,0.0,41.0,1,56.24
flow_0.514,car,4,1,171813.282833,0.0,0.0,0,10.45
flow_0.515,car,4,1,256904.570199,0.0,23.0,1,38.66
flow_0.516,car,4,1,328486.147744,0.0,59.0,1,74.9
flow_0.517,car,4,1,210764.785599,0.0,5.0,1,21.8
flow_0.518,car,4,1,286364.193732,0.0,40.0,1,57.4
flow_0.519,car,4,1,162794.090675,0.0,0.0,0,9.5
flow_0.520,car,4,1,247542.271615,0.0,25.0,1,38.96
flow_0.521,car,4,1,323338.918748,0.0,55.0,1,74.39
flow_0.522,car,4,1,202145.879569,0.0,5.0,1,20.98
flow_0.523,car,4,1,294700.495205,0.0,40.0,1,57.02
flow_0.524,car,4,1,157442.547329,0.0,0.0,0,10.25
flow_0.525,car,4,1,236915.078817,0.0,21.0,1,37.59
flow_0.526,car,4,1,302930.752156,0.0,55.0,1,70.62
flow_0.527,car,4,1,196544.512892,0.0,3.0,1,19.35
flow_0.528,car,4,1,292771.565351,0.0,42.0,1,57.65
flow_0.529,car,4,1,166623.573832,0.0,0.0,0,11.2
flow_0.530,car,4,1,248967.783505,0.0,25.0,1,39.58
flow_0.531,car,4,1,333932.055349,0.0,58.0,1,75.46
flow_0.532,car,4,1,193663.282183,0.0,2.0,1,18.08
flow_0.533,car,4,1,289560.731389,0.0,39.0,1,57.86
flow_0.534,car,4,1,174614.464596,0.0,0.0,0,12.09
flow_0.535,car,4,1,242254.050067,0.0,21.0,1,38.38
flow_0.536,car,4,1,331009.964379,0.0,60.0,1,75.74
flow_0.537,car,4,1,203013.368674,0.0,4.0,1,21.33
flow_0.538,car,4,1,289474.983071,0.0,39.0,1,55.69
flow_0.539,car,4,1,165748.513139,0.0,0.0,0,12.05
flow_0.540,car,4,1,229599.75675,0.0,19.0,1,34.84
flow_0.541,car,4,1,179377.781661,0.0,0.0,0,10.48
flow_0.542,car,4,1,183208.157812,0.0,2.0,1,16.46
flow_0.543,car,4,1,272874.60275,0.0,38.0,1,53.97
flow_0.544,car,4,1,169928.880515,0.0,0.0,0,10.52
flow_0.545,car,4,1,249854.047857,0.0,23.0,1,39.56
flow_0.546,car,4,1,325737.569251,0.0,58.0,1,74.6
flow_0.547,car,4,1,207553.674344,0.0,6.0,1,21.22
flow_0.548,car,4,1,278028.015094,0.0,38.0,1,54.16
flow_0.549,car,4,1,168999.147261,0.0,0.0,0,11.06
flow_0.550,car,4,1,238347.505223,0.0,22.0,1,37.96
flow_0.551,car,4,1,329461.912957,0.0,59.0,1,75.86
flow_0.552,car,4,1,182239.292407,0.0,2.0,1,16.48
flow_0.553,car,4,1,288950.80384,0.0,40.0,1,57.24
flow_0.554,car,4,1,165757.669557,0.0,0.0,0,12.0
flow_0.555,car,4,1,244978.323921,0.0,23.0,1,39.06
flow_0.556,car,4,1,309186.047029,0.0,56.0,1,71.68
flow_0.557,car,4,1,189062.077086,0.0,2.0,1,17.86
flow_0.558,car,4,1,287433.040082,0.0,42.0,1,57.48
flow_0.559,car,4,1,166909.271603,0.0,0.0,0,11.72
flow_0.560,car,4,1,251259.800132,0.0,24.0,1,39.03
flow_0.561,car,4,1,314779.26788,0.0,59.0,1,73.83
flow_0.562,car,4,1,188453.493284,0.0,3.0,1,18.18
flow_0.563,car,4,1,281823.344574,0.0,39.0,1,56.87
flow_0.564,car,4,1,177034.462945,0.0,0.0,0,10.63
flow_0.565,car,4,1,246599.32673,0.0,22.0,1,38.11
flow_0.566,car,4,1,332361.617391,0.0,59.0,1,75.23
flow_0.567,car,4,1,195803.134919,0.0,3.0,1,20.19
flow_0.568,car,4,1,284101.278724,0.0,41.0,1,56.39
flow_0.569,car,4,1,169764.187815,0.0,0.0,0,11.54
flow_0.570,car,4,1,239984.616497,0.0,22.0,1,37.88
flow_0.571,car,4,1,331675.941017,0.0,60.0,1,75.63
flow_0.572,car,4,1,209102.823508,0.0,5.0,1,21.74
flow_0.573,car,4,1,292443.026407,0.0,40.0,1,56.78
flow_0.574,car,4,1,172493.444178,0.0,0.0,0,11.21
flow_0.575,car,4,1,246146.989058,0.0,23.0,1,39.3
flow_0.576,car,4,1,318511.690045,0.0,57.0,1,74.05
flow_0.577,car,4,1,191900.582746,0.0,3.0,1,20.28
flow_0.578,car,4,1,286745.458888,0.0,40.0,1,57.52
flow_0.579,car,4,1,166065.064735,0.0,0.0,0,11.6
flow_0.580,car,4,1,248205.926635,0.0,24.0,1,39.35
flow_0.581,car,4,1,331929.512569,0.0,60.0,1,75.97
flow_0.582,car,4,1,201231.7035,0.0,5.0,1,21.39
flow_0.583,car,4,1,290280.94269,0.0,41.0,1,57.73
flow_0.584,car,4,1,173888.288331,0.0,0.0,0,11.02
flow_0.585,car,4,1,237679.621323,0.0,21.0,1,37.59
flow_0.586,car,4,1,332416.665837,0.0,59.0,1,75.17
flow_0.587,car,4,1,190131.247292,0.0,3.0,1,17.62
flow_0.588,car,4,1,293175.230007,0.0,41.0,1,57.94
flow_0.589,car,4,1,169483.339966,0.0,0.0,0,10.86
flow_0.590,car,4,1,245984.537952,0.0,22.0,1,39.36
flow_0.591,car,4,1,332517.860692,0.0,58.0,1,75.06
flow_0.592,car,4,1,193738.495622,0.0,2.0,1,18.51
flow_0.593,car,4,1,277151.522273,0.0,39.0,1,54.66
flow_0.594,car,4,1,171640.265026,0.0,0.0,0,10.73
flow_0.595,car,4,1,234823.021657,0.0,23.0,1,37.76
flow_0.596,car,4,1,327634.165999,0.0,59.0,1,73.29
flow_0.597,car,4,1,208130.126138,0.0,6.0,1,21.27
flow_0.598,car,4,1,289848.65698,0.0,40.0,1,58.11
flow_0.599,car,4,1,168983.074114,0.0,0.0,0,9.91
flow_1.0,bus,4,1,386936.728716,0.0,8.0,1,37.96
flow_1.1,bus,4,1,387727.387056,0.0,12.0,4,41.08
flow_1.2,bus,4,1,388955.850974,0.0,9.0,3,39.87
flow_1.3,bus,4,1,382768.09654,0.0,8.0,2,38.17
flow_1.4,bus,4,1,381155.77004,0.0,11.0,3,39.56
flow_1.5,bus,4,1,396072.078004,0.0,11.0,1,39.51
flow_1.6,bus,4,1,389630.210729,0.0,11.0,2,37.39
flow_1.7,bus,4,1,376664.380337,0.0,10.0,1,38.6
flow_1.8,bus,4,1,385097.944496,0.0,11.0,2,36.99
flow_1.9,bus,4,1,391915.0093,0.0,11.0,2,40.37
flow_1.10,bus,4,1,385536.554571,0.0,12.0,2,40.5
flow_1.11,bus,4,1,383592.585173,0.0,9.0,2,38.17
flow_0.0,car,5,1,242224.952847,0.0,23.0,1,38.91
flow_0.1,car,5,1,227142.888889,0.14,9.0,1,26.0
flow_0.2,car,5,1,188132.099258,0.28,0.0,0,11.52
flow_0.3,car,5,1,174590.230679,0.42,0.0,0,9.91
flow_0.4,car,5,1,310227.683335,0.56,55.0,1,71.94
flow_0.5,car,5,1,306882.629911,0.7,48.0,1,64.68
flow_0.6,car,5,1,254484.722278,0.84,32.0,1,47.67
flow_0.7,car,5,1,232343.495282,0.98,20.0,1,36.61
flow_0.8,car,5,1,193390.530704,0.12,7.0,1,22.08
flow_0.9,car,5,1,175342.887446,0.26,0.0,0,11.95
flow_0.10,car,5,1,163350.649892,0.4,0.0,0,10.55
flow_0.11,car,5,1,170339.210358,0.54,0.0,0,11.61
flow_0.12,car,5,1,309736.546952,0.68,48.0,1,64.17
flow_0.13,car,5,1,275422.908238,0.82,34.0,1,51.25
flow_0.14,car,5,1,239118.205733,0.96,22.0,1,36.81
flow_0.15,car,5,1,197071.506892,0.1,8.0,1,22.96
flow_0.16,car,5,1,166119.620116,0.24,0.0,0,11.45
flow_0.17,car,5,1,166266.617906,0.38,0.0,0,11.89
flow_0.18,car,5,1,171379.651772,0.52,0.0,0,10.82
flow_0.19,car,5,1,311784.49027,0.66,48.0,1,64.79
flow_0.20,car,5,1,272360.80559,0.8,35.0,1,51.56
flow_0.21,car,5,1,245245.970927,0.94,22.0,1,37.79
flow_0.22,car,5,1,198184.94756,0.08,7.0,1,23.17
flow_0.23,car,5,1,158948.673639,0.22,0.0,0,11.36
flow_0.24,car,5,1,159644.1491,0.36,0.0,0,10.67
flow_0.25,car,5,1,322912.808618,0.5,58.0,1,74.82
flow_0.26,car,5,1,296805.364607,0.64,46.0,1,63.47
flow_0.27,car,5,1,275701.638037,0.78,35.0,1,52.41
flow_0.28,car,5,1,235598.48912,0.92,19.0,1,35.41
flow_0.29,car,5,1,214199.071056,0.06,9.0,1,26.46
flow_0.30,car,5,1,172340.957293,0.2,0.0,0,11.56
flow_0.31,car,5,1,174272.396506,0.34,0.0,0,11.97
flow_0.32,car,5,1,163059.851772,0.48,0.0,0,9.24
flow_0.33,car,5,1,301455.233796,0.62,50.0,1,64.39
flow_0.34,car,5,1,274263.171337,0.76,34.0,1,50.78
flow_0.35,car,5,1,245151.590996,0.9,21.0,1,36.98
flow_0.36,car,5,1,218903.367031,0.04,9.0,1,26.05
flow_0.37,car,5,1,178576.237091,0.18,0.0,0,11.07
flow_0.38,car,5,1,172525.81232,0.32,0.0,0,10.37
flow_0.39,car,5,1,328823.370125,0.46,59.0,1,76.33
flow_0.40,car,5,1,310981.975647,0.6,48.0,1,64.02
flow_0.41,car,5,1,273879.849129,0.74,35.0,1,51.76
flow_0.42,car,5,1,244820.899919,0.88,23.0,1,38.04
flow_0.43,car,5,1,214214.212156,0.02,11.0,1,26.4
flow_0.44,car,5,1,189628.361502,0.16,0.0,0,11.99
flow_0.45,car,5,1,173902.317607,0.3,0.0,0,11.93
flow_0.46,car,5,1,318349.231087,0.44,57.0,1,73.92
flow_0.47,car,5,1,282214.255219,0.58,47.0,1,60.72
flow_0.48,car,5,1,251545.944144,0.72,31.0,1,47.3
flow_0.49,car,5,1,251337.645667,0.86,22.0,1,38.69
flow_0.50,car,5,1,218707.152003,0.0,10.0,1,26.37
flow_0.51,car,5,1,183962.970936,0.14,0.0,0,11.68
flow_0.52,car,5,1,176147.139379,0.28,0.0,0,11.88
flow_0.53,car,5,1,170328.687999,0.42,0.0,0,10.82
flow_0.54,car,5,1,286694.671764,0.56,47.0,1,61.18
flow_0.55,car,5,1,275358.502012,0.7,36.0,1,51.28
flow_0.56,car,5,1,245704.525928,0.84,22.0,1,38.29
flow_0.57,car,5,1,207654.321624,0.98,8.0,1,24.63
flow_0.58,car,5,1,181064.436049,0.12,0.0,0,11.2
flow_0.59,car,5,1,176244.652975,0.26,0.0,0,11.7
flow_0.60,car,5,1,172441.829309,0.4,0.0,0,10.69
flow_0.61,car,5,1,303162.653933,0.54,46.0,1,63.9
flow_0.62,car,5,1,259759.698972,0.68,32.0,1,49.48
flow_0.63,car,5,1,228136.971585,0.82,20.0,1,34.79
flow_0.64,car,5,1,197654.124301,0.96,6.0,1,21.85
flow_0.65,car,5,1,163600.485454,0.1,0.0,0,11.6
flow_0.66,car,5,1,159813.526593,0.24,0.0,0,10.36
flow_0.67,car,5,1,175150.874745,0.38,0.0,0,10.98
flow_0.68,car,5,1,311996.13049,0.52,48.0,1,64.28
flow_0.69,car,5,1,269373.075951,0.66,33.0,1,51.34
flow_0.70,car,5,1,233119.856658,0.8,21.0,1,36.91
flow_0.71,car,5,1,216581.22352,0.94,9.0,1,24.24
flow_0.72,car,5,1,171949.328221,0.08,0.0,0,12.22
flow_0.73,car,5,1,167795.868767,0.22,0.0,0,11.18
flow_0.74,car,5,1,163789.292074,0.36,0.0,0,11.1
flow_0.75,car,5,1,304751.586668,0.5,47.0,1,64.39
flow_0.76,car,5,1,281718.725855,0.64,34.0,1,51.88
flow_0.77,car,5,1,252895.999394,0.78,24.0,1,38.99
flow_0.78,car,5,1,220636.228651,0.92,9.0,1,25.5
flow_0.79,car,5,1,181834.604548,0.06,0.0,0,10.67
flow_0.80,car,5,1,170092.631156,0.2,0.0,0,10.18
flow_0.81,car,5,1,169963.413758,0.34,0.0,0,9.58
flow_0.82,car,5,1,305387.918238,0.48,48.0,1,63.69
flow_0.83,car,5,1,274815.987044,0.62,35.0,1,51.33
flow_0.84,car,5,1,251883.71621,0.76,23.0,1,38.43
flow_0.85,car,5,1,217545.790006,0.9,9.0,1,24.94
flow_0.86,car,5,1,180139.137076,0.04,0.0,0,12.25
flow_0.87,car,5,1,177442.16018,0.18,0.0,0,11.58
flow_0.88,car,5,1,322842.72616,0.32,57.0,1,74.01
flow_0.89,car,5,1,280567.363988,0.46,42.0,1,59.38
flow_0.90,car,5,1,261809.884454,0.6,33.0,1,49.2
flow_0.91,car,5,1,247135.202909,0.74,21.0,1,38.66
flow_0.92,car,5,1,219520.080549,0.88,9.0,1,25.15
flow_0.93,car,5,1,176563.287237,0.02,0.0,0,12.67
flow_0.94,car,5,1,166951.438785,0.16,0.0,0,10.79
flow_0.95,car,5,1,163462.027522,0.3,0.0,0,10.62
flow_0.96,car,5,1,315011.29421,0.44,49.0,1,64.26
flow_0.97,car,5,1,281817.629971,0.58,36.0,1,51.65
flow_0.98,car,5,1,239591.717397,0.72,21.0,1,37.11
flow_0.99,car,5,1,206227.1984,0.86,7.0,1,24.78
flow_0.100,car,5,1,163294.441118,0.0,0.0,0,11.61
flow_0.101,car,5,1,170811.447272,0.14,0.0,0,10.78
flow_0.102,car,5,1,164097.796643,0.28,0.0,0,10.26
flow_0.103,car,5,1,300701.75391,0.42,47.0,1,64.93
flow_0.104,car,5,1,275251.621129,0.56,34.0,1,51.56
flow_0.105,car,5,1,253679.77264,0.7,21.0,1,38.95
flow_0.106,car,5,1,212628.419116,0.84,7.0,1,23.7
flow_0.107,car,5,1,168679.899496,0.98,0.0,0,11.89
flow_0.108,car,5,1,166365.315464,0.12,0.0,0,10.96
flow_0.109,car,5,1,177815.798648,0.26,0.0,0,10.57
flow_0.110,car,5,1,311969.166166,0.4,48.0,1,63.75
flow_0.111,car,5,1,279376.587493,0.54,35.0,1,51.32
flow_0.112,car,5,1,255979.741933,0.68,23.0,1,39.39
flow_0.113,car,5,1,215648.096501,0.82,9.0,1,24.81
flow_0.114,car,5,1,172779.65827,0.96,0.0,0,11.93
flow_0.115,car,5,1,165313.338978,0.1,0.0,0,11.04
flow_0.116,car,5,1,169348.192691,0.24,0.0,0,11.17
flow_0.117,car,5,1,306472.525767,0.38,50.0,1,64.87
flow_0.118,car,5,1,272561.443198,0.52,37.0,1,51.73
flow_0.119,car,5,1,250279.336279,0.66,22.0,1,37.91
flow_0.120,car,5,1,216763.475773,0.8,9.0,1,25.26
flow_0.121,car,5,1,170677.828539,0.94,0.0,0,10.05
flow_0.122,car,5,1,174058.648006,0.08,0.0,0,11.51
flow_0.123,car,5,1,306696.398522,0.22,56.0,1,71.24
flow_0.124,car,5,1,307958.64936,0.36,48.0,1,64.79
flow_0.125,car,5,1,274902.493449,0.5,34.0,1,50.61
flow_0.126,car,5,1,251561.568172,0.64,22.0,1,38.3
flow_0.127,car,5,1,218108.586689,0.78,8.0,1,24.99
flow_0.128,car,5,1,174614.703169,0.92,0.0,0,12.54
flow_0.129,car,5,1,168952.22146,0.06,0.0,0,11.41
flow_0.130,car,5,1,170304.771056,0.2,0.0,0,9.27
flow_0.131,car,5,1,302380.439845,0.34,48.0,1,64.04
flow_0.132,car,5,1,279651.728728,0.48,35.0,1,50.65
flow_0.133,car,5,1,248009.840927,0.62,22.0,1,39.03
flow_0.134,car,5,1,212663.751484,0.76,10.0,1,25.29
flow_0.135,car,5,1,167672.963808,0.9,0.0,0,9.97
flow_0.136,car,5,1,163323.833549,0.04,0.0,0,9.95
flow_0.137,car,5,1,165207.982622,0.18,0.0,0,9.77
flow_0.138,car,5,1,298369.364783,0.32,48.0,1,62.16
flow_0.139,car,5,1,280494.209453,0.46,36.0,1,50.64
flow_0.140,car,5,1,209493.51606,0.6,15.0,1,29.79
flow_0.141,car,5,1,218647.118707,0.74,10.0,1,25.64
flow_0.142,car,5,1,165301.877547,0.88,0.0,0,10.91
flow_0.143,car,5,1,179601.958143,0.02,0.0,0,11.58
flow_0.144,car,5,1,168423.932283,0.16,0.0,0,11.13
flow_0.145,car,5,1,309827.923255,0.3,48.0,1,65.03
flow_0.146,car,5,1,276450.946124,0.44,33.0,1,50.22
flow_0.147,car,5,1,255567.898855,0.58,23.0,1,39.38
flow_0.148,car,5,1,220756.715274,0.72,9.0,1,25.81
flow_0.149,car,5,1,169136.225757,0.86,0.0,0,12.11
flow_0.150,car,5,1,164172.796935,0.0,0.0,0,10.55
flow_0.151,car,5,1,163736.629897,0.14,0.0,0,11.24
flow_0.152,car,5,1,310749.51811,0.28,50.0,1,65.42
flow_0.153,car,5,1,260428.891832,0.42,34.0,1,49.68
flow_0.154,car,5,1,248504.11202,0.56,23.0,1,39.22
flow_0.155,car,5,1,198822.821468,0.7,6.0,1,21.75
flow_0.156,car,5,1,166669.149865,0.84,0.0,0,11.12
flow_0.157,car,5,1,172403.899728,0.98,0.0,0,11.6
flow_0.158,car,5,1,165648.711165,0.12,0.0,0,10.84
flow_0.159,car,5,1,304803.861438,0.26,48.0,1,64.55
flow_0.160,car,5,1,267607.21828,0.4,32.0,1,48.27
flow_0.161,car,5,1,243488.208887,0.54,22.0,1,37.64
flow_0.162,car,5,1,216832.286046,0.68,10.0,1,25.87
flow_0.163,car,5,1,167264.913104,0.82,0.0,0,11.09
flow_0.164,car,5,1,164708.864475,0.96,0.0,0,10.58
flow_0.165,car,5,1,169426.97517,0.1,0.0,0,10.82
flow_0.166,car,5,1,289365.533202,0.24,45.0,1,61.99
flow_0.167,car,5,1,260560.601436,0.38,33.0,1,48.4
flow_0.168,car,5,1,247302.765259,0.52,23.0,1,38.38
flow_0.169,car,5,1,206229.6758,0.66,9.0,1,23.29
flow_0.170,car,5,1,162882.597574,0.8,0.0,0,11.01
flow_0.171,car,5,1,166202.861571,0.94,0.0,0,10.82
flow_0.172,car,5,1,173976.651215,0.08,0.0,0,10.18
flow_0.173,car,5,1,310378.208212,0.22,48.0,1,64.81
flow_0.174,car,5,1,282662.022652,0.36,36.0,1,51.51
flow_0.175,car,5,1,244414.320658,0.5,22.0,1,39.28
flow_0.176,car,5,1,216951.407287,0.64,8.0,1,25.47
flow_0.177,car,5,1,172255.42082,0.78,0.0,0,12.75
flow_0.178,car,5,1,165855.382973,0.92,0.0,0,10.23
flow_0.179,car,5,1,326537.36444,0.06,58.0,1,75.74
flow_0.180,car,5,1,295889.631283,0.2,46.0,1,62.25
flow_0.181,car,5,1,282082.374709,0.34,37.0,1,51.44
flow_0.182,car,5,1,226067.550975,0.48,19.0,1,35.82
flow_0.183,car,5,1,213303.729103,0.62,9.0,1,25.18
flow_0.184,car,5,1,168173.095347,0.76,0.0,0,10.56
flow_0.185,car,5,1,169788.211992,0.9,0.0,0,11.88
flow_0.186,car,5,1,327221.397365,0.04,58.0,1,75.34
flow_0.187,car,5,1,305855.190491,0.18,48.0,1,64.8
flow_0.188,car,5,1,281990.656668,0.32,35.0,1,51.47
flow_0.189,car,5,1,225098.659021,0.46,18.0,1,32.42
flow_0.190,car,5,1,220105.584133,0.6,10.0,1,25.41
flow_0.191,car,5,1,165427.688162,0.74,0.0,0,10.43
flow_0.192,car,5,1,170146.352467,0.88,0.0,0,11.51
flow_0.193,car,5,1,304820.879976,0.02,57.0,1,71.7
flow_0.194,car,5,1,294639.445234,0.16,46.0,1,63.01
flow_0.195,car,5,1,249391.81198,0.3,31.0,1,48.17
flow_0.196,car,5,1,244648.176166,0.44,20.0,1,38.3
flow_0.197,car,5,1,216894.99307,0.58,7.0,1,24.56
flow_0.198,car,5,1,164450.132408,0.72,0.0,0,11.23
flow_0.199,car,5,1,168057.206787,0.86,0.0,0,10.86
flow_0.200,car,5,1,178060.832695,0.0,0.0,0,11.39
flow_0.201,car,5,1,302916.716786,0.14,47.0,1,64.05
flow_0.202,car,5,1,276937.38385,0.28,33.0,1,49.94
flow_0.203,car,5,1,242811.428184,0.42,22.0,1,37.9
flow_0.204,car,5,1,222053.328445,0.56,10.0,1,25.74
flow_0.205,car,5,1,168748.022537,0.7,0.0,0,11.95
flow_0.206,car,5,1,161365.363133,0.84,0.0,0,11.77
flow_0.207,car,5,1,167657.733193,0.98,0.0,0,10.21
flow_0.208,car,5,1,284756.04535,0.12,44.0,1,59.04
flow_0.209,car,5,1,283480.77265,0.26,36.0,1,51.21
flow_0.210,car,5,1,242784.443717,0.4,22.0,1,37.54
flow_0.211,car,5,1,215931.139476,0.54,10.0,1,25.41
flow_0.212,car,5,1,170944.214065,0.68,0.0,0,10.48
flow_0.213,car,5,1,171632.654851,0.82,0.0,0,11.48
flow_0.214,car,5,1,161719.209497,0.96,0.0,0,9.91
flow_0.215,car,5,1,311678.256021,0.1,49.0,1,65.37
flow_0.216,car,5,1,246298.337255,0.24,28.0,1,46.27
flow_0.217,car,5,1,243760.928583,0.38,22.0,1,38.95
flow_0.218,car,5,1,219171.58854,0.52,9.0,1,25.06
flow_0.219,car,5,1,174313.463456,0.66,0.0,0,11.56
flow_0.220,car,5,1,164793.521957,0.8,0.0,0,9.97
flow_0.221,car,5,1,163352.412824,0.94,0.0,0,9.84
flow_0.222,car,5,1,303936.129482,0.08,49.0,1,64.87
flow_0.223,car,5,1,277731.617062,0.22,34.0,1,50.88
flow_0.224,car,5,1,246652.528136,0.36,23.0,1,39.29
flow_0.225,car,5,1,214315.149094,0.5,9.0,1,25.43
flow_0.226,car,5,1,166983.259435,0.64,0.0,0,10.34
flow_0.227,car,5,1,159684.829073,0.78,0.0,0,11.5
flow_0.228,car,5,1,161339.365642,0.92,0.0,0,10.78
flow_0.229,car,5,1,307374.994967,0.06,51.0,1,64.21
flow_0.230,car,5,1,255042.098252,0.2,33.0,1,47.67
flow_0.231,car,5,1,242203.92351,0.34,22.0,1,38.59
flow_0.232,car,5,1,211119.459649,0.48,8.0,1,25.41
flow_0.233,car,5,1,167984.877374,0.62,0.0,0,10.29
flow_0.234,car,5,1,174100.831603,0.76,0.0,0,10.89
flow_0.235,car,5,1,320160.867364,0.9,60.0,1,75.48
flow_0.236,car,5,1,307263.455236,0.04,49.0,1,63.76
flow_0.237,car,5,1,280464.694109,0.18,35.0,1,51.16
flow_0.238,car,5,1,242817.458309,0.32,23.0,1,38.64
flow_0.239,car,5,1,208337.806512,0.46,10.0,1,25.27
flow_0.240,car,5,1,170049.560488,0.6,0.0,0,11.37
flow_0.241,car,5,1,165289.559713,0.74,0.0,0,10.75
flow_0.242,car,5,1,335118.0209,0.88,60.0,1,76.18
flow_0.243,car,5,1,291179.870095,0.02,46.0,1,62.2
flow_0.244,car,5,1,257945.825721,0.16,34.0,1,48.16
flow_0.245,car,5,1,249530.507973,0.3,24.0,1,37.99
flow_0.246,car,5,1,211595.078079,0.44,7.0,1,23.94
flow_0.247,car,5,1,163421.438902,0.58,0.0,0,11.07
flow_0.248,car,5,1,155324.834128,0.72,0.0,0,11.08
flow_0.249,car,5,1,329189.32265,0.86,59.0,1,74.78
flow_0.250,car,5,1,301155.078371,0.0,50.0,1,64.09
flow_0.251,car,5,1,274590.264975,0.14,33.0,1,51.7
flow_0.252,car,5,1,214773.807759,0.28,20.0,1,33.32
flow_0.253,car,5,1,179975.770989,0.42,0.0,0,16.54
flow_0.254,car,5,1,180598.401804,0.56,0.0,0,10.69
flow_0.255,car,5,1,176063.083263,0.7,0.0,0,12.0
flow_0.256,car,5,1,165895.801874,0.84,0.0,0,9.89
flow_0.257,car,5,1,303586.413885,0.98,48.0,1,63.21
flow_0.258,car,5,1,266546.424027,0.12,34.0,1,50.02
flow_0.259,car,5,1,242732.537083,0.26,21.0,1,38.06
flow_0.260,car,5,1,206975.81401,0.4,8.0,1,22.39
flow_0.261,car,5,1,168718.799238,0.54,0.0,0,10.61
flow_0.262,car,5,1,171693.250591,0.68,0.0,0,11.08
flow_0.263,car,5,1,314511.883156,0.82,57.0,1,72.37
flow_0.264,car,5,1,302084.517001,0.96,47.0,1,63.39
flow_0.265,car,5,1,269267.413444,0.1,33.0,1,50.64
flow_0.266,car,5,1,222168.672573,0.24,18.0,1,33.81
flow_0.267,car,5,1,216903.929868,0.38,6.0,1,24.85
flow_0.268,car,5,1,164561.099553,0.52,0.0,0,10.51
flow_0.269,car,5,1,163773.27599,0.66,0.0,0,10.87
flow_0.270,car,5,1,329052.534803,0.8,59.0,1,76.59
flow_0.271,car,5,1,296553.164149,0.94,46.0,1,62.59
flow_0.272,car,5,1,265947.148974,0.08,35.0,1,51.27
flow_0.273,car,5,1,250379.172316,0.22,23.0,1,38.91
flow_0.274,car,5,1,203771.928237,0.36,7.0,1,23.49
flow_0.275,car,5,1,167267.406118,0.5,0.0,0,11.0
flow_0.276,car,5,1,158605.51156,0.64,0.0,0,11.17
flow_0.277,car,5,1,334767.658929,0.78,57.0,1,75.93
flow_0.278,car,5,1,293890.608303,0.92,44.0,1,61.98
flow_0.279,car,5,1,254771.640494,0.06,32.0,1,48.9
flow_0.280,car,5,1,248716.332716,0.2,21.0,1,38.09
flow_0.281,car,5,1,218161.722269,0.34,11.0,1,26.05
flow_0.282,car,5,1,172018.265485,0.48,0.0,0,11.88
flow_0.283,car,5,1,168860.225209,0.62,0.0,0,11.45
flow_0.284,car,5,1,329244.93594,0.76,60.0,1,76.13
flow_0.285,car,5,1,304850.772523,0.9,48.0,1,64.25
flow_0.286,car,5,1,277988.994499,0.04,36.0,1,51.52
flow_0.287,car,5,1,243794.101449,0.18,19.0,1,36.79
flow_0.288,car,5,1,213363.381519,0.32,9.0,1,25.41
flow_0.289,car,5,1,172574.724067,0.46,0.0,0,12.68
flow_0.290,car,5,1,167757.751445,0.6,0.0,0,11.05
flow_0.291,car,5,1,167296.383631,0.74,0.0,0,10.29
flow_0.292,car,5,1,301192.727992,0.88,48.0,1,63.43
flow_0.293,car,5,1,264087.552681,0.02,34.0,1,49.35
flow_0.294,car,5,1,243659.881384,0.16,21.0,1,37.89
flow_0.295,car,5,1,214260.184212,0.3,10.0,1,26.13
flow_0.296,car,5,1,173486.709407,0.44,0.0,0,11.7
flow_0.297,car,5,1,172819.206756,0.58,0.0,0,11.43
flow_0.298,car,5,1,334243.706544,0.72,59.0,1,75.89
flow_0.299,car,5,1,304136.191105,0.86,48.0,1,63.41
flow_0.300,car,5,1,275066.327191,0.0,36.0,1,51.24
flow_0.301,car,5,1,237440.66467,0.14,19.0,1,35.41
flow_0.302,car,5,1,211044.66613,0.28,9.0,1,25.58
flow_0.303,car,5,1,169451.160313,0.42,0.0,0,11.3
flow_0.304,car,5,1,168250.757441,0.56,0.0,0,10.86
flow_0.305,car,5,1,171106.727496,0.7,0.0,0,10.87
flow_0.306,car,5,1,308221.772265,0.84,47.0,1,63.03
flow_0.307,car,5,1,273122.145183,0.98,36.0,1,50.37
flow_0.308,car,5,1,238413.205933,0.12,22.0,1,37.84
flow_0.309,car,5,1,211683.76301,0.26,10.0,1,25.24
flow_0.310,car,5,1,174070.000233,0.4,0.0,0,10.79
flow_0.311,car,5,1,167661.434768,0.54,0.0,0,9.88
flow_0.312,car,5,1,308738.495771,0.68,55.0,1,72.85
flow_0.313,car,5,1,287309.666562,0.82,45.0,1,59.25
flow_0.314,car,5,1,249625.845378,0.96,30.0,1,44.4
flow_0.315,car,5,1,234245.347154,0.1,20.0,1,37.08
flow_0.316,car,5,1,214715.245603,0.24,9.0,1,24.96
flow_0.317,car,5,1,166489.919813,0.38,0.0,0,11.21
flow_0.318,car,5,1,171546.403868,0.52,0.0,0,10.96
flow_0.319,car,5,1,332604.86638,0.66,58.0,1,75.71
flow_0.320,car,5,1,289135.375632,0.8,46.0,1,60.98
flow_0.321,car,5,1,268826.079003,0.94,35.0,1,48.54
flow_0.322,car,5,1,253229.74757,0.08,23.0,1,38.78
flow_0.323,car,5,1,215690.121176,0.22,7.0,1,24.81
flow_0.324,car,5,1,167978.829489,0.36,0.0,0,12.32
flow_0.325,car,5,1,167249.533125,0.5,0.0,0,9.56
flow_0.326,car,5,1,324278.422545,0.64,58.0,1,72.86
flow_0.327,car,5,1,303287.272812,0.78,48.0,1,63.62
flow_0.328,car,5,1,270252.246904,0.92,34.0,1,50.9
flow_0.329,car,5,1,244511.355257,0.06,22.0,1,37.78
flow_0.330,car,5,1,222574.091628,0.2,9.0,1,25.18
flow_0.331,car,5,1,165405.216274,0.34,0.0,0,11.41
flow_0.332,car,5,1,162948.798968,0.48,0.0,0,10.29
flow_0.333,car,5,1,332962.987503,0.62,59.0,1,76.25
flow_0.334,car,5,1,293816.110911,0.76,44.0,1,61.88
flow_0.335,car,5,1,267049.135198,0.9,34.0,1,50.32
flow_0.336,car,5,1,242376.259971,0.04,23.0,1,38.19
flow_0.337,car,5,1,196014.133447,0.18,6.0,1,20.1
flow_0.338,car,5,1,173081.540457,0.32,0.0,0,10.44
flow_0.339,car,5,1,167735.194619,0.46,0.0,0,10.51
flow_0.340,car,5,1,332802.817708,0.6,59.0,1,76.78
flow_0.341,car,5,1,273672.786515,0.74,42.0,1,57.21
flow_0.342,car,5,1,268099.190475,0.88,34.0,1,49.32
flow_0.343,car,5,1,250417.400491,0.02,23.0,1,38.37
flow_0.344,car,5,1,211752.014531,0.16,9.0,1,24.64
flow_0.345,car,5,1,172272.078088,0.3,0.0,0,11.06
flow_0.346,car,5,1,174612.771934,0.44,0.0,0,10.61
flow_0.347,car,5,1,325507.544255,0.58,60.0,1,74.53
flow_0.348,car,5,1,308334.685609,0.72,50.0,1,63.94
flow_0.349,car,5,1,252443.498571,0.86,29.0,1,46.54
flow_0.350,car,5,1,246841.336198,0.0,21.0,1,38.66
flow_0.351,car,5,1,208706.016688,0.14,8.0,1,24.17
flow_0.352,car,5,1,179363.175503,0.28,0.0,0,10.72
flow_0.353,car,5,1,168749.105964,0.42,0.0,0,11.51
flow_0.354,car,5,1,334101.024092,0.56,59.0,1,76.07
flow_0.355,car,5,1,305029.635506,0.7,50.0,1,63.2
flow_0.356,car,5,1,271849.539792,0.84,34.0,1,50.82
flow_0.357,car,5,1,238973.424086,0.98,19.0,1,36.92
flow_0.358,car,5,1,212307.113268,0.12,8.0,1,25.89
flow_0.359,car,5,1,169768.661788,0.26,0.0,0,12.89
flow_0.360,car,5,1,174015.231763,0.4,0.0,0,11.91
flow_0.361,car,5,1,164605.135553,0.54,0.0,0,10.59
flow_0.362,car,5,1,307748.247388,0.68,47.0,1,63.49
flow_0.363,car,5,1,257076.060208,0.82,30.0,1,47.71
flow_0.364,car,5,1,234043.127923,0.96,19.0,1,35.9
flow_0.365,car,5,1,178948.143384,0.1,4.0,1,18.79
flow_0.366,car,5,1,159081.716129,0.24,0.0,0,11.04
flow_0.367,car,5,1,172838.957179,0.38,0.0,0,10.08
flow_0.368,car,5,1,314476.720847,0.52,58.0,1,74.91
flow_0.369,car,5,1,279906.895195,0.66,44.0,1,59.04
flow_0.370,car,5,1,256479.126989,0.8,30.0,1,45.83
flow_0.371,car,5,1,236478.185012,0.94,19.0,1,36.41
flow_0.372,car,5,1,187400.388118,0.08,5.0,1,20.19
flow_0.373,car,5,1,180623.296116,0.22,0.0,0,10.84
flow_0.374,car,5,1,168968.28125,0.36,0.0,0,12.31
flow_0.375,car,5,1,332794.258764,0.5,59.0,1,75.95
flow_0.376,car,5,1,291403.192533,0.64,43.0,1,59.86
flow_0.377,car,5,1,279985.809132,0.78,36.0,1,51.13
flow_0.378,car,5,1,232207.365059,0.92,19.0,1,34.05
flow_0.379,car,5,1,208128.373029,0.06,9.0,1,24.99
flow_0.380,car,5,1,164721.540355,0.2,0.0,0,10.26
flow_0.381,car,5,1,172152.2631,0.34,0.0,0,10.97
flow_0.382,car,5,1,171744.146692,0.48,0.0,0,10.94
flow_0.383,car,5,1,307326.107334,0.62,46.0,1,63.55
flow_0.384,car,5,1,270941.961323,0.76,35.0,1,50.39
flow_0.385,car,5,1,242174.210253,0.9,22.0,1,37.18
flow_0.386,car,5,1,213444.220617,0.04,11.0,1,25.45
flow_0.387,car,5,1,182103.965432,0.18,0.0,0,10.35
flow_0.388,car,5,1,168278.433626,0.32,0.0,0,12.05
flow_0.389,car,5,1,173779.859345,0.46,0.0,0,10.78
flow_0.390,car,5,1,307758.271892,0.6,47.0,1,63.51
flow_0.391,car,5,1,275041.616845,0.74,33.0,1,49.68
flow_0.392,car,5,1,239695.797621,0.88,21.0,1,36.87
flow_0.393,car,5,1,216750.371729,0.02,9.0,1,25.31
flow_0.394,car,5,1,169664.387969,0.16,0.0,0,11.12
flow_0.395,car,5,1,172240.380059,0.3,0.0,0,10.46
flow_0.396,car,5,1,311757.086653,0.44,57.0,1,71.99
flow_0.397,car,5,1,304162.455437,0.58,47.0,1,62.17
flow_0.398,car,5,1,268675.719874,0.72,34.0,1,50.44
flow_0.399,car,5,1,254789.519443,0.86,23.0,1,37.57
flow_0.400,car,5,1,213574.778655,0.0,10.0,1,24.96
flow_0.401,car,5,1,162468.681852,0.14,0.0,0,11.8
flow_0.402,car,5,1,161058.935561,0.28,0.0,0,10.67
flow_0.403,car,5,1,175902.473955,0.42,0.0,0,10.41
flow_0.404,car,5,1,306151.725939,0.56,46.0,1,63.25
flow_0.405,car,5,1,270371.903576,0.7,35.0,1,50.41
flow_0.406,car,5,1,242630.134039,0.84,21.0,1,37.29
flow_0.407,car,5,1,202476.025723,0.98,7.0,1,21.91
flow_0.408,car,5,1,176558.532381,0.12,0.0,0,10.14
flow_0.409,car,5,1,169698.613519,0.26,0.0,0,12.23
flow_0.410,car,5,1,172481.889333,0.4,0.0,0,10.35
flow_0.411,car,5,1,299172.006708,0.54,47.0,1,64.27
flow_0.412,car,5,1,280551.787334,0.68,35.0,1,50.72
flow_0.413,car,5,1,218060.817926,0.82,16.0,1,33.29
flow_0.414,car,5,1,215445.810439,0.96,7.0,1,24.54
flow_0.415,car,5,1,170495.217719,0.1,0.0,0,11.54
flow_0.416,car,5,1,172155.877729,0.24,0.0,0,10.9
flow_0.417,car,5,1,164298.89985,0.38,0.0,0,10.2
flow_0.418,car,5,1,304574.165275,0.52,49.0,1,63.85
flow_0.419,car,5,1,252135.058471,0.66,30.0,1,44.76
flow_0.420,car,5,1,249369.883043,0.8,22.0,1,37.96
flow_0.421,car,5,1,213814.912941,0.94,8.0,1,23.76
flow_0.422,car,5,1,159159.30063,0.08,0.0,0,10.79
flow_0.423,car,5,1,175465.416851,0.22,0.0,0,11.31
flow_0.424,car,5,1,316449.533518,0.36,57.0,1,72.64
flow_0.425,car,5,1,307170.504674,0.5,47.0,1,63.2
flow_0.426,car,5,1,277057.377296,0.64,33.0,1,49.87
flow_0.427,car,5,1,231571.277682,0.78,19.0,1,34.87
flow_0.428,car,5,1,197081.285216,0.92,4.0,1,20.64
flow_0.429,car,5,1,167262.783793,0.06,0.0,0,11.54
flow_0.430,car,5,1,166440.204895,0.2,0.0,0,11.25
flow_0.431,car,5,1,172111.599361,0.34,0.0,0,10.85
flow_0.432,car,5,1,295765.802313,0.48,44.0,1,61.53
flow_0.433,car,5,1,266258.627081,0.62,33.0,1,49.85
flow_0.434,car,5,1,239357.984948,0.76,21.0,1,37.98
flow_0.435,car,5,1,216273.188027,0.9,11.0,1,24.56
flow_0.436,car,5,1,161041.692422,0.04,0.0,0,10.75
flow_0.437,car,5,1,160858.482008,0.18,0.0,0,10.31
flow_0.438,car,5,1,167673.791036,0.32,0.0,0,10.65
flow_0.439,car,5,1,281825.898877,0.46,44.0,1,60.18
flow_0.440,car,5,1,262715.599076,0.6,32.0,1,49.16
flow_0.441,car,5,1,247824.527144,0.74,22.0,1,37.12
flow_0.442,car,5,1,190547.792013,0.88,5.0,1,20.12
flow_0.443,car,5,1,162201.855633,0.02,0.0,0,11.23
flow_0.444,car,5,1,166082.175034,0.16,0.0,0,10.45
flow_0.445,car,5,1,166795.639913,0.3,0.0,0,10.19
flow_0.446,car,5,1,278047.221825,0.44,41.0,1,56.75
flow_0.447,car,5,1,243895.804399,0.58,27.0,1,43.92
flow_1.0,bus,5,1,386936.728716,0.0,8.0,1,37.96
flow_1.1,bus,5,1,397554.378926,0.0,10.0,2,41.08
flow_1.2,bus,5,1,388246.07915,0.0,8.0,1,37.22
flow_1.3,bus,5,1,390953.118149,0.0,7.0,1,37.77
flow_1.4,bus,5,1,377803.37535,0.0,11.0,3,37.36
flow_1.5,bus,5,1,390848.967595,0.0,12.0,1,38.0
flow_1.6,bus,5,1,388054.705685,0.0,10.0,1,35.75
flow_1.7,bus,5,1,383568.804496,0.0,13.0,3,42.39
flow_1.8,bus,5,1,394127.416322,0.0,9.0,2,38.45
flow_1.9,bus,5,1,387687.375337,0.0,9.0,1,38.69
flow_1.10,bus,5,1,383966.954952,0.0,12.0,2,37.73
flow_1.11,bus,5,1,379308.127252,0.0,8.0,2,38.82
flow_0.0,car,6,1,242224.952847,0.0,23.0,1,38.91
flow_0.1,car,6,1,280132.83167,0.32,33.0,1,49.78
flow_0.2,car,6,1,299085.05237,0.64,46.0,1,61.05
flow_0.3,car,6,1,324799.969778,0.96,56.0,1,71.91
flow_0.4,car,6,1,162937.586555,0.28,0.0,0,12.0
flow_0.5,car,6,1,173794.133111,0.6,0.0,0,11.04
flow_0.6,car,6,1,172352.188144,0.92,0.0,0,11.11
flow_0.7,car,6,1,212189.547752,0.24,9.0,1,26.61
flow_0.8,car,6,1,222014.076402,0.56,20.0,1,35.04
flow_0.9,car,6,1,273615.654592,0.88,33.0,1,50.93
flow_0.10,car,6,1,295134.972299,0.2,46.0,1,61.89
flow_0.11,car,6,1,326964.41111,0.52,57.0,1,73.91
flow_0.12,car,6,1,168883.920715,0.84,0.0,0,10.37
flow_0.13,car,6,1,176209.58802,0.16,0.0,0,11.79
flow_0.14,car,6,1,185941.254046,0.48,0.0,0,15.59
flow_0.15,car,6,1,198037.928417,0.8,9.0,1,25.34
flow_0.16,car,6,1,239375.3683,0.12,22.0,1,37.98
flow_0.17,car,6,1,264806.771546,0.44,33.0,1,49.13
flow_0.18,car,6,1,301374.839714,0.76,46.0,1,62.68
flow_0.19,car,6,1,333554.840818,0.08,59.0,1,74.84
flow_0.20,car,6,1,169387.704437,0.4,0.0,0,11.56
flow_0.21,car,6,1,171475.772743,0.72,0.0,0,10.83
flow_0.22,car,6,1,182399.022466,0.04,0.0,0,14.75
flow_0.23,car,6,1,194614.870454,0.36,8.0,1,25.25
flow_0.24,car,6,1,231539.144858,0.68,21.0,1,37.41
flow_0.25,car,6,1,263587.888483,0.0,33.0,1,49.76
flow_0.26,car,6,1,294652.035655,0.32,45.0,1,62.46
flow_0.27,car,6,1,327270.897534,0.64,58.0,1,74.71
flow_0.28,car,6,1,166807.590433,0.96,0.0,0,10.18
flow_0.29,car,6,1,165617.585898,0.28,0.0,0,10.29
flow_0.30,car,6,1,189724.311881,0.6,0.0,0,18.3
flow_0.31,car,6,1,223564.047974,0.92,14.0,1,29.6
flow_0.32,car,6,1,246587.263656,0.24,25.0,1,40.94
flow_0.33,car,6,1,277114.597876,0.56,36.0,1,51.92
flow_0.34,car,6,1,296751.215798,0.88,46.0,1,62.8
flow_0.35,car,6,1,336881.953785,0.2,61.0,1,75.4
flow_0.36,car,6,1,165397.263052,0.52,0.0,0,10.92
flow_0.37,car,6,1,167760.649792,0.84,0.0,0,10.8
flow_0.38,car,6,1,205093.163313,0.16,3.0,1,19.85
flow_0.39,car,6,1,221587.514624,0.48,11.0,1,29.01
flow_0.40,car,6,1,263545.979736,0.8,26.0,1,41.35
flow_0.41,car,6,1,275865.288651,0.12,37.0,1,53.63
flow_0.42,car,6,1,305021.35895,0.44,48.0,1,64.05
flow_0.43,car,6,1,328139.690425,0.76,59.0,1,75.94
flow_0.44,car,6,1,174279.061342,0.08,0.0,0,10.11
flow_0.45,car,6,1,170269.310229,0.4,0.0,0,11.87
flow_0.46,car,6,1,181248.690103,0.72,0.0,0,15.49
flow_0.47,car,6,1,208554.251513,0.04,12.0,1,27.86
flow_0.48,car,6,1,234938.304729,0.36,21.0,1,38.36
flow_0.49,car,6,1,285947.383901,0.68,38.0,1,53.09
flow_0.50,car,6,1,318640.302152,0.0,50.0,1,65.86
flow_0.51,car,6,1,165410.706839,0.32,0.0,0,10.04
flow_0.52,car,6,1,175816.705291,0.64,0.0,0,11.28
flow_0.53,car,6,1,173590.883811,0.96,0.0,0,10.89
flow_0.54,car,6,1,183169.171242,0.28,1.0,1,17.23
flow_0.55,car,6,1,231873.062802,0.6,16.0,1,31.11
flow_0.56,car,6,1,251662.325685,0.92,26.0,1,40.77
flow_0.57,car,6,1,284188.906537,0.24,37.0,1,55.19
flow_0.58,car,6,1,316821.811223,0.56,50.0,1,64.95
flow_0.59,car,6,1,336399.980694,0.88,58.0,1,76.2
flow_0.60,car,6,1,171209.71111,0.2,0.0,0,10.36
flow_0.61,car,6,1,171645.051301,0.52,0.0,0,11.33
flow_0.62,car,6,1,185239.360392,0.84,1.0,1,16.46
flow_0.63,car,6,1,216686.378636,0.16,13.0,1,29.67
flow_0.64,car,6,1,251239.316492,0.48,26.0,1,41.2
flow_0.65,car,6,1,272270.094634,0.8,37.0,1,54.38
flow_0.66,car,6,1,307434.016958,0.12,49.0,1,64.84
flow_0.67,car,6,1,172247.623725,0.44,0.0,0,11.58
flow_0.68,car,6,1,173801.630809,0.76,0.0,0,12.8
flow_0.69,car,6,1,158129.74587,0.08,0.0,0,11.68
flow_0.70,car,6,1,205123.68663,0.4,6.0,1,21.4
flow_0.71,car,6,1,226398.861143,0.72,15.0,1,31.21
flow_0.72,car,6,1,254064.152669,0.04,26.0,1,44.06
flow_0.73,car,6,1,285567.922138,0.36,40.0,1,55.29
flow_0.74,car,6,1,305796.953799,0.68,50.0,1,66.33
flow_0.75,car,6,1,170936.541914,0.0,0.0,0,10.71
flow_0.76,car,6,1,167104.797912,0.32,0.0,0,11.18
flow_0.77,car,6,1,172563.852418,0.64,0.0,0,10.07
flow_0.78,car,6,1,208622.577284,0.96,5.0,1,21.58
flow_0.79,car,6,1,234940.070467,0.28,15.0,1,33.11
flow_0.80,car,6,1,251783.636912,0.6,28.0,1,42.29
flow_0.81,car,6,1,287750.662598,0.92,41.0,1,56.68
flow_0.82,car,6,1,311439.879591,0.24,51.0,1,66.02
flow_0.83,car,6,1,168403.124821,0.56,0.0,0,11.58
flow_0.84,car,6,1,173108.342564,0.88,0.0,0,10.39
flow_0.85,car,6,1,170234.308458,0.2,0.0,0,11.03
flow_0.86,car,6,1,214763.955332,0.52,7.0,1,22.61
flow_0.87,car,6,1,216850.137724,0.84,14.0,1,30.37
flow_0.88,car,6,1,240661.138922,0.16,24.0,1,39.56
flow_0.89,car,6,1,274018.884577,0.48,38.0,1,54.72
flow_0.90,car,6,1,314390.265943,0.8,51.0,1,67.93
flow_0.91,car,6,1,165624.870775,0.12,0.0,0,10.55
flow_0.92,car,6,1,172022.086861,0.44,0.0,0,11.27
flow_0.93,car,6,1,165650.706015,0.76,0.0,0,11.34
flow_0.94,car,6,1,208618.068124,0.08,7.0,1,24.31
flow_0.95,car,6,1,233767.675218,0.4,19.0,1,34.76
flow_0.96,car,6,1,264326.955467,0.72,30.0,1,44.73
flow_0.97,car,6,1,283043.528536,0.04,38.0,1,55.01
flow_0.98,car,6,1,298540.134904,0.36,51.0,1,67.29
flow_0.99,car,6,1,171805.504799,0.68,0.0,0,12.78
flow_0.100,car,6,1,156776.278238,0.0,0.0,0,11.04
flow_0.101,car,6,1,172643.930973,0.32,0.0,0,10.43
flow_0.102,car,6,1,210733.596886,0.64,8.0,1,22.74
flow_0.103,car,6,1,241680.373236,0.96,17.0,1,34.0
flow_0.104,car,6,1,263128.925708,0.28,29.0,1,46.03
flow_0.105,car,6,1,282066.091963,0.6,39.0,1,55.84
flow_0.106,car,6,1,304758.531762,0.92,50.0,1,66.42
flow_0.107,car,6,1,161443.14351,0.24,0.0,0,10.98
flow_0.108,car,6,1,168354.720256,0.56,0.0,0,10.35
flow_0.109,car,6,1,177139.185432,0.88,0.0,0,11.53
flow_0.110,car,6,1,210008.491404,0.2,8.0,1,25.13
flow_0.111,car,6,1,225209.332221,0.52,17.0,1,33.33
flow_0.112,car,6,1,264825.634482,0.84,29.0,1,46.51
flow_0.113,car,6,1,289244.124098,0.16,43.0,1,58.48
flow_0.114,car,6,1,313248.480502,0.48,54.0,1,68.38
flow_0.115,car,6,1,171709.229815,0.8,0.0,0,10.74
flow_0.116,car,6,1,164846.902212,0.12,0.0,0,11.11
flow_0.117,car,6,1,182622.089892,0.44,0.0,0,11.61
flow_0.118,car,6,1,213375.923612,0.76,7.0,1,24.28
flow_0.119,car,6,1,239630.882362,0.08,19.0,1,35.71
flow_0.120,car,6,1,266111.477369,0.4,33.0,1,48.3
flow_0.121,car,6,1,296957.178309,0.72,42.0,1,58.06
flow_0.122,car,6,1,293916.057421,0.04,49.0,1,64.84
flow_0.123,car,6,1,166068.764175,0.36,0.0,0,10.33
flow_0.124,car,6,1,174248.401922,0.68,0.0,0,10.88
flow_0.125,car,6,1,184340.071943,0.0,0.0,0,11.88
flow_0.126,car,6,1,217248.345348,0.32,8.0,1,24.94
flow_0.127,car,6,1,239428.867496,0.64,19.0,1,35.27
flow_0.128,car,6,1,270252.65421,0.96,31.0,1,47.52
flow_0.129,car,6,1,294966.460185,0.28,43.0,1,60.17
flow_0.130,car,6,1,322384.891351,0.6,54.0,1,70.15
flow_0.131,car,6,1,168807.756632,0.92,0.0,0,10.88
flow_0.132,car,6,1,171711.302185,0.24,0.0,0,12.22
flow_0.133,car,6,1,184742.168495,0.56,0.0,0,12.74
flow_0.134,car,6,1,205951.020472,0.88,9.0,1,24.23
flow_0.135,car,6,1,251415.759812,0.2,23.0,1,37.31
flow_0.136,car,6,1,269284.012453,0.52,33.0,1,48.25
flow_0.137,car,6,1,282817.47156,0.84,44.0,1,57.94
flow_0.138,car,6,1,330323.740103,0.16,57.0,1,71.96
flow_0.139,car,6,1,302196.636529,0.48,58.0,1,74.06
flow_0.140,car,6,1,164743.387536,0.8,0.0,0,11.54
flow_0.141,car,6,1,188737.472614,0.12,0.0,0,15.26
flow_0.142,car,6,1,218238.247843,0.44,9.0,1,25.05
flow_0.143,car,6,1,251709.156439,0.76,22.0,1,37.02
flow_0.144,car,6,1,253046.465346,0.08,31.0,1,47.63
flow_0.145,car,6,1,293643.438886,0.4,44.0,1,60.4
flow_0.146,car,6,1,317911.550091,0.72,55.0,1,71.96
flow_0.147,car,6,1,169754.844762,0.04,0.0,0,11.77
flow_0.148,car,6,1,170007.949849,0.36,0.0,0,10.29
flow_0.149,car,6,1,196616.83811,0.68,0.0,0,16.25
flow_0.150,car,6,1,219409.88802,0.0,11.0,1,27.7
flow_0.151,car,6,1,243685.530625,0.32,21.0,1,39.16
flow_0.152,car,6,1,258182.573615,0.64,31.0,1,46.12
flow_0.153,car,6,1,298828.572887,0.96,43.0,1,60.11
flow_0.154,car,6,1,298105.468155,0.28,52.0,1,69.2
flow_0.155,car,6,1,169619.025269,0.6,0.0,0,11.51
flow_0.156,car,6,1,177229.883724,0.92,0.0,0,11.49
flow_0.157,car,6,1,198641.264983,0.24,0.0,0,15.93
flow_0.158,car,6,1,216978.09696,0.56,10.0,1,26.84
flow_0.159,car,6,1,233135.510384,0.88,21.0,1,36.02
flow_0.160,car,6,1,270162.03633,0.2,34.0,1,50.29
flow_0.161,car,6,1,295767.693676,0.52,43.0,1,60.82
flow_0.162,car,6,1,318818.495948,0.84,53.0,1,70.71
flow_0.163,car,6,1,160439.972058,0.16,0.0,0,11.77
flow_0.164,car,6,1,168159.907784,0.48,0.0,0,10.59
flow_0.165,car,6,1,160478.245511,0.8,0.0,0,11.58
flow_0.166,car,6,1,202137.956071,0.12,8.0,1,25.51
flow_0.167,car,6,1,249513.185389,0.44,23.0,1,39.8
flow_0.168,car,6,1,257549.931369,0.76,33.0,1,48.0
flow_0.169,car,6,1,299080.759741,0.08,47.0,1,63.24
flow_0.170,car,6,1,325000.692889,0.4,56.0,1,73.17
flow_0.171,car,6,1,162379.435935,0.72,0.0,0,10.93
flow_0.172,car,6,1,166266.885262,0.04,0.0,0,10.34
flow_0.173,car,6,1,197562.601223,0.36,1.0,1,17.54
flow_0.174,car,6,1,228798.112499,0.68,12.0,1,28.43
flow_0.175,car,6,1,252412.673143,0.0,22.0,1,40.26
flow_0.176,car,6,1,270370.008897,0.32,33.0,1,51.27
flow_0.177,car,6,1,286621.852324,0.64,43.0,1,60.26
flow_0.178,car,6,1,312264.456612,0.96,55.0,1,71.23
flow_0.179,car,6,1,169952.741055,0.28,0.0,0,10.65
flow_0.180,car,6,1,171413.517576,0.6,0.0,0,11.43
flow_0.181,car,6,1,196524.965171,0.92,1.0,1,15.57
flow_0.182,car,6,1,215937.730233,0.24,10.0,1,27.55
flow_0.183,car,6,1,235791.082994,0.56,22.0,1,38.49
flow_0.184,car,6,1,268184.839638,0.88,34.0,1,49.67
flow_0.185,car,6,1,300191.248618,0.2,48.0,1,62.65
flow_0.186,car,6,1,326600.17492,0.52,57.0,1,74.26
flow_0.187,car,6,1,175030.738095,0.84,0.0,0,11.54
flow_0.188,car,6,1,158901.441796,0.16,0.0,0,11.97
flow_0.189,car,6,1,199488.813042,0.48,0.0,0,18.25
flow_0.190,car,6,1,198440.291696,0.8,10.0,1,26.09
flow_0.191,car,6,1,251332.619513,0.12,26.0,1,40.94
flow_0.192,car,6,1,244685.190673,0.44,32.0,1,47.02
flow_0.193,car,6,1,296349.762631,0.76,45.0,1,61.4
flow_0.194,car,6,1,313639.162905,0.08,56.0,1,72.14
flow_0.195,car,6,1,171707.508995,0.4,0.0,0,10.97
flow_0.196,car,6,1,165371.316344,0.72,0.0,0,10.95
flow_0.197,car,6,1,203549.171676,0.04,2.0,1,19.1
flow_0.198,car,6,1,229770.023098,0.36,14.0,1,30.16
flow_0.199,car,6,1,243951.143732,0.68,23.0,1,39.72
flow_0.200,car,6,1,274986.009658,0.0,34.0,1,51.6
flow_0.201,car,6,1,306340.084194,0.32,47.0,1,64.39
flow_0.202,car,6,1,331354.722088,0.64,57.0,1,75.37
flow_0.203,car,6,1,178037.224332,0.96,0.0,0,11.61
flow_0.204,car,6,1,177124.024215,0.28,0.0,0,10.63
flow_0.205,car,6,1,201417.606671,0.6,4.0,1,19.3
flow_0.206,car,6,1,206928.612296,0.92,11.0,1,24.91
flow_0.207,car,6,1,251281.883941,0.24,25.0,1,42.82
flow_0.208,car,6,1,270486.770723,0.56,37.0,1,51.45
flow_0.209,car,6,1,300665.385514,0.88,48.0,1,64.54
flow_0.210,car,6,1,170439.061797,0.2,0.0,0,11.01
flow_0.211,car,6,1,167261.226552,0.52,0.0,0,11.7
flow_0.212,car,6,1,171293.518239,0.84,0.0,0,10.34
flow_0.213,car,6,1,202510.919474,0.16,5.0,1,20.75
flow_0.214,car,6,1,207099.611694,0.48,11.0,1,25.39
flow_0.215,car,6,1,266051.235756,0.8,28.0,1,42.58
flow_0.216,car,6,1,282144.959042,0.12,37.0,1,54.73
flow_0.217,car,6,1,300624.670681,0.44,49.0,1,64.52
flow_0.218,car,6,1,167673.027936,0.76,0.0,0,10.81
flow_0.219,car,6,1,166322.536407,0.08,0.0,0,10.94
flow_0.220,car,6,1,173824.577115,0.4,0.0,0,10.33
flow_0.221,car,6,1,204921.166784,0.72,5.0,1,19.61
flow_0.222,car,6,1,234810.668058,0.04,17.0,1,32.89
flow_0.223,car,6,1,253053.833199,0.36,25.0,1,42.03
flow_0.224,car,6,1,282934.258813,0.68,38.0,1,54.8
flow_0.225,car,6,1,296495.283088,0.0,48.0,1,64.08
flow_0.226,car,6,1,328716.966471,0.32,61.0,1,75.52
flow_0.227,car,6,1,169170.770635,0.64,0.0,0,11.94
flow_0.228,car,6,1,167079.937827,0.96,0.0,0,11.73
flow_0.229,car,6,1,207762.734404,0.28,5.0,1,21.77
flow_0.230,car,6,1,229066.814456,0.6,18.0,1,32.34
flow_0.231,car,6,1,241442.726531,0.92,25.0,1,41.93
flow_0.232,car,6,1,282432.874798,0.24,38.0,1,55.72
flow_0.233,car,6,1,296546.606471,0.56,48.0,1,65.57
flow_0.234,car,6,1,163276.377112,0.88,0.0,0,10.26
flow_0.235,car,6,1,172528.974967,0.2,0.0,0,11.41
flow_0.236,car,6,1,169155.532756,0.52,0.0,0,10.28
flow_0.237,car,6,1,205180.597964,0.84,3.0,1,20.15
flow_0.238,car,6,1,234086.191901,0.16,16.0,1,33.39
flow_0.239,car,6,1,261962.695564,0.48,28.0,1,43.6
flow_0.240,car,6,1,285670.025599,0.8,39.0,1,55.26
flow_0.241,car,6,1,303600.10433,0.12,49.0,1,65.59
flow_0.242,car,6,1,321780.852393,0.44,59.0,1,74.62
flow_0.243,car,6,1,176581.698298,0.76,0.0,0,13.34
flow_0.244,car,6,1,169220.347156,0.08,0.0,0,10.2
flow_0.245,car,6,1,189506.994808,0.4,3.0,1,19.12
flow_0.246,car,6,1,191488.286752,0.72,9.0,1,23.44
flow_0.247,car,6,1,257925.323302,0.04,29.0,1,44.11
flow_0.248,car,6,1,283337.038869,0.36,41.0,1,55.27
flow_0.249,car,6,1,315795.247726,0.68,52.0,1,67.08
flow_0.250,car,6,1,310321.716234,0.0,58.0,1,74.51
flow_0.251,car,6,1,171162.218148,0.32,0.0,0,10.2
flow_0.252,car,6,1,165533.743975,0.64,0.0,0,11.76
flow_0.253,car,6,1,198265.973476,0.96,3.0,1,20.99
flow_0.254,car,6,1,238555.392958,0.28,19.0,1,35.03
flow_0.255,car,6,1,261887.546732,0.6,28.0,1,43.94
flow_0.256,car,6,1,284950.949957,0.92,39.0,1,55.91
flow_0.257,car,6,1,300484.130537,0.24,49.0,1,65.98
flow_0.258,car,6,1,166264.302263,0.56,0.0,0,9.9
flow_0.259,car,6,1,166791.696968,0.88,0.0,0,10.97
flow_0.260,car,6,1,172654.805347,0.2,0.0,0,11.7
flow_0.261,car,6,1,194538.096087,0.52,4.0,1,19.46
flow_0.262,car,6,1,234960.210502,0.84,18.0,1,33.93
flow_0.263,car,6,1,259068.941197,0.16,28.0,1,45.9
flow_0.264,car,6,1,273181.699074,0.48,37.0,1,52.48
flow_0.265,car,6,1,307989.337556,0.8,50.0,1,67.27
flow_0.266,car,6,1,161543.434153,0.12,0.0,0,10.68
flow_0.267,car,6,1,163455.211844,0.44,0.0,0,10.47
flow_0.268,car,6,1,171473.193354,0.76,0.0,0,12.59
flow_0.269,car,6,1,212249.737697,0.08,7.0,1,23.33
flow_0.270,car,6,1,235871.867498,0.4,19.0,1,35.52
flow_0.271,car,6,1,260248.28561,0.72,31.0,1,46.41
flow_0.272,car,6,1,279285.990204,0.04,41.0,1,57.47
flow_0.273,car,6,1,314431.548952,0.36,54.0,1,69.63
flow_0.274,car,6,1,309938.567318,0.68,58.0,1,72.62
flow_0.275,car,6,1,170106.350264,0.0,0.0,0,11.06
flow_0.276,car,6,1,170192.21249,0.32,0.0,0,11.42
flow_0.277,car,6,1,195728.260395,0.64,5.0,1,20.9
flow_0.278,car,6,1,241007.12548,0.96,21.0,1,36.02
flow_0.279,car,6,1,269319.590215,0.28,31.0,1,46.07
flow_0.280,car,6,1,291091.499695,0.6,40.0,1,57.45
flow_0.281,car,6,1,310288.930774,0.92,52.0,1,70.17
flow_0.282,car,6,1,173636.160098,0.24,0.0,0,10.44
flow_0.283,car,6,1,168709.024967,0.56,0.0,0,11.25
flow_0.284,car,6,1,163763.823181,0.88,0.0,0,11.74
flow_0.285,car,6,1,212412.30436,0.2,8.0,1,25.64
flow_0.286,car,6,1,244640.279962,0.52,20.0,1,36.68
flow_0.287,car,6,1,263889.703518,0.84,32.0,1,47.53
flow_0.288,car,6,1,292041.888546,0.16,44.0,1,59.87
flow_0.289,car,6,1,317793.479957,0.48,52.0,1,70.7
flow_0.290,car,6,1,164086.110351,0.8,0.0,0,11.99
flow_0.291,car,6,1,176099.223402,0.12,0.0,0,10.5
flow_0.292,car,6,1,178626.210947,0.44,0.0,0,12.1
flow_0.293,car,6,1,215473.542354,0.76,10.0,1,24.2
flow_0.294,car,6,1,242203.344093,0.08,22.0,1,36.03
flow_0.295,car,6,1,265847.21018,0.4,33.0,1,48.5
flow_0.296,car,6,1,294675.565881,0.72,42.0,1,58.5
flow_0.297,car,6,1,319326.327929,0.04,52.0,1,70.93
flow_0.298,car,6,1,171211.589365,0.36,0.0,0,10.44
flow_0.299,car,6,1,159774.854732,0.68,0.0,0,11.09
flow_0.300,car,6,1,188170.820277,0.0,0.0,0,13.42
flow_0.301,car,6,1,220746.512412,0.32,11.0,1,26.18
flow_0.302,car,6,1,248289.660896,0.64,21.0,1,37.11
flow_0.303,car,6,1,268074.622392,0.96,32.0,1,48.63
flow_0.304,car,6,1,296441.598399,0.28,44.0,1,60.33
flow_0.305,car,6,1,316738.594303,0.6,57.0,1,71.69
flow_0.306,car,6,1,171056.187034,0.92,0.0,0,11.3
flow_0.307,car,6,1,167593.644093,0.24,0.0,0,11.02
flow_0.308,car,6,1,195388.383388,0.56,0.0,0,15.25
flow_0.309,car,6,1,202517.830216,0.88,8.0,1,22.21
flow_0.310,car,6,1,220691.527651,0.2,18.0,1,34.7
flow_0.311,car,6,1,242011.804266,0.52,30.0,1,43.38
flow_0.312,car,6,1,281550.196967,0.84,44.0,1,58.53
flow_0.313,car,6,1,316475.319247,0.16,56.0,1,71.44
flow_0.314,car,6,1,166390.883801,0.48,0.0,0,11.58
flow_0.315,car,6,1,176523.817598,0.8,0.0,0,9.49
flow_0.316,car,6,1,191534.669836,0.12,0.0,0,16.79
flow_0.317,car,6,1,202439.754724,0.44,8.0,1,24.58
flow_0.318,car,6,1,232419.275103,0.76,21.0,1,36.53
flow_0.319,car,6,1,280014.283266,0.08,35.0,1,50.92
flow_0.320,car,6,1,310057.786727,0.4,47.0,1,62.11
flow_0.321,car,6,1,321450.933067,0.72,56.0,1,70.35
flow_0.322,car,6,1,159480.907206,0.04,0.0,0,9.62
flow_0.323,car,6,1,165015.459826,0.36,0.0,0,11.79
flow_0.324,car,6,1,197223.978991,0.68,0.0,0,16.1
flow_0.325,car,6,1,225341.212211,0.0,11.0,1,28.76
flow_0.326,car,6,1,241207.472874,0.32,21.0,1,37.86
flow_0.327,car,6,1,277211.361122,0.64,35.0,1,50.14
flow_0.328,car,6,1,308079.996681,0.96,47.0,1,61.84
flow_0.329,car,6,1,300168.388998,0.28,52.0,1,69.04
flow_0.330,car,6,1,173825.258836,0.6,0.0,0,10.83
flow_0.331,car,6,1,170200.744149,0.92,0.0,0,11.55
flow_0.332,car,6,1,200223.88138,0.24,1.0,1,16.75
flow_0.333,car,6,1,210893.21301,0.56,11.0,1,26.78
flow_0.334,car,6,1,249530.030439,0.88,22.0,1,39.35
flow_1.0,bus,6,1,386936.728716,0.0,8.0,1,37.96
flow_1.1,bus,6,1,391153.011697,0.0,11.0,3,38.91
flow_1.2,bus,6,1,382418.526263,0.0,9.0,2,38.66
flow_1.3,bus,6,1,393782.984497,0.0,9.0,3,39.12
flow_1.4,bus,6,1,376499.173514,0.0,11.0,2,39.18
flow_1.5,bus,6,1,384835.633049,0.0,11.0,1,38.34
flow_1.6,bus,6,1,390139.002595,0.0,12.0,2,40.44
flow_1.7,bus,6,1,380655.572898,0.0,10.0,1,38.86
flow_1.8,bus,6,1,391866.872875,0.0,10.0,2,37.83
flow_1.9,bus,6,1,391001.220511,0.0,6.0,1,37.62
flow_1.10,bus,6,1,390251.572541,0.0,13.0,2,37.76
flow_1.11,bus,6,1,382016.526863,0.0,10.0,2,39.98
flow_0.0,car,7,1,242224.952847,0.0,23.0,1,38.91
flow_0.1,car,7,1,339726.819778,0.4,58.0,1,75.27
flow_0.2,car,7,1,208944.927611,0.8,7.0,1,20.9
flow_0.3,car,7,1,293324.256486,0.2,42.0,1,57.68
flow_0.4,car,7,1,163057.934953,0.6,0.0,0,11.78
flow_0.5,car,7,1,259293.907991,0.0,25.0,1,41.84
flow_0.6,car,7,1,324739.667352,0.4,59.0,1,73.96
flow_0.7,car,7,1,200290.971181,0.8,5.0,1,21.47
flow_0.8,car,7,1,273850.488601,0.2,40.0,1,56.2
flow_0.9,car,7,1,174366.343762,0.6,0.0,0,12.01
flow_0.10,car,7,1,251736.658215,0.0,28.0,1,42.67
flow_0.11,car,7,1,175007.817671,0.4,0.0,0,11.46
flow_0.12,car,7,1,214822.540231,0.8,10.0,1,25.47
flow_0.13,car,7,1,301653.429151,0.2,46.0,1,62.79
flow_0.14,car,7,1,167655.850631,0.6,0.0,0,11.42
flow_0.15,car,7,1,240051.366424,0.0,26.0,1,41.93
flow_0.16,car,7,1,164462.900836,0.4,0.0,0,10.8
flow_0.17,car,7,1,207032.279039,0.8,9.0,1,25.5
flow_0.18,car,7,1,306108.876979,0.2,49.0,1,64.4
flow_0.19,car,7,1,176218.578593,0.6,0.0,0,11.6
flow_0.20,car,7,1,266591.507594,0.0,33.0,1,47.83
flow_0.21,car,7,1,168439.942173,0.4,0.0,0,10.6
flow_0.22,car,7,1,201850.590487,0.8,10.0,1,25.88
flow_0.23,car,7,1,286364.711261,0.2,48.0,1,63.95
flow_0.24,car,7,1,163608.661939,0.6,0.0,0,11.59
flow_0.25,car,7,1,265208.828763,0.0,32.0,1,47.46
flow_0.26,car,7,1,168307.145241,0.4,0.0,0,10.02
flow_0.27,car,7,1,218911.439469,0.8,13.0,1,29.81
flow_0.28,car,7,1,311338.667519,0.2,52.0,1,68.2
flow_0.29,car,7,1,177972.157938,0.6,0.0,0,11.94
flow_0.30,car,7,1,276446.938797,0.0,36.0,1,51.85
flow_0.31,car,7,1,165335.466394,0.4,0.0,0,9.92
flow_0.32,car,7,1,227637.989365,0.8,16.0,1,32.56
flow_0.33,car,7,1,319566.384352,0.2,55.0,1,70.58
flow_0.34,car,7,1,189445.163036,0.6,0.0,0,13.05
flow_0.35,car,7,1,279665.439896,0.0,38.0,1,53.33
flow_0.36,car,7,1,165307.570701,0.4,0.0,0,11.44
flow_0.37,car,7,1,222281.378235,0.8,18.0,1,32.11
flow_0.38,car,7,1,316550.292008,0.2,56.0,1,71.57
flow_0.39,car,7,1,193066.259674,0.6,1.0,1,16.96
flow_0.40,car,7,1,290516.831911,0.0,39.0,1,55.25
flow_0.41,car,7,1,168736.256745,0.4,0.0,0,10.63
flow_0.42,car,7,1,239434.003045,0.8,22.0,1,37.9
flow_0.43,car,7,1,168425.494945,0.2,0.0,0,9.41
flow_0.44,car,7,1,210764.894799,0.6,6.0,1,20.32
flow_0.45,car,7,1,269193.32915,0.0,38.0,1,53.66
flow_0.46,car,7,1,164939.24525,0.4,0.0,0,11.21
flow_0.47,car,7,1,232411.157254,0.8,20.0,1,34.98
flow_0.48,car,7,1,163910.053255,0.2,0.0,0,9.47
flow_0.49,car,7,1,209235.447249,0.6,7.0,1,22.93
flow_0.50,car,7,1,294547.673459,0.0,43.0,1,60.3
flow_0.51,car,7,1,173231.014995,0.4,0.0,0,10.19
flow_0.52,car,7,1,250310.307902,0.8,25.0,1,39.75
flow_0.53,car,7,1,321978.473947,0.2,59.0,1,74.95
flow_0.54,car,7,1,219176.406052,0.6,10.0,1,24.91
flow_0.55,car,7,1,298728.456167,0.0,46.0,1,61.25
flow_0.56,car,7,1,169884.612204,0.4,0.0,0,10.98
flow_0.57,car,7,1,257262.123584,0.8,28.0,1,44.65
flow_0.58,car,7,1,168054.939937,0.2,0.0,0,9.63
flow_0.59,car,7,1,220234.45503,0.6,9.0,1,26.1
flow_0.60,car,7,1,302891.83426,0.0,46.0,1,63.89
flow_0.61,car,7,1,168337.185204,0.4,0.0,0,12.56
flow_0.62,car,7,1,244468.275011,0.8,26.0,1,41.28
flow_0.63,car,7,1,162862.386341,0.2,0.0,0,11.47
flow_0.64,car,7,1,212232.27829,0.6,9.0,1,25.56
flow_0.65,car,7,1,307647.829528,0.0,47.0,1,64.4
flow_0.66,car,7,1,177310.973826,0.4,0.0,0,10.55
flow_0.67,car,7,1,263305.888738,0.8,31.0,1,46.44
flow_0.68,car,7,1,165505.540327,0.2,0.0,0,10.96
flow_0.69,car,7,1,221631.02767,0.6,14.0,1,31.13
flow_0.70,car,7,1,300775.241886,0.0,50.0,1,66.53
flow_0.71,car,7,1,172222.086531,0.4,0.0,0,10.61
flow_0.72,car,7,1,271425.657311,0.8,32.0,1,49.28
flow_0.73,car,7,1,175025.921264,0.2,0.0,0,12.03
flow_0.74,car,7,1,237025.542518,0.6,15.0,1,32.61
flow_0.75,car,7,1,322257.073809,0.0,53.0,1,70.03
flow_0.76,car,7,1,192108.8564,0.4,0.0,0,14.28
flow_0.77,car,7,1,269093.17932,0.8,36.0,1,51.77
flow_0.78,car,7,1,177514.137259,0.2,0.0,0,10.66
flow_0.79,car,7,1,231507.992111,0.6,16.0,1,33.31
flow_0.80,car,7,1,323238.467522,0.0,57.0,1,71.87
flow_0.81,car,7,1,197432.516039,0.4,0.0,0,16.69
flow_0.82,car,7,1,280764.230148,0.8,36.0,1,53.72
flow_0.83,car,7,1,167340.002608,0.2,0.0,0,10.18
flow_0.84,car,7,1,242646.64774,0.6,19.0,1,37.2
flow_0.85,car,7,1,335353.953423,0.0,57.0,1,73.33
flow_0.86,car,7,1,207253.642601,0.4,5.0,1,20.48
flow_0.87,car,7,1,269284.623625,0.8,38.0,1,52.64
flow_0.88,car,7,1,162831.090955,0.2,0.0,0,11.0
flow_0.89,car,7,1,244970.081111,0.6,22.0,1,38.73
flow_0.90,car,7,1,325522.959828,0.0,60.0,1,75.78
flow_0.91,car,7,1,206581.694383,0.4,4.0,1,20.86
flow_0.92,car,7,1,273734.050725,0.8,39.0,1,54.27
flow_0.93,car,7,1,169992.823239,0.2,0.0,0,11.96
flow_0.94,car,7,1,250499.463723,0.6,24.0,1,40.72
flow_0.95,car,7,1,166230.616095,0.0,0.0,0,11.26
flow_0.96,car,7,1,208834.088657,0.4,6.0,1,23.12
flow_0.97,car,7,1,289993.69131,0.8,44.0,1,58.53
flow_0.98,car,7,1,166461.209702,0.2,0.0,0,11.96
flow_0.99,car,7,1,238546.742119,0.6,22.0,1,39.06
flow_0.100,car,7,1,176162.216421,0.0,0.0,0,10.48
flow_0.101,car,7,1,213286.633651,0.4,8.0,1,26.37
flow_0.102,car,7,1,298814.638045,0.8,45.0,1,60.73
flow_0.103,car,7,1,166882.473377,0.2,0.0,0,10.66
flow_0.104,car,7,1,256208.138376,0.6,25.0,1,42.17
flow_0.105,car,7,1,170222.908528,0.0,0.0,0,12.39
flow_0.106,car,7,1,204070.371333,0.4,8.0,1,23.74
flow_0.107,car,7,1,305208.633972,0.8,46.0,1,63.64
flow_0.108,car,7,1,171938.946836,0.2,0.0,0,10.99
flow_0.109,car,7,1,272808.75711,0.6,31.0,1,47.6
flow_0.110,car,7,1,166530.467862,0.0,0.0,0,11.7
flow_0.111,car,7,1,222485.904191,0.4,15.0,1,29.82
flow_0.112,car,7,1,311969.083586,0.8,48.0,1,64.77
flow_0.113,car,7,1,168020.519186,0.2,0.0,0,10.2
flow_0.114,car,7,1,264181.191992,0.6,31.0,1,46.58
flow_0.115,car,7,1,167061.956243,0.0,0.0,0,11.01
flow_0.116,car,7,1,228058.391427,0.4,14.0,1,32.08
flow_0.117,car,7,1,319053.126687,0.8,51.0,1,66.96
flow_0.118,car,7,1,179698.224546,0.2,0.0,0,11.85
flow_0.119,car,7,1,274086.860196,0.6,35.0,1,50.53
flow_0.120,car,7,1,169038.094579,0.0,0.0,0,10.44
flow_0.121,car,7,1,206732.982289,0.4,12.0,1,27.0
flow_0.122,car,7,1,309036.571748,0.8,53.0,1,70.44
flow_0.123,car,7,1,194577.174149,0.2,0.0,0,15.86
flow_0.124,car,7,1,280351.563646,0.6,36.0,1,51.57
flow_0.125,car,7,1,177708.113723,0.0,0.0,0,11.33
flow_0.126,car,7,1,235998.792878,0.4,18.0,1,34.7
flow_0.127,car,7,1,315732.257119,0.8,53.0,1,70.07
flow_0.128,car,7,1,199995.532677,0.2,2.0,1,17.85
flow_0.129,car,7,1,284049.255898,0.6,38.0,1,54.8
flow_0.130,car,7,1,168505.651014,0.0,0.0,0,10.19
flow_0.131,car,7,1,246760.731455,0.4,20.0,1,37.2
flow_0.132,car,7,1,328743.936202,0.8,57.0,1,72.59
flow_0.133,car,7,1,195803.315601,0.2,1.0,1,19.43
flow_0.134,car,7,1,292036.577968,0.6,41.0,1,57.08
flow_0.135,car,7,1,170593.991107,0.0,0.0,0,9.56
flow_0.136,car,7,1,248622.968267,0.4,24.0,1,40.23
flow_0.137,car,7,1,294410.765612,0.8,53.0,1,66.42
flow_0.138,car,7,1,215478.174307,0.2,7.0,1,22.64
flow_0.139,car,7,1,272842.054737,0.6,39.0,1,55.34
flow_0.140,car,7,1,172630.118275,0.0,0.0,0,10.69
flow_0.141,car,7,1,243497.83126,0.4,23.0,1,39.88
flow_0.142,car,7,1,167624.764045,0.8,0.0,0,10.69
flow_0.143,car,7,1,201952.634871,0.2,5.0,1,22.89
flow_0.144,car,7,1,294964.140978,0.6,43.0,1,59.84
flow_0.145,car,7,1,168019.848241,0.0,0.0,0,9.97
flow_0.146,car,7,1,245911.651255,0.4,24.0,1,41.32
flow_0.147,car,7,1,170578.545731,0.8,0.0,0,11.04
flow_0.148,car,7,1,226288.062844,0.2,11.0,1,26.56
flow_0.149,car,7,1,305404.801473,0.6,48.0,1,62.86
flow_0.150,car,7,1,166398.35476,0.0,0.0,0,10.58
flow_0.151,car,7,1,249192.449244,0.4,26.0,1,43.46
flow_0.152,car,7,1,162951.133187,0.8,0.0,0,9.79
flow_0.153,car,7,1,205800.791378,0.2,9.0,1,25.13
flow_0.154,car,7,1,306468.624711,0.6,50.0,1,64.05
flow_0.155,car,7,1,171925.310465,0.0,0.0,0,12.6
flow_0.156,car,7,1,264731.068046,0.4,31.0,1,46.7
flow_0.157,car,7,1,167687.974062,0.8,0.0,0,11.71
flow_0.158,car,7,1,228422.447814,0.2,14.0,1,30.32
flow_0.159,car,7,1,307820.679935,0.6,51.0,1,65.19
flow_0.160,car,7,1,172375.117828,0.0,0.0,0,10.41
flow_0.161,car,7,1,266268.818366,0.4,32.0,1,47.69
flow_0.162,car,7,1,168922.989118,0.8,0.0,0,10.42
flow_0.163,car,7,1,215108.593523,0.2,15.0,1,29.79
flow_0.164,car,7,1,294965.12796,0.6,48.0,1,64.79
flow_0.165,car,7,1,194969.897439,0.0,0.0,0,15.62
flow_0.166,car,7,1,261813.615841,0.4,32.0,1,50.92
flow_0.167,car,7,1,169770.153286,0.8,0.0,0,11.61
flow_0.168,car,7,1,237427.410454,0.2,18.0,1,34.27
flow_0.169,car,7,1,325928.671289,0.6,55.0,1,70.52
flow_0.170,car,7,1,198316.014801,0.0,2.0,1,18.2
flow_0.171,car,7,1,276410.283081,0.4,37.0,1,52.76
flow_0.172,car,7,1,167035.963416,0.8,0.0,0,10.2
flow_0.173,car,7,1,243583.432472,0.2,20.0,1,37.28
flow_0.174,car,7,1,322839.96253,0.6,56.0,1,72.96
flow_0.175,car,7,1,200016.169426,0.0,3.0,1,20.19
flow_0.176,car,7,1,270272.093009,0.4,38.0,1,55.18
flow_0.177,car,7,1,166253.806166,0.8,0.0,0,11.31
flow_0.178,car,7,1,225977.215044,0.2,18.0,1,34.53
flow_0.179,car,7,1,316838.612614,0.6,56.0,1,73.79
flow_0.180,car,7,1,209832.956052,0.0,4.0,1,20.57
flow_0.181,car,7,1,275794.457926,0.4,38.0,1,53.78
flow_0.182,car,7,1,167059.571238,0.8,0.0,0,11.78
flow_0.183,car,7,1,251341.090145,0.2,23.0,1,39.3
flow_0.184,car,7,1,163415.524855,0.6,0.0,0,10.93
flow_0.185,car,7,1,209565.193465,0.0,6.0,1,22.81
flow_0.186,car,7,1,270419.135118,0.4,38.0,1,54.91
flow_0.187,car,7,1,182383.500906,0.8,0.0,0,11.81
flow_0.188,car,7,1,236580.721549,0.2,23.0,1,38.84
flow_0.189,car,7,1,169899.08364,0.6,0.0,0,10.51
flow_0.190,car,7,1,196249.174583,0.0,4.0,1,19.56
flow_0.191,car,7,1,291050.502559,0.4,46.0,1,60.38
flow_0.192,car,7,1,164881.489261,0.8,0.0,0,11.29
flow_0.193,car,7,1,260441.910323,0.2,28.0,1,44.52
flow_0.194,car,7,1,166501.851127,0.6,0.0,0,11.41
flow_0.195,car,7,1,214128.43508,0.0,10.0,1,27.38
flow_0.196,car,7,1,312316.40152,0.4,45.0,1,63.31
flow_0.197,car,7,1,177248.342912,0.8,0.0,0,10.46
flow_0.198,car,7,1,269479.209551,0.2,31.0,1,45.41
flow_0.199,car,7,1,173019.861027,0.6,0.0,0,11.25
flow_0.200,car,7,1,224790.018353,0.0,11.0,1,27.57
flow_0.201,car,7,1,309062.475804,0.4,48.0,1,65.9
flow_0.202,car,7,1,174940.664759,0.8,0.0,0,11.91
flow_0.203,car,7,1,269255.120641,0.2,34.0,1,48.41
flow_0.204,car,7,1,165018.249868,0.6,0.0,0,10.05
flow_0.205,car,7,1,225930.155175,0.0,15.0,1,31.28
flow_0.206,car,7,1,303036.188119,0.4,48.0,1,66.7
flow_0.207,car,7,1,174105.118,0.8,0.0,0,11.54
flow_0.208,car,7,1,278513.888886,0.2,34.0,1,50.58
flow_0.209,car,7,1,162056.342932,0.6,0.0,0,11.66
flow_0.210,car,7,1,235573.824818,0.0,15.0,1,33.72
flow_0.211,car,7,1,314385.040257,0.4,54.0,1,69.32
flow_0.212,car,7,1,168687.543784,0.8,0.0,0,11.37
flow_0.213,car,7,1,276426.275627,0.2,35.0,1,52.79
flow_0.214,car,7,1,163057.658681,0.6,0.0,0,11.49
flow_0.215,car,7,1,236952.043513,0.0,19.0,1,34.54
flow_0.216,car,7,1,321975.996917,0.4,57.0,1,71.58
flow_0.217,car,7,1,199853.774834,0.8,1.0,1,17.92
flow_0.218,car,7,1,281601.454692,0.2,38.0,1,54.64
flow_0.219,car,7,1,173312.7656,0.6,0.0,0,12.45
flow_0.220,car,7,1,250357.070889,0.0,23.0,1,37.36
flow_0.221,car,7,1,319119.776005,0.4,58.0,1,73.67
flow_0.222,car,7,1,197407.242044,0.8,2.0,1,18.23
flow_0.223,car,7,1,270665.49686,0.2,38.0,1,53.76
flow_0.224,car,7,1,163497.47281,0.6,0.0,0,12.65
flow_0.225,car,7,1,243907.284754,0.0,24.0,1,39.9
flow_0.226,car,7,1,313676.752876,0.4,55.0,1,71.91
flow_0.227,car,7,1,198675.498365,0.8,4.0,1,21.29
flow_0.228,car,7,1,292179.667551,0.2,42.0,1,59.18
flow_0.229,car,7,1,164198.837231,0.6,0.0,0,11.34
flow_0.230,car,7,1,248877.47792,0.0,24.0,1,40.74
flow_0.231,car,7,1,330067.375504,0.4,60.0,1,76.8
flow_0.232,car,7,1,214388.895458,0.8,7.0,1,23.99
flow_0.233,car,7,1,301161.555669,0.2,45.0,1,60.54
flow_0.234,car,7,1,169340.826359,0.6,0.0,0,10.45
flow_0.235,car,7,1,257395.664236,0.0,27.0,1,43.02
flow_0.236,car,7,1,176978.062967,0.4,0.0,0,11.44
flow_0.237,car,7,1,220208.105848,0.8,9.0,1,24.78
flow_0.238,car,7,1,302199.355477,0.2,47.0,1,61.97
flow_0.239,car,7,1,167894.032061,0.6,0.0,0,11.84
flow_0.240,car,7,1,243969.074767,0.0,25.0,1,41.32
flow_0.241,car,7,1,166662.884675,0.4,0.0,0,11.57
flow_0.242,car,7,1,211069.296548,0.8,10.0,1,25.77
flow_0.243,car,7,1,283914.96591,0.2,45.0,1,60.35
flow_0.244,car,7,1,150730.870848,0.6,0.0,0,11.06
flow_0.245,car,7,1,267876.900216,0.0,31.0,1,47.26
flow_0.246,car,7,1,172763.904261,0.4,0.0,0,11.36
flow_0.247,car,7,1,199971.752106,0.8,9.0,1,24.21
flow_0.248,car,7,1,269385.707953,0.2,43.0,1,58.76
flow_0.249,car,7,1,171586.734119,0.6,0.0,0,10.98
flow_0.250,car,7,1,269385.45471,0.0,33.0,1,49.61
flow_0.251,car,7,1,163379.019529,0.4,0.0,0,12.43
flow_0.252,car,7,1,228991.28107,0.8,16.0,1,31.4
flow_0.253,car,7,1,301772.704615,0.2,50.0,1,66.9
flow_0.254,car,7,1,178535.186558,0.6,0.0,0,11.6
flow_0.255,car,7,1,263241.180163,0.0,31.0,1,48.73
flow_0.256,car,7,1,174855.347403,0.4,0.0,0,12.06
flow_0.257,car,7,1,231198.209828,0.8,19.0,1,33.03
flow_0.258,car,7,1,314472.03627,0.2,54.0,1,69.74
flow_0.259,car,7,1,159869.73597,0.6,0.0,0,11.16
flow_0.260,car,7,1,281906.381711,0.0,36.0,1,53.38
flow_0.261,car,7,1,173575.962668,0.4,0.0,0,10.64
flow_0.262,car,7,1,222219.606676,0.8,14.0,1,30.93
flow_0.263,car,7,1,319224.62627,0.2,56.0,1,71.41
flow_0.264,car,7,1,179621.395734,0.6,0.0,0,14.92
flow_0.265,car,7,1,290629.797901,0.0,41.0,1,55.91
flow_0.266,car,7,1,174605.136955,0.4,0.0,0,12.1
flow_1.0,bus,7,1,386936.728716,0.0,8.0,1,37.96
flow_1.1,bus,7,1,390183.173303,0.0,9.0,2,39.48
flow_1.2,bus,7,1,387849.366994,0.0,8.0,1,40.21
flow_1.3,bus,7,1,387007.301454,0.0,9.0,3,39.29
flow_1.4,bus,7,1,379422.139107,0.0,9.0,2,36.41
flow_1.5,bus,7,1,397073.751868,0.0,11.0,2,39.94
flow_1.6,bus,7,1,387650.924413,0.0,13.0,1,37.98
flow_1.7,bus,7,1,376669.71853,0.0,10.0,1,38.62
flow_1.8,bus,7,1,385937.305417,0.0,11.0,2,37.15
flow_1.9,bus,7,1,386771.728067,0.0,11.0,2,38.6
flow_1.10,bus,7,1,386549.591653,0.0,11.0,1,37.63
flow_1.11,bus,7,1,378542.491509,0.0,9.0,3,39.93
