tripinfo_id,tripinfo_vType,day,sim,CO2_abs,departDelay,waitingTime,waitingCount,timeLoss
flow_0.0,car,1,1,242224.95,0.0,23.0,1,38.91
flow_0.1,car,1,1,250168.82,0.4,19.0,1,35.88
flow_0.2,car,1,1,238355.61,0.8,18.0,1,33.22
flow_0.3,car,1,1,233975.1,0.2,15.0,1,30.91
flow_0.4,car,1,1,196606.94,0.6,6.0,1,23.33
flow_0.5,car,1,1,221089.96,0.0,10.0,1,26.47
flow_0.6,car,1,1,195375.73,0.4,5.0,1,19.66
flow_0.7,car,1,1,192533.4,0.8,1.0,1,18.56
flow_0.8,car,1,1,172438.56,0.2,0.0,0,13.12
flow_0.9,car,1,1,187731.4,0.6,0.0,0,13.79
flow_0.10,car,1,1,167508.56,0.0,0.0,0,11.06
flow_0.11,car,1,1,170602.03,0.4,0.0,0,11.14
flow_0.12,car,1,1,164807.79,0.8,0.0,0,10.36
flow_0.13,car,1,1,171489.8,0.2,0.0,0,11.89
flow_0.14,car,1,1,166967.47,0.6,0.0,0,11.14
flow_0.15,car,1,1,161161.26,0.0,0.0,0,11.59
flow_0.16,car,1,1,163750.96,0.4,0.0,0,11.02
flow_0.17,car,1,1,163433.37,0.8,0.0,0,11.98
flow_0.18,car,1,1,167183.47,0.2,0.0,0,11.31
flow_0.19,car,1,1,174486.44,0.6,0.0,0,11.18
flow_0.20,car,1,1,172738.7,0.0,0.0,0,11.54
flow_0.21,car,1,1,325609.34,0.4,58.0,1,73.55
flow_0.22,car,1,1,302259.59,0.8,52.0,1,68.22
flow_0.23,car,1,1,287823.62,0.2,48.0,1,65.34
flow_0.24,car,1,1,292716.82,0.6,48.0,1,63.44
flow_0.25,car,1,1,289996.84,0.0,45.0,1,61.4
flow_0.26,car,1,1,290011.59,0.4,44.0,1,60.68
flow_0.27,car,1,1,291240.07,0.8,42.0,1,58.74
flow_0.28,car,1,1,275863.71,0.2,38.0,1,54.08
flow_0.29,car,1,1,280339.71,0.6,37.0,1,53.73
flow_0.30,car,1,1,270920.55,0.0,36.0,1,51.96
flow_0.31,car,1,1,266255.51,0.4,31.0,1,48.15
flow_0.32,car,1,1,262164.65,0.8,31.0,1,45.45
flow_0.33,car,1,1,252804.58,0.2,28.0,1,43.44
flow_0.34,car,1,1,251794.09,0.6,22.0,1,39.41
flow_0.35,car,1,1,242637.15,0.0,22.0,1,36.88
flow_0.36,car,1,1,240580.07,0.4,18.0,1,35.12
flow_0.37,car,1,1,227392.85,0.8,17.0,1,31.95
flow_0.38,car,1,1,207643.33,0.2,11.0,1,27.72
flow_0.39,car,1,1,223412.28,0.6,13.0,1,26.92
flow_0.40,car,1,1,210597.31,0.0,6.0,1,22.77
flow_0.41,car,1,1,211631.98,0.4,4.0,1,22.52
flow_0.42,car,1,1,209784.33,0.8,4.0,1,19.77
flow_0.43,car,1,1,203169.53,0.2,2.0,1,17.65
flow_0.44,car,1,1,192466.12,0.6,0.0,0,13.65
flow_0.45,car,1,1,170619.88,0.0,0.0,0,10.67
flow_0.46,car,1,1,161987.15,0.4,0.0,0,11.69
flow_0.47,car,1,1,164755.33,0.8,0.0,0,10.51
flow_0.48,car,1,1,157615.12,0.2,0.0,0,10.58
flow_0.49,car,1,1,164327.52,0.6,0.0,0,11.0
flow_0.50,car,1,1,169438.41,0.0,0.0,0,10.22
flow_0.51,car,1,1,172421.37,0.4,0.0,0,10.48
flow_0.52,car,1,1,168644.94,0.8,0.0,0,10.24
flow_0.53,car,1,1,172462.63,0.2,0.0,0,11.01
flow_0.54,car,1,1,171496.49,0.6,0.0,0,10.85
flow_0.55,car,1,1,319461.35,0.0,58.0,1,73.72
flow_0.56,car,1,1,328594.41,0.4,59.0,1,73.4
flow_0.57,car,1,1,315962.89,0.8,52.0,1,71.14
flow_0.58,car,1,1,306998.29,0.2,51.0,1,68.18
flow_0.59,car,1,1,303008.45,0.6,51.0,1,65.79
flow_0.60,car,1,1,308971.11,0.0,48.0,1,63.79
flow_0.61,car,1,1,297688.96,0.4,44.0,1,60.39
flow_0.62,car,1,1,291552.23,0.8,39.0,1,56.84
flow_0.63,car,1,1,275861.86,0.2,36.0,1,53.22
flow_0.64,car,1,1,261273.45,0.6,33.0,1,48.91
flow_0.65,car,1,1,254464.06,0.0,32.0,1,47.33
flow_0.66,car,1,1,243762.76,0.4,28.0,1,44.56
flow_0.67,car,1,1,263992.18,0.8,27.0,1,44.07
flow_0.68,car,1,1,252136.74,0.2,24.0,1,41.78
flow_0.69,car,1,1,251529.93,0.6,23.0,1,38.94
flow_0.70,car,1,1,240635.06,0.0,19.0,1,36.85
flow_0.71,car,1,1,228667.09,0.4,16.0,1,32.49
flow_0.72,car,1,1,224847.68,0.8,13.0,1,32.02
flow_0.73,car,1,1,213462.63,0.2,11.0,1,27.78
flow_0.74,car,1,1,214272.37,0.6,9.0,1,25.27
flow_0.75,car,1,1,218489.88,0.0,8.0,1,23.67
flow_0.76,car,1,1,202106.45,0.4,6.0,1,21.4
flow_0.77,car,1,1,212996.5,0.8,4.0,1,18.59
flow_0.78,car,1,1,194156.52,0.2,0.0,0,17.36
flow_0.79,car,1,1,172798.62,0.6,0.0,0,10.7
flow_0.80,car,1,1,171425.03,0.0,0.0,0,10.71
flow_0.81,car,1,1,169089.71,0.4,0.0,0,9.7
flow_0.82,car,1,1,164063.65,0.8,0.0,0,9.67
flow_0.83,car,1,1,165383.0,0.2,0.0,0,11.99
flow_0.84,car,1,1,170206.81,0.6,0.0,0,11.08
flow_0.85,car,1,1,167662.83,0.0,0.0,0,10.4
flow_0.86,car,1,1,174795.44,0.4,0.0,0,10.76
flow_0.87,car,1,1,175461.69,0.8,0.0,0,11.18
flow_0.88,car,1,1,170758.52,0.2,0.0,0,10.42
flow_0.89,car,1,1,317786.62,0.6,59.0,1,74.34
flow_0.90,car,1,1,303944.23,0.0,55.0,1,70.73
flow_0.91,car,1,1,312148.39,0.4,55.0,1,70.11
flow_0.92,car,1,1,317803.92,0.8,52.0,1,69.86
flow_0.93,car,1,1,312869.74,0.2,51.0,1,67.06
flow_0.94,car,1,1,307460.17,0.6,48.0,1,65.33
flow_0.95,car,1,1,285239.67,0.0,42.0,1,59.89
flow_0.96,car,1,1,300803.25,0.4,43.0,1,59.98
flow_0.97,car,1,1,282703.52,0.8,40.0,1,56.41
flow_0.98,car,1,1,285460.16,0.2,39.0,1,53.95
flow_0.99,car,1,1,273346.55,0.6,33.0,1,49.69
flow_0.100,car,1,1,265611.04,0.0,33.0,1,47.6
flow_0.101,car,1,1,259557.28,0.4,29.0,1,44.93
flow_0.102,car,1,1,243711.86,0.8,25.0,1,40.59
flow_0.103,car,1,1,256494.18,0.2,25.0,1,41.1
flow_0.104,car,1,1,247832.52,0.6,22.0,1,37.38
flow_0.105,car,1,1,237599.39,0.0,21.0,1,35.64
flow_0.106,car,1,1,232780.24,0.4,17.0,1,34.34
flow_0.107,car,1,1,228195.44,0.8,13.0,1,29.24
flow_0.108,car,1,1,214330.42,0.2,9.0,1,25.95
flow_0.109,car,1,1,200835.36,0.6,8.0,1,22.28
flow_0.110,car,1,1,220776.37,0.0,8.0,1,22.75
flow_0.111,car,1,1,204030.71,0.4,3.0,1,20.93
flow_0.112,car,1,1,206118.92,0.8,1.0,1,17.05
flow_0.113,car,1,1,174396.73,0.2,0.0,0,11.18
flow_0.114,car,1,1,176127.96,0.6,0.0,0,10.72
flow_0.115,car,1,1,178740.8,0.0,0.0,0,11.74
flow_0.116,car,1,1,179378.71,0.4,0.0,0,11.55
flow_0.117,car,1,1,170928.81,0.8,0.0,0,10.85
flow_0.118,car,1,1,162058.37,0.2,0.0,0,10.32
flow_0.119,car,1,1,173440.22,0.6,0.0,0,9.71
flow_0.120,car,1,1,168683.15,0.0,0.0,0,11.2
flow_0.121,car,1,1,175101.79,0.4,0.0,0,10.69
flow_0.122,car,1,1,165758.18,0.8,0.0,0,10.55
flow_0.123,car,1,1,161147.13,0.2,0.0,0,10.0
flow_0.124,car,1,1,171473.08,0.6,0.0,0,10.11
flow_0.125,car,1,1,296801.32,0.0,54.0,1,68.27
flow_0.126,car,1,1,320994.36,0.4,55.0,1,71.25
flow_0.127,car,1,1,311493.59,0.8,50.0,1,67.97
flow_0.128,car,1,1,305849.15,0.2,49.0,1,65.83
flow_0.129,car,1,1,308268.42,0.6,49.0,1,62.99
flow_0.130,car,1,1,295375.52,0.0,46.0,1,61.11
flow_0.131,car,1,1,290009.15,0.4,41.0,1,58.59
flow_0.132,car,1,1,283642.45,0.8,38.0,1,55.93
flow_0.133,car,1,1,279967.57,0.2,35.0,1,53.03
flow_0.134,car,1,1,273635.32,0.6,36.0,1,50.16
flow_0.135,car,1,1,274310.89,0.0,33.0,1,47.8
flow_0.136,car,1,1,263249.34,0.4,30.0,1,45.76
flow_0.137,car,1,1,242093.63,0.8,27.0,1,41.38
flow_0.138,car,1,1,255019.8,0.2,26.0,1,40.67
flow_0.139,car,1,1,250561.51,0.6,22.0,1,38.05
flow_0.140,car,1,1,231831.02,0.0,17.0,1,32.29
flow_0.141,car,1,1,233172.23,0.4,17.0,1,32.82
flow_0.142,car,1,1,190256.65,0.8,6.0,1,20.56
flow_0.143,car,1,1,218550.73,0.2,12.0,1,27.44
flow_0.144,car,1,1,192180.02,0.6,2.0,1,21.38
flow_0.145,car,1,1,212680.07,0.0,6.0,1,21.97
flow_0.146,car,1,1,203997.56,0.4,1.0,1,18.28
flow_0.147,car,1,1,196136.95,0.8,2.0,1,16.86
flow_0.148,car,1,1,179457.36,0.2,0.0,0,11.09
flow_0.149,car,1,1,169308.09,0.6,0.0,0,12.42
flow_0.150,car,1,1,168802.93,0.0,0.0,0,10.85
flow_0.151,car,1,1,167751.93,0.4,0.0,0,11.88
flow_0.152,car,1,1,163303.93,0.8,0.0,0,9.99
flow_0.153,car,1,1,171228.0,0.2,0.0,0,10.68
flow_0.154,car,1,1,162922.82,0.6,0.0,0,9.68
flow_0.155,car,1,1,174516.58,0.0,0.0,0,11.84
flow_0.156,car,1,1,158739.2,0.4,0.0,0,10.41
flow_0.157,car,1,1,162953.49,0.8,0.0,0,12.38
flow_0.158,car,1,1,172473.17,0.2,0.0,0,10.97
flow_0.159,car,1,1,329566.46,0.6,58.0,1,75.5
flow_0.160,car,1,1,327089.1,0.0,58.0,1,73.37
flow_0.161,car,1,1,319289.0,0.4,55.0,1,70.23
flow_0.162,car,1,1,295755.38,0.8,48.0,1,64.29
flow_0.163,car,1,1,308320.48,0.2,49.0,1,65.51
flow_0.164,car,1,1,302514.75,0.6,48.0,1,62.85
flow_0.165,car,1,1,295219.59,0.0,44.0,1,59.79
flow_0.166,car,1,1,282053.27,0.4,41.0,1,55.35
flow_0.167,car,1,1,280733.32,0.8,38.0,1,54.86
flow_0.168,car,1,1,264883.1,0.2,34.0,1,50.2
flow_0.169,car,1,1,256697.94,0.6,29.0,1,46.28
flow_0.170,car,1,1,266868.03,0.0,33.0,1,47.7
flow_0.171,car,1,1,254948.23,0.4,28.0,1,43.22
flow_0.172,car,1,1,242757.73,0.8,22.0,1,38.8
flow_0.173,car,1,1,248151.94,0.2,22.0,1,39.13
flow_0.174,car,1,1,251668.28,0.6,19.0,1,36.36
flow_0.175,car,1,1,241475.34,0.0,17.0,1,34.58
flow_0.176,car,1,1,232074.24,0.4,15.0,1,31.12
flow_0.177,car,1,1,221004.85,0.8,10.0,1,28.01
flow_0.178,car,1,1,216086.71,0.2,10.0,1,26.69
flow_0.179,car,1,1,214019.71,0.6,6.0,1,23.69
flow_0.180,car,1,1,202319.11,0.0,5.0,1,20.84
flow_0.181,car,1,1,193105.77,0.4,1.0,1,16.03
flow_0.182,car,1,1,163723.99,0.8,0.0,0,11.51
flow_0.183,car,1,1,180754.68,0.2,0.0,0,10.96
flow_0.184,car,1,1,153860.71,0.6,0.0,0,10.9
flow_0.185,car,1,1,170385.25,0.0,0.0,0,10.76
flow_0.186,car,1,1,171044.39,0.4,0.0,0,12.19
flow_0.187,car,1,1,163912.17,0.8,0.0,0,10.29
flow_0.188,car,1,1,166126.34,0.2,0.0,0,11.05
flow_0.189,car,1,1,176379.52,0.6,0.0,0,10.31
flow_0.190,car,1,1,172882.57,0.0,0.0,0,10.62
flow_0.191,car,1,1,173425.1,0.4,0.0,0,10.6
flow_0.192,car,1,1,319153.72,0.8,59.0,1,75.02
flow_0.193,car,1,1,173623.11,0.2,0.0,0,10.59
flow_0.194,car,1,1,314337.99,0.6,55.0,1,70.32
flow_0.195,car,1,1,326633.98,0.0,55.0,1,71.67
flow_0.196,car,1,1,288234.26,0.4,48.0,1,63.6
flow_0.197,car,1,1,303198.95,0.8,47.0,1,64.96
flow_0.198,car,1,1,286949.46,0.2,45.0,1,60.25
flow_0.199,car,1,1,302662.65,0.6,45.0,1,61.1
flow_0.200,car,1,1,298674.46,0.0,44.0,1,59.66
flow_0.201,car,1,1,288417.18,0.4,40.0,1,56.81
flow_0.202,car,1,1,288562.93,0.8,36.0,1,53.12
flow_0.203,car,1,1,274787.41,0.2,36.0,1,51.52
flow_0.204,car,1,1,263524.28,0.6,33.0,1,47.61
flow_0.205,car,1,1,258021.44,0.0,28.0,1,44.69
flow_0.206,car,1,1,251792.36,0.4,25.0,1,42.88
flow_0.207,car,1,1,247208.31,0.8,23.0,1,40.13
flow_0.208,car,1,1,245036.55,0.2,24.0,1,38.95
flow_0.209,car,1,1,243411.2,0.6,20.0,1,34.01
flow_0.210,car,1,1,239244.55,0.0,17.0,1,33.21
flow_0.211,car,1,1,204230.22,0.4,10.0,1,24.47
flow_0.212,car,1,1,221382.67,0.8,11.0,1,27.86
flow_0.213,car,1,1,213808.49,0.2,6.0,1,23.93
flow_0.214,car,1,1,206942.74,0.6,6.0,1,22.22
flow_0.215,car,1,1,203868.65,0.0,4.0,1,21.08
flow_0.216,car,1,1,176934.0,0.4,0.0,0,12.89
flow_0.217,car,1,1,180761.47,0.8,0.0,0,13.02
flow_0.218,car,1,1,163404.3,0.2,0.0,0,10.19
flow_0.219,car,1,1,163656.1,0.6,0.0,0,10.09
flow_0.220,car,1,1,174321.02,0.0,0.0,0,11.33
flow_0.221,car,1,1,174013.1,0.4,0.0,0,9.97
flow_0.222,car,1,1,169955.56,0.8,0.0,0,10.13
flow_0.223,car,1,1,171347.18,0.2,0.0,0,9.56
flow_0.224,car,1,1,169374.85,0.6,0.0,0,10.78
flow_0.225,car,1,1,169215.94,0.0,0.0,0,10.95
flow_0.226,car,1,1,171605.79,0.4,0.0,0,11.29
flow_0.227,car,1,1,174613.23,0.8,0.0,0,11.83
flow_0.228,car,1,1,163007.52,0.2,0.0,0,9.98
flow_0.229,car,1,1,323150.26,0.6,55.0,1,71.92
flow_0.230,car,1,1,322543.59,0.0,56.0,1,71.46
flow_0.231,car,1,1,299436.91,0.4,50.0,1,65.65
flow_0.232,car,1,1,304601.52,0.8,47.0,1,64.63
flow_0.233,car,1,1,301974.99,0.2,47.0,1,63.43
flow_0.234,car,1,1,297116.64,0.6,45.0,1,60.39
flow_0.235,car,1,1,290416.94,0.0,45.0,1,59.15
flow_0.236,car,1,1,272113.95,0.4,38.0,1,53.34
flow_0.237,car,1,1,281622.13,0.8,35.0,1,52.34
flow_0.238,car,1,1,273136.11,0.2,31.0,1,49.52
flow_0.239,car,1,1,265861.03,0.6,29.0,1,46.48
flow_0.240,car,1,1,258217.04,0.0,29.0,1,45.39
flow_0.241,car,1,1,249172.34,0.4,26.0,1,43.21
flow_0.242,car,1,1,239364.68,0.8,22.0,1,38.2
flow_0.243,car,1,1,233168.82,0.2,18.0,1,37.06
flow_0.244,car,1,1,231927.55,0.6,19.0,1,34.34
flow_0.245,car,1,1,231678.88,0.0,17.0,1,32.87
flow_0.246,car,1,1,215976.22,0.4,10.0,1,28.06
flow_0.247,car,1,1,203465.51,0.8,8.0,1,22.6
flow_0.248,car,1,1,207894.24,0.2,8.0,1,24.64
flow_0.249,car,1,1,199815.7,0.6,4.0,1,20.63
flow_0.250,car,1,1,178783.53,0.0,0.0,0,14.94
flow_0.251,car,1,1,162466.36,0.4,0.0,0,12.16
flow_0.252,car,1,1,168100.63,0.8,0.0,0,11.48
flow_0.253,car,1,1,172476.19,0.2,0.0,0,9.2
flow_0.254,car,1,1,168762.43,0.6,0.0,0,11.32
flow_0.255,car,1,1,168016.94,0.0,0.0,0,12.37
flow_0.256,car,1,1,165024.78,0.4,0.0,0,11.52
flow_0.257,car,1,1,170896.89,0.8,0.0,0,10.22
flow_0.258,car,1,1,171946.73,0.2,0.0,0,10.32
flow_0.259,car,1,1,174458.64,0.6,0.0,0,10.67
flow_0.260,car,1,1,171628.76,0.0,0.0,0,10.16
flow_0.261,car,1,1,173131.52,0.4,0.0,0,10.86
flow_0.262,car,1,1,170914.53,0.8,0.0,0,11.14
flow_0.263,car,1,1,320028.01,0.2,58.0,1,73.13
flow_0.264,car,1,1,318797.48,0.6,55.0,1,71.11
flow_0.265,car,1,1,318504.26,0.0,55.0,1,70.18
flow_0.266,car,1,1,309693.22,0.4,51.0,1,66.59
flow_0.267,car,1,1,282014.05,0.8,43.0,1,60.42
flow_0.268,car,1,1,293115.6,0.2,46.0,1,62.51
flow_0.269,car,1,1,290289.42,0.6,41.0,1,59.43
flow_0.270,car,1,1,268154.68,0.0,37.0,1,52.74
flow_0.271,car,1,1,274038.45,0.4,35.0,1,53.77
flow_0.272,car,1,1,258700.43,0.8,32.0,1,48.11
flow_0.273,car,1,1,270225.75,0.2,33.0,1,49.93
flow_0.274,car,1,1,258433.9,0.6,29.0,1,46.15
flow_0.275,car,1,1,254107.67,0.0,26.0,1,43.39
flow_0.276,car,1,1,252821.96,0.4,25.0,1,40.71
flow_0.277,car,1,1,249408.34,0.8,22.0,1,39.24
flow_0.278,car,1,1,225664.16,0.2,19.0,1,34.97
flow_0.279,car,1,1,235253.11,0.6,18.0,1,32.57
flow_0.280,car,1,1,193395.79,0.0,9.0,1,23.5
flow_0.281,car,1,1,221431.17,0.4,13.0,1,28.12
flow_0.282,car,1,1,218229.12,0.8,10.0,1,25.15
flow_0.283,car,1,1,192617.61,0.2,3.0,1,19.85
flow_0.284,car,1,1,198251.81,0.6,5.0,1,20.91
flow_0.285,car,1,1,194426.93,0.0,3.0,1,18.33
flow_0.286,car,1,1,181734.56,0.4,0.0,0,11.9
flow_0.287,car,1,1,171318.13,0.8,0.0,0,9.93
flow_0.288,car,1,1,167494.1,0.2,0.0,0,10.63
flow_0.289,car,1,1,161804.69,0.6,0.0,0,10.95
flow_0.290,car,1,1,174471.32,0.0,0.0,0,13.01
flow_0.291,car,1,1,166581.66,0.4,0.0,0,10.74
flow_0.292,car,1,1,172037.71,0.8,0.0,0,10.61
flow_0.293,car,1,1,181333.57,0.2,0.0,0,10.46
flow_0.294,car,1,1,175216.9,0.6,0.0,0,11.33
flow_0.295,car,1,1,165426.49,0.0,0.0,0,10.41
flow_0.296,car,1,1,165664.25,0.4,0.0,0,10.72
flow_0.297,car,1,1,322409.78,0.8,57.0,1,74.11
flow_0.298,car,1,1,321366.31,0.2,55.0,1,73.56
flow_0.299,car,1,1,321794.03,0.6,55.0,1,71.02
flow_0.300,car,1,1,313989.54,0.0,52.0,1,68.82
flow_0.301,car,1,1,308292.42,0.4,48.0,1,64.85
flow_0.302,car,1,1,305661.4,0.8,47.0,1,62.71
flow_0.303,car,1,1,297276.41,0.2,44.0,1,61.28
flow_0.304,car,1,1,283999.42,0.6,41.0,1,57.62
flow_0.305,car,1,1,286563.71,0.0,41.0,1,56.54
flow_0.306,car,1,1,271525.85,0.4,33.0,1,50.47
flow_0.307,car,1,1,277955.47,0.8,35.0,1,50.77
flow_0.308,car,1,1,274747.16,0.2,34.0,1,48.25
flow_0.309,car,1,1,268853.29,0.6,30.0,1,45.94
flow_0.310,car,1,1,265482.43,0.0,26.0,1,43.59
flow_0.311,car,1,1,243550.44,0.4,24.0,1,40.44
flow_0.312,car,1,1,237674.28,0.8,19.0,1,35.74
flow_0.313,car,1,1,238869.78,0.2,20.0,1,35.57
flow_0.314,car,1,1,232432.97,0.6,16.0,1,32.72
flow_0.315,car,1,1,231133.7,0.0,15.0,1,30.7
flow_0.316,car,1,1,203243.38,0.4,9.0,1,23.79
flow_0.317,car,1,1,195316.21,0.8,5.0,1,20.77
flow_0.318,car,1,1,184953.15,0.2,2.0,1,16.95
flow_0.319,car,1,1,190913.63,0.6,2.0,1,17.28
flow_0.320,car,1,1,203119.03,0.0,1.0,1,17.48
flow_0.321,car,1,1,163538.29,0.4,0.0,0,10.96
flow_0.322,car,1,1,166578.94,0.8,0.0,0,10.4
flow_0.323,car,1,1,167634.69,0.2,0.0,0,11.2
flow_0.324,car,1,1,162593.32,0.6,0.0,0,10.88
flow_0.325,car,1,1,160554.75,0.0,0.0,0,11.77
flow_0.326,car,1,1,175081.09,0.4,0.0,0,11.69
flow_0.327,car,1,1,170068.26,0.8,0.0,0,10.18
flow_0.328,car,1,1,171416.43,0.2,0.0,0,11.92
flow_0.329,car,1,1,163082.08,0.6,0.0,0,9.47
flow_0.330,car,1,1,171124.64,0.0,0.0,0,10.86
flow_0.331,car,1,1,164390.54,0.4,0.0,0,10.14
flow_0.332,car,1,1,332233.83,0.8,58.0,1,75.67
flow_0.333,car,1,1,325627.94,0.2,56.0,1,72.15
flow_0.334,car,1,1,316560.36,0.6,54.0,1,70.64
flow_0.335,car,1,1,313106.11,0.0,53.0,1,68.64
flow_0.336,car,1,1,293395.34,0.4,45.0,1,61.23
flow_0.337,car,1,1,301942.08,0.8,45.0,1,62.67
flow_0.338,car,1,1,293266.18,0.2,45.0,1,58.88
flow_0.339,car,1,1,284007.79,0.6,39.0,1,56.21
flow_0.340,car,1,1,275523.62,0.0,36.0,1,53.02
flow_0.341,car,1,1,280631.11,0.4,36.0,1,52.4
flow_0.342,car,1,1,242167.02,0.8,29.0,1,44.27
flow_0.343,car,1,1,272052.29,0.2,32.0,1,47.76
flow_0.344,car,1,1,245858.68,0.6,27.0,1,42.45
flow_0.345,car,1,1,254790.19,0.0,24.0,1,42.13
flow_0.346,car,1,1,219094.81,0.4,18.0,1,34.16
flow_0.347,car,1,1,238255.89,0.8,21.0,1,35.41
flow_0.348,car,1,1,240865.23,0.2,19.0,1,34.11
flow_0.349,car,1,1,231830.31,0.6,15.0,1,30.73
flow_0.350,car,1,1,223102.25,0.0,12.0,1,29.01
flow_0.351,car,1,1,211600.01,0.4,8.0,1,25.24
flow_0.352,car,1,1,206452.69,0.8,7.0,1,22.62
flow_0.353,car,1,1,205930.28,0.2,7.0,1,22.11
flow_0.354,car,1,1,175242.56,0.6,0.0,0,12.82
flow_0.355,car,1,1,197934.92,0.0,2.0,1,16.9
flow_0.356,car,1,1,173169.87,0.4,0.0,0,11.39
flow_0.357,car,1,1,165472.88,0.8,0.0,0,10.99
flow_0.358,car,1,1,165531.28,0.2,0.0,0,12.52
flow_0.359,car,1,1,178381.98,0.6,0.0,0,11.98
flow_0.360,car,1,1,169257.06,0.0,0.0,0,9.61
flow_0.361,car,1,1,169588.03,0.4,0.0,0,10.83
flow_0.362,car,1,1,173369.43,0.8,0.0,0,11.46
flow_0.363,car,1,1,167792.6,0.2,0.0,0,10.65
flow_0.364,car,1,1,172901.84,0.6,0.0,0,11.65
flow_0.365,car,1,1,162030.3,0.0,0.0,0,11.21
flow_0.366,car,1,1,322305.82,0.4,60.0,1,75.95
flow_0.367,car,1,1,324079.29,0.8,57.0,1,74.3
flow_0.368,car,1,1,314387.91,0.2,55.0,1,70.36
flow_0.369,car,1,1,297500.59,0.6,51.0,1,66.81
flow_0.370,car,1,1,284747.95,0.0,45.0,1,62.23
flow_0.371,car,1,1,309521.37,0.4,48.0,1,64.42
flow_0.372,car,1,1,297526.51,0.8,45.0,1,60.11
flow_0.373,car,1,1,282961.3,0.2,42.0,1,56.88
flow_0.374,car,1,1,264816.16,0.6,36.0,1,51.97
flow_0.375,car,1,1,262760.72,0.0,33.0,1,49.51
flow_0.376,car,1,1,274720.38,0.4,34.0,1,50.23
flow_0.377,car,1,1,251265.69,0.8,29.0,1,44.37
flow_0.378,car,1,1,265498.6,0.2,30.0,1,46.11
flow_0.379,car,1,1,260258.19,0.6,29.0,1,43.35
flow_0.380,car,1,1,258632.61,0.0,25.0,1,41.74
flow_0.381,car,1,1,238480.76,0.4,21.0,1,37.85
flow_0.382,car,1,1,222070.58,0.8,17.0,1,31.73
flow_0.383,car,1,1,233499.14,0.2,17.0,1,33.24
flow_0.384,car,1,1,214209.0,0.6,12.0,1,28.62
flow_0.385,car,1,1,221030.05,0.0,12.0,1,27.4
flow_0.386,car,1,1,219448.94,0.4,11.0,1,25.61
flow_0.387,car,1,1,205362.72,0.8,6.0,1,21.07
flow_0.388,car,1,1,208782.65,0.2,5.0,1,21.28
flow_0.389,car,1,1,206068.84,0.6,2.0,1,17.53
flow_0.390,car,1,1,195041.74,0.0,0.0,0,14.0
flow_0.391,car,1,1,166557.81,0.4,0.0,0,10.9
flow_0.392,car,1,1,169013.71,0.8,0.0,0,10.75
flow_0.393,car,1,1,164391.22,0.2,0.0,0,11.3
flow_0.394,car,1,1,167068.79,0.6,0.0,0,11.28
flow_0.395,car,1,1,171368.0,0.0,0.0,0,10.22
flow_0.396,car,1,1,174850.33,0.4,0.0,0,10.39
flow_0.397,car,1,1,168680.49,0.8,0.0,0,10.08
flow_0.398,car,1,1,163934.63,0.2,0.0,0,10.91
flow_0.399,car,1,1,178705.31,0.6,0.0,0,10.52
flow_0.400,car,1,1,167956.11,0.0,0.0,0,10.89
flow_0.401,car,1,1,318899.36,0.4,58.0,1,72.67
flow_0.402,car,1,1,323996.14,0.8,56.0,1,73.61
flow_0.403,car,1,1,320179.21,0.2,57.0,1,71.56
flow_0.404,car,1,1,315232.0,0.6,53.0,1,68.59
flow_0.405,car,1,1,308678.49,0.0,51.0,1,65.97
flow_0.406,car,1,1,293286.94,0.4,46.0,1,61.81
flow_0.407,car,1,1,268049.78,0.8,39.0,1,54.1
flow_0.408,car,1,1,292304.77,0.2,41.0,1,58.58
flow_0.409,car,1,1,280320.54,0.6,39.0,1,54.27
flow_0.410,car,1,1,279675.57,0.0,38.0,1,54.08
flow_0.411,car,1,1,277730.69,0.4,34.0,1,50.27
flow_0.412,car,1,1,254625.63,0.8,29.0,1,44.73
flow_0.413,car,1,1,263884.05,0.2,28.0,1,45.24
flow_0.414,car,1,1,244237.43,0.6,25.0,1,40.18
flow_0.415,car,1,1,250459.16,0.0,24.0,1,40.07
flow_0.416,car,1,1,239686.31,0.4,19.0,1,35.54
flow_0.417,car,1,1,236601.88,0.8,17.0,1,33.75
flow_0.418,car,1,1,231710.94,0.2,18.0,1,31.73
flow_0.419,car,1,1,206127.09,0.6,10.0,1,26.26
flow_0.420,car,1,1,223424.32,0.0,12.0,1,27.66
flow_0.421,car,1,1,217229.27,0.4,7.0,1,24.72
flow_0.422,car,1,1,201211.96,0.8,4.0,1,20.18
flow_0.423,car,1,1,203460.74,0.2,5.0,1,19.73
flow_0.424,car,1,1,190623.72,0.6,0.0,0,16.3
flow_0.425,car,1,1,160182.86,0.0,0.0,0,11.54
flow_0.426,car,1,1,174738.0,0.4,0.0,0,10.41
flow_0.427,car,1,1,169089.42,0.8,0.0,0,11.69
flow_0.428,car,1,1,168441.54,0.2,0.0,0,12.18
flow_0.429,car,1,1,171977.68,0.6,0.0,0,12.11
flow_0.430,car,1,1,162181.06,0.0,0.0,0,10.28
flow_0.431,car,1,1,170542.18,0.4,0.0,0,11.53
flow_0.432,car,1,1,166429.16,0.8,0.0,0,10.98
flow_0.433,car,1,1,164291.34,0.2,0.0,0,12.78
flow_0.434,car,1,1,168759.32,0.6,0.0,0,11.27
flow_0.435,car,1,1,170095.99,0.0,0.0,0,10.46
flow_0.436,car,1,1,164830.97,0.4,0.0,0,10.42
flow_0.437,car,1,1,323930.85,0.8,56.0,1,72.84
flow_0.438,car,1,1,309568.17,0.2,54.0,1,69.62
flow_0.439,car,1,1,309873.78,0.6,52.0,1,67.37
flow_0.440,car,1,1,309579.8,0.0,50.0,1,65.18
flow_0.441,car,1,1,301972.94,0.4,47.0,1,63.18
flow_0.442,car,1,1,276519.05,0.8,39.0,1,54.69
flow_0.443,car,1,1,293822.01,0.2,43.0,1,57.2
flow_0.444,car,1,1,288399.05,0.6,38.0,1,54.46
flow_0.445,car,1,1,257766.19,0.0,34.0,1,49.34
flow_0.446,car,1,1,261885.79,0.4,32.0,1,48.87
flow_0.447,car,1,1,256633.54,0.8,28.0,1,45.53
flow_0.448,car,1,1,235299.7,0.2,24.0,1,40.33
flow_0.449,car,1,1,227676.32,0.6,23.0,1,38.49
flow_0.450,car,1,1,250848.09,0.0,23.0,1,39.69
flow_0.451,car,1,1,238442.78,0.4,22.0,1,36.31
flow_0.452,car,1,1,207639.2,0.8,12.0,1,27.2
flow_0.453,car,1,1,198421.54,0.2,8.0,1,23.89
flow_0.454,car,1,1,224505.65,0.6,12.0,1,28.39
flow_0.455,car,1,1,209770.57,0.0,9.0,1,24.05
flow_0.456,car,1,1,211105.93,0.4,6.0,1,24.16
flow_0.457,car,1,1,200366.29,0.8,4.0,1,20.82
flow_0.458,car,1,1,201889.23,0.2,3.0,1,18.57
flow_0.459,car,1,1,184412.03,0.6,0.0,0,13.46
flow_0.460,car,1,1,172542.22,0.0,0.0,0,10.76
flow_0.461,car,1,1,171977.84,0.4,0.0,0,11.28
flow_0.462,car,1,1,168156.31,0.8,0.0,0,10.56
flow_0.463,car,1,1,160926.06,0.2,0.0,0,9.99
flow_0.464,car,1,1,170829.64,0.6,0.0,0,11.29
flow_0.465,car,1,1,173744.53,0.0,0.0,0,10.8
flow_0.466,car,1,1,166151.06,0.4,0.0,0,10.89
flow_0.467,car,1,1,175480.37,0.8,0.0,0,11.18
flow_0.468,car,1,1,167359.31,0.2,0.0,0,11.41
flow_0.469,car,1,1,167277.94,0.6,0.0,0,10.85
flow_0.470,car,1,1,174743.55,0.0,0.0,0,12.27
flow_0.471,car,1,1,307349.31,0.4,56.0,1,69.57
flow_0.472,car,1,1,314477.72,0.8,53.0,1,70.67
flow_0.473,car,1,1,317539.92,0.2,53.0,1,69.25
flow_0.474,car,1,1,310419.11,0.6,48.0,1,66.23
flow_0.475,car,1,1,302094.93,0.0,49.0,1,64.02
flow_0.476,car,1,1,294704.98,0.4,46.0,1,61.6
flow_0.477,car,1,1,286394.82,0.8,41.0,1,57.38
flow_0.478,car,1,1,284023.01,0.2,40.0,1,57.41
flow_0.479,car,1,1,285653.51,0.6,39.0,1,53.13
flow_0.480,car,1,1,277650.96,0.0,36.0,1,51.96
flow_0.481,car,1,1,269956.18,0.4,32.0,1,48.74
flow_0.482,car,1,1,255881.18,0.8,26.0,1,43.56
flow_0.483,car,1,1,257768.02,0.2,27.0,1,42.06
flow_0.484,car,1,1,251659.21,0.6,25.0,1,40.74
flow_0.485,car,1,1,249330.68,0.0,23.0,1,38.49
flow_0.486,car,1,1,240013.54,0.4,19.0,1,35.71
flow_0.487,car,1,1,232593.78,0.8,17.0,1,32.93
flow_0.488,car,1,1,206746.24,0.2,11.0,1,25.46
flow_0.489,car,1,1,224342.95,0.6,11.0,1,27.82
flow_0.490,car,1,1,199891.65,0.0,7.0,1,23.24
flow_0.491,car,1,1,210045.46,0.4,6.0,1,22.14
flow_0.492,car,1,1,200574.46,0.8,4.0,1,19.44
flow_0.493,car,1,1,201071.55,0.2,2.0,1,17.64
flow_0.494,car,1,1,169896.2,0.6,0.0,0,10.19
flow_0.495,car,1,1,177317.56,0.0,0.0,0,11.95
flow_0.496,car,1,1,165941.76,0.4,0.0,0,11.16
flow_0.497,car,1,1,176855.03,0.8,0.0,0,11.25
flow_0.498,car,1,1,170775.79,0.2,0.0,0,10.13
flow_0.499,car,1,1,169191.05,0.6,0.0,0,10.59
flow_0.500,car,1,1,158627.98,0.0,0.0,0,11.12
flow_0.501,car,1,1,165001.21,0.4,0.0,0,10.75
flow_0.502,car,1,1,172241.0,0.8,0.0,0,11.37
flow_0.503,car,1,1,170158.66,0.2,0.0,0,12.23
flow_0.504,car,1,1,167832.65,0.6,0.0,0,10.94
flow_0.505,car,1,1,166638.1,0.0,0.0,0,10.03
flow_0.506,car,1,1,325551.73,0.4,57.0,1,73.1
flow_0.507,car,1,1,319524.1,0.8,55.0,1,70.4
flow_0.508,car,1,1,300172.68,0.2,49.0,1,65.37
flow_0.509,car,1,1,293496.96,0.6,46.0,1,62.15
flow_0.510,car,1,1,287608.37,0.0,44.0,1,60.59
flow_0.511,car,1,1,293292.92,0.4,43.0,1,61.05
flow_0.512,car,1,1,295827.83,0.8,41.0,1,57.87
flow_0.513,car,1,1,281900.0,0.2,39.0,1,55.4
flow_0.514,car,1,1,281609.9,0.6,38.0,1,53.31
flow_0.515,car,1,1,252210.22,0.0,32.0,1,47.08
flow_0.516,car,1,1,269204.44,0.4,30.0,1,47.47
flow_0.517,car,1,1,258443.58,0.8,27.0,1,43.65
flow_0.518,car,1,1,254337.1,0.2,25.0,1,42.36
flow_0.519,car,1,1,237949.62,0.6,22.0,1,39.7
flow_0.520,car,1,1,250182.92,0.0,20.0,1,37.61
flow_0.521,car,1,1,240416.5,0.4,19.0,1,34.51
flow_0.522,car,1,1,223952.49,0.8,14.0,1,30.93
flow_0.523,car,1,1,222820.86,0.2,12.0,1,28.98
flow_0.524,car,1,1,218410.12,0.6,11.0,1,26.23
flow_0.525,car,1,1,212148.32,0.0,8.0,1,23.6
flow_0.526,car,1,1,204420.82,0.4,3.0,1,20.23
flow_0.527,car,1,1,196229.23,0.8,2.0,1,17.55
flow_0.528,car,1,1,154038.34,0.2,0.0,0,11.95
flow_0.529,car,1,1,170271.42,0.6,0.0,0,11.09
flow_0.530,car,1,1,155688.17,0.0,0.0,0,11.18
flow_0.531,car,1,1,176436.09,0.4,0.0,0,11.51
flow_0.532,car,1,1,164793.86,0.8,0.0,0,10.62
flow_0.533,car,1,1,166436.41,0.2,0.0,0,9.67
flow_0.534,car,1,1,173189.13,0.6,0.0,0,11.68
flow_0.535,car,1,1,173628.51,0.0,0.0,0,10.67
flow_0.536,car,1,1,164829.3,0.4,0.0,0,11.58
flow_0.537,car,1,1,170065.49,0.8,0.0,0,10.81
flow_0.538,car,1,1,168299.57,0.2,0.0,0,10.06
flow_0.539,car,1,1,173899.24,0.6,0.0,0,11.19
flow_0.540,car,1,1,334697.76,0.0,59.0,1,75.57
flow_0.541,car,1,1,321471.14,0.4,58.0,1,72.84
flow_0.542,car,1,1,311741.24,0.8,53.0,1,69.04
flow_0.543,car,1,1,309266.21,0.2,50.0,1,66.49
flow_0.544,car,1,1,283040.91,0.6,45.0,1,60.71
flow_0.545,car,1,1,272841.1,0.0,41.0,1,57.59
flow_0.546,car,1,1,276820.6,0.4,40.0,1,56.28
flow_0.547,car,1,1,292851.47,0.8,41.0,1,56.76
flow_0.548,car,1,1,284951.29,0.2,40.0,1,55.55
flow_0.549,car,1,1,270288.83,0.6,35.0,1,50.67
flow_0.550,car,1,1,267346.45,0.0,31.0,1,48.42
flow_0.551,car,1,1,252934.28,0.4,28.0,1,44.15
flow_0.552,car,1,1,260139.04,0.8,27.0,1,43.47
flow_0.553,car,1,1,238255.06,0.2,23.0,1,40.54
flow_0.554,car,1,1,252895.23,0.6,22.0,1,37.44
flow_0.555,car,1,1,242942.86,0.0,19.0,1,35.9
flow_0.556,car,1,1,208851.02,0.4,14.0,1,28.9
flow_0.557,car,1,1,224764.02,0.8,13.0,1,29.34
flow_0.558,car,1,1,213475.9,0.2,11.0,1,26.09
flow_0.559,car,1,1,220938.28,0.6,8.0,1,26.21
flow_0.560,car,1,1,192938.35,0.0,3.0,1,18.8
flow_0.561,car,1,1,192890.37,0.4,1.0,1,16.12
flow_0.562,car,1,1,190817.44,0.8,2.0,1,17.51
flow_0.563,car,1,1,198719.45,0.2,0.0,0,15.53
flow_0.564,car,1,1,176276.44,0.6,0.0,0,11.54
flow_0.565,car,1,1,169302.25,0.0,0.0,0,10.1
flow_0.566,car,1,1,166738.89,0.4,0.0,0,11.05
flow_0.567,car,1,1,170282.38,0.8,0.0,0,10.04
flow_0.568,car,1,1,168108.79,0.2,0.0,0,11.56
flow_0.569,car,1,1,170161.18,0.6,0.0,0,12.34
flow_0.570,car,1,1,176825.85,0.0,0.0,0,11.38
flow_0.571,car,1,1,167078.63,0.4,0.0,0,11.53
flow_0.572,car,1,1,161530.51,0.8,0.0,0,11.25
flow_0.573,car,1,1,166477.8,0.2,0.0,0,11.84
flow_0.574,car,1,1,311609.19,0.6,58.0,1,74.26
flow_0.575,car,1,1,330897.8,0.0,59.0,1,73.88
flow_0.576,car,1,1,325156.78,0.4,56.0,1,72.02
flow_0.577,car,1,1,317018.02,0.8,51.0,1,68.1
flow_0.578,car,1,1,308730.37,0.2,50.0,1,66.85
flow_0.579,car,1,1,302775.64,0.6,45.0,1,63.55
flow_0.580,car,1,1,290864.2,0.0,44.0,1,59.63
flow_0.581,car,1,1,279683.76,0.4,41.0,1,56.41
flow_0.582,car,1,1,290193.09,0.8,39.0,1,55.04
flow_0.583,car,1,1,281834.38,0.2,37.0,1,53.33
flow_0.584,car,1,1,268992.69,0.6,36.0,1,50.62
flow_0.585,car,1,1,274010.46,0.0,31.0,1,48.9
flow_0.586,car,1,1,261078.12,0.4,29.0,1,45.3
flow_0.587,car,1,1,255968.94,0.8,26.0,1,42.47
flow_0.588,car,1,1,243331.71,0.2,22.0,1,39.09
flow_0.589,car,1,1,230658.66,0.6,19.0,1,35.43
flow_0.590,car,1,1,233325.49,0.0,19.0,1,34.72
flow_0.591,car,1,1,211993.28,0.4,12.0,1,29.39
flow_0.592,car,1,1,222036.23,0.8,10.0,1,28.5
flow_0.593,car,1,1,226676.44,0.2,12.0,1,26.77
flow_0.594,car,1,1,209227.73,0.6,8.0,1,24.06
flow_0.595,car,1,1,209820.44,0.0,6.0,1,22.42
flow_0.596,car,1,1,186935.87,0.4,0.0,0,16.83
flow_0.597,car,1,1,177529.56,0.8,0.0,0,13.12
flow_0.598,car,1,1,168581.61,0.2,0.0,0,11.28
flow_0.599,car,1,1,166716.12,0.6,0.0,0,11.49
flow_0.600,car,1,1,172404.47,0.0,0.0,0,10.85
flow_0.601,car,1,1,166158.59,0.4,0.0,0,11.24
flow_0.602,car,1,1,172357.54,0.8,0.0,0,10.67
flow_0.603,car,1,1,163379.62,0.2,0.0,0,10.44
flow_0.604,car,1,1,175773.88,0.6,0.0,0,11.05
flow_0.605,car,1,1,171993.72,0.0,0.0,0,9.63
flow_0.606,car,1,1,168639.83,0.4,0.0,0,10.16
flow_0.607,car,1,1,172545.62,0.8,0.0,0,10.24
flow_0.608,car,1,1,173404.98,0.2,0.0,0,10.9
flow_0.609,car,1,1,333536.69,0.6,59.0,1,75.71
flow_0.610,car,1,1,331206.59,0.0,55.0,1,73.62
flow_0.611,car,1,1,301291.2,0.4,50.0,1,67.64
flow_0.612,car,1,1,317959.59,0.8,50.0,1,68.02
flow_0.613,car,1,1,306070.18,0.2,49.0,1,64.99
flow_0.614,car,1,1,299719.04,0.6,45.0,1,62.3
flow_0.615,car,1,1,302170.89,0.0,45.0,1,60.8
flow_0.616,car,1,1,298638.29,0.4,42.0,1,57.88
flow_0.617,car,1,1,283224.36,0.8,36.0,1,54.36
flow_0.618,car,1,1,275309.2,0.2,37.0,1,52.72
flow_0.619,car,1,1,262825.93,0.6,32.0,1,46.39
flow_0.620,car,1,1,255587.48,0.0,29.0,1,43.77
flow_0.621,car,1,1,243500.33,0.4,25.0,1,40.72
flow_0.622,car,1,1,249378.15,0.8,25.0,1,41.59
flow_0.623,car,1,1,247563.47,0.2,24.0,1,39.89
flow_0.624,car,1,1,238707.28,0.6,18.0,1,34.85
flow_0.625,car,1,1,234688.06,0.0,17.0,1,34.32
flow_0.626,car,1,1,231183.45,0.4,18.0,1,31.32
flow_0.627,car,1,1,222835.92,0.8,14.0,1,29.16
flow_0.628,car,1,1,213323.87,0.2,9.0,1,25.83
flow_0.629,car,1,1,213741.5,0.6,8.0,1,24.0
flow_0.630,car,1,1,207615.68,0.0,5.0,1,20.97
flow_0.631,car,1,1,192532.04,0.4,0.0,0,16.59
flow_0.632,car,1,1,197304.71,0.8,0.0,0,15.12
flow_0.633,car,1,1,186263.04,0.2,0.0,0,11.93
flow_0.634,car,1,1,171987.64,0.6,0.0,0,11.14
flow_0.635,car,1,1,170516.96,0.0,0.0,0,11.37
flow_0.636,car,1,1,148669.38,0.4,0.0,0,9.78
flow_0.637,car,1,1,168782.86,0.8,0.0,0,10.15
flow_0.638,car,1,1,171359.33,0.2,0.0,0,11.11
flow_0.639,car,1,1,169824.83,0.6,0.0,0,12.17
flow_0.640,car,1,1,165591.96,0.0,0.0,0,11.82
flow_0.641,car,1,1,163823.8,0.4,0.0,0,11.27
flow_0.642,car,1,1,170827.13,0.8,0.0,0,11.48
flow_0.643,car,1,1,171795.48,0.2,0.0,0,10.57
flow_0.644,car,1,1,306070.97,0.6,55.0,1,70.28
flow_0.645,car,1,1,323832.69,0.0,56.0,1,72.03
flow_0.646,car,1,1,319789.95,0.4,53.0,1,69.47
flow_0.647,car,1,1,307888.21,0.8,52.0,1,66.39
flow_0.648,car,1,1,305148.56,0.2,48.0,1,64.68
flow_0.649,car,1,1,280203.81,0.6,41.0,1,57.24
flow_0.650,car,1,1,266874.99,0.0,40.0,1,53.43
flow_0.651,car,1,1,289428.85,0.4,39.0,1,56.03
flow_0.652,car,1,1,284257.04,0.8,38.0,1,52.64
flow_0.653,car,1,1,254703.82,0.2,33.0,1,47.33
flow_0.654,car,1,1,263775.6,0.6,33.0,1,48.97
flow_0.655,car,1,1,267168.5,0.0,31.0,1,46.01
flow_0.656,car,1,1,250629.29,0.4,27.0,1,43.2
flow_0.657,car,1,1,245024.15,0.8,24.0,1,41.12
flow_0.658,car,1,1,243450.81,0.2,20.0,1,37.45
flow_0.659,car,1,1,230857.6,0.6,18.0,1,33.75
flow_0.660,car,1,1,243106.13,0.0,19.0,1,34.46
flow_0.661,car,1,1,227914.75,0.4,14.0,1,29.83
flow_0.662,car,1,1,221034.07,0.8,11.0,1,27.55
flow_0.663,car,1,1,201491.17,0.2,5.0,1,21.03
flow_0.664,car,1,1,209888.32,0.6,6.0,1,22.17
flow_0.665,car,1,1,180623.86,0.0,1.0,1,16.88
flow_0.666,car,1,1,197765.61,0.4,0.0,0,18.11
flow_0.667,car,1,1,197681.98,0.8,0.0,0,14.93
flow_0.668,car,1,1,173734.61,0.2,0.0,0,10.65
flow_0.669,car,1,1,169384.53,0.6,0.0,0,11.75
flow_0.670,car,1,1,178075.25,0.0,0.0,0,11.61
flow_0.671,car,1,1,176057.69,0.4,0.0,0,11.39
flow_0.672,car,1,1,165790.68,0.8,0.0,0,9.73
flow_0.673,car,1,1,172731.69,0.2,0.0,0,11.07
flow_0.674,car,1,1,165440.55,0.6,0.0,0,10.76
flow_0.675,car,1,1,165976.4,0.0,0.0,0,11.32
flow_0.676,car,1,1,173766.09,0.4,0.0,0,10.28
flow_0.677,car,1,1,316951.95,0.8,60.0,1,75.16
flow_0.678,car,1,1,165928.74,0.2,0.0,0,11.15
flow_0.679,car,1,1,287380.23,0.6,50.0,1,66.53
flow_0.680,car,1,1,324500.86,0.0,56.0,1,71.47
flow_0.681,car,1,1,301173.98,0.4,51.0,1,65.92
flow_0.682,car,1,1,310354.51,0.8,50.0,1,66.07
flow_0.683,car,1,1,310707.43,0.2,48.0,1,63.07
flow_0.684,car,1,1,288052.69,0.6,43.0,1,58.02
flow_0.685,car,1,1,284480.84,0.0,41.0,1,56.87
flow_0.686,car,1,1,279211.43,0.4,39.0,1,55.06
flow_0.687,car,1,1,277640.1,0.8,36.0,1,52.05
flow_0.688,car,1,1,277479.36,0.2,35.0,1,49.21
flow_0.689,car,1,1,267805.83,0.6,31.0,1,47.48
flow_0.690,car,1,1,261644.06,0.0,30.0,1,45.97
flow_0.691,car,1,1,256882.39,0.4,26.0,1,42.19
flow_0.692,car,1,1,243139.58,0.8,22.0,1,38.12
flow_0.693,car,1,1,232606.17,0.2,19.0,1,35.25
flow_0.694,car,1,1,233190.93,0.6,19.0,1,33.13
flow_0.695,car,1,1,219294.38,0.0,14.0,1,31.34
flow_0.696,car,1,1,228020.84,0.4,12.0,1,28.92
flow_0.697,car,1,1,218763.58,0.8,8.0,1,26.8
flow_0.698,car,1,1,209127.15,0.2,7.0,1,24.01
flow_0.699,car,1,1,200736.41,0.6,5.0,1,21.8
flow_0.700,car,1,1,206257.18,0.0,3.0,1,19.59
flow_0.701,car,1,1,190838.79,0.4,0.0,0,16.43
flow_0.702,car,1,1,168590.85,0.8,0.0,0,11.4
flow_0.703,car,1,1,169996.82,0.2,0.0,0,10.93
flow_0.704,car,1,1,171226.46,0.6,0.0,0,12.3
flow_0.705,car,1,1,166344.86,0.0,0.0,0,9.87
flow_0.706,car,1,1,169010.73,0.4,0.0,0,11.97
flow_0.707,car,1,1,165986.07,0.8,0.0,0,9.61
flow_0.708,car,1,1,167554.09,0.2,0.0,0,11.1
flow_0.709,car,1,1,165540.57,0.6,0.0,0,11.87
flow_0.710,car,1,1,165489.09,0.0,0.0,0,10.37
flow_0.711,car,1,1,164345.44,0.4,0.0,0,10.97
flow_0.712,car,1,1,309430.24,0.8,58.0,1,73.77
flow_0.713,car,1,1,166075.4,0.2,0.0,0,10.16
flow_0.714,car,1,1,322254.51,0.6,57.0,1,72.31
flow_0.715,car,1,1,297497.96,0.0,52.0,1,66.39
flow_0.716,car,1,1,315314.47,0.4,52.0,1,67.65
flow_0.717,car,1,1,274433.58,0.8,44.0,1,58.85
flow_0.718,car,1,1,302006.19,0.2,46.0,1,61.87
flow_0.719,car,1,1,297145.7,0.6,42.0,1,59.05
flow_0.720,car,1,1,288609.24,0.0,42.0,1,57.75
flow_0.721,car,1,1,274706.59,0.4,40.0,1,54.78
flow_0.722,car,1,1,273805.74,0.8,34.0,1,50.87
flow_0.723,car,1,1,250732.89,0.2,31.0,1,47.45
flow_0.724,car,1,1,262765.71,0.6,30.0,1,46.34
flow_0.725,car,1,1,260288.06,0.0,27.0,1,43.49
flow_0.726,car,1,1,247122.72,0.4,24.0,1,38.65
flow_0.727,car,1,1,245104.2,0.8,23.0,1,37.86
flow_0.728,car,1,1,239348.5,0.2,20.0,1,36.09
flow_0.729,car,1,1,210930.54,0.6,13.0,1,29.57
flow_0.730,car,1,1,224102.42,0.0,16.0,1,31.57
flow_0.731,car,1,1,226333.23,0.4,12.0,1,28.01
flow_0.732,car,1,1,216455.55,0.8,10.0,1,25.34
flow_0.733,car,1,1,208718.65,0.2,6.0,1,23.38
flow_0.734,car,1,1,192739.42,0.6,1.0,1,18.22
flow_0.735,car,1,1,205235.5,0.0,2.0,1,18.29
flow_0.736,car,1,1,176468.58,0.4,0.0,0,11.78
flow_0.737,car,1,1,167547.67,0.8,0.0,0,11.65
flow_0.738,car,1,1,166703.46,0.2,0.0,0,10.23
flow_0.739,car,1,1,165703.18,0.6,0.0,0,11.44
flow_0.740,car,1,1,171084.09,0.0,0.0,0,10.25
flow_0.741,car,1,1,167112.05,0.4,0.0,0,10.16
flow_0.742,car,1,1,161242.7,0.8,0.0,0,10.67
flow_0.743,car,1,1,172483.01,0.2,0.0,0,10.13
flow_0.744,car,1,1,170615.54,0.6,0.0,0,9.73
flow_0.745,car,1,1,163983.66,0.0,0.0,0,11.12
flow_0.746,car,1,1,166443.52,0.4,0.0,0,11.77
flow_0.747,car,1,1,168821.96,0.8,0.0,0,11.2
flow_0.748,car,1,1,332270.44,0.2,58.0,1,75.09
flow_0.749,car,1,1,310091.3,0.6,53.0,1,69.93
flow_0.750,car,1,1,322034.22,0.0,53.0,1,69.38
flow_0.751,car,1,1,306692.75,0.4,49.0,1,66.78
flow_0.752,car,1,1,306778.23,0.8,46.0,1,63.56
flow_0.753,car,1,1,302698.59,0.2,46.0,1,61.65
flow_0.754,car,1,1,296706.97,0.6,44.0,1,58.58
flow_0.755,car,1,1,275570.03,0.0,38.0,1,54.92
flow_0.756,car,1,1,285491.53,0.4,39.0,1,53.97
flow_0.757,car,1,1,275666.51,0.8,36.0,1,49.89
flow_0.758,car,1,1,263132.55,0.2,32.0,1,48.75
flow_0.759,car,1,1,253228.44,0.6,28.0,1,43.84
flow_0.760,car,1,1,246271.42,0.0,25.0,1,41.36
flow_0.761,car,1,1,246453.74,0.4,22.0,1,39.01
flow_0.762,car,1,1,223795.58,0.8,17.0,1,33.78
flow_0.763,car,1,1,241877.7,0.2,19.0,1,35.84
flow_0.764,car,1,1,216026.98,0.6,12.0,1,28.15
flow_0.765,car,1,1,228890.7,0.0,14.0,1,31.05
flow_0.766,car,1,1,220510.87,0.4,9.0,1,27.73
flow_0.767,car,1,1,220192.59,0.8,7.0,1,24.11
flow_0.768,car,1,1,168360.7,0.2,1.0,1,14.37
flow_0.769,car,1,1,196517.47,0.6,1.0,1,18.44
flow_0.770,car,1,1,199389.67,0.0,2.0,1,17.28
flow_0.771,car,1,1,187043.86,0.4,0.0,0,12.19
flow_0.772,car,1,1,158912.65,0.8,0.0,0,12.21
flow_0.773,car,1,1,172383.5,0.2,0.0,0,12.35
flow_0.774,car,1,1,177774.96,0.6,0.0,0,12.56
flow_0.775,car,1,1,167780.03,0.0,0.0,0,12.62
flow_0.776,car,1,1,168478.76,0.4,0.0,0,10.58
flow_0.777,car,1,1,164837.02,0.8,0.0,0,11.64
flow_0.778,car,1,1,171969.41,0.2,0.0,0,11.74
flow_0.779,car,1,1,176620.38,0.6,0.0,0,10.85
flow_0.780,car,1,1,169689.6,0.0,0.0,0,11.09
flow_0.781,car,1,1,176591.28,0.4,0.0,0,11.57
flow_0.782,car,1,1,166635.12,0.8,0.0,0,10.11
flow_0.783,car,1,1,328927.69,0.2,58.0,1,73.35
flow_0.784,car,1,1,311655.18,0.6,53.0,1,68.99
flow_0.785,car,1,1,292553.42,0.0,51.0,1,65.2
flow_0.786,car,1,1,308381.76,0.4,50.0,1,64.61
flow_0.787,car,1,1,292615.82,0.8,44.0,1,60.72
flow_0.788,car,1,1,288036.71,0.2,43.0,1,59.24
flow_0.789,car,1,1,283779.14,0.6,39.0,1,56.25
flow_0.790,car,1,1,283314.18,0.0,39.0,1,55.37
flow_0.791,car,1,1,273335.47,0.4,35.0,1,50.67
flow_0.792,car,1,1,251630.66,0.8,30.0,1,45.21
flow_0.793,car,1,1,268131.26,0.2,31.0,1,47.18
flow_0.794,car,1,1,263605.77,0.6,28.0,1,44.51
flow_0.795,car,1,1,260626.89,0.0,27.0,1,42.63
flow_0.796,car,1,1,248297.91,0.4,25.0,1,39.3
flow_0.797,car,1,1,242856.67,0.8,20.0,1,35.41
flow_0.798,car,1,1,237778.72,0.2,19.0,1,34.31
flow_0.799,car,1,1,218559.33,0.6,12.0,1,29.09
flow_0.800,car,1,1,204699.41,0.0,11.0,1,24.04
flow_0.801,car,1,1,218647.07,0.4,9.0,1,26.39
flow_0.802,car,1,1,190804.84,0.8,4.0,1,19.4
flow_0.803,car,1,1,208994.61,0.2,4.0,1,20.44
flow_0.804,car,1,1,197264.96,0.6,3.0,1,18.81
flow_0.805,car,1,1,194020.19,0.0,0.0,0,16.57
flow_0.806,car,1,1,177420.32,0.4,0.0,0,11.91
flow_0.807,car,1,1,165406.36,0.8,0.0,0,10.14
flow_0.808,car,1,1,169431.69,0.2,0.0,0,10.34
flow_0.809,car,1,1,167604.67,0.6,0.0,0,11.94
flow_0.810,car,1,1,167491.4,0.0,0.0,0,12.21
flow_0.811,car,1,1,173269.28,0.4,0.0,0,10.77
flow_0.812,car,1,1,166773.12,0.8,0.0,0,12.02
flow_0.813,car,1,1,166937.91,0.2,0.0,0,10.45
flow_0.814,car,1,1,161290.9,0.6,0.0,0,11.44
flow_0.815,car,1,1,167565.45,0.0,0.0,0,10.29
flow_0.816,car,1,1,319111.99,0.4,57.0,1,74.25
flow_0.817,car,1,1,297980.96,0.8,54.0,1,67.87
flow_0.818,car,1,1,318577.66,0.2,55.0,1,71.37
flow_0.819,car,1,1,315272.05,0.6,51.0,1,68.62
flow_0.820,car,1,1,315546.47,0.0,53.0,1,67.7
flow_0.821,car,1,1,313692.22,0.4,48.0,1,64.38
flow_0.822,car,1,1,299354.02,0.8,44.0,1,62.04
flow_0.823,car,1,1,288473.9,0.2,42.0,1,59.23
flow_0.824,car,1,1,251689.15,0.6,33.0,1,48.65
flow_0.825,car,1,1,286879.1,0.0,38.0,1,54.0
flow_0.826,car,1,1,277516.59,0.4,36.0,1,51.86
flow_0.827,car,1,1,269848.04,0.8,31.0,1,48.72
flow_0.828,car,1,1,269061.42,0.2,30.0,1,46.54
flow_0.829,car,1,1,259073.94,0.6,27.0,1,43.34
flow_0.830,car,1,1,250918.38,0.0,24.0,1,41.45
flow_0.831,car,1,1,216244.96,0.4,17.0,1,31.45
flow_0.832,car,1,1,238094.22,0.8,19.0,1,35.39
flow_0.833,car,1,1,233887.57,0.2,16.0,1,32.53
flow_0.834,car,1,1,230076.93,0.6,14.0,1,30.96
flow_0.835,car,1,1,185762.0,0.0,5.0,1,20.09
flow_0.836,car,1,1,200605.47,0.4,6.0,1,22.48
flow_0.837,car,1,1,204851.98,0.8,6.0,1,20.74
flow_0.838,car,1,1,179806.08,0.2,0.0,0,16.15
flow_0.839,car,1,1,201537.66,0.6,1.0,1,17.44
flow_0.840,car,1,1,178441.23,0.0,0.0,0,11.86
flow_0.841,car,1,1,169007.49,0.4,0.0,0,10.86
flow_0.842,car,1,1,165727.77,0.8,0.0,0,11.86
flow_0.843,car,1,1,177544.1,0.2,0.0,0,10.97
flow_0.844,car,1,1,175524.96,0.6,0.0,0,10.53
flow_0.845,car,1,1,172226.05,0.0,0.0,0,11.55
flow_0.846,car,1,1,174865.65,0.4,0.0,0,11.59
flow_0.847,car,1,1,163012.27,0.8,0.0,0,10.41
flow_0.848,car,1,1,165502.73,0.2,0.0,0,11.64
flow_0.849,car,1,1,166308.0,0.6,0.0,0,11.91
flow_0.850,car,1,1,172347.4,0.0,0.0,0,12.86
flow_0.851,car,1,1,339444.94,0.4,59.0,1,75.91
flow_0.852,car,1,1,323844.26,0.8,58.0,1,73.57
flow_0.853,car,1,1,316541.22,0.2,54.0,1,71.46
flow_0.854,car,1,1,315245.1,0.6,52.0,1,69.15
flow_0.855,car,1,1,306477.15,0.0,48.0,1,65.19
flow_0.856,car,1,1,290120.56,0.4,43.0,1,60.66
flow_0.857,car,1,1,296028.79,0.8,43.0,1,59.17
flow_0.858,car,1,1,280310.75,0.2,39.0,1,56.73
flow_0.859,car,1,1,285960.13,0.6,40.0,1,55.08
flow_0.860,car,1,1,258981.38,0.0,34.0,1,48.97
flow_0.861,car,1,1,273905.24,0.4,34.0,1,49.57
flow_0.862,car,1,1,271046.33,0.8,33.0,1,47.45
flow_0.863,car,1,1,262815.61,0.2,29.0,1,45.83
flow_0.864,car,1,1,253785.13,0.6,26.0,1,42.72
flow_0.865,car,1,1,238398.71,0.0,21.0,1,37.37
flow_0.866,car,1,1,250998.99,0.4,21.0,1,37.1
flow_0.867,car,1,1,233133.05,0.8,18.0,1,33.92
flow_0.868,car,1,1,230259.36,0.2,15.0,1,31.82
flow_0.869,car,1,1,224404.33,0.6,13.0,1,28.02
flow_0.870,car,1,1,220913.83,0.0,12.0,1,27.74
flow_0.871,car,1,1,212045.24,0.4,7.0,1,22.64
flow_0.872,car,1,1,209242.24,0.8,6.0,1,21.94
flow_0.873,car,1,1,203653.64,0.2,4.0,1,19.85
flow_0.874,car,1,1,175412.48,0.6,0.0,0,12.4
flow_0.875,car,1,1,185570.58,0.0,0.0,0,12.16
flow_0.876,car,1,1,155325.34,0.4,0.0,0,11.71
flow_0.877,car,1,1,175655.56,0.8,0.0,0,11.41
flow_0.878,car,1,1,165975.34,0.2,0.0,0,9.88
flow_0.879,car,1,1,174911.48,0.6,0.0,0,11.17
flow_0.880,car,1,1,169520.85,0.0,0.0,0,11.34
flow_0.881,car,1,1,170329.49,0.4,0.0,0,11.04
flow_0.882,car,1,1,169518.27,0.8,0.0,0,10.61
flow_0.883,car,1,1,174836.78,0.2,0.0,0,11.31
flow_0.884,car,1,1,168601.89,0.6,0.0,0,11.01
flow_0.885,car,1,1,326130.36,0.0,59.0,1,75.37
flow_0.886,car,1,1,299793.24,0.4,55.0,1,68.37
flow_0.887,car,1,1,314125.52,0.8,54.0,1,70.56
flow_0.888,car,1,1,322584.72,0.2,55.0,1,70.02
flow_0.889,car,1,1,300482.77,0.6,49.0,1,65.74
flow_0.890,car,1,1,311363.75,0.0,49.0,1,65.22
flow_0.891,car,1,1,302675.51,0.4,48.0,1,62.96
flow_0.892,car,1,1,262753.55,0.8,37.0,1,52.37
flow_0.893,car,1,1,273585.24,0.2,39.0,1,54.53
flow_0.894,car,1,1,281790.43,0.6,37.0,1,54.37
flow_0.895,car,1,1,278036.25,0.0,37.0,1,52.83
flow_0.896,car,1,1,255970.19,0.4,32.0,1,47.23
flow_0.897,car,1,1,246689.18,0.8,26.0,1,42.47
flow_0.898,car,1,1,262018.76,0.2,28.0,1,44.18
flow_0.899,car,1,1,239784.27,0.6,24.0,1,39.27
flow_0.900,car,1,1,247946.01,0.0,22.0,1,38.46
flow_0.901,car,1,1,238920.8,0.4,21.0,1,36.48
flow_0.902,car,1,1,216617.9,0.8,13.0,1,31.09
flow_0.903,car,1,1,206318.72,0.2,11.0,1,25.36
flow_0.904,car,1,1,215667.82,0.6,11.0,1,25.2
flow_0.905,car,1,1,206626.06,0.0,8.0,1,24.42
flow_0.906,car,1,1,211950.13,0.4,7.0,1,23.14
flow_0.907,car,1,1,199843.38,0.8,2.0,1,19.83
flow_0.908,car,1,1,191949.45,0.2,1.0,1,17.54
flow_0.909,car,1,1,173438.7,0.6,0.0,0,12.19
flow_0.910,car,1,1,168039.82,0.0,0.0,0,11.52
flow_0.911,car,1,1,171563.06,0.4,0.0,0,11.21
flow_0.912,car,1,1,177632.06,0.8,0.0,0,11.47
flow_0.913,car,1,1,170917.26,0.2,0.0,0,11.32
flow_0.914,car,1,1,174085.17,0.6,0.0,0,11.34
flow_0.915,car,1,1,172661.13,0.0,0.0,0,10.48
flow_0.916,car,1,1,171637.35,0.4,0.0,0,11.77
flow_0.917,car,1,1,165628.84,0.8,0.0,0,9.93
flow_0.918,car,1,1,164465.12,0.2,0.0,0,11.68
flow_0.919,car,1,1,166061.59,0.6,0.0,0,10.92
flow_0.920,car,1,1,323253.2,0.0,60.0,1,75.88
flow_0.921,car,1,1,315043.58,0.4,57.0,1,71.03
flow_0.922,car,1,1,324730.44,0.8,56.0,1,70.75
flow_0.923,car,1,1,307098.35,0.2,50.0,1,66.67
flow_0.924,car,1,1,313105.31,0.6,51.0,1,66.01
flow_0.925,car,1,1,304323.61,0.0,47.0,1,63.7
flow_0.926,car,1,1,298351.23,0.4,45.0,1,61.75
flow_0.927,car,1,1,296959.18,0.8,42.0,1,58.71
flow_0.928,car,1,1,282058.65,0.2,38.0,1,54.14
flow_0.929,car,1,1,281998.44,0.6,36.0,1,53.11
flow_0.930,car,1,1,248305.18,0.0,31.0,1,46.94
flow_0.931,car,1,1,253519.6,0.4,30.0,1,46.13
flow_0.932,car,1,1,267759.57,0.8,30.0,1,45.87
flow_0.933,car,1,1,257111.6,0.2,28.0,1,43.55
flow_1.0,bus,1,1,386936.73,0.0,8.0,1,37.96
flow_1.1,bus,1,1,386699.64,0.0,10.0,2,38.41
flow_1.2,bus,1,1,389553.78,0.0,8.0,2,38.37
flow_1.3,bus,1,1,390143.0,0.0,7.0,2,37.78
flow_1.4,bus,1,1,373639.62,0.0,12.0,4,38.23
flow_1.5,bus,1,1,379000.11,0.0,12.0,2,38.93
flow_1.6,bus,1,1,386362.3,0.0,10.0,1,38.29
flow_1.7,bus,1,1,375408.59,0.0,11.0,2,36.74
flow_1.8,bus,1,1,386302.45,0.0,11.0,2,40.19
flow_1.9,bus,1,1,385267.34,0.0,9.0,2,37.29
flow_1.10,bus,1,1,391751.59,0.0,12.0,1,39.15
flow_1.11,bus,1,1,388055.03,0.0,5.0,2,38.56
flow_0.0,car,2,1,242224.95,0.0,23.0,1,38.91
flow_0.1,car,2,1,234015.7,0.23,12.0,1,29.29
flow_0.2,car,2,1,204356.54,0.46,4.0,1,18.91
flow_0.3,car,2,1,175825.89,0.69,0.0,0,9.73
flow_0.4,car,2,1,159876.21,0.92,0.0,0,11.87
flow_0.5,car,2,1,174491.55,0.15,0.0,0,11.12
flow_0.6,car,2,1,306695.97,0.38,52.0,1,67.25
flow_0.7,car,2,1,283373.35,0.61,43.0,1,58.73
flow_0.8,car,2,1,246983.38,0.84,30.0,1,45.89
flow_0.9,car,2,1,255058.96,0.07,23.0,1,41.75
flow_0.10,car,2,1,224165.73,0.3,16.0,1,30.87
flow_0.11,car,2,1,207217.81,0.53,5.0,1,21.68
flow_0.12,car,2,1,173444.44,0.76,0.0,0,10.07
flow_0.13,car,2,1,176375.61,0.99,0.0,0,11.82
flow_0.14,car,2,1,173616.78,0.22,0.0,0,11.08
flow_0.15,car,2,1,299359.86,0.45,52.0,1,68.69
flow_0.16,car,2,1,291393.54,0.68,43.0,1,60.21
flow_0.17,car,2,1,265928.38,0.91,33.0,1,50.48
flow_0.18,car,2,1,264088.66,0.14,28.0,1,43.75
flow_0.19,car,2,1,236173.92,0.37,17.0,1,34.31
flow_0.20,car,2,1,210343.41,0.6,7.0,1,23.83
flow_0.21,car,2,1,174261.63,0.83,0.0,0,11.13
flow_0.22,car,2,1,165490.85,0.06,0.0,0,11.28
flow_0.23,car,2,1,161165.97,0.29,0.0,0,11.31
flow_0.24,car,2,1,306423.79,0.52,55.0,1,71.11
flow_0.25,car,2,1,299634.39,0.75,45.0,1,61.77
flow_0.26,car,2,1,274349.95,0.98,36.0,1,53.11
flow_0.27,car,2,1,263987.12,0.21,29.0,1,46.07
flow_0.28,car,2,1,229941.84,0.44,15.0,1,33.1
flow_0.29,car,2,1,209026.86,0.67,10.0,1,25.32
flow_0.30,car,2,1,191274.59,0.9,0.0,0,15.98
flow_0.31,car,2,1,170412.37,0.13,0.0,0,11.67
flow_0.32,car,2,1,163069.04,0.36,0.0,0,9.36
flow_0.33,car,2,1,162660.0,0.59,0.0,0,9.99
flow_0.34,car,2,1,311943.4,0.82,48.0,1,65.29
flow_0.35,car,2,1,288675.82,0.05,40.0,1,56.21
flow_0.36,car,2,1,272230.19,0.28,29.0,1,47.18
flow_0.37,car,2,1,240669.57,0.51,22.0,1,37.11
flow_0.38,car,2,1,201978.52,0.74,8.0,1,24.27
flow_0.39,car,2,1,198979.61,0.97,1.0,1,16.99
flow_0.40,car,2,1,170624.33,0.2,0.0,0,11.01
flow_0.41,car,2,1,176491.81,0.43,0.0,0,11.7
flow_0.42,car,2,1,175230.24,0.66,0.0,0,11.19
flow_0.43,car,2,1,313754.81,0.89,51.0,1,69.01
flow_0.44,car,2,1,296196.56,0.12,43.0,1,59.76
flow_0.45,car,2,1,274687.25,0.35,32.0,1,48.89
flow_0.46,car,2,1,232153.72,0.58,22.0,1,37.1
flow_0.47,car,2,1,207582.66,0.81,10.0,1,26.07
flow_0.48,car,2,1,175861.94,0.04,0.0,0,15.49
flow_0.49,car,2,1,164465.44,0.27,0.0,0,10.83
flow_0.50,car,2,1,171311.76,0.5,0.0,0,9.87
flow_0.51,car,2,1,168444.58,0.73,0.0,0,9.99
flow_0.52,car,2,1,317474.7,0.96,54.0,1,70.2
flow_0.53,car,2,1,300835.65,0.19,46.0,1,62.46
flow_0.54,car,2,1,272834.63,0.42,36.0,1,51.92
flow_0.55,car,2,1,240648.67,0.65,25.0,1,38.76
flow_0.56,car,2,1,234040.17,0.88,16.0,1,31.71
flow_0.57,car,2,1,207223.03,0.11,4.0,1,22.6
flow_0.58,car,2,1,162997.81,0.34,0.0,0,11.78
flow_0.59,car,2,1,164610.24,0.57,0.0,0,11.0
flow_0.60,car,2,1,171678.3,0.8,0.0,0,11.05
flow_0.61,car,2,1,330922.74,0.03,58.0,1,72.91
flow_0.62,car,2,1,300530.9,0.26,46.0,1,62.79
flow_0.63,car,2,1,269834.84,0.49,35.0,1,51.11
flow_0.64,car,2,1,250237.97,0.72,24.0,1,40.58
flow_0.65,car,2,1,220086.9,0.95,15.0,1,30.04
flow_0.66,car,2,1,199039.91,0.18,6.0,1,21.83
flow_0.67,car,2,1,183986.99,0.41,0.0,0,11.67
flow_0.68,car,2,1,174805.51,0.64,0.0,0,11.62
flow_0.69,car,2,1,174071.36,0.87,0.0,0,10.34
flow_0.70,car,2,1,325539.11,0.1,58.0,1,74.79
flow_0.71,car,2,1,299733.36,0.33,46.0,1,63.61
flow_0.72,car,2,1,286931.51,0.56,40.0,1,55.77
flow_0.73,car,2,1,256811.17,0.79,28.0,1,44.6
flow_0.74,car,2,1,244474.85,0.02,22.0,1,36.26
flow_0.75,car,2,1,219433.49,0.25,10.0,1,26.05
flow_0.76,car,2,1,192884.88,0.48,0.0,0,16.72
flow_0.77,car,2,1,168946.22,0.71,0.0,0,9.97
flow_0.78,car,2,1,172387.02,0.94,0.0,0,10.09
flow_0.79,car,2,1,174657.31,0.17,0.0,0,11.76
flow_0.80,car,2,1,313624.98,0.4,51.0,1,67.88
flow_0.81,car,2,1,284333.82,0.63,41.0,1,56.87
flow_0.82,car,2,1,266587.66,0.86,33.0,1,47.78
flow_0.83,car,2,1,239941.04,0.09,21.0,1,38.12
flow_0.84,car,2,1,223247.83,0.32,11.0,1,28.32
flow_0.85,car,2,1,197364.13,0.55,1.0,1,17.9
flow_0.86,car,2,1,175261.76,0.78,0.0,0,10.69
flow_0.87,car,2,1,177747.0,0.01,0.0,0,11.08
flow_0.88,car,2,1,171146.48,0.24,0.0,0,10.35
flow_0.89,car,2,1,298680.34,0.47,51.0,1,66.39
flow_0.90,car,2,1,267604.19,0.7,40.0,1,53.98
flow_0.91,car,2,1,258080.28,0.93,33.0,1,47.4
flow_0.92,car,2,1,251441.08,0.16,24.0,1,41.32
flow_0.93,car,2,1,228706.91,0.39,14.0,1,29.99
flow_0.94,car,2,1,202516.15,0.62,4.0,1,20.56
flow_0.95,car,2,1,171168.26,0.85,0.0,0,12.17
flow_0.96,car,2,1,167802.6,0.08,0.0,0,9.68
flow_0.97,car,2,1,171779.83,0.31,0.0,0,12.36
flow_0.98,car,2,1,324931.26,0.54,55.0,1,71.23
flow_0.99,car,2,1,290377.75,0.77,43.0,1,60.31
flow_0.100,car,2,1,270844.27,0.0,36.0,1,50.65
flow_0.101,car,2,1,249607.43,0.23,23.0,1,40.21
flow_0.102,car,2,1,217049.59,0.46,15.0,1,30.22
flow_0.103,car,2,1,209169.03,0.69,5.0,1,21.88
flow_0.104,car,2,1,172633.7,0.92,0.0,0,11.31
flow_0.105,car,2,1,166418.69,0.15,0.0,0,10.71
flow_0.106,car,2,1,165723.61,0.38,0.0,0,10.05
flow_0.107,car,2,1,324638.83,0.61,56.0,1,72.56
flow_0.108,car,2,1,290879.0,0.84,45.0,1,61.74
flow_0.109,car,2,1,267528.67,0.07,37.0,1,51.01
flow_0.110,car,2,1,257976.03,0.3,27.0,1,44.3
flow_0.111,car,2,1,241597.95,0.53,17.0,1,34.87
flow_0.112,car,2,1,219323.12,0.76,8.0,1,24.68
flow_0.113,car,2,1,168433.43,0.99,0.0,0,11.46
flow_0.114,car,2,1,172269.97,0.22,0.0,0,10.67
flow_0.115,car,2,1,177998.75,0.45,0.0,0,11.82
flow_0.116,car,2,1,332140.92,0.68,58.0,1,75.07
flow_0.117,car,2,1,312377.07,0.91,48.0,1,65.23
flow_0.118,car,2,1,272577.17,0.14,38.0,1,54.47
flow_0.119,car,2,1,268166.5,0.37,29.0,1,46.07
flow_0.120,car,2,1,239725.47,0.6,19.0,1,35.65
flow_0.121,car,2,1,215193.05,0.83,11.0,1,25.73
flow_0.122,car,2,1,196378.33,0.06,0.0,0,17.61
flow_0.123,car,2,1,166119.78,0.29,0.0,0,9.99
flow_0.124,car,2,1,171370.87,0.52,0.0,0,10.11
flow_0.125,car,2,1,298047.13,0.75,55.0,1,71.57
flow_0.126,car,2,1,315684.25,0.98,52.0,1,68.28
flow_0.127,car,2,1,285828.65,0.21,42.0,1,58.43
flow_0.128,car,2,1,265489.58,0.44,31.0,1,48.24
flow_0.129,car,2,1,250922.88,0.67,22.0,1,38.19
flow_0.130,car,2,1,218229.87,0.9,11.0,1,27.87
flow_0.131,car,2,1,201184.65,0.13,3.0,1,18.84
flow_0.132,car,2,1,166635.48,0.36,0.0,0,10.8
flow_0.133,car,2,1,169264.72,0.59,0.0,0,10.22
flow_0.134,car,2,1,170862.45,0.82,0.0,0,10.12
flow_0.135,car,2,1,319576.26,0.05,54.0,1,69.8
flow_0.136,car,2,1,301922.36,0.28,45.0,1,60.17
flow_0.137,car,2,1,265612.65,0.51,33.0,1,49.58
flow_0.138,car,2,1,247877.26,0.74,25.0,1,40.75
flow_0.139,car,2,1,228156.44,0.97,16.0,1,30.42
flow_0.140,car,2,1,193712.5,0.2,2.0,1,19.6
flow_0.141,car,2,1,166524.98,0.43,0.0,0,9.73
flow_0.142,car,2,1,164283.41,0.66,0.0,0,11.35
flow_0.143,car,2,1,165280.07,0.89,0.0,0,10.05
flow_0.144,car,2,1,304678.09,0.12,52.0,1,69.41
flow_0.145,car,2,1,297655.43,0.35,45.0,1,61.24
flow_0.146,car,2,1,282269.76,0.58,37.0,1,52.69
flow_0.147,car,2,1,249090.04,0.81,25.0,1,41.64
flow_0.148,car,2,1,239429.01,0.04,18.0,1,34.21
flow_0.149,car,2,1,204873.91,0.27,5.0,1,23.21
flow_0.150,car,2,1,168593.03,0.5,0.0,0,12.05
flow_0.151,car,2,1,170477.84,0.73,0.0,0,11.08
flow_0.152,car,2,1,164088.74,0.96,0.0,0,9.71
flow_0.153,car,2,1,332543.26,0.19,57.0,1,74.43
flow_0.154,car,2,1,305434.16,0.42,48.0,1,63.65
flow_0.155,car,2,1,274324.17,0.65,38.0,1,51.97
flow_0.156,car,2,1,260250.03,0.88,28.0,1,44.62
flow_0.157,car,2,1,226152.39,0.11,16.0,1,32.18
flow_0.158,car,2,1,219376.37,0.34,9.0,1,25.46
flow_0.159,car,2,1,184533.29,0.57,0.0,0,13.42
flow_0.160,car,2,1,164995.69,0.8,0.0,0,10.19
flow_0.161,car,2,1,175105.51,0.03,0.0,0,10.11
flow_0.162,car,2,1,322329.87,0.26,58.0,1,73.23
flow_0.163,car,2,1,307277.19,0.49,51.0,1,66.37
flow_0.164,car,2,1,281617.02,0.72,40.0,1,56.97
flow_0.165,car,2,1,259409.82,0.95,29.0,1,46.05
flow_0.166,car,2,1,233613.73,0.18,17.0,1,36.38
flow_0.167,car,2,1,220206.59,0.41,10.0,1,27.37
flow_0.168,car,2,1,184935.16,0.64,0.0,0,13.73
flow_0.169,car,2,1,161213.48,0.87,0.0,0,10.91
flow_0.170,car,2,1,166721.37,0.1,0.0,0,9.46
flow_0.171,car,2,1,168089.63,0.33,0.0,0,10.21
flow_0.172,car,2,1,302039.73,0.56,51.0,1,65.86
flow_0.173,car,2,1,290907.82,0.79,41.0,1,58.01
flow_0.174,car,2,1,266837.67,0.02,33.0,1,49.35
flow_0.175,car,2,1,251920.02,0.25,22.0,1,39.31
flow_0.176,car,2,1,218291.42,0.48,13.0,1,30.04
flow_0.177,car,2,1,207518.32,0.71,3.0,1,18.99
flow_0.178,car,2,1,176543.5,0.94,0.0,0,11.47
flow_0.179,car,2,1,165733.35,0.17,0.0,0,11.38
flow_0.180,car,2,1,165642.12,0.4,0.0,0,11.99
flow_0.181,car,2,1,317703.51,0.63,53.0,1,68.48
flow_0.182,car,2,1,289868.88,0.86,43.0,1,57.57
flow_0.183,car,2,1,278455.64,0.09,36.0,1,51.15
flow_0.184,car,2,1,228973.24,0.32,22.0,1,38.62
flow_0.185,car,2,1,224112.52,0.55,14.0,1,29.86
flow_0.186,car,2,1,204254.8,0.78,5.0,1,20.61
flow_0.187,car,2,1,167786.98,0.01,0.0,0,11.21
flow_0.188,car,2,1,170280.89,0.24,0.0,0,11.96
flow_0.189,car,2,1,161994.62,0.47,0.0,0,10.47
flow_0.190,car,2,1,330480.53,0.7,58.0,1,72.38
flow_0.191,car,2,1,299448.62,0.93,45.0,1,62.34
flow_0.192,car,2,1,254837.26,0.16,33.0,1,48.06
flow_0.193,car,2,1,256113.16,0.39,27.0,1,42.9
flow_0.194,car,2,1,214767.43,0.62,13.0,1,29.6
flow_0.195,car,2,1,212798.91,0.85,8.0,1,22.79
flow_0.196,car,2,1,165262.54,0.08,0.0,0,11.31
flow_0.197,car,2,1,164723.89,0.31,0.0,0,11.95
flow_0.198,car,2,1,165082.64,0.54,0.0,0,11.15
flow_0.199,car,2,1,332998.98,0.77,59.0,1,74.34
flow_0.200,car,2,1,310206.52,0.0,49.0,1,65.41
flow_0.201,car,2,1,280027.39,0.23,39.0,1,55.35
flow_0.202,car,2,1,263928.53,0.46,29.0,1,45.2
flow_0.203,car,2,1,237958.59,0.69,20.0,1,35.53
flow_0.204,car,2,1,214646.66,0.92,10.0,1,24.92
flow_0.205,car,2,1,176096.34,0.15,0.0,0,13.27
flow_0.206,car,2,1,170457.75,0.38,0.0,0,11.29
flow_0.207,car,2,1,166928.92,0.61,0.0,0,11.84
flow_0.208,car,2,1,171250.46,0.84,0.0,0,10.44
flow_0.209,car,2,1,314459.72,0.07,51.0,1,67.2
flow_0.210,car,2,1,292531.26,0.3,40.0,1,57.19
flow_0.211,car,2,1,246970.66,0.53,27.0,1,41.46
flow_0.212,car,2,1,243176.2,0.76,21.0,1,37.37
flow_0.213,car,2,1,221461.58,0.99,9.0,1,26.28
flow_0.214,car,2,1,193546.73,0.22,2.0,1,18.34
flow_0.215,car,2,1,170982.99,0.45,0.0,0,10.7
flow_0.216,car,2,1,168269.37,0.68,0.0,0,11.36
flow_0.217,car,2,1,170459.54,0.91,0.0,0,11.0
flow_0.218,car,2,1,293068.34,0.14,50.0,1,64.26
flow_0.219,car,2,1,292608.31,0.37,43.0,1,59.19
flow_0.220,car,2,1,281485.63,0.6,35.0,1,49.75
flow_0.221,car,2,1,245637.52,0.83,21.0,1,37.71
flow_0.222,car,2,1,234594.46,0.06,16.0,1,30.81
flow_0.223,car,2,1,204166.43,0.29,5.0,1,20.16
flow_0.224,car,2,1,167198.32,0.52,0.0,0,11.1
flow_0.225,car,2,1,172506.86,0.75,0.0,0,12.11
flow_0.226,car,2,1,172967.19,0.98,0.0,0,10.07
flow_0.227,car,2,1,319352.02,0.21,55.0,1,71.22
flow_0.228,car,2,1,283194.58,0.44,44.0,1,60.14
flow_0.229,car,2,1,277167.6,0.67,35.0,1,52.05
flow_0.230,car,2,1,235684.2,0.9,22.0,1,39.9
flow_0.231,car,2,1,219157.5,0.13,14.0,1,31.05
flow_0.232,car,2,1,205123.66,0.36,6.0,1,22.77
flow_0.233,car,2,1,160977.89,0.59,0.0,0,11.22
flow_0.234,car,2,1,162536.84,0.82,0.0,0,9.91
flow_0.235,car,2,1,169047.68,0.05,0.0,0,10.03
flow_0.236,car,2,1,319315.01,0.28,56.0,1,72.61
flow_0.237,car,2,1,302301.98,0.51,46.0,1,63.23
flow_0.238,car,2,1,278256.48,0.74,36.0,1,51.88
flow_0.239,car,2,1,250076.93,0.97,26.0,1,42.87
flow_0.240,car,2,1,235818.94,0.2,17.0,1,33.63
flow_0.241,car,2,1,215861.98,0.43,7.0,1,24.98
flow_0.242,car,2,1,169343.14,0.66,0.0,0,12.17
flow_0.243,car,2,1,173344.9,0.89,0.0,0,12.65
flow_0.244,car,2,1,170118.14,0.12,0.0,0,9.45
flow_0.245,car,2,1,162388.59,0.35,0.0,0,9.82
flow_0.246,car,2,1,294976.41,0.58,47.0,1,63.48
flow_0.247,car,2,1,266256.18,0.81,35.0,1,51.94
flow_0.248,car,2,1,270771.22,0.04,31.0,1,46.65
flow_0.249,car,2,1,236701.99,0.27,19.0,1,35.02
flow_0.250,car,2,1,200520.02,0.5,8.0,1,23.08
flow_0.251,car,2,1,164089.66,0.73,0.0,0,12.45
flow_0.252,car,2,1,163101.15,0.96,0.0,0,11.11
flow_0.253,car,2,1,162570.29,0.19,0.0,0,9.13
flow_0.254,car,2,1,340331.26,0.42,61.0,1,76.93
flow_0.255,car,2,1,290084.25,0.65,46.0,1,62.48
flow_0.256,car,2,1,255737.34,0.88,36.0,1,49.07
flow_0.257,car,2,1,269806.35,0.11,33.0,1,49.1
flow_0.258,car,2,1,253593.22,0.34,23.0,1,38.18
flow_0.259,car,2,1,213899.14,0.57,9.0,1,27.5
flow_0.260,car,2,1,202899.28,0.8,3.0,1,18.17
flow_0.261,car,2,1,174867.79,0.03,0.0,0,11.2
flow_0.262,car,2,1,179513.29,0.26,0.0,0,11.5
flow_0.263,car,2,1,167444.42,0.49,0.0,0,10.92
flow_0.264,car,2,1,308908.92,0.72,50.0,1,68.35
flow_0.265,car,2,1,293372.75,0.95,45.0,1,59.91
flow_0.266,car,2,1,261666.89,0.18,32.0,1,49.6
flow_0.267,car,2,1,234051.28,0.41,20.0,1,35.83
flow_0.268,car,2,1,229811.91,0.64,13.0,1,30.79
flow_0.269,car,2,1,203314.94,0.87,3.0,1,19.66
flow_0.270,car,2,1,161621.35,0.1,0.0,0,11.1
flow_0.271,car,2,1,171548.02,0.33,0.0,0,11.24
flow_0.272,car,2,1,157979.1,0.56,0.0,0,10.74
flow_0.273,car,2,1,329207.36,0.79,56.0,1,72.25
flow_0.274,car,2,1,298745.71,0.02,45.0,1,63.14
flow_0.275,car,2,1,269398.65,0.25,36.0,1,51.73
flow_0.276,car,2,1,250012.7,0.48,24.0,1,41.4
flow_0.277,car,2,1,235227.88,0.71,17.0,1,32.45
flow_0.278,car,2,1,208887.01,0.94,6.0,1,21.32
flow_0.279,car,2,1,174739.42,0.17,0.0,0,11.56
flow_0.280,car,2,1,158495.93,0.4,0.0,0,11.89
flow_0.281,car,2,1,162676.58,0.63,0.0,0,11.08
flow_0.282,car,2,1,322393.51,0.86,56.0,1,72.84
flow_0.283,car,2,1,293139.93,0.09,44.0,1,61.38
flow_0.284,car,2,1,282725.21,0.32,38.0,1,54.33
flow_0.285,car,2,1,262211.62,0.55,29.0,1,44.42
flow_0.286,car,2,1,228351.97,0.78,19.0,1,33.5
flow_0.287,car,2,1,215807.56,0.01,10.0,1,25.34
flow_0.288,car,2,1,180637.22,0.24,0.0,0,12.9
flow_0.289,car,2,1,172028.64,0.47,0.0,0,11.51
flow_0.290,car,2,1,168229.08,0.7,0.0,0,10.89
flow_0.291,car,2,1,170576.04,0.93,0.0,0,10.61
flow_0.292,car,2,1,304510.55,0.16,48.0,1,65.81
flow_0.293,car,2,1,283250.96,0.39,40.0,1,55.75
flow_0.294,car,2,1,260955.83,0.62,31.0,1,46.61
flow_0.295,car,2,1,242593.76,0.85,21.0,1,36.21
flow_0.296,car,2,1,208984.24,0.08,10.0,1,25.8
flow_0.297,car,2,1,188667.21,0.31,0.0,0,16.72
flow_0.298,car,2,1,177545.1,0.54,0.0,0,12.02
flow_0.299,car,2,1,169960.44,0.77,0.0,0,11.72
flow_0.300,car,2,1,170412.09,0.0,0.0,0,10.37
flow_0.301,car,2,1,320694.32,0.23,51.0,1,68.1
flow_0.302,car,2,1,294684.1,0.46,42.0,1,58.45
flow_0.303,car,2,1,262699.38,0.69,31.0,1,48.14
flow_0.304,car,2,1,243606.01,0.92,21.0,1,37.56
flow_0.305,car,2,1,218295.44,0.15,12.0,1,26.77
flow_0.306,car,2,1,208056.69,0.38,4.0,1,19.39
flow_0.307,car,2,1,165661.28,0.61,0.0,0,10.17
flow_0.308,car,2,1,168995.82,0.84,0.0,0,10.06
flow_0.309,car,2,1,166047.75,0.07,0.0,0,10.41
flow_0.310,car,2,1,321547.4,0.3,52.0,1,70.79
flow_0.311,car,2,1,304421.31,0.53,44.0,1,60.28
flow_0.312,car,2,1,266082.81,0.76,32.0,1,49.42
flow_0.313,car,2,1,254456.19,0.99,24.0,1,40.21
flow_0.314,car,2,1,238752.89,0.22,16.0,1,31.26
flow_0.315,car,2,1,204761.43,0.45,6.0,1,21.75
flow_0.316,car,2,1,168068.22,0.68,0.0,0,10.91
flow_0.317,car,2,1,161324.51,0.91,0.0,0,12.0
flow_0.318,car,2,1,165679.67,0.14,0.0,0,11.41
flow_0.319,car,2,1,320011.11,0.37,54.0,1,70.77
flow_0.320,car,2,1,296939.05,0.6,45.0,1,62.28
flow_0.321,car,2,1,266736.75,0.83,35.0,1,49.76
flow_0.322,car,2,1,246380.12,0.06,24.0,1,40.8
flow_0.323,car,2,1,234942.71,0.29,17.0,1,32.49
flow_0.324,car,2,1,193212.18,0.52,5.0,1,21.12
flow_0.325,car,2,1,175722.05,0.75,0.0,0,10.71
flow_0.326,car,2,1,175826.66,0.98,0.0,0,11.22
flow_0.327,car,2,1,175742.46,0.21,0.0,0,11.57
flow_0.328,car,2,1,315409.47,0.44,55.0,1,71.28
flow_0.329,car,2,1,310382.75,0.67,51.0,1,64.61
flow_0.330,car,2,1,274197.86,0.9,35.0,1,51.45
flow_0.331,car,2,1,260958.17,0.13,30.0,1,46.2
flow_0.332,car,2,1,242852.52,0.36,20.0,1,35.24
flow_0.333,car,2,1,209800.94,0.59,8.0,1,23.72
flow_0.334,car,2,1,191497.29,0.82,0.0,0,15.43
flow_0.335,car,2,1,165632.65,0.05,0.0,0,11.19
flow_0.336,car,2,1,161882.29,0.28,0.0,0,10.82
flow_0.337,car,2,1,173698.83,0.51,0.0,0,10.25
flow_0.338,car,2,1,300348.23,0.74,49.0,1,64.21
flow_0.339,car,2,1,285297.82,0.97,40.0,1,56.15
flow_0.340,car,2,1,256097.37,0.2,29.0,1,46.13
flow_0.341,car,2,1,240868.04,0.43,21.0,1,37.24
flow_0.342,car,2,1,198363.13,0.66,8.0,1,21.98
flow_0.343,car,2,1,194100.16,0.89,0.0,0,16.43
flow_0.344,car,2,1,161747.55,0.12,0.0,0,11.29
flow_0.345,car,2,1,166785.54,0.35,0.0,0,11.32
flow_0.346,car,2,1,318861.99,0.58,59.0,1,72.44
flow_0.347,car,2,1,309050.29,0.81,51.0,1,66.97
flow_0.348,car,2,1,302720.73,0.04,45.0,1,59.72
flow_0.349,car,2,1,257593.01,0.27,32.0,1,48.95
flow_0.350,car,2,1,247524.61,0.5,22.0,1,38.87
flow_0.351,car,2,1,221100.93,0.73,12.0,1,28.1
flow_0.352,car,2,1,191067.77,0.96,1.0,1,17.97
flow_0.353,car,2,1,171635.27,0.19,0.0,0,10.92
flow_0.354,car,2,1,163316.63,0.42,0.0,0,11.67
flow_0.355,car,2,1,167606.67,0.65,0.0,0,9.95
flow_0.356,car,2,1,308906.29,0.88,52.0,1,68.82
flow_0.357,car,2,1,297482.84,0.11,44.0,1,61.29
flow_0.358,car,2,1,266355.93,0.34,33.0,1,48.72
flow_0.359,car,2,1,254425.17,0.57,25.0,1,40.66
flow_0.360,car,2,1,227220.11,0.8,16.0,1,32.1
flow_0.361,car,2,1,214668.46,0.03,6.0,1,22.15
flow_0.362,car,2,1,172024.88,0.26,0.0,0,10.4
flow_0.363,car,2,1,169865.71,0.49,0.0,0,12.28
flow_0.364,car,2,1,167070.9,0.72,0.0,0,10.05
flow_0.365,car,2,1,311188.05,0.95,55.0,1,70.41
flow_0.366,car,2,1,309415.0,0.18,48.0,1,63.46
flow_0.367,car,2,1,268722.4,0.41,35.0,1,50.05
flow_0.368,car,2,1,246752.11,0.64,25.0,1,41.38
flow_0.369,car,2,1,207408.83,0.87,11.0,1,27.64
flow_0.370,car,2,1,216864.34,0.1,10.0,1,25.24
flow_0.371,car,2,1,184813.88,0.33,0.0,0,12.84
flow_0.372,car,2,1,167850.31,0.56,0.0,0,11.16
flow_0.373,car,2,1,157648.03,0.79,0.0,0,10.81
flow_0.374,car,2,1,306893.8,0.02,56.0,1,71.03
flow_0.375,car,2,1,300528.78,0.25,49.0,1,64.26
flow_0.376,car,2,1,265299.83,0.48,35.0,1,50.65
flow_0.377,car,2,1,268686.15,0.71,30.0,1,45.41
flow_0.378,car,2,1,240227.96,0.94,22.0,1,36.21
flow_0.379,car,2,1,209567.37,0.17,7.0,1,25.75
flow_0.380,car,2,1,203674.48,0.4,1.0,1,15.65
flow_0.381,car,2,1,157741.71,0.63,0.0,0,11.88
flow_0.382,car,2,1,165171.34,0.86,0.0,0,10.56
flow_0.383,car,2,1,322820.97,0.09,59.0,1,75.3
flow_0.384,car,2,1,310589.73,0.32,51.0,1,66.72
flow_0.385,car,2,1,285618.1,0.55,42.0,1,57.86
flow_0.386,car,2,1,269915.11,0.78,31.0,1,47.33
flow_0.387,car,2,1,250358.08,0.01,22.0,1,39.1
flow_0.388,car,2,1,223457.78,0.24,12.0,1,28.99
flow_0.389,car,2,1,204100.76,0.47,4.0,1,18.91
flow_0.390,car,2,1,173564.41,0.7,0.0,0,11.03
flow_0.391,car,2,1,164343.32,0.93,0.0,0,10.41
flow_0.392,car,2,1,166633.45,0.16,0.0,0,10.87
flow_0.393,car,2,1,323664.85,0.39,52.0,1,68.92
flow_0.394,car,2,1,292862.99,0.62,42.0,1,59.28
flow_0.395,car,2,1,275270.61,0.85,34.0,1,48.98
flow_0.396,car,2,1,258937.19,0.08,26.0,1,40.44
flow_0.397,car,2,1,224101.88,0.31,13.0,1,30.18
flow_0.398,car,2,1,204737.49,0.54,4.0,1,20.95
flow_0.399,car,2,1,163697.95,0.77,0.0,0,9.73
flow_0.400,car,2,1,169929.85,0.0,0.0,0,9.66
flow_0.401,car,2,1,326397.54,0.23,59.0,1,76.85
flow_0.402,car,2,1,325468.58,0.46,54.0,1,70.93
flow_0.403,car,2,1,297433.98,0.69,44.0,1,60.1
flow_0.404,car,2,1,279820.61,0.92,34.0,1,51.32
flow_0.405,car,2,1,253970.8,0.15,24.0,1,41.28
flow_0.406,car,2,1,228361.11,0.38,15.0,1,31.32
flow_0.407,car,2,1,176711.26,0.61,1.0,1,15.76
flow_0.408,car,2,1,171750.25,0.84,0.0,0,10.35
flow_0.409,car,2,1,167815.22,0.07,0.0,0,9.91
flow_0.410,car,2,1,163544.57,0.3,0.0,0,10.27
flow_0.411,car,2,1,329944.64,0.53,58.0,1,73.73
flow_0.412,car,2,1,291842.61,0.76,45.0,1,61.92
flow_0.413,car,2,1,275384.96,0.99,35.0,1,52.46
flow_0.414,car,2,1,254830.31,0.22,27.0,1,42.52
flow_0.415,car,2,1,236268.62,0.45,19.0,1,34.12
flow_0.416,car,2,1,211124.04,0.68,8.0,1,23.42
flow_0.417,car,2,1,192220.3,0.91,0.0,0,13.85
flow_0.418,car,2,1,169891.19,0.14,0.0,0,11.65
flow_0.419,car,2,1,168476.97,0.37,0.0,0,11.73
flow_0.420,car,2,1,328506.26,0.6,59.0,1,74.57
flow_0.421,car,2,1,310314.09,0.83,47.0,1,65.24
flow_0.422,car,2,1,277819.03,0.06,39.0,1,54.38
flow_0.423,car,2,1,267818.84,0.29,30.0,1,46.0
flow_0.424,car,2,1,239642.45,0.52,21.0,1,36.39
flow_0.425,car,2,1,195748.91,0.75,7.0,1,20.94
flow_0.426,car,2,1,201665.56,0.98,0.0,0,16.01
flow_0.427,car,2,1,171573.71,0.21,0.0,0,11.31
flow_0.428,car,2,1,158197.44,0.44,0.0,0,11.6
flow_0.429,car,2,1,169128.99,0.67,0.0,0,10.71
flow_0.430,car,2,1,298546.86,0.9,47.0,1,64.31
flow_0.431,car,2,1,289923.57,0.13,43.0,1,58.33
flow_0.432,car,2,1,265302.25,0.36,32.0,1,48.1
flow_0.433,car,2,1,227713.34,0.59,20.0,1,35.68
flow_0.434,car,2,1,213745.34,0.82,10.0,1,25.79
flow_0.435,car,2,1,200370.48,0.05,4.0,1,19.68
flow_0.436,car,2,1,165166.03,0.28,0.0,0,10.1
flow_0.437,car,2,1,174993.53,0.51,0.0,0,10.39
flow_0.438,car,2,1,168582.7,0.74,0.0,0,11.85
flow_0.439,car,2,1,324863.6,0.97,54.0,1,70.05
flow_0.440,car,2,1,300922.74,0.2,45.0,1,60.72
flow_0.441,car,2,1,255862.07,0.43,31.0,1,46.07
flow_0.442,car,2,1,252226.11,0.66,24.0,1,40.64
flow_0.443,car,2,1,227128.47,0.89,16.0,1,30.5
flow_0.444,car,2,1,188036.18,0.12,2.0,1,18.2
flow_0.445,car,2,1,166454.4,0.35,0.0,0,10.79
flow_0.446,car,2,1,172214.43,0.58,0.0,0,11.76
flow_0.447,car,2,1,164901.82,0.81,0.0,0,11.62
flow_0.448,car,2,1,305631.14,0.04,52.0,1,68.98
flow_0.449,car,2,1,304296.05,0.27,46.0,1,62.4
flow_0.450,car,2,1,287548.02,0.5,36.0,1,51.95
flow_0.451,car,2,1,225773.2,0.73,21.0,1,35.89
flow_0.452,car,2,1,194772.03,0.96,11.0,1,25.38
flow_0.453,car,2,1,211198.87,0.19,6.0,1,23.47
flow_0.454,car,2,1,165868.38,0.42,0.0,0,9.85
flow_0.455,car,2,1,171928.45,0.65,0.0,0,13.15
flow_0.456,car,2,1,166047.79,0.88,0.0,0,10.28
flow_0.457,car,2,1,330594.68,0.11,59.0,1,73.6
flow_0.458,car,2,1,305141.39,0.34,47.0,1,63.95
flow_0.459,car,2,1,274455.4,0.57,37.0,1,53.98
flow_0.460,car,2,1,256670.78,0.8,26.0,1,42.95
flow_0.461,car,2,1,240289.93,0.03,20.0,1,35.42
flow_0.462,car,2,1,191459.16,0.26,7.0,1,21.83
flow_0.463,car,2,1,201829.67,0.49,0.0,0,15.71
flow_0.464,car,2,1,168951.06,0.72,0.0,0,11.31
flow_0.465,car,2,1,171946.64,0.95,0.0,0,10.84
flow_0.466,car,2,1,168715.81,0.18,0.0,0,10.18
flow_0.467,car,2,1,302347.37,0.41,49.0,1,65.62
flow_0.468,car,2,1,279812.55,0.64,37.0,1,55.01
flow_0.469,car,2,1,265872.43,0.87,30.0,1,45.65
flow_0.470,car,2,1,241637.2,0.1,20.0,1,36.6
flow_0.471,car,2,1,203719.26,0.33,9.0,1,23.66
flow_0.472,car,2,1,189178.86,0.56,0.0,0,14.34
flow_0.473,car,2,1,173034.55,0.79,0.0,0,11.48
flow_0.474,car,2,1,169158.03,0.02,0.0,0,10.73
flow_0.475,car,2,1,165559.37,0.25,0.0,0,10.01
flow_0.476,car,2,1,317971.93,0.48,52.0,1,68.25
flow_0.477,car,2,1,286843.42,0.71,42.0,1,57.62
flow_0.478,car,2,1,270132.2,0.94,32.0,1,48.35
flow_0.479,car,2,1,248413.77,0.17,23.0,1,39.18
flow_0.480,car,2,1,228430.35,0.4,14.0,1,29.4
flow_0.481,car,2,1,204913.71,0.63,2.0,1,19.56
flow_0.482,car,2,1,167792.54,0.86,0.0,0,11.52
flow_0.483,car,2,1,170760.7,0.09,0.0,0,10.54
flow_0.484,car,2,1,170610.88,0.32,0.0,0,11.06
flow_0.485,car,2,1,319336.21,0.55,53.0,1,69.76
flow_0.486,car,2,1,301247.53,0.78,46.0,1,60.29
flow_0.487,car,2,1,277576.35,0.01,36.0,1,51.14
flow_0.488,car,2,1,221091.01,0.24,21.0,1,36.67
flow_0.489,car,2,1,234304.44,0.47,16.0,1,31.49
flow_0.490,car,2,1,195328.79,0.7,2.0,1,18.95
flow_0.491,car,2,1,168948.12,0.93,0.0,0,9.89
flow_0.492,car,2,1,163547.59,0.16,0.0,0,10.28
flow_0.493,car,2,1,164182.42,0.39,0.0,0,9.67
flow_0.494,car,2,1,313933.16,0.62,55.0,1,69.95
flow_0.495,car,2,1,292724.14,0.85,44.0,1,59.19
flow_0.496,car,2,1,271193.2,0.08,35.0,1,52.26
flow_0.497,car,2,1,259280.93,0.31,29.0,1,44.14
flow_0.498,car,2,1,236065.58,0.54,19.0,1,33.13
flow_0.499,car,2,1,214187.47,0.77,7.0,1,23.52
flow_0.500,car,2,1,158315.58,0.0,0.0,0,11.95
flow_0.501,car,2,1,174038.22,0.23,0.0,0,11.19
flow_0.502,car,2,1,167068.27,0.46,0.0,0,10.62
flow_0.503,car,2,1,328571.26,0.69,58.0,1,74.69
flow_0.504,car,2,1,305088.34,0.92,47.0,1,63.35
flow_0.505,car,2,1,282496.12,0.15,38.0,1,55.95
flow_0.506,car,2,1,260940.51,0.38,27.0,1,45.32
flow_0.507,car,2,1,230119.6,0.61,16.0,1,32.93
flow_0.508,car,2,1,205515.27,0.84,6.0,1,23.2
flow_0.509,car,2,1,172898.48,0.07,0.0,0,12.29
flow_0.510,car,2,1,168862.25,0.3,0.0,0,12.23
flow_0.511,car,2,1,167892.26,0.53,0.0,0,12.25
flow_0.512,car,2,1,175092.3,0.76,0.0,0,10.57
flow_0.513,car,2,1,312024.62,0.99,50.0,1,65.94
flow_0.514,car,2,1,270054.84,0.22,37.0,1,53.26
flow_0.515,car,2,1,258409.78,0.45,30.0,1,46.46
flow_0.516,car,2,1,234136.14,0.68,21.0,1,36.48
flow_0.517,car,2,1,220655.26,0.91,12.0,1,27.52
flow_0.518,car,2,1,196558.87,0.14,2.0,1,18.77
flow_0.519,car,2,1,165601.84,0.37,0.0,0,10.77
flow_0.520,car,2,1,169482.4,0.6,0.0,0,9.77
flow_0.521,car,2,1,175889.81,0.83,0.0,0,11.5
flow_0.522,car,2,1,316017.01,0.06,54.0,1,70.31
flow_0.523,car,2,1,298813.2,0.29,43.0,1,57.99
flow_0.524,car,2,1,263354.6,0.52,33.0,1,48.51
flow_0.525,car,2,1,250302.24,0.75,21.0,1,39.87
flow_0.526,car,2,1,222200.35,0.98,12.0,1,30.07
flow_0.527,car,2,1,181844.59,0.21,0.0,0,15.86
flow_0.528,car,2,1,169021.6,0.44,0.0,0,11.7
flow_0.529,car,2,1,160760.0,0.67,0.0,0,10.4
flow_0.530,car,2,1,163574.06,0.9,0.0,0,11.24
flow_0.531,car,2,1,328064.51,0.13,57.0,1,71.69
flow_0.532,car,2,1,302116.05,0.36,46.0,1,61.9
flow_0.533,car,2,1,273730.69,0.59,35.0,1,51.39
flow_0.534,car,2,1,254129.9,0.82,26.0,1,41.39
flow_0.535,car,2,1,217659.47,0.05,12.0,1,29.7
flow_0.536,car,2,1,205014.53,0.28,5.0,1,21.76
flow_0.537,car,2,1,168128.99,0.51,0.0,0,10.26
flow_0.538,car,2,1,161346.03,0.74,0.0,0,11.21
flow_0.539,car,2,1,177752.19,0.97,0.0,0,11.59
flow_0.540,car,2,1,327038.81,0.2,58.0,1,72.83
flow_0.541,car,2,1,295902.07,0.43,46.0,1,62.54
flow_0.542,car,2,1,271176.79,0.66,36.0,1,52.95
flow_0.543,car,2,1,245340.16,0.89,26.0,1,40.64
flow_0.544,car,2,1,238079.76,0.12,18.0,1,34.94
flow_0.545,car,2,1,194302.38,0.35,6.0,1,19.29
flow_0.546,car,2,1,173332.43,0.58,0.0,0,11.44
flow_0.547,car,2,1,165358.8,0.81,0.0,0,12.06
flow_0.548,car,2,1,171412.17,0.04,0.0,0,10.95
flow_0.549,car,2,1,325699.33,0.27,59.0,1,74.88
flow_0.550,car,2,1,304812.44,0.5,50.0,1,64.6
flow_0.551,car,2,1,266572.86,0.73,36.0,1,53.99
flow_0.552,car,2,1,265797.99,0.96,30.0,1,45.1
flow_0.553,car,2,1,223878.27,0.19,18.0,1,35.88
flow_0.554,car,2,1,218200.01,0.42,10.0,1,26.63
flow_0.555,car,2,1,196449.15,0.65,0.0,0,15.65
flow_0.556,car,2,1,157349.77,0.88,0.0,0,10.5
flow_0.557,car,2,1,172971.52,0.11,0.0,0,10.98
flow_0.558,car,2,1,320375.73,0.34,60.0,1,74.67
flow_0.559,car,2,1,313724.18,0.57,52.0,1,66.47
flow_0.560,car,2,1,268161.86,0.8,38.0,1,52.84
flow_0.561,car,2,1,251550.09,0.03,29.0,1,45.22
flow_0.562,car,2,1,243924.9,0.26,22.0,1,38.73
flow_0.563,car,2,1,225740.03,0.49,12.0,1,28.09
flow_0.564,car,2,1,206172.42,0.72,4.0,1,18.87
flow_0.565,car,2,1,168348.94,0.95,0.0,0,11.83
flow_0.566,car,2,1,160004.94,0.18,0.0,0,10.86
flow_0.567,car,2,1,166205.04,0.41,0.0,0,10.56
flow_0.568,car,2,1,326183.81,0.64,53.0,1,69.73
flow_0.569,car,2,1,289730.58,0.87,42.0,1,58.62
flow_0.570,car,2,1,268198.11,0.1,34.0,1,50.33
flow_0.571,car,2,1,234642.58,0.33,21.0,1,38.13
flow_0.572,car,2,1,220974.17,0.56,11.0,1,28.22
flow_0.573,car,2,1,197885.32,0.79,3.0,1,19.41
flow_0.574,car,2,1,169114.95,0.02,0.0,0,12.09
flow_0.575,car,2,1,171757.98,0.25,0.0,0,11.14
flow_0.576,car,2,1,168085.24,0.48,0.0,0,10.25
flow_0.577,car,2,1,325292.66,0.71,56.0,1,71.47
flow_0.578,car,2,1,303406.29,0.94,45.0,1,61.5
flow_0.579,car,2,1,273820.19,0.17,36.0,1,51.72
flow_0.580,car,2,1,238896.38,0.4,24.0,1,40.74
flow_0.581,car,2,1,230907.33,0.63,17.0,1,32.35
flow_0.582,car,2,1,214071.95,0.86,6.0,1,22.8
flow_0.583,car,2,1,183460.23,0.09,0.0,0,11.7
flow_0.584,car,2,1,173958.22,0.32,0.0,0,11.66
flow_0.585,car,2,1,167101.1,0.55,0.0,0,10.24
flow_0.586,car,2,1,328815.95,0.78,55.0,1,73.31
flow_0.587,car,2,1,299645.82,0.01,50.0,1,63.64
flow_0.588,car,2,1,273979.3,0.24,34.0,1,51.9
flow_0.589,car,2,1,261951.93,0.47,28.0,1,44.57
flow_0.590,car,2,1,216767.58,0.7,15.0,1,30.75
flow_0.591,car,2,1,203245.09,0.93,4.0,1,24.47
flow_0.592,car,2,1,189305.86,0.16,0.0,0,13.42
flow_0.593,car,2,1,168598.35,0.39,0.0,0,11.65
flow_0.594,car,2,1,173683.97,0.62,0.0,0,11.01
flow_0.595,car,2,1,312616.78,0.85,55.0,1,72.35
flow_0.596,car,2,1,298378.8,0.08,48.0,1,64.56
flow_0.597,car,2,1,273765.74,0.31,38.0,1,55.0
flow_0.598,car,2,1,252572.1,0.54,29.0,1,44.88
flow_0.599,car,2,1,230931.07,0.77,19.0,1,34.19
flow_0.600,car,2,1,224748.45,0.0,12.0,1,28.16
flow_0.601,car,2,1,197380.09,0.23,1.0,1,16.96
flow_0.602,car,2,1,162591.17,0.46,0.0,0,9.88
flow_0.603,car,2,1,175470.37,0.69,0.0,0,11.72
flow_0.604,car,2,1,173078.42,0.92,0.0,0,10.54
flow_0.605,car,2,1,316262.48,0.15,52.0,1,69.2
flow_0.606,car,2,1,294731.31,0.38,42.0,1,58.58
flow_0.607,car,2,1,273311.76,0.61,33.0,1,48.09
flow_0.608,car,2,1,245231.85,0.84,22.0,1,38.54
flow_0.609,car,2,1,226587.28,0.07,14.0,1,29.6
flow_0.610,car,2,1,190013.06,0.3,1.0,1,16.72
flow_0.611,car,2,1,169356.09,0.53,0.0,0,10.82
flow_0.612,car,2,1,165673.9,0.76,0.0,0,11.17
flow_0.613,car,2,1,180802.24,0.99,0.0,0,11.4
flow_0.614,car,2,1,322655.09,0.22,54.0,1,71.07
flow_0.615,car,2,1,295379.12,0.45,42.0,1,61.11
flow_0.616,car,2,1,276466.88,0.68,33.0,1,49.71
flow_0.617,car,2,1,252314.26,0.91,25.0,1,40.36
flow_0.618,car,2,1,218276.8,0.14,13.0,1,28.43
flow_0.619,car,2,1,187917.64,0.37,2.0,1,18.93
flow_0.620,car,2,1,163975.12,0.6,0.0,0,11.73
flow_0.621,car,2,1,168104.72,0.83,0.0,0,10.93
flow_0.622,car,2,1,167279.31,0.06,0.0,0,10.52
flow_0.623,car,2,1,322945.66,0.29,58.0,1,73.05
flow_0.624,car,2,1,303639.47,0.52,45.0,1,62.28
flow_0.625,car,2,1,276934.8,0.75,37.0,1,52.02
flow_0.626,car,2,1,253519.41,0.98,28.0,1,42.72
flow_0.627,car,2,1,234631.19,0.21,17.0,1,34.07
flow_0.628,car,2,1,213796.9,0.44,7.0,1,22.66
flow_0.629,car,2,1,173774.81,0.67,0.0,0,11.57
flow_0.630,car,2,1,167744.97,0.9,0.0,0,12.37
flow_0.631,car,2,1,164400.36,0.13,0.0,0,10.58
flow_0.632,car,2,1,334412.3,0.36,59.0,1,74.05
flow_0.633,car,2,1,308854.18,0.59,47.0,1,63.89
flow_0.634,car,2,1,283549.38,0.82,39.0,1,53.91
flow_0.635,car,2,1,255591.39,0.05,27.0,1,42.73
flow_0.636,car,2,1,210869.71,0.28,17.0,1,30.16
flow_0.637,car,2,1,215099.26,0.51,8.0,1,26.3
flow_0.638,car,2,1,174341.6,0.74,0.0,0,12.9
flow_0.639,car,2,1,164420.15,0.97,0.0,0,11.2
flow_0.640,car,2,1,163608.22,0.2,0.0,0,10.24
flow_0.641,car,2,1,169313.86,0.43,0.0,0,11.11
flow_0.642,car,2,1,312975.0,0.66,51.0,1,65.64
flow_0.643,car,2,1,286981.41,0.89,39.0,1,55.42
flow_0.644,car,2,1,252296.89,0.12,28.0,1,43.29
flow_0.645,car,2,1,235459.86,0.35,19.0,1,36.95
flow_0.646,car,2,1,219452.89,0.58,9.0,1,26.04
flow_0.647,car,2,1,204898.75,0.81,3.0,1,17.96
flow_0.648,car,2,1,175531.52,0.04,0.0,0,9.95
flow_0.649,car,2,1,158780.65,0.27,0.0,0,10.52
flow_0.650,car,2,1,174332.19,0.5,0.0,0,11.23
flow_0.651,car,2,1,315611.54,0.73,52.0,1,67.96
flow_0.652,car,2,1,274503.58,0.96,39.0,1,55.06
flow_0.653,car,2,1,274359.86,0.19,35.0,1,49.27
flow_0.654,car,2,1,244521.72,0.42,24.0,1,39.63
flow_0.655,car,2,1,219749.89,0.65,11.0,1,28.37
flow_0.656,car,2,1,204595.99,0.88,3.0,1,19.24
flow_0.657,car,2,1,166446.49,0.11,0.0,0,11.44
flow_0.658,car,2,1,155307.54,0.34,0.0,0,10.64
flow_0.659,car,2,1,177437.23,0.57,0.0,0,10.35
flow_0.660,car,2,1,324144.95,0.8,54.0,1,70.01
flow_0.661,car,2,1,297475.98,0.03,45.0,1,61.76
flow_0.662,car,2,1,252497.18,0.26,32.0,1,47.65
flow_0.663,car,2,1,257341.67,0.49,26.0,1,41.0
flow_0.664,car,2,1,208122.4,0.72,12.0,1,28.08
flow_0.665,car,2,1,211384.51,0.95,6.0,1,21.69
flow_0.666,car,2,1,174560.72,0.18,0.0,0,10.47
flow_0.667,car,2,1,168861.43,0.41,0.0,0,10.55
flow_0.668,car,2,1,175174.7,0.64,0.0,0,11.63
flow_0.669,car,2,1,326336.03,0.87,56.0,1,71.72
flow_0.670,car,2,1,307471.5,0.1,45.0,1,62.94
flow_0.671,car,2,1,279651.82,0.33,37.0,1,53.79
flow_0.672,car,2,1,257610.83,0.56,28.0,1,42.63
flow_0.673,car,2,1,234334.31,0.79,18.0,1,33.11
flow_0.674,car,2,1,196178.66,0.02,6.0,1,22.58
flow_0.675,car,2,1,195386.34,0.25,0.0,0,14.76
flow_0.676,car,2,1,164291.89,0.48,0.0,0,11.12
flow_0.677,car,2,1,163629.33,0.71,0.0,0,11.08
flow_0.678,car,2,1,290984.18,0.94,52.0,1,68.48
flow_0.679,car,2,1,308250.17,0.17,50.0,1,65.82
flow_0.680,car,2,1,267066.76,0.4,37.0,1,52.36
flow_0.681,car,2,1,261807.37,0.63,30.0,1,46.04
flow_0.682,car,2,1,238789.36,0.86,18.0,1,34.86
flow_0.683,car,2,1,207917.77,0.09,8.0,1,24.32
flow_0.684,car,2,1,184620.95,0.32,0.0,0,13.55
flow_0.685,car,2,1,169713.95,0.55,0.0,0,10.44
flow_0.686,car,2,1,167955.01,0.78,0.0,0,11.49
flow_0.687,car,2,1,174330.4,0.01,0.0,0,10.8
flow_0.688,car,2,1,312944.98,0.24,50.0,1,66.72
flow_0.689,car,2,1,290948.66,0.47,42.0,1,57.93
flow_0.690,car,2,1,269524.41,0.7,32.0,1,46.99
flow_0.691,car,2,1,231715.76,0.93,20.0,1,35.71
flow_0.692,car,2,1,216634.71,0.16,11.0,1,26.25
flow_0.693,car,2,1,197580.02,0.39,1.0,1,17.7
flow_0.694,car,2,1,175458.15,0.62,0.0,0,12.47
flow_0.695,car,2,1,172525.84,0.85,0.0,0,11.9
flow_0.696,car,2,1,171034.48,0.08,0.0,0,12.36
flow_0.697,car,2,1,316196.08,0.31,52.0,1,69.21
flow_0.698,car,2,1,293162.51,0.54,44.0,1,60.02
flow_0.699,car,2,1,238457.17,0.77,27.0,1,43.52
flow_0.700,car,2,1,247218.44,0.0,25.0,1,40.12
flow_0.701,car,2,1,235733.88,0.23,16.0,1,30.81
flow_0.702,car,2,1,202155.37,0.46,3.0,1,20.65
flow_0.703,car,2,1,172932.64,0.69,0.0,0,12.16
flow_0.704,car,2,1,169417.5,0.92,0.0,0,9.59
flow_0.705,car,2,1,167001.5,0.15,0.0,0,10.4
flow_0.706,car,2,1,324510.42,0.38,55.0,1,71.04
flow_0.707,car,2,1,300443.4,0.61,45.0,1,61.75
flow_0.708,car,2,1,275480.56,0.84,35.0,1,50.2
flow_0.709,car,2,1,242458.5,0.07,24.0,1,40.14
flow_0.710,car,2,1,239513.59,0.3,18.0,1,32.45
flow_0.711,car,2,1,194741.06,0.53,3.0,1,20.32
flow_0.712,car,2,1,159793.83,0.76,0.0,0,11.12
flow_0.713,car,2,1,174454.63,0.99,0.0,0,10.13
flow_0.714,car,2,1,174412.7,0.22,0.0,0,10.44
flow_0.715,car,2,1,309771.52,0.45,53.0,1,68.97
flow_0.716,car,2,1,302828.61,0.68,46.0,1,63.12
flow_0.717,car,2,1,246868.71,0.91,31.0,1,47.45
flow_0.718,car,2,1,252974.9,0.14,28.0,1,44.36
flow_0.719,car,2,1,229599.37,0.37,16.0,1,34.34
flow_0.720,car,2,1,213833.36,0.6,5.0,1,23.8
flow_0.721,car,2,1,188353.77,0.83,0.0,0,14.31
flow_0.722,car,2,1,167325.81,0.06,0.0,0,10.97
flow_0.723,car,2,1,176084.55,0.29,0.0,0,11.44
flow_0.724,car,2,1,330323.45,0.52,58.0,1,74.55
flow_0.725,car,2,1,296737.0,0.75,48.0,1,63.25
flow_0.726,car,2,1,285517.41,0.98,38.0,1,54.84
flow_0.727,car,2,1,265617.18,0.21,31.0,1,45.81
flow_0.728,car,2,1,225451.63,0.44,18.0,1,32.45
flow_0.729,car,2,1,213232.22,0.67,10.0,1,25.52
flow_0.730,car,2,1,188046.07,0.9,0.0,0,15.36
flow_0.731,car,2,1,173250.02,0.13,0.0,0,11.22
flow_0.732,car,2,1,174111.61,0.36,0.0,0,11.46
flow_0.733,car,2,1,318901.35,0.59,58.0,1,75.35
flow_0.734,car,2,1,313754.03,0.82,49.0,1,67.52
flow_0.735,car,2,1,287313.66,0.05,42.0,1,56.98
flow_0.736,car,2,1,265497.94,0.28,30.0,1,47.47
flow_0.737,car,2,1,241564.19,0.51,22.0,1,37.43
flow_0.738,car,2,1,222123.18,0.74,11.0,1,27.67
flow_0.739,car,2,1,199303.74,0.97,3.0,1,18.19
flow_0.740,car,2,1,165634.9,0.2,0.0,0,10.46
flow_0.741,car,2,1,160487.46,0.43,0.0,0,10.64
flow_0.742,car,2,1,164437.28,0.66,0.0,0,10.08
flow_0.743,car,2,1,315282.6,0.89,54.0,1,68.71
flow_0.744,car,2,1,287861.95,0.12,42.0,1,57.6
flow_0.745,car,2,1,257924.7,0.35,33.0,1,49.46
flow_0.746,car,2,1,243559.48,0.58,23.0,1,40.12
flow_0.747,car,2,1,230332.41,0.81,14.0,1,30.57
flow_0.748,car,2,1,192642.56,0.04,3.0,1,20.27
flow_0.749,car,2,1,173320.54,0.27,0.0,0,10.98
flow_0.750,car,2,1,169282.52,0.5,0.0,0,10.91
flow_0.751,car,2,1,167699.55,0.73,0.0,0,10.71
flow_0.752,car,2,1,327672.11,0.96,55.0,1,71.77
flow_0.753,car,2,1,299595.67,0.19,49.0,1,63.09
flow_0.754,car,2,1,276577.12,0.42,34.0,1,50.86
flow_0.755,car,2,1,261846.58,0.65,26.0,1,41.81
flow_0.756,car,2,1,231981.7,0.88,17.0,1,32.21
flow_0.757,car,2,1,214901.08,0.11,7.0,1,23.09
flow_0.758,car,2,1,164863.75,0.34,0.0,0,10.81
flow_0.759,car,2,1,174224.9,0.57,0.0,0,11.01
flow_0.760,car,2,1,173952.61,0.8,0.0,0,11.37
flow_0.761,car,2,1,310003.69,0.03,56.0,1,70.89
flow_0.762,car,2,1,310096.58,0.26,47.0,1,65.06
flow_0.763,car,2,1,258960.02,0.49,32.0,1,49.93
flow_0.764,car,2,1,256470.42,0.72,27.0,1,44.18
flow_0.765,car,2,1,234179.03,0.95,17.0,1,33.52
flow_0.766,car,2,1,221219.39,0.18,9.0,1,26.04
flow_0.767,car,2,1,161305.82,0.41,0.0,0,11.49
flow_0.768,car,2,1,165641.84,0.64,0.0,0,11.56
flow_0.769,car,2,1,173313.57,0.87,0.0,0,9.71
flow_0.770,car,2,1,331277.55,0.1,59.0,1,75.37
flow_0.771,car,2,1,280485.67,0.33,42.0,1,58.53
flow_0.772,car,2,1,274070.7,0.56,37.0,1,52.87
flow_0.773,car,2,1,265790.82,0.79,29.0,1,46.53
flow_0.774,car,2,1,201093.59,0.02,12.0,1,28.75
flow_0.775,car,2,1,224163.03,0.25,12.0,1,27.39
flow_0.776,car,2,1,192271.13,0.48,0.0,0,15.5
flow_0.777,car,2,1,166996.96,0.71,0.0,0,10.9
flow_0.778,car,2,1,176049.23,0.94,0.0,0,10.01
flow_0.779,car,2,1,172950.24,0.17,0.0,0,10.83
flow_0.780,car,2,1,314284.4,0.4,50.0,1,67.63
flow_0.781,car,2,1,290421.15,0.63,43.0,1,58.04
flow_0.782,car,2,1,262066.94,0.86,32.0,1,47.45
flow_0.783,car,2,1,248713.58,0.09,23.0,1,39.37
flow_0.784,car,2,1,215755.74,0.32,11.0,1,27.69
flow_0.785,car,2,1,174665.32,0.55,0.0,0,15.99
flow_0.786,car,2,1,172483.49,0.78,0.0,0,11.48
flow_0.787,car,2,1,167397.25,0.01,0.0,0,11.44
flow_0.788,car,2,1,168262.99,0.24,0.0,0,10.45
flow_0.789,car,2,1,312384.06,0.47,53.0,1,69.58
flow_0.790,car,2,1,296437.41,0.7,44.0,1,59.75
flow_0.791,car,2,1,263717.32,0.93,33.0,1,48.87
flow_0.792,car,2,1,236340.2,0.16,21.0,1,37.62
flow_0.793,car,2,1,225833.6,0.39,16.0,1,31.83
flow_0.794,car,2,1,210864.16,0.62,4.0,1,21.84
flow_0.795,car,2,1,169734.08,0.85,0.0,0,10.13
flow_0.796,car,2,1,169550.16,0.08,0.0,0,10.83
flow_0.797,car,2,1,167660.02,0.31,0.0,0,10.46
flow_0.798,car,2,1,313463.8,0.54,53.0,1,69.22
flow_0.799,car,2,1,270465.19,0.77,40.0,1,57.22
flow_0.800,car,2,1,278612.07,0.0,38.0,1,53.73
flow_0.801,car,2,1,238737.84,0.23,26.0,1,40.36
flow_0.802,car,2,1,237209.47,0.46,18.0,1,33.13
flow_0.803,car,2,1,215123.49,0.69,7.0,1,23.82
flow_0.804,car,2,1,182655.24,0.92,0.0,0,10.84
flow_0.805,car,2,1,164598.31,0.15,0.0,0,11.21
flow_0.806,car,2,1,170733.65,0.38,0.0,0,10.28
flow_0.807,car,2,1,322872.65,0.61,57.0,1,74.05
flow_0.808,car,2,1,291523.66,0.84,46.0,1,62.59
flow_0.809,car,2,1,275774.07,0.07,35.0,1,52.84
flow_0.810,car,2,1,259743.74,0.3,27.0,1,45.32
flow_0.811,car,2,1,233679.23,0.53,18.0,1,34.36
flow_0.812,car,2,1,217590.19,0.76,9.0,1,24.66
flow_0.813,car,2,1,188991.49,0.99,0.0,0,14.38
flow_0.814,car,2,1,168489.6,0.22,0.0,0,11.05
flow_0.815,car,2,1,159890.81,0.45,0.0,0,10.34
flow_0.816,car,2,1,300663.55,0.68,56.0,1,71.09
flow_0.817,car,2,1,312967.14,0.91,51.0,1,66.35
flow_0.818,car,2,1,289056.97,0.14,42.0,1,56.54
flow_0.819,car,2,1,264304.67,0.37,30.0,1,46.37
flow_0.820,car,2,1,247968.85,0.6,22.0,1,36.97
flow_0.821,car,2,1,220112.85,0.83,12.0,1,28.04
flow_0.822,car,2,1,199031.31,0.06,1.0,1,18.2
flow_0.823,car,2,1,160985.27,0.29,0.0,0,10.2
flow_0.824,car,2,1,166411.17,0.52,0.0,0,11.07
flow_0.825,car,2,1,165080.67,0.75,0.0,0,10.84
flow_0.826,car,2,1,316719.16,0.98,51.0,1,68.01
flow_0.827,car,2,1,290109.96,0.21,43.0,1,59.61
flow_0.828,car,2,1,281778.58,0.44,35.0,1,49.48
flow_0.829,car,2,1,251647.21,0.67,22.0,1,39.54
flow_0.830,car,2,1,193256.4,0.9,7.0,1,22.57
flow_0.831,car,2,1,201349.8,0.13,4.0,1,20.29
flow_0.832,car,2,1,168038.35,0.36,0.0,0,12.27
flow_0.833,car,2,1,173129.52,0.59,0.0,0,11.48
flow_0.834,car,2,1,304645.76,0.82,58.0,1,71.7
flow_0.835,car,2,1,308278.6,0.05,51.0,1,68.67
flow_0.836,car,2,1,289806.37,0.28,43.0,1,60.17
flow_0.837,car,2,1,253416.63,0.51,30.0,1,47.09
flow_0.838,car,2,1,255661.26,0.74,26.0,1,41.28
flow_0.839,car,2,1,225309.5,0.97,14.0,1,30.11
flow_0.840,car,2,1,205256.18,0.2,5.0,1,21.6
flow_0.841,car,2,1,171922.09,0.43,0.0,0,11.8
flow_0.842,car,2,1,171181.6,0.66,0.0,0,10.54
flow_0.843,car,2,1,170573.88,0.89,0.0,0,10.19
flow_0.844,car,2,1,327661.36,0.12,57.0,1,72.56
flow_0.845,car,2,1,299294.32,0.35,46.0,1,63.39
flow_0.846,car,2,1,265603.95,0.58,35.0,1,48.61
flow_0.847,car,2,1,234462.74,0.81,22.0,1,36.98
flow_0.848,car,2,1,230956.1,0.04,17.0,1,31.56
flow_0.849,car,2,1,207330.02,0.27,7.0,1,23.84
flow_0.850,car,2,1,183598.25,0.5,0.0,0,12.74
flow_0.851,car,2,1,175365.21,0.73,0.0,0,11.47
flow_0.852,car,2,1,160813.41,0.96,0.0,0,9.68
flow_0.853,car,2,1,162723.12,0.19,0.0,0,10.51
flow_0.854,car,2,1,299431.7,0.42,48.0,1,64.97
flow_0.855,car,2,1,245788.56,0.65,31.0,1,47.25
flow_0.856,car,2,1,237188.3,0.88,27.0,1,41.88
flow_0.857,car,2,1,234984.72,0.11,18.0,1,35.67
flow_0.858,car,2,1,204811.46,0.34,7.0,1,23.71
flow_0.859,car,2,1,190698.34,0.57,0.0,0,16.59
flow_0.860,car,2,1,159494.81,0.8,0.0,0,11.05
flow_0.861,car,2,1,165012.19,0.03,0.0,0,10.9
flow_0.862,car,2,1,168496.51,0.26,0.0,0,11.2
flow_0.863,car,2,1,321397.82,0.49,51.0,1,67.76
flow_0.864,car,2,1,294741.24,0.72,42.0,1,58.34
flow_0.865,car,2,1,256086.86,0.95,31.0,1,44.8
flow_1.0,bus,2,1,386936.73,0.0,8.0,1,37.96
flow_1.1,bus,2,1,386533.14,0.0,11.0,3,39.78
flow_1.2,bus,2,1,388705.15,0.0,9.0,2,39.07
flow_1.3,bus,2,1,385729.35,0.0,8.0,2,36.9
flow_1.4,bus,2,1,380103.42,0.0,11.0,3,39.96
flow_1.5,bus,2,1,390699.97,0.0,12.0,1,41.0
flow_1.6,bus,2,1,385559.91,0.0,10.0,1,39.32
flow_1.7,bus,2,1,372641.59,0.0,11.0,2,39.71
flow_1.8,bus,2,1,396974.74,0.0,11.0,2,39.31
flow_1.9,bus,2,1,387107.08,0.0,9.0,1,39.22
flow_1.10,bus,2,1,393930.36,0.0,13.0,4,39.38
flow_1.11,bus,2,1,373131.59,0.0,9.0,2,37.44
flow_0.0,car,3,1,242224.95,0.0,23.0,1,38.91
flow_0.1,car,3,1,188150.74,0.11,0.0,0,11.65
flow_0.2,car,3,1,171666.99,0.22,0.0,0,9.81
flow_0.3,car,3,1,284415.09,0.33,36.0,1,53.54
flow_0.4,car,3,1,200125.22,0.44,6.0,1,23.61
flow_0.5,car,3,1,170843.77,0.55,0.0,0,11.35
flow_0.6,car,3,1,304826.86,0.66,51.0,1,66.18
flow_0.7,car,3,1,246277.54,0.77,24.0,1,42.79
flow_0.8,car,3,1,182975.46,0.88,0.0,0,14.63
flow_0.9,car,3,1,168882.83,0.99,0.0,0,11.99
flow_0.10,car,3,1,290918.8,0.1,45.0,1,60.31
flow_0.11,car,3,1,234040.09,0.21,17.0,1,35.39
flow_0.12,car,3,1,166806.73,0.32,0.0,0,10.43
flow_0.13,car,3,1,331183.59,0.43,58.0,1,74.75
flow_0.14,car,3,1,267925.56,0.54,33.0,1,48.56
flow_0.15,car,3,1,196330.56,0.65,7.0,1,22.4
flow_0.16,car,3,1,163428.07,0.76,0.0,0,11.19
flow_0.17,car,3,1,292965.59,0.87,47.0,1,63.09
flow_0.18,car,3,1,245330.0,0.98,24.0,1,40.61
flow_0.19,car,3,1,198013.39,0.09,0.0,0,16.29
flow_0.20,car,3,1,168999.78,0.2,0.0,0,11.94
flow_0.21,car,3,1,285796.7,0.31,40.0,1,56.59
flow_0.22,car,3,1,209018.32,0.42,11.0,1,27.89
flow_0.23,car,3,1,157125.58,0.53,0.0,0,11.52
flow_0.24,car,3,1,303782.58,0.64,53.0,1,68.05
flow_0.25,car,3,1,250821.54,0.75,26.0,1,43.18
flow_0.26,car,3,1,200153.31,0.86,4.0,1,20.82
flow_0.27,car,3,1,166391.73,0.97,0.0,0,11.24
flow_0.28,car,3,1,289421.33,0.08,45.0,1,59.39
flow_0.29,car,3,1,243697.16,0.19,23.0,1,37.61
flow_0.30,car,3,1,163618.49,0.3,0.0,0,11.03
flow_0.31,car,3,1,171653.1,0.41,0.0,0,11.85
flow_0.32,car,3,1,276642.17,0.52,38.0,1,52.45
flow_0.33,car,3,1,213180.27,0.63,11.0,1,27.29
flow_0.34,car,3,1,173339.91,0.74,0.0,0,11.87
flow_0.35,car,3,1,313316.94,0.85,50.0,1,65.93
flow_0.36,car,3,1,255666.57,0.96,24.0,1,41.94
flow_0.37,car,3,1,198423.4,0.07,1.0,1,18.46
flow_0.38,car,3,1,158835.33,0.18,0.0,0,11.44
flow_0.39,car,3,1,291064.2,0.29,43.0,1,58.64
flow_0.40,car,3,1,228384.76,0.4,14.0,1,31.34
flow_0.41,car,3,1,177388.12,0.51,0.0,0,11.56
flow_0.42,car,3,1,329734.49,0.62,57.0,1,73.73
flow_0.43,car,3,1,267969.87,0.73,32.0,1,48.73
flow_0.44,car,3,1,223794.45,0.84,9.0,1,23.6
flow_0.45,car,3,1,170671.92,0.95,0.0,0,9.97
flow_0.46,car,3,1,293206.88,0.06,46.0,1,62.76
flow_0.47,car,3,1,224923.86,0.17,20.0,1,36.1
flow_0.48,car,3,1,161644.24,0.28,0.0,0,10.03
flow_0.49,car,3,1,322200.52,0.39,60.0,1,74.72
flow_0.50,car,3,1,291234.85,0.5,38.0,1,53.99
flow_0.51,car,3,1,226396.63,0.61,14.0,1,29.38
flow_0.52,car,3,1,169327.08,0.72,0.0,0,10.62
flow_0.53,car,3,1,320730.33,0.83,52.0,1,69.63
flow_0.54,car,3,1,256763.73,0.94,27.0,1,44.69
flow_0.55,car,3,1,191439.17,0.05,3.0,1,17.82
flow_0.56,car,3,1,169107.72,0.16,0.0,0,10.58
flow_0.57,car,3,1,290830.81,0.27,43.0,1,60.84
flow_0.58,car,3,1,233886.93,0.38,17.0,1,35.37
flow_0.59,car,3,1,161796.39,0.49,0.0,0,11.23
flow_0.60,car,3,1,171372.75,0.6,0.0,0,10.73
flow_0.61,car,3,1,275702.38,0.71,34.0,1,49.86
flow_0.62,car,3,1,215399.73,0.82,9.0,1,24.43
flow_0.63,car,3,1,164717.87,0.93,0.0,0,10.85
flow_0.64,car,3,1,300494.54,0.04,48.0,1,63.81
flow_0.65,car,3,1,231928.77,0.15,23.0,1,39.3
flow_0.66,car,3,1,195577.04,0.26,0.0,0,15.58
flow_0.67,car,3,1,175540.75,0.37,0.0,0,11.57
flow_0.68,car,3,1,281080.13,0.48,38.0,1,55.79
flow_0.69,car,3,1,218308.67,0.59,14.0,1,31.01
flow_0.70,car,3,1,169084.8,0.7,0.0,0,12.1
flow_0.71,car,3,1,325014.02,0.81,56.0,1,71.19
flow_0.72,car,3,1,253083.64,0.92,27.0,1,45.59
flow_0.73,car,3,1,205483.17,0.03,6.0,1,21.96
flow_0.74,car,3,1,172556.18,0.14,0.0,0,9.97
flow_0.75,car,3,1,297091.86,0.25,45.0,1,62.23
flow_0.76,car,3,1,242795.41,0.36,21.0,1,38.15
flow_0.77,car,3,1,166466.9,0.47,0.0,0,10.7
flow_0.78,car,3,1,172630.36,0.58,0.0,0,11.07
flow_0.79,car,3,1,275542.93,0.69,36.0,1,51.49
flow_0.80,car,3,1,219473.7,0.8,12.0,1,27.95
flow_0.81,car,3,1,165594.08,0.91,0.0,0,9.81
flow_0.82,car,3,1,314997.96,0.02,53.0,1,68.66
flow_0.83,car,3,1,251392.7,0.13,25.0,1,42.66
flow_0.84,car,3,1,199737.58,0.24,1.0,1,17.87
flow_0.85,car,3,1,170365.71,0.35,0.0,0,10.59
flow_0.86,car,3,1,292000.31,0.46,42.0,1,58.53
flow_0.87,car,3,1,242007.12,0.57,17.0,1,34.16
flow_0.88,car,3,1,172959.1,0.68,0.0,0,10.56
flow_0.89,car,3,1,306647.23,0.79,55.0,1,70.25
flow_0.90,car,3,1,245888.39,0.9,27.0,1,43.75
flow_0.91,car,3,1,202970.58,0.01,7.0,1,22.48
flow_0.92,car,3,1,169192.39,0.12,0.0,0,12.14
flow_0.93,car,3,1,301360.87,0.23,48.0,1,65.01
flow_0.94,car,3,1,253099.54,0.34,23.0,1,39.07
flow_0.95,car,3,1,165636.55,0.45,0.0,0,11.12
flow_0.96,car,3,1,168585.47,0.56,0.0,0,9.81
flow_0.97,car,3,1,285069.86,0.67,38.0,1,54.61
flow_0.98,car,3,1,224215.49,0.78,13.0,1,28.95
flow_0.99,car,3,1,174692.9,0.89,0.0,0,12.43
flow_0.100,car,3,1,316119.35,0.0,53.0,1,69.17
flow_0.101,car,3,1,258328.85,0.11,28.0,1,43.45
flow_0.102,car,3,1,187535.74,0.22,2.0,1,17.37
flow_0.103,car,3,1,164947.48,0.33,0.0,0,11.49
flow_0.104,car,3,1,292449.21,0.44,41.0,1,60.01
flow_0.105,car,3,1,233850.06,0.55,20.0,1,34.68
flow_0.106,car,3,1,166262.87,0.66,0.0,0,10.19
flow_0.107,car,3,1,328890.53,0.77,59.0,1,74.85
flow_0.108,car,3,1,263592.52,0.88,33.0,1,49.05
flow_0.109,car,3,1,200272.85,0.99,7.0,1,22.74
flow_0.110,car,3,1,170410.41,0.1,0.0,0,10.57
flow_0.111,car,3,1,313659.2,0.21,50.0,1,66.7
flow_0.112,car,3,1,256410.88,0.32,26.0,1,41.93
flow_0.113,car,3,1,182201.96,0.43,0.0,0,13.09
flow_0.114,car,3,1,168548.79,0.54,0.0,0,10.38
flow_0.115,car,3,1,282901.77,0.65,39.0,1,55.73
flow_0.116,car,3,1,229353.54,0.76,12.0,1,30.91
flow_0.117,car,3,1,168733.2,0.87,0.0,0,11.15
flow_0.118,car,3,1,312510.01,0.98,54.0,1,69.13
flow_0.119,car,3,1,265373.45,0.09,32.0,1,47.71
flow_0.120,car,3,1,206174.06,0.2,5.0,1,22.09
flow_0.121,car,3,1,167249.67,0.31,0.0,0,10.73
flow_0.122,car,3,1,304512.99,0.42,48.0,1,62.12
flow_0.123,car,3,1,247326.44,0.53,23.0,1,37.84
flow_0.124,car,3,1,175341.78,0.64,0.0,0,10.87
flow_0.125,car,3,1,307103.41,0.75,57.0,1,71.49
flow_0.126,car,3,1,280643.16,0.86,36.0,1,52.19
flow_0.127,car,3,1,215325.69,0.97,9.0,1,28.01
flow_0.128,car,3,1,166189.32,0.08,0.0,0,11.29
flow_0.129,car,3,1,312357.2,0.19,53.0,1,67.6
flow_0.130,car,3,1,262393.84,0.3,27.0,1,42.92
flow_0.131,car,3,1,200639.63,0.41,3.0,1,17.85
flow_0.132,car,3,1,173653.63,0.52,0.0,0,11.6
flow_0.133,car,3,1,293320.89,0.63,43.0,1,57.92
flow_0.134,car,3,1,231462.95,0.74,18.0,1,33.98
flow_0.135,car,3,1,177063.78,0.85,0.0,0,10.43
flow_0.136,car,3,1,320248.57,0.96,56.0,1,71.89
flow_0.137,car,3,1,272722.0,0.07,35.0,1,50.02
flow_0.138,car,3,1,225141.0,0.18,10.0,1,24.54
flow_0.139,car,3,1,170496.49,0.29,0.0,0,9.98
flow_0.140,car,3,1,304550.68,0.4,48.0,1,64.46
flow_0.141,car,3,1,205468.53,0.51,15.0,1,30.63
flow_0.142,car,3,1,187469.06,0.62,0.0,0,14.11
flow_0.143,car,3,1,171362.63,0.73,0.0,0,11.57
flow_0.144,car,3,1,280402.9,0.84,37.0,1,54.03
flow_0.145,car,3,1,218804.78,0.95,12.0,1,28.0
flow_0.146,car,3,1,171158.95,0.06,0.0,0,11.63
flow_0.147,car,3,1,319564.38,0.17,55.0,1,70.12
flow_0.148,car,3,1,255535.34,0.28,28.0,1,45.89
flow_0.149,car,3,1,205930.66,0.39,4.0,1,20.11
flow_0.150,car,3,1,161449.37,0.5,0.0,0,11.33
flow_0.151,car,3,1,299394.73,0.61,44.0,1,60.9
flow_0.152,car,3,1,245138.3,0.72,20.0,1,35.98
flow_0.153,car,3,1,164488.06,0.83,0.0,0,9.84
flow_0.154,car,3,1,167699.46,0.94,0.0,0,10.2
flow_0.155,car,3,1,264541.78,0.05,33.0,1,48.61
flow_0.156,car,3,1,220289.33,0.16,9.0,1,26.04
flow_0.157,car,3,1,165330.79,0.27,0.0,0,11.37
flow_0.158,car,3,1,305923.14,0.38,50.0,1,65.94
flow_0.159,car,3,1,251013.99,0.49,25.0,1,41.39
flow_0.160,car,3,1,196020.96,0.6,0.0,0,16.46
flow_0.161,car,3,1,173673.23,0.71,0.0,0,10.27
flow_0.162,car,3,1,272368.0,0.82,38.0,1,53.48
flow_0.163,car,3,1,227951.78,0.93,15.0,1,31.58
flow_0.164,car,3,1,167987.39,0.04,0.0,0,11.26
flow_0.165,car,3,1,321269.44,0.15,56.0,1,72.04
flow_0.166,car,3,1,258767.29,0.26,28.0,1,46.73
flow_0.167,car,3,1,213759.74,0.37,6.0,1,22.72
flow_0.168,car,3,1,160784.45,0.48,0.0,0,11.13
flow_0.169,car,3,1,279301.14,0.59,43.0,1,58.64
flow_0.170,car,3,1,249932.32,0.7,24.0,1,37.55
flow_0.171,car,3,1,169074.54,0.81,0.0,0,10.2
flow_0.172,car,3,1,169189.73,0.92,0.0,0,10.29
flow_0.173,car,3,1,285335.75,0.03,36.0,1,53.7
flow_0.174,car,3,1,225225.47,0.14,12.0,1,28.12
flow_0.175,car,3,1,171004.65,0.25,0.0,0,12.04
flow_0.176,car,3,1,322256.72,0.36,53.0,1,68.66
flow_0.177,car,3,1,257311.43,0.47,25.0,1,42.52
flow_0.178,car,3,1,205507.93,0.58,2.0,1,18.04
flow_0.179,car,3,1,167733.27,0.69,0.0,0,11.78
flow_0.180,car,3,1,290902.92,0.8,39.0,1,58.21
flow_0.181,car,3,1,226256.34,0.91,17.0,1,31.38
flow_0.182,car,3,1,172100.86,0.02,0.0,0,10.66
flow_0.183,car,3,1,333807.5,0.13,60.0,1,74.14
flow_0.184,car,3,1,244341.27,0.24,31.0,1,45.83
flow_0.185,car,3,1,203737.14,0.35,5.0,1,24.3
flow_0.186,car,3,1,173702.13,0.46,0.0,0,11.16
flow_0.187,car,3,1,298118.79,0.57,46.0,1,61.3
flow_0.188,car,3,1,230288.13,0.68,21.0,1,37.25
flow_0.189,car,3,1,187115.46,0.79,0.0,0,12.15
flow_0.190,car,3,1,172589.1,0.9,0.0,0,11.03
flow_0.191,car,3,1,264372.31,0.01,34.0,1,49.85
flow_0.192,car,3,1,232349.35,0.12,16.0,1,30.75
flow_0.193,car,3,1,160118.96,0.23,0.0,0,10.73
flow_0.194,car,3,1,321716.9,0.34,54.0,1,70.77
flow_0.195,car,3,1,231913.91,0.45,23.0,1,39.77
flow_0.196,car,3,1,194956.11,0.56,2.0,1,18.89
flow_0.197,car,3,1,166191.92,0.67,0.0,0,11.24
flow_0.198,car,3,1,301545.89,0.78,45.0,1,60.14
flow_0.199,car,3,1,246007.24,0.89,22.0,1,35.53
flow_0.200,car,3,1,168328.78,0.0,0.0,0,11.52
flow_0.201,car,3,1,169311.68,0.11,0.0,0,10.8
flow_0.202,car,3,1,277510.01,0.22,35.0,1,51.56
flow_0.203,car,3,1,217663.23,0.33,10.0,1,25.24
flow_0.204,car,3,1,170165.32,0.44,0.0,0,9.64
flow_0.205,car,3,1,307330.47,0.55,47.0,1,65.79
flow_0.206,car,3,1,254123.03,0.66,24.0,1,40.6
flow_0.207,car,3,1,194922.6,0.77,0.0,0,15.92
flow_0.208,car,3,1,172845.02,0.88,0.0,0,10.18
flow_0.209,car,3,1,286110.69,0.99,40.0,1,55.76
flow_0.210,car,3,1,208549.76,0.1,11.0,1,26.7
flow_0.211,car,3,1,168902.21,0.21,0.0,0,10.6
flow_0.212,car,3,1,319984.33,0.32,54.0,1,72.33
flow_0.213,car,3,1,269487.62,0.43,28.0,1,47.22
flow_0.214,car,3,1,209304.34,0.54,5.0,1,21.7
flow_0.215,car,3,1,169320.12,0.65,0.0,0,12.39
flow_0.216,car,3,1,297193.74,0.76,46.0,1,61.76
flow_0.217,car,3,1,239873.91,0.87,21.0,1,37.26
flow_0.218,car,3,1,160209.57,0.98,0.0,0,10.44
flow_0.219,car,3,1,174741.65,0.09,0.0,0,12.22
flow_0.220,car,3,1,280671.16,0.2,38.0,1,53.6
flow_0.221,car,3,1,222938.5,0.31,12.0,1,26.78
flow_0.222,car,3,1,166352.39,0.42,0.0,0,9.79
flow_0.223,car,3,1,320821.07,0.53,50.0,1,67.98
flow_0.224,car,3,1,254506.1,0.64,27.0,1,42.55
flow_0.225,car,3,1,194152.41,0.75,1.0,1,18.01
flow_0.226,car,3,1,172597.16,0.86,0.0,0,10.08
flow_0.227,car,3,1,283338.6,0.97,41.0,1,58.49
flow_0.228,car,3,1,233364.86,0.08,17.0,1,33.16
flow_0.229,car,3,1,161582.76,0.19,0.0,0,11.01
flow_0.230,car,3,1,315775.26,0.3,56.0,1,72.91
flow_0.231,car,3,1,261101.98,0.41,31.0,1,48.2
flow_0.232,car,3,1,214515.62,0.52,7.0,1,24.6
flow_0.233,car,3,1,156216.43,0.63,0.0,0,11.06
flow_0.234,car,3,1,309361.14,0.74,51.0,1,64.48
flow_0.235,car,3,1,245636.26,0.85,23.0,1,38.87
flow_0.236,car,3,1,168503.26,0.96,0.0,0,11.05
flow_0.237,car,3,1,173421.73,0.07,0.0,0,11.73
flow_0.238,car,3,1,275379.26,0.18,36.0,1,53.48
flow_0.239,car,3,1,224476.8,0.29,15.0,1,29.61
flow_0.240,car,3,1,169783.88,0.4,0.0,0,9.96
flow_0.241,car,3,1,325324.64,0.51,54.0,1,69.6
flow_0.242,car,3,1,265061.48,0.62,28.0,1,44.54
flow_0.243,car,3,1,207744.39,0.73,2.0,1,20.33
flow_0.244,car,3,1,161267.49,0.84,0.0,0,10.02
flow_0.245,car,3,1,298888.38,0.95,45.0,1,60.41
flow_0.246,car,3,1,234059.26,0.06,19.0,1,35.43
flow_0.247,car,3,1,165288.08,0.17,0.0,0,11.25
flow_0.248,car,3,1,178238.14,0.28,0.0,0,10.8
flow_0.249,car,3,1,273283.26,0.39,34.0,1,51.3
flow_0.250,car,3,1,198558.29,0.5,7.0,1,22.88
flow_0.251,car,3,1,167980.15,0.61,0.0,0,11.93
flow_0.252,car,3,1,304349.73,0.72,51.0,1,66.36
flow_0.253,car,3,1,252137.96,0.83,25.0,1,41.26
flow_0.254,car,3,1,163851.64,0.94,0.0,0,12.73
flow_0.255,car,3,1,309284.03,0.05,59.0,1,73.7
flow_0.256,car,3,1,293480.9,0.16,42.0,1,58.08
flow_0.257,car,3,1,235336.92,0.27,15.0,1,32.09
flow_0.258,car,3,1,174682.26,0.38,0.0,0,10.54
flow_0.259,car,3,1,328543.36,0.49,57.0,1,72.76
flow_0.260,car,3,1,265365.27,0.6,29.0,1,46.28
flow_0.261,car,3,1,208322.27,0.71,6.0,1,21.58
flow_0.262,car,3,1,165804.33,0.82,0.0,0,11.04
flow_0.263,car,3,1,294616.39,0.93,45.0,1,61.8
flow_0.264,car,3,1,247068.46,0.04,23.0,1,38.59
flow_0.265,car,3,1,168219.98,0.15,0.0,0,11.81
flow_0.266,car,3,1,319238.65,0.26,59.0,1,74.08
flow_0.267,car,3,1,279169.2,0.37,36.0,1,54.24
flow_0.268,car,3,1,225848.25,0.48,13.0,1,28.68
flow_0.269,car,3,1,162856.29,0.59,0.0,0,10.75
flow_0.270,car,3,1,317105.99,0.7,52.0,1,68.42
flow_0.271,car,3,1,238374.67,0.81,24.0,1,39.81
flow_0.272,car,3,1,200180.08,0.92,3.0,1,18.23
flow_0.273,car,3,1,171326.2,0.03,0.0,0,10.01
flow_0.274,car,3,1,290790.59,0.14,42.0,1,58.46
flow_0.275,car,3,1,238427.39,0.25,18.0,1,33.98
flow_0.276,car,3,1,165932.32,0.36,0.0,0,9.96
flow_0.277,car,3,1,311926.41,0.47,54.0,1,72.56
flow_0.278,car,3,1,269691.65,0.58,33.0,1,48.96
flow_0.279,car,3,1,170351.32,0.69,1.0,1,16.81
flow_0.280,car,3,1,174266.2,0.8,0.0,0,11.18
flow_0.281,car,3,1,304153.62,0.91,49.0,1,64.26
flow_0.282,car,3,1,230901.08,0.02,20.0,1,37.72
flow_0.283,car,3,1,191345.48,0.13,0.0,0,15.46
flow_0.284,car,3,1,163921.61,0.24,0.0,0,10.39
flow_0.285,car,3,1,283474.49,0.35,40.0,1,54.57
flow_0.286,car,3,1,230585.14,0.46,14.0,1,29.97
flow_0.287,car,3,1,171574.56,0.57,0.0,0,10.26
flow_0.288,car,3,1,322530.03,0.68,56.0,1,70.91
flow_0.289,car,3,1,264230.76,0.79,28.0,1,45.66
flow_0.290,car,3,1,197276.78,0.9,2.0,1,20.13
flow_0.291,car,3,1,166634.01,0.01,0.0,0,10.62
flow_0.292,car,3,1,299809.15,0.12,44.0,1,61.04
flow_0.293,car,3,1,236524.53,0.23,19.0,1,35.42
flow_0.294,car,3,1,164727.2,0.34,0.0,0,11.14
flow_0.295,car,3,1,171777.59,0.45,0.0,0,10.83
flow_0.296,car,3,1,260121.99,0.56,33.0,1,50.0
flow_0.297,car,3,1,214006.37,0.67,8.0,1,25.55
flow_0.298,car,3,1,177815.26,0.78,0.0,0,11.81
flow_0.299,car,3,1,308563.67,0.89,50.0,1,66.16
flow_0.300,car,3,1,254366.87,0.0,25.0,1,41.28
flow_0.301,car,3,1,199848.28,0.11,0.0,0,17.54
flow_0.302,car,3,1,173324.78,0.22,0.0,0,11.09
flow_0.303,car,3,1,291418.44,0.33,39.0,1,56.5
flow_0.304,car,3,1,240340.68,0.44,16.0,1,31.92
flow_0.305,car,3,1,168487.11,0.55,0.0,0,11.18
flow_0.306,car,3,1,327828.96,0.66,56.0,1,72.72
flow_0.307,car,3,1,268260.24,0.77,33.0,1,48.03
flow_0.308,car,3,1,213661.31,0.88,7.0,1,22.93
flow_0.309,car,3,1,165152.04,0.99,0.0,0,10.88
flow_0.310,car,3,1,304664.2,0.1,47.0,1,63.9
flow_0.311,car,3,1,250926.68,0.21,22.0,1,38.77
flow_0.312,car,3,1,170427.38,0.32,0.0,0,12.04
flow_0.313,car,3,1,165503.83,0.43,0.0,0,10.15
flow_0.314,car,3,1,290280.77,0.54,39.0,1,53.61
flow_0.315,car,3,1,204557.49,0.65,10.0,1,24.29
flow_0.316,car,3,1,165911.97,0.76,0.0,0,11.49
flow_0.317,car,3,1,289195.04,0.87,48.0,1,62.67
flow_0.318,car,3,1,245690.65,0.98,27.0,1,41.76
flow_0.319,car,3,1,207299.31,0.09,5.0,1,19.8
flow_0.320,car,3,1,164044.03,0.2,0.0,0,10.93
flow_0.321,car,3,1,294967.88,0.31,44.0,1,58.04
flow_0.322,car,3,1,235186.53,0.42,18.0,1,34.15
flow_0.323,car,3,1,163208.82,0.53,0.0,0,11.29
flow_0.324,car,3,1,326374.2,0.64,58.0,1,73.03
flow_0.325,car,3,1,270875.01,0.75,32.0,1,50.01
flow_0.326,car,3,1,221507.0,0.86,8.0,1,24.68
flow_0.327,car,3,1,169600.68,0.97,0.0,0,11.71
flow_0.328,car,3,1,308079.53,0.08,50.0,1,65.6
flow_0.329,car,3,1,230172.01,0.19,21.0,1,37.12
flow_0.330,car,3,1,194157.14,0.3,0.0,0,15.36
flow_0.331,car,3,1,173566.87,0.41,0.0,0,11.51
flow_0.332,car,3,1,276442.76,0.52,37.0,1,53.7
flow_0.333,car,3,1,228954.38,0.63,14.0,1,30.04
flow_0.334,car,3,1,171812.06,0.74,0.0,0,11.29
flow_0.335,car,3,1,294270.69,0.85,51.0,1,65.96
flow_0.336,car,3,1,266386.33,0.96,29.0,1,45.07
flow_0.337,car,3,1,200857.62,0.07,4.0,1,20.2
flow_0.338,car,3,1,173360.39,0.18,0.0,0,10.31
flow_0.339,car,3,1,287108.7,0.29,44.0,1,60.17
flow_0.340,car,3,1,244018.82,0.4,20.0,1,36.59
flow_0.341,car,3,1,156873.54,0.51,0.0,0,11.55
flow_0.342,car,3,1,174686.1,0.62,0.0,0,10.92
flow_0.343,car,3,1,256782.74,0.73,32.0,1,47.61
flow_0.344,car,3,1,219559.46,0.84,10.0,1,26.57
flow_0.345,car,3,1,162183.93,0.95,0.0,0,12.57
flow_0.346,car,3,1,310770.42,0.06,51.0,1,66.73
flow_0.347,car,3,1,259518.31,0.17,26.0,1,42.45
flow_0.348,car,3,1,199519.8,0.28,2.0,1,17.18
flow_0.349,car,3,1,166892.59,0.39,0.0,0,11.25
flow_0.350,car,3,1,284735.53,0.5,40.0,1,56.52
flow_0.351,car,3,1,226714.17,0.61,13.0,1,30.43
flow_0.352,car,3,1,168265.91,0.72,0.0,0,10.43
flow_0.353,car,3,1,302885.85,0.83,53.0,1,68.24
flow_0.354,car,3,1,265244.51,0.94,32.0,1,46.24
flow_0.355,car,3,1,206532.34,0.05,4.0,1,21.47
flow_0.356,car,3,1,172068.6,0.16,0.0,0,10.25
flow_0.357,car,3,1,284317.9,0.27,45.0,1,61.05
flow_0.358,car,3,1,243823.6,0.38,20.0,1,38.59
flow_0.359,car,3,1,181411.49,0.49,0.0,0,11.37
flow_0.360,car,3,1,167370.97,0.6,0.0,0,10.47
flow_0.361,car,3,1,270815.03,0.71,36.0,1,53.02
flow_0.362,car,3,1,226109.41,0.82,13.0,1,29.09
flow_0.363,car,3,1,172141.92,0.93,0.0,0,12.38
flow_0.364,car,3,1,316324.69,0.04,54.0,1,69.43
flow_0.365,car,3,1,244838.07,0.15,27.0,1,42.55
flow_0.366,car,3,1,210955.51,0.26,2.0,1,18.77
flow_0.367,car,3,1,164068.5,0.37,0.0,0,11.35
flow_0.368,car,3,1,285114.34,0.48,41.0,1,56.27
flow_0.369,car,3,1,205419.03,0.59,14.0,1,28.45
flow_0.370,car,3,1,166831.13,0.7,0.0,0,10.05
flow_0.371,car,3,1,335759.97,0.81,59.0,1,73.93
flow_0.372,car,3,1,263390.23,0.92,33.0,1,47.42
flow_0.373,car,3,1,193581.19,0.03,5.0,1,20.3
flow_0.374,car,3,1,158114.42,0.14,0.0,0,10.48
flow_0.375,car,3,1,302100.1,0.25,46.0,1,63.31
flow_0.376,car,3,1,228424.96,0.36,20.0,1,35.58
flow_0.377,car,3,1,192529.8,0.47,0.0,0,15.31
flow_0.378,car,3,1,164014.88,0.58,0.0,0,11.25
flow_0.379,car,3,1,289733.81,0.69,38.0,1,54.55
flow_0.380,car,3,1,207472.59,0.8,10.0,1,27.19
flow_0.381,car,3,1,165267.37,0.91,0.0,0,10.42
flow_0.382,car,3,1,306421.73,0.02,53.0,1,69.0
flow_0.383,car,3,1,263512.04,0.13,30.0,1,46.69
flow_0.384,car,3,1,199721.04,0.24,5.0,1,21.59
flow_0.385,car,3,1,168499.46,0.35,0.0,0,11.28
flow_0.386,car,3,1,295034.44,0.46,43.0,1,61.56
flow_0.387,car,3,1,247337.31,0.57,21.0,1,36.14
flow_0.388,car,3,1,166221.03,0.68,0.0,0,9.92
flow_0.389,car,3,1,167440.54,0.79,0.0,0,10.32
flow_0.390,car,3,1,275442.27,0.9,36.0,1,51.59
flow_0.391,car,3,1,224753.48,0.01,12.0,1,27.37
flow_0.392,car,3,1,170420.65,0.12,0.0,0,11.08
flow_0.393,car,3,1,303002.79,0.23,49.0,1,65.85
flow_0.394,car,3,1,256678.44,0.34,24.0,1,43.0
flow_0.395,car,3,1,204363.73,0.45,2.0,1,17.51
flow_0.396,car,3,1,165354.57,0.56,0.0,0,10.34
flow_0.397,car,3,1,284024.72,0.67,43.0,1,57.7
flow_0.398,car,3,1,223587.67,0.78,15.0,1,31.66
flow_0.399,car,3,1,172322.09,0.89,0.0,0,11.51
flow_0.400,car,3,1,305882.39,0.0,55.0,1,69.8
flow_0.401,car,3,1,271257.2,0.11,32.0,1,47.88
flow_0.402,car,3,1,211569.83,0.22,7.0,1,22.73
flow_0.403,car,3,1,168218.27,0.33,0.0,0,10.52
flow_0.404,car,3,1,305432.85,0.44,45.0,1,62.97
flow_0.405,car,3,1,239324.33,0.55,21.0,1,37.15
flow_0.406,car,3,1,160874.07,0.66,0.0,0,11.64
flow_0.407,car,3,1,169584.5,0.77,0.0,0,10.42
flow_0.408,car,3,1,282249.3,0.88,37.0,1,53.23
flow_0.409,car,3,1,228536.19,0.99,13.0,1,29.01
flow_0.410,car,3,1,165418.8,0.1,0.0,0,10.19
flow_0.411,car,3,1,304960.59,0.21,52.0,1,67.6
flow_0.412,car,3,1,266265.24,0.32,30.0,1,44.47
flow_0.413,car,3,1,188654.13,0.43,3.0,1,17.8
flow_0.414,car,3,1,180433.58,0.54,0.0,0,11.29
flow_0.415,car,3,1,290462.23,0.65,42.0,1,58.01
flow_0.416,car,3,1,237640.59,0.76,18.0,1,34.34
flow_0.417,car,3,1,181188.58,0.87,0.0,0,12.08
flow_0.418,car,3,1,315128.77,0.98,53.0,1,70.66
flow_0.419,car,3,1,274144.99,0.09,34.0,1,51.23
flow_0.420,car,3,1,216710.26,0.2,9.0,1,25.32
flow_0.421,car,3,1,166949.65,0.31,0.0,0,11.6
flow_0.422,car,3,1,306983.24,0.42,50.0,1,65.58
flow_0.423,car,3,1,251686.69,0.53,24.0,1,40.57
flow_0.424,car,3,1,161996.88,0.64,0.0,0,11.48
flow_0.425,car,3,1,168353.17,0.75,0.0,0,11.23
flow_0.426,car,3,1,287610.53,0.86,39.0,1,55.93
flow_0.427,car,3,1,186750.69,0.97,5.0,1,22.33
flow_0.428,car,3,1,172230.06,0.08,0.0,0,10.53
flow_0.429,car,3,1,296000.14,0.19,51.0,1,67.83
flow_0.430,car,3,1,266847.62,0.3,31.0,1,46.65
flow_0.431,car,3,1,207624.79,0.41,5.0,1,21.84
flow_0.432,car,3,1,170247.85,0.52,0.0,0,12.19
flow_0.433,car,3,1,278882.67,0.63,42.0,1,57.13
flow_0.434,car,3,1,228945.12,0.74,19.0,1,34.93
flow_0.435,car,3,1,165793.07,0.85,0.0,0,10.05
flow_0.436,car,3,1,163921.7,0.96,0.0,0,9.38
flow_0.437,car,3,1,275070.83,0.07,34.0,1,51.1
flow_0.438,car,3,1,210782.99,0.18,11.0,1,26.71
flow_0.439,car,3,1,165487.31,0.29,0.0,0,10.85
flow_0.440,car,3,1,293778.95,0.4,47.0,1,63.48
flow_0.441,car,3,1,253163.3,0.51,28.0,1,42.68
flow_0.442,car,3,1,193683.06,0.62,1.0,1,17.4
flow_0.443,car,3,1,156869.75,0.73,0.0,0,10.79
flow_0.444,car,3,1,284144.89,0.84,41.0,1,56.9
flow_0.445,car,3,1,233330.21,0.95,17.0,1,32.13
flow_0.446,car,3,1,170119.09,0.06,0.0,0,12.25
flow_0.447,car,3,1,311292.99,0.17,54.0,1,69.09
flow_0.448,car,3,1,271631.84,0.28,31.0,1,47.76
flow_0.449,car,3,1,216776.41,0.39,9.0,1,23.85
flow_0.450,car,3,1,163032.71,0.5,0.0,0,11.44
flow_0.451,car,3,1,272429.18,0.61,41.0,1,56.74
flow_0.452,car,3,1,241399.07,0.72,23.0,1,38.59
flow_0.453,car,3,1,170132.91,0.83,0.0,0,10.6
flow_0.454,car,3,1,173020.44,0.94,0.0,0,11.0
flow_0.455,car,3,1,286214.09,0.05,38.0,1,54.74
flow_0.456,car,3,1,228801.35,0.16,14.0,1,27.93
flow_0.457,car,3,1,169967.36,0.27,0.0,0,10.51
flow_0.458,car,3,1,314138.94,0.38,52.0,1,68.17
flow_0.459,car,3,1,259734.32,0.49,28.0,1,44.16
flow_0.460,car,3,1,208796.16,0.6,5.0,1,19.7
flow_0.461,car,3,1,167405.0,0.71,0.0,0,11.09
flow_0.462,car,3,1,293473.87,0.82,44.0,1,59.56
flow_0.463,car,3,1,231523.04,0.93,18.0,1,32.12
flow_0.464,car,3,1,167473.27,0.04,0.0,0,11.27
flow_0.465,car,3,1,331975.48,0.15,59.0,1,75.54
flow_0.466,car,3,1,278299.69,0.26,33.0,1,49.58
flow_0.467,car,3,1,209054.65,0.37,8.0,1,24.08
flow_0.468,car,3,1,166157.96,0.48,0.0,0,11.06
flow_0.469,car,3,1,299652.69,0.59,48.0,1,64.65
flow_0.470,car,3,1,231787.26,0.7,21.0,1,36.24
flow_0.471,car,3,1,187894.27,0.81,0.0,0,13.04
flow_0.472,car,3,1,165712.17,0.92,0.0,0,11.53
flow_0.473,car,3,1,285847.65,0.03,40.0,1,57.03
flow_0.474,car,3,1,233201.8,0.14,16.0,1,30.95
flow_0.475,car,3,1,171097.07,0.25,0.0,0,10.58
flow_0.476,car,3,1,316458.54,0.36,53.0,1,70.0
flow_0.477,car,3,1,256643.61,0.47,30.0,1,46.04
flow_0.478,car,3,1,213631.89,0.58,5.0,1,21.31
flow_0.479,car,3,1,177927.6,0.69,0.0,0,11.31
flow_0.480,car,3,1,303056.15,0.8,46.0,1,61.7
flow_0.481,car,3,1,230469.94,0.91,20.0,1,34.35
flow_0.482,car,3,1,171804.37,0.02,0.0,0,10.2
flow_0.483,car,3,1,162334.61,0.13,0.0,0,11.32
flow_0.484,car,3,1,274817.46,0.24,36.0,1,53.02
flow_0.485,car,3,1,219093.37,0.35,11.0,1,28.18
flow_0.486,car,3,1,163031.41,0.46,0.0,0,9.38
flow_0.487,car,3,1,291351.93,0.57,48.0,1,62.55
flow_0.488,car,3,1,248666.72,0.68,25.0,1,41.95
flow_0.489,car,3,1,186430.64,0.79,0.0,0,15.62
flow_0.490,car,3,1,165532.96,0.9,0.0,0,10.33
flow_0.491,car,3,1,294070.13,0.01,42.0,1,58.88
flow_0.492,car,3,1,230117.8,0.12,18.0,1,32.98
flow_0.493,car,3,1,168712.31,0.23,0.0,0,10.16
flow_0.494,car,3,1,314575.6,0.34,55.0,1,70.84
flow_0.495,car,3,1,263532.76,0.45,31.0,1,47.7
flow_0.496,car,3,1,211126.04,0.56,7.0,1,23.39
flow_0.497,car,3,1,180257.26,0.67,0.0,0,10.77
flow_0.498,car,3,1,299062.38,0.78,49.0,1,63.2
flow_0.499,car,3,1,205583.07,0.89,13.0,1,27.85
flow_0.500,car,3,1,191011.94,0.0,0.0,0,13.25
flow_0.501,car,3,1,168644.49,0.11,0.0,0,11.41
flow_0.502,car,3,1,283499.19,0.22,38.0,1,54.82
flow_0.503,car,3,1,231145.07,0.33,14.0,1,29.22
flow_0.504,car,3,1,174518.34,0.44,0.0,0,10.29
flow_0.505,car,3,1,321126.68,0.55,52.0,1,69.21
flow_0.506,car,3,1,250284.41,0.66,26.0,1,41.58
flow_0.507,car,3,1,191567.84,0.77,0.0,0,16.63
flow_0.508,car,3,1,168501.93,0.88,0.0,0,10.84
flow_0.509,car,3,1,294861.09,0.99,43.0,1,59.75
flow_0.510,car,3,1,233408.69,0.1,20.0,1,35.76
flow_0.511,car,3,1,172352.75,0.21,0.0,0,12.55
flow_0.512,car,3,1,326781.28,0.32,59.0,1,75.21
flow_0.513,car,3,1,250149.98,0.43,31.0,1,46.59
flow_0.514,car,3,1,209155.46,0.54,9.0,1,25.17
flow_0.515,car,3,1,170543.33,0.65,0.0,0,10.82
flow_0.516,car,3,1,313710.88,0.76,48.0,1,65.06
flow_0.517,car,3,1,250745.67,0.87,23.0,1,39.96
flow_0.518,car,3,1,192000.86,0.98,0.0,0,13.71
flow_0.519,car,3,1,168864.45,0.09,0.0,0,10.69
flow_0.520,car,3,1,285135.97,0.2,39.0,1,55.19
flow_0.521,car,3,1,233553.61,0.31,16.0,1,31.28
flow_0.522,car,3,1,169638.09,0.42,0.0,0,11.28
flow_0.523,car,3,1,317395.81,0.53,53.0,1,70.41
flow_0.524,car,3,1,271642.84,0.64,31.0,1,46.04
flow_0.525,car,3,1,205503.04,0.75,6.0,1,21.32
flow_0.526,car,3,1,166763.54,0.86,0.0,0,10.62
flow_0.527,car,3,1,291932.3,0.97,42.0,1,59.64
flow_0.528,car,3,1,218573.57,0.08,17.0,1,32.84
flow_0.529,car,3,1,167864.26,0.19,0.0,0,11.64
flow_0.530,car,3,1,169958.1,0.3,0.0,0,10.47
flow_0.531,car,3,1,287579.51,0.41,36.0,1,52.85
flow_0.532,car,3,1,222887.72,0.52,11.0,1,27.83
flow_0.533,car,3,1,171957.22,0.63,0.0,0,10.89
flow_0.534,car,3,1,292829.36,0.74,47.0,1,64.75
flow_0.535,car,3,1,252210.54,0.85,25.0,1,42.01
flow_0.536,car,3,1,193189.83,0.96,0.0,0,16.32
flow_0.537,car,3,1,170184.24,0.07,0.0,0,11.11
flow_0.538,car,3,1,295069.26,0.18,42.0,1,58.04
flow_0.539,car,3,1,244234.05,0.29,18.0,1,34.13
flow_0.540,car,3,1,170531.55,0.4,0.0,0,12.12
flow_0.541,car,3,1,321523.58,0.51,57.0,1,73.26
flow_0.542,car,3,1,253073.12,0.62,29.0,1,45.05
flow_0.543,car,3,1,208064.55,0.73,7.0,1,23.74
flow_0.544,car,3,1,162252.41,0.84,0.0,0,11.73
flow_0.545,car,3,1,290438.56,0.95,43.0,1,60.63
flow_0.546,car,3,1,256244.59,0.06,25.0,1,39.74
flow_0.547,car,3,1,183356.44,0.17,0.0,0,11.79
flow_0.548,car,3,1,167776.82,0.28,0.0,0,10.65
flow_0.549,car,3,1,282058.28,0.39,38.0,1,54.19
flow_0.550,car,3,1,211804.76,0.5,10.0,1,27.59
flow_0.551,car,3,1,170535.49,0.61,0.0,0,10.24
flow_0.552,car,3,1,312432.05,0.72,52.0,1,67.14
flow_0.553,car,3,1,260529.73,0.83,28.0,1,44.47
flow_0.554,car,3,1,205954.38,0.94,2.0,1,19.09
flow_0.555,car,3,1,157529.47,0.05,0.0,0,11.64
flow_0.556,car,3,1,289542.18,0.16,44.0,1,59.77
flow_0.557,car,3,1,232243.04,0.27,17.0,1,33.39
flow_0.558,car,3,1,172178.59,0.38,0.0,0,12.23
flow_0.559,car,3,1,315787.88,0.49,56.0,1,71.8
flow_0.560,car,3,1,253364.87,0.6,32.0,1,47.03
flow_0.561,car,3,1,217420.01,0.71,9.0,1,25.78
flow_0.562,car,3,1,169062.32,0.82,0.0,0,10.55
flow_0.563,car,3,1,313861.0,0.93,49.0,1,65.83
flow_0.564,car,3,1,244848.37,0.04,22.0,1,40.03
flow_0.565,car,3,1,197903.59,0.15,1.0,1,15.45
flow_0.566,car,3,1,167170.57,0.26,0.0,0,9.97
flow_0.567,car,3,1,283312.31,0.37,38.0,1,55.02
flow_0.568,car,3,1,230422.98,0.48,15.0,1,30.63
flow_0.569,car,3,1,161003.47,0.59,0.0,0,11.66
flow_0.570,car,3,1,318293.21,0.7,53.0,1,70.29
flow_0.571,car,3,1,258056.29,0.81,29.0,1,45.9
flow_0.572,car,3,1,200680.35,0.92,4.0,1,19.21
flow_0.573,car,3,1,176698.84,0.03,0.0,0,11.51
flow_0.574,car,3,1,301976.83,0.14,47.0,1,62.27
flow_0.575,car,3,1,243095.55,0.25,23.0,1,37.48
flow_0.576,car,3,1,169123.06,0.36,0.0,0,11.42
flow_0.577,car,3,1,168534.78,0.47,0.0,0,11.21
flow_0.578,car,3,1,268539.12,0.58,33.0,1,50.31
flow_0.579,car,3,1,211751.81,0.69,8.0,1,24.66
flow_0.580,car,3,1,164120.59,0.8,0.0,0,10.87
flow_0.581,car,3,1,314533.97,0.91,51.0,1,67.92
flow_0.582,car,3,1,255748.24,0.02,29.0,1,43.78
flow_0.583,car,3,1,196876.48,0.13,2.0,1,18.79
flow_0.584,car,3,1,171506.23,0.24,0.0,0,11.28
flow_0.585,car,3,1,292105.52,0.35,40.0,1,58.18
flow_0.586,car,3,1,228841.23,0.46,17.0,1,32.31
flow_0.587,car,3,1,167829.63,0.57,0.0,0,11.55
flow_0.588,car,3,1,326256.63,0.68,59.0,1,73.77
flow_0.589,car,3,1,246736.33,0.79,27.0,1,44.63
flow_0.590,car,3,1,206315.63,0.9,7.0,1,22.57
flow_0.591,car,3,1,175060.61,0.01,0.0,0,12.83
flow_0.592,car,3,1,309443.83,0.12,47.0,1,64.08
flow_0.593,car,3,1,253841.19,0.23,22.0,1,39.67
flow_0.594,car,3,1,160962.0,0.34,0.0,0,11.36
flow_0.595,car,3,1,168337.49,0.45,0.0,0,10.15
flow_0.596,car,3,1,271864.98,0.56,36.0,1,53.01
flow_0.597,car,3,1,215068.7,0.67,11.0,1,26.37
flow_0.598,car,3,1,171647.01,0.78,0.0,0,11.17
flow_0.599,car,3,1,314543.87,0.89,54.0,1,68.62
flow_0.600,car,3,1,262541.02,0.0,29.0,1,45.34
flow_0.601,car,3,1,207345.33,0.11,5.0,1,20.11
flow_0.602,car,3,1,169705.87,0.22,0.0,0,10.95
flow_0.603,car,3,1,297796.28,0.33,44.0,1,58.52
flow_0.604,car,3,1,245416.32,0.44,20.0,1,35.99
flow_0.605,car,3,1,173414.54,0.55,0.0,0,10.44
flow_0.606,car,3,1,165948.46,0.66,0.0,0,9.68
flow_0.607,car,3,1,268315.33,0.77,35.0,1,50.51
flow_0.608,car,3,1,214708.28,0.88,8.0,1,25.27
flow_0.609,car,3,1,159103.23,0.99,0.0,0,11.61
flow_0.610,car,3,1,308819.8,0.1,50.0,1,66.5
flow_0.611,car,3,1,256572.55,0.21,24.0,1,41.71
flow_0.612,car,3,1,195298.39,0.32,0.0,0,17.12
flow_0.613,car,3,1,164200.09,0.43,0.0,0,10.5
flow_0.614,car,3,1,290060.21,0.54,40.0,1,56.74
flow_0.615,car,3,1,229729.81,0.65,14.0,1,31.66
flow_0.616,car,3,1,165853.92,0.76,0.0,0,10.93
flow_0.617,car,3,1,304437.61,0.87,53.0,1,68.53
flow_0.618,car,3,1,249460.55,0.98,29.0,1,43.55
flow_0.619,car,3,1,184483.38,0.09,2.0,1,18.48
flow_0.620,car,3,1,175194.01,0.2,0.0,0,11.99
flow_0.621,car,3,1,300566.2,0.31,46.0,1,62.76
flow_0.622,car,3,1,244815.52,0.42,23.0,1,37.8
flow_0.623,car,3,1,168005.24,0.53,0.0,0,12.34
flow_0.624,car,3,1,174087.98,0.64,0.0,0,11.14
flow_0.625,car,3,1,274626.13,0.75,36.0,1,52.31
flow_0.626,car,3,1,225385.62,0.86,11.0,1,27.34
flow_0.627,car,3,1,166070.95,0.97,0.0,0,10.64
flow_0.628,car,3,1,314348.46,0.08,53.0,1,67.79
flow_0.629,car,3,1,240969.75,0.19,25.0,1,41.16
flow_0.630,car,3,1,194353.49,0.3,2.0,1,18.72
flow_0.631,car,3,1,169560.74,0.41,0.0,0,10.2
flow_0.632,car,3,1,283137.44,0.52,41.0,1,56.96
flow_0.633,car,3,1,223309.32,0.63,15.0,1,30.4
flow_0.634,car,3,1,158079.24,0.74,0.0,0,11.12
flow_0.635,car,3,1,328493.89,0.85,58.0,1,74.08
flow_0.636,car,3,1,260762.11,0.96,32.0,1,46.88
flow_0.637,car,3,1,212018.48,0.07,7.0,1,23.09
flow_0.638,car,3,1,159587.38,0.18,0.0,0,10.97
flow_0.639,car,3,1,312425.06,0.29,47.0,1,64.67
flow_0.640,car,3,1,243751.91,0.4,24.0,1,38.64
flow_0.641,car,3,1,174570.45,0.51,0.0,0,12.18
flow_0.642,car,3,1,165188.29,0.62,0.0,0,10.96
flow_0.643,car,3,1,281584.07,0.73,38.0,1,54.08
flow_0.644,car,3,1,223473.36,0.84,13.0,1,29.12
flow_0.645,car,3,1,160549.46,0.95,0.0,0,11.39
flow_0.646,car,3,1,317194.97,0.06,55.0,1,69.99
flow_0.647,car,3,1,241958.05,0.17,26.0,1,42.62
flow_0.648,car,3,1,173915.22,0.28,0.0,0,14.86
flow_0.649,car,3,1,169240.12,0.39,0.0,0,11.36
flow_0.650,car,3,1,299333.45,0.5,44.0,1,60.87
flow_0.651,car,3,1,214790.62,0.61,16.0,1,31.46
flow_0.652,car,3,1,164368.28,0.72,0.0,0,10.91
flow_0.653,car,3,1,339540.01,0.83,58.0,1,74.88
flow_0.654,car,3,1,273791.79,0.94,34.0,1,49.93
flow_0.655,car,3,1,210874.24,0.05,12.0,1,26.01
flow_0.656,car,3,1,167560.11,0.16,0.0,0,11.15
flow_0.657,car,3,1,299072.25,0.27,49.0,1,65.03
flow_0.658,car,3,1,258109.33,0.38,27.0,1,42.29
flow_0.659,car,3,1,199718.08,0.49,1.0,1,15.94
flow_0.660,car,3,1,166299.38,0.6,0.0,0,10.05
flow_0.661,car,3,1,272301.59,0.71,37.0,1,53.04
flow_0.662,car,3,1,233270.65,0.82,14.0,1,30.46
flow_0.663,car,3,1,167243.5,0.93,0.0,0,10.86
flow_0.664,car,3,1,325337.34,0.04,56.0,1,72.7
flow_0.665,car,3,1,267302.46,0.15,32.0,1,47.41
flow_0.666,car,3,1,218490.59,0.26,7.0,1,22.83
flow_0.667,car,3,1,169285.69,0.37,0.0,0,12.49
flow_0.668,car,3,1,294570.71,0.48,45.0,1,61.92
flow_0.669,car,3,1,249165.31,0.59,20.0,1,37.7
flow_0.670,car,3,1,163840.06,0.7,0.0,0,10.43
flow_0.671,car,3,1,169228.84,0.81,0.0,0,11.78
flow_0.672,car,3,1,271149.84,0.92,36.0,1,51.26
flow_0.673,car,3,1,214230.02,0.03,10.0,1,25.79
flow_0.674,car,3,1,170209.58,0.14,0.0,0,10.33
flow_0.675,car,3,1,297789.12,0.25,50.0,1,65.94
flow_0.676,car,3,1,257412.07,0.36,27.0,1,43.61
flow_0.677,car,3,1,156180.23,0.47,0.0,0,12.06
flow_0.678,car,3,1,161771.88,0.58,0.0,0,11.16
flow_0.679,car,3,1,278394.49,0.69,41.0,1,56.37
flow_0.680,car,3,1,236746.75,0.8,17.0,1,33.03
flow_0.681,car,3,1,170237.42,0.91,0.0,0,10.48
flow_0.682,car,3,1,309454.57,0.02,54.0,1,72.31
flow_0.683,car,3,1,259229.96,0.13,30.0,1,47.65
flow_0.684,car,3,1,217380.49,0.24,8.0,1,24.72
flow_0.685,car,3,1,165460.86,0.35,0.0,0,10.86
flow_0.686,car,3,1,297387.48,0.46,47.0,1,63.76
flow_0.687,car,3,1,244407.19,0.57,23.0,1,39.59
flow_0.688,car,3,1,180600.82,0.68,0.0,0,11.52
flow_0.689,car,3,1,167800.44,0.79,0.0,0,10.49
flow_0.690,car,3,1,274612.33,0.9,37.0,1,53.32
flow_0.691,car,3,1,224110.08,0.01,15.0,1,30.54
flow_0.692,car,3,1,170885.62,0.12,0.0,0,11.47
flow_0.693,car,3,1,317496.57,0.23,53.0,1,69.99
flow_0.694,car,3,1,261807.04,0.34,29.0,1,44.03
flow_0.695,car,3,1,196057.5,0.45,4.0,1,19.72
flow_0.696,car,3,1,174994.29,0.56,0.0,0,10.96
flow_0.697,car,3,1,269291.91,0.67,40.0,1,53.95
flow_0.698,car,3,1,237862.72,0.78,21.0,1,35.21
flow_0.699,car,3,1,170633.64,0.89,0.0,0,10.31
flow_0.700,car,3,1,176581.29,0.0,0.0,0,10.35
flow_0.701,car,3,1,273772.42,0.11,34.0,1,51.32
flow_0.702,car,3,1,213921.93,0.22,9.0,1,25.78
flow_0.703,car,3,1,162867.4,0.33,0.0,0,9.87
flow_0.704,car,3,1,304933.29,0.44,49.0,1,65.46
flow_0.705,car,3,1,254606.53,0.55,25.0,1,42.37
flow_0.706,car,3,1,190620.51,0.66,0.0,0,16.25
flow_0.707,car,3,1,170334.94,0.77,0.0,0,10.62
flow_0.708,car,3,1,284071.1,0.88,41.0,1,55.94
flow_0.709,car,3,1,222223.44,0.99,12.0,1,29.33
flow_0.710,car,3,1,160232.61,0.1,0.0,0,11.39
flow_0.711,car,3,1,314722.55,0.21,56.0,1,72.22
flow_0.712,car,3,1,264865.9,0.32,30.0,1,46.57
flow_0.713,car,3,1,187333.66,0.43,4.0,1,18.04
flow_0.714,car,3,1,171159.99,0.54,0.0,0,11.29
flow_0.715,car,3,1,277361.92,0.65,41.0,1,56.83
flow_0.716,car,3,1,240676.25,0.76,21.0,1,37.03
flow_0.717,car,3,1,169308.94,0.87,0.0,0,11.12
flow_0.718,car,3,1,158539.37,0.98,0.0,0,11.02
flow_0.719,car,3,1,271788.66,0.09,38.0,1,52.77
flow_0.720,car,3,1,227315.2,0.2,11.0,1,28.19
flow_0.721,car,3,1,167483.84,0.31,0.0,0,11.17
flow_0.722,car,3,1,319564.36,0.42,50.0,1,67.45
flow_0.723,car,3,1,254073.24,0.53,26.0,1,42.52
flow_0.724,car,3,1,185369.04,0.64,0.0,0,16.55
flow_0.725,car,3,1,164017.01,0.75,0.0,0,10.54
flow_0.726,car,3,1,291476.11,0.86,44.0,1,57.83
flow_0.727,car,3,1,210931.64,0.97,13.0,1,29.49
flow_0.728,car,3,1,165900.47,0.08,0.0,0,10.34
flow_0.729,car,3,1,325322.93,0.19,58.0,1,73.51
flow_0.730,car,3,1,269181.5,0.3,33.0,1,49.08
flow_0.731,car,3,1,210534.96,0.41,7.0,1,23.79
flow_0.732,car,3,1,166126.67,0.52,0.0,0,11.35
flow_0.733,car,3,1,306949.51,0.63,48.0,1,64.41
flow_0.734,car,3,1,243793.65,0.74,22.0,1,36.99
flow_0.735,car,3,1,175976.92,0.85,0.0,0,11.54
flow_0.736,car,3,1,161055.82,0.96,0.0,0,10.38
flow_0.737,car,3,1,284747.3,0.07,37.0,1,54.32
flow_0.738,car,3,1,233422.67,0.18,14.0,1,30.65
flow_0.739,car,3,1,174398.72,0.29,0.0,0,10.53
flow_0.740,car,3,1,304857.98,0.4,52.0,1,67.39
flow_0.741,car,3,1,267386.61,0.51,29.0,1,45.36
flow_0.742,car,3,1,203968.78,0.62,6.0,1,20.4
flow_0.743,car,3,1,168295.19,0.73,0.0,0,10.04
flow_0.744,car,3,1,284892.24,0.84,41.0,1,59.08
flow_0.745,car,3,1,234726.17,0.95,19.0,1,35.55
flow_0.746,car,3,1,177378.1,0.06,0.0,0,12.62
flow_0.747,car,3,1,328200.39,0.17,60.0,1,74.84
flow_0.748,car,3,1,279669.29,0.28,35.0,1,51.56
flow_0.749,car,3,1,220044.65,0.39,10.0,1,26.33
flow_0.750,car,3,1,168958.84,0.5,0.0,0,11.02
flow_0.751,car,3,1,308633.45,0.61,49.0,1,66.41
flow_0.752,car,3,1,251380.59,0.72,26.0,1,41.4
flow_1.0,bus,3,1,386936.73,0.0,8.0,1,37.96
flow_1.1,bus,3,1,391409.66,0.0,11.0,3,39.39
flow_1.2,bus,3,1,387840.66,0.0,10.0,3,39.67
flow_1.3,bus,3,1,380779.38,0.0,8.0,1,38.07
flow_1.4,bus,3,1,377170.13,0.0,8.0,2,36.4
flow_1.5,bus,3,1,381026.18,0.0,10.0,2,39.07
flow_1.6,bus,3,1,392404.86,0.0,15.0,3,40.17
flow_1.7,bus,3,1,384594.97,0.0,12.0,1,40.52
flow_1.8,bus,3,1,383923.48,0.0,9.0,1,37.92
flow_1.9,bus,3,1,400783.82,0.0,9.0,2,38.82
flow_1.10,bus,3,1,392929.71,0.0,10.0,1,39.65
flow_1.11,bus,3,1,384991.39,0.0,8.0,2,38.89
flow_0.0,car,4,1,242224.95,0.0,23.0,1,38.91
flow_0.1,car,4,1,339726.82,0.0,58.0,1,75.27
flow_0.2,car,4,1,208944.93,0.0,7.0,1,20.9
flow_0.3,car,4,1,292137.49,0.0,41.0,1,56.52
flow_0.4,car,4,1,158734.78,0.0,0.0,0,11.67
flow_0.5,car,4,1,253830.52,0.0,24.0,1,40.15
flow_0.6,car,4,1,317670.26,0.0,58.0,1,72.09
flow_0.7,car,4,1,198854.86,0.0,4.0,1,19.3
flow_0.8,car,4,1,267844.95,0.0,39.0,1,53.39
flow_0.9,car,4,1,173492.85,0.0,0.0,0,11.77
flow_0.10,car,4,1,242761.23,0.0,24.0,1,38.53
flow_0.11,car,4,1,333042.63,0.0,60.0,1,75.82
flow_0.12,car,4,1,207116.44,0.0,5.0,1,21.24
flow_0.13,car,4,1,285245.31,0.0,40.0,1,57.08
flow_0.14,car,4,1,168399.33,0.0,0.0,0,10.94
flow_0.15,car,4,1,226786.53,0.0,21.0,1,36.0
flow_0.16,car,4,1,324554.76,0.0,58.0,1,73.58
flow_0.17,car,4,1,191655.62,0.0,2.0,1,18.97
flow_0.18,car,4,1,296073.88,0.0,42.0,1,57.86
flow_0.19,car,4,1,178786.57,0.0,0.0,0,11.59
flow_0.20,car,4,1,247270.45,0.0,23.0,1,40.52
flow_0.21,car,4,1,331504.7,0.0,59.0,1,75.75
flow_0.22,car,4,1,183272.32,0.0,2.0,1,18.44
flow_0.23,car,4,1,264334.51,0.0,37.0,1,52.23
flow_0.24,car,4,1,164366.41,0.0,0.0,0,10.47
flow_0.25,car,4,1,232442.77,0.0,20.0,1,36.55
flow_0.26,car,4,1,323550.63,0.0,59.0,1,74.02
flow_0.27,car,4,1,210234.72,0.0,5.0,1,21.8
flow_0.28,car,4,1,278537.64,0.0,40.0,1,54.07
flow_0.29,car,4,1,165541.06,0.0,0.0,0,11.18
flow_0.30,car,4,1,243705.47,0.0,24.0,1,39.78
flow_0.31,car,4,1,326633.96,0.0,59.0,1,74.63
flow_0.32,car,4,1,205799.7,0.0,7.0,1,21.21
flow_0.33,car,4,1,287885.41,0.0,42.0,1,57.31
flow_0.34,car,4,1,174455.46,0.0,0.0,0,11.94
flow_0.35,car,4,1,246199.75,0.0,21.0,1,38.01
flow_0.36,car,4,1,329035.32,0.0,59.0,1,75.67
flow_0.37,car,4,1,210770.25,0.0,6.0,1,21.79
flow_0.38,car,4,1,273394.42,0.0,38.0,1,54.21
flow_0.39,car,4,1,164879.65,0.0,0.0,0,10.01
flow_0.40,car,4,1,237800.72,0.0,21.0,1,36.93
flow_0.41,car,4,1,340501.17,0.0,59.0,1,75.86
flow_0.42,car,4,1,210301.15,0.0,5.0,1,21.36
flow_0.43,car,4,1,290167.17,0.0,41.0,1,57.46
flow_0.44,car,4,1,163343.08,0.0,0.0,0,10.02
flow_0.45,car,4,1,248568.6,0.0,24.0,1,39.28
flow_0.46,car,4,1,316463.38,0.0,57.0,1,73.54
flow_0.47,car,4,1,184301.64,0.0,4.0,1,18.16
flow_0.48,car,4,1,270596.31,0.0,38.0,1,52.99
flow_0.49,car,4,1,162583.34,0.0,0.0,0,10.85
flow_0.50,car,4,1,251496.29,0.0,23.0,1,39.34
flow_0.51,car,4,1,164020.39,0.0,0.0,0,9.94
flow_0.52,car,4,1,213944.38,0.0,4.0,1,20.89
flow_0.53,car,4,1,288334.87,0.0,41.0,1,57.54
flow_0.54,car,4,1,165438.92,0.0,0.0,0,11.2
flow_0.55,car,4,1,252235.3,0.0,24.0,1,39.07
flow_0.56,car,4,1,332744.97,0.0,59.0,1,75.38
flow_0.57,car,4,1,202541.83,0.0,5.0,1,19.9
flow_0.58,car,4,1,291093.76,0.0,41.0,1,57.08
flow_0.59,car,4,1,167985.75,0.0,0.0,0,11.88
flow_0.60,car,4,1,255455.37,0.0,24.0,1,39.43
flow_0.61,car,4,1,330708.24,0.0,58.0,1,74.62
flow_0.62,car,4,1,197172.87,0.0,2.0,1,20.02
flow_0.63,car,4,1,266407.89,0.0,37.0,1,53.98
flow_0.64,car,4,1,165370.85,0.0,0.0,0,11.27
flow_0.65,car,4,1,235258.29,0.0,22.0,1,37.27
flow_0.66,car,4,1,326963.46,0.0,60.0,1,74.4
flow_0.67,car,4,1,209893.28,0.0,5.0,1,21.57
flow_0.68,car,4,1,288468.97,0.0,39.0,1,57.29
flow_0.69,car,4,1,167025.16,0.0,0.0,0,12.03
flow_0.70,car,4,1,233930.07,0.0,22.0,1,38.05
flow_0.71,car,4,1,327517.11,0.0,59.0,1,74.46
flow_0.72,car,4,1,190749.92,0.0,2.0,1,20.15
flow_0.73,car,4,1,287725.4,0.0,39.0,1,55.98
flow_0.74,car,4,1,164403.03,0.0,0.0,0,10.87
flow_0.75,car,4,1,240722.13,0.0,22.0,1,38.63
flow_0.76,car,4,1,332510.81,0.0,59.0,1,75.99
flow_0.77,car,4,1,201942.67,0.0,6.0,1,22.28
flow_0.78,car,4,1,296804.11,0.0,41.0,1,56.96
flow_0.79,car,4,1,171953.34,0.0,0.0,0,11.97
flow_0.80,car,4,1,249413.7,0.0,25.0,1,39.63
flow_0.81,car,4,1,171205.79,0.0,0.0,0,9.95
flow_0.82,car,4,1,209950.65,0.0,7.0,1,22.27
flow_0.83,car,4,1,286152.62,0.0,39.0,1,57.1
flow_0.84,car,4,1,175668.88,0.0,0.0,0,11.21
flow_0.85,car,4,1,250531.04,0.0,23.0,1,38.89
flow_0.86,car,4,1,168918.14,0.0,0.0,0,9.86
flow_0.87,car,4,1,208837.31,0.0,5.0,1,21.9
flow_0.88,car,4,1,293559.64,0.0,40.0,1,57.59
flow_0.89,car,4,1,161279.36,0.0,0.0,0,11.71
flow_0.90,car,4,1,216803.56,0.0,17.0,1,33.63
flow_0.91,car,4,1,317985.82,0.0,56.0,1,73.17
flow_0.92,car,4,1,203073.78,0.0,5.0,1,21.96
flow_0.93,car,4,1,290756.67,0.0,43.0,1,57.28
flow_0.94,car,4,1,169832.66,0.0,0.0,0,11.5
flow_0.95,car,4,1,238394.12,0.0,19.0,1,36.88
flow_0.96,car,4,1,165558.93,0.0,0.0,0,9.64
flow_0.97,car,4,1,209699.85,0.0,4.0,1,21.48
flow_0.98,car,4,1,291958.44,0.0,41.0,1,56.73
flow_0.99,car,4,1,168606.78,0.0,0.0,0,12.54
flow_0.100,car,4,1,246072.66,0.0,23.0,1,37.53
flow_0.101,car,4,1,314962.0,0.0,56.0,1,72.54
flow_0.102,car,4,1,209942.54,0.0,6.0,1,21.28
flow_0.103,car,4,1,289180.56,0.0,39.0,1,56.6
flow_0.104,car,4,1,175262.06,0.0,0.0,0,11.51
flow_0.105,car,4,1,252566.73,0.0,21.0,1,39.36
flow_0.106,car,4,1,172617.94,0.0,0.0,0,9.89
flow_0.107,car,4,1,201730.77,0.0,4.0,1,19.81
flow_0.108,car,4,1,270039.43,0.0,38.0,1,53.04
flow_0.109,car,4,1,174685.68,0.0,0.0,0,11.22
flow_0.110,car,4,1,254964.84,0.0,25.0,1,39.89
flow_0.111,car,4,1,331289.1,0.0,59.0,1,75.95
flow_0.112,car,4,1,194975.77,0.0,3.0,1,18.71
flow_0.113,car,4,1,293299.84,0.0,40.0,1,58.28
flow_0.114,car,4,1,176332.51,0.0,0.0,0,10.3
flow_0.115,car,4,1,244942.17,0.0,21.0,1,38.36
flow_0.116,car,4,1,335154.36,0.0,59.0,1,75.33
flow_0.117,car,4,1,192154.68,0.0,2.0,1,19.11
flow_0.118,car,4,1,289982.0,0.0,42.0,1,58.36
flow_0.119,car,4,1,176394.8,0.0,0.0,0,10.6
flow_0.120,car,4,1,249821.24,0.0,21.0,1,39.26
flow_0.121,car,4,1,327966.17,0.0,58.0,1,76.1
flow_0.122,car,4,1,203216.97,0.0,7.0,1,21.74
flow_0.123,car,4,1,289541.97,0.0,42.0,1,56.78
flow_0.124,car,4,1,164251.66,0.0,0.0,0,9.95
flow_0.125,car,4,1,254363.31,0.0,25.0,1,39.83
flow_0.126,car,4,1,331444.18,0.0,58.0,1,74.04
flow_0.127,car,4,1,212994.58,0.0,4.0,1,21.19
flow_0.128,car,4,1,286481.24,0.0,39.0,1,57.39
flow_0.129,car,4,1,172608.36,0.0,0.0,0,12.1
flow_0.130,car,4,1,253269.98,0.0,23.0,1,39.91
flow_0.131,car,4,1,161472.75,0.0,0.0,0,9.84
flow_0.132,car,4,1,210219.64,0.0,4.0,1,21.63
flow_0.133,car,4,1,283772.42,0.0,41.0,1,57.92
flow_0.134,car,4,1,172197.16,0.0,0.0,0,10.0
flow_0.135,car,4,1,252349.31,0.0,24.0,1,39.46
flow_0.136,car,4,1,324213.45,0.0,57.0,1,73.29
flow_0.137,car,4,1,206987.01,0.0,5.0,1,21.29
flow_0.138,car,4,1,288663.44,0.0,41.0,1,57.96
flow_0.139,car,4,1,166083.57,0.0,0.0,0,11.66
flow_0.140,car,4,1,253477.35,0.0,22.0,1,40.1
flow_0.141,car,4,1,294419.53,0.0,53.0,1,66.4
flow_0.142,car,4,1,210421.47,0.0,7.0,1,22.56
flow_0.143,car,4,1,272176.75,0.0,37.0,1,53.51
flow_0.144,car,4,1,172733.5,0.0,0.0,0,11.71
flow_0.145,car,4,1,240132.74,0.0,24.0,1,38.65
flow_0.146,car,4,1,174575.28,0.0,0.0,0,10.85
flow_0.147,car,4,1,204794.45,0.0,6.0,1,20.48
flow_0.148,car,4,1,294767.22,0.0,42.0,1,57.4
flow_0.149,car,4,1,170586.01,0.0,0.0,0,10.66
flow_0.150,car,4,1,236841.41,0.0,19.0,1,37.1
flow_0.151,car,4,1,338426.99,0.0,60.0,1,76.04
flow_0.152,car,4,1,206988.56,0.0,5.0,1,21.88
flow_0.153,car,4,1,285441.04,0.0,41.0,1,56.85
flow_0.154,car,4,1,163988.72,0.0,0.0,0,10.46
flow_0.155,car,4,1,253829.95,0.0,22.0,1,39.57
flow_0.156,car,4,1,315533.64,0.0,57.0,1,71.77
flow_0.157,car,4,1,210167.27,0.0,5.0,1,21.55
flow_0.158,car,4,1,289426.85,0.0,41.0,1,57.18
flow_0.159,car,4,1,158966.06,0.0,0.0,0,10.84
flow_0.160,car,4,1,248301.91,0.0,23.0,1,39.32
flow_0.161,car,4,1,317445.9,0.0,56.0,1,73.34
flow_0.162,car,4,1,205272.95,0.0,4.0,1,21.46
flow_0.163,car,4,1,283465.65,0.0,40.0,1,57.84
flow_0.164,car,4,1,165613.58,0.0,0.0,0,10.01
flow_0.165,car,4,1,239249.13,0.0,22.0,1,37.79
flow_0.166,car,4,1,165684.43,0.0,0.0,0,10.74
flow_0.167,car,4,1,188402.27,0.0,3.0,1,18.7
flow_0.168,car,4,1,274821.65,0.0,38.0,1,54.86
flow_0.169,car,4,1,174634.36,0.0,0.0,0,10.15
flow_0.170,car,4,1,238264.49,0.0,23.0,1,38.17
flow_0.171,car,4,1,315183.59,0.0,57.0,1,72.87
flow_0.172,car,4,1,212738.15,0.0,7.0,1,21.03
flow_0.173,car,4,1,294621.17,0.0,42.0,1,57.48
flow_0.174,car,4,1,171722.74,0.0,0.0,0,11.07
flow_0.175,car,4,1,251644.64,0.0,22.0,1,39.06
flow_0.176,car,4,1,166267.05,0.0,0.0,0,10.94
flow_0.177,car,4,1,201681.13,0.0,4.0,1,21.3
flow_0.178,car,4,1,290549.11,0.0,40.0,1,56.34
flow_0.179,car,4,1,170446.55,0.0,0.0,0,11.3
flow_0.180,car,4,1,239814.34,0.0,20.0,1,37.3
flow_0.181,car,4,1,322521.96,0.0,57.0,1,72.23
flow_0.182,car,4,1,206799.06,0.0,6.0,1,21.49
flow_0.183,car,4,1,271089.29,0.0,39.0,1,54.62
flow_0.184,car,4,1,171473.02,0.0,0.0,0,10.54
flow_0.185,car,4,1,241581.56,0.0,21.0,1,38.74
flow_0.186,car,4,1,319073.34,0.0,57.0,1,72.63
flow_0.187,car,4,1,199147.53,0.0,5.0,1,19.51
flow_0.188,car,4,1,296918.44,0.0,41.0,1,57.69
flow_0.189,car,4,1,167597.02,0.0,0.0,0,11.16
flow_0.190,car,4,1,256421.27,0.0,23.0,1,38.83
flow_0.191,car,4,1,307772.41,0.0,56.0,1,71.23
flow_0.192,car,4,1,205517.19,0.0,3.0,1,21.45
flow_0.193,car,4,1,268649.2,0.0,39.0,1,53.71
flow_0.194,car,4,1,176233.25,0.0,0.0,0,11.56
flow_0.195,car,4,1,219073.95,0.0,18.0,1,34.16
flow_0.196,car,4,1,323188.9,0.0,59.0,1,73.77
flow_0.197,car,4,1,186911.54,0.0,1.0,1,17.51
flow_0.198,car,4,1,293975.15,0.0,42.0,1,58.02
flow_0.199,car,4,1,166694.74,0.0,0.0,0,10.71
flow_0.200,car,4,1,248059.83,0.0,24.0,1,38.64
flow_0.201,car,4,1,167300.18,0.0,0.0,0,9.93
flow_0.202,car,4,1,205433.27,0.0,4.0,1,20.72
flow_0.203,car,4,1,288863.46,0.0,41.0,1,56.11
flow_0.204,car,4,1,175643.12,0.0,0.0,0,11.18
flow_0.205,car,4,1,251015.92,0.0,24.0,1,39.56
flow_0.206,car,4,1,328562.53,0.0,57.0,1,74.43
flow_0.207,car,4,1,211209.39,0.0,6.0,1,21.19
flow_0.208,car,4,1,295287.67,0.0,44.0,1,57.42
flow_0.209,car,4,1,156026.18,0.0,0.0,0,10.59
flow_0.210,car,4,1,247752.29,0.0,23.0,1,39.84
flow_0.211,car,4,1,330938.51,0.0,58.0,1,75.01
flow_0.212,car,4,1,207004.0,0.0,6.0,1,21.47
flow_0.213,car,4,1,286757.62,0.0,40.0,1,58.12
flow_0.214,car,4,1,163629.23,0.0,0.0,0,10.46
flow_0.215,car,4,1,251513.55,0.0,22.0,1,38.63
flow_0.216,car,4,1,165692.36,0.0,0.0,0,10.39
flow_0.217,car,4,1,182057.9,0.0,1.0,1,16.52
flow_0.218,car,4,1,289551.3,0.0,40.0,1,57.32
flow_0.219,car,4,1,173147.58,0.0,0.0,0,11.86
flow_0.220,car,4,1,246346.5,0.0,23.0,1,38.04
flow_0.221,car,4,1,169749.12,0.0,0.0,0,9.79
flow_0.222,car,4,1,204194.13,0.0,5.0,1,21.8
flow_0.223,car,4,1,291094.87,0.0,41.0,1,57.68
flow_0.224,car,4,1,166529.32,0.0,0.0,0,12.57
flow_0.225,car,4,1,247045.41,0.0,22.0,1,39.07
flow_0.226,car,4,1,162795.8,0.0,0.0,0,10.31
flow_0.227,car,4,1,200549.76,0.0,2.0,1,21.34
flow_0.228,car,4,1,286804.95,0.0,40.0,1,57.71
flow_0.229,car,4,1,164543.86,0.0,0.0,0,11.15
flow_0.230,car,4,1,238932.55,0.0,21.0,1,37.57
flow_0.231,car,4,1,329807.08,0.0,59.0,1,75.63
flow_0.232,car,4,1,188162.58,0.0,4.0,1,18.73
flow_0.233,car,4,1,283474.7,0.0,40.0,1,57.18
flow_0.234,car,4,1,163819.87,0.0,0.0,0,10.15
flow_0.235,car,4,1,241737.72,0.0,21.0,1,37.58
flow_0.236,car,4,1,326711.02,0.0,57.0,1,75.5
flow_0.237,car,4,1,200184.94,0.0,5.0,1,20.0
flow_0.238,car,4,1,283904.99,0.0,41.0,1,58.14
flow_0.239,car,4,1,168994.04,0.0,0.0,0,11.14
flow_0.240,car,4,1,242349.7,0.0,22.0,1,38.49
flow_0.241,car,4,1,323494.27,0.0,58.0,1,74.91
flow_0.242,car,4,1,210096.05,0.0,5.0,1,20.5
flow_0.243,car,4,1,289480.72,0.0,41.0,1,57.77
flow_0.244,car,4,1,172056.21,0.0,0.0,0,10.44
flow_0.245,car,4,1,239701.14,0.0,22.0,1,38.56
flow_0.246,car,4,1,308741.22,0.0,58.0,1,72.49
flow_0.247,car,4,1,202745.52,0.0,3.0,1,20.67
flow_0.248,car,4,1,283154.49,0.0,41.0,1,57.26
flow_0.249,car,4,1,160889.84,0.0,0.0,0,10.98
flow_0.250,car,4,1,206155.41,0.0,14.0,1,29.59
flow_0.251,car,4,1,172178.1,0.0,0.0,0,9.7
flow_0.252,car,4,1,209966.73,0.0,6.0,1,21.71
flow_0.253,car,4,1,272304.46,0.0,37.0,1,52.49
flow_0.254,car,4,1,160551.17,0.0,0.0,0,12.29
flow_0.255,car,4,1,254323.81,0.0,23.0,1,39.88
flow_0.256,car,4,1,335537.85,0.0,60.0,1,74.85
flow_0.257,car,4,1,200496.81,0.0,4.0,1,20.83
flow_0.258,car,4,1,292674.95,0.0,42.0,1,58.07
flow_0.259,car,4,1,163201.09,0.0,0.0,0,10.48
flow_0.260,car,4,1,242937.3,0.0,23.0,1,38.51
flow_0.261,car,4,1,322750.6,0.0,57.0,1,73.21
flow_0.262,car,4,1,199346.28,0.0,6.0,1,20.52
flow_0.263,car,4,1,290517.85,0.0,43.0,1,58.06
flow_0.264,car,4,1,169004.73,0.0,0.0,0,10.47
flow_0.265,car,4,1,223127.58,0.0,18.0,1,34.71
flow_0.266,car,4,1,164248.79,0.0,0.0,0,10.15
flow_0.267,car,4,1,204125.62,0.0,4.0,1,21.19
flow_0.268,car,4,1,276445.29,0.0,36.0,1,52.94
flow_0.269,car,4,1,168843.57,0.0,0.0,0,11.71
flow_0.270,car,4,1,229070.12,0.0,20.0,1,36.49
flow_0.271,car,4,1,166854.39,0.0,0.0,0,10.35
flow_0.272,car,4,1,198997.94,0.0,3.0,1,21.63
flow_0.273,car,4,1,286768.24,0.0,40.0,1,55.85
flow_0.274,car,4,1,167878.01,0.0,0.0,0,11.63
flow_0.275,car,4,1,250982.19,0.0,25.0,1,39.97
flow_0.276,car,4,1,324062.48,0.0,57.0,1,73.24
flow_0.277,car,4,1,205881.93,0.0,3.0,1,21.31
flow_0.278,car,4,1,242616.13,0.0,32.0,1,48.8
flow_0.279,car,4,1,166406.3,0.0,0.0,0,11.62
flow_0.280,car,4,1,240721.51,0.0,21.0,1,38.78
flow_0.281,car,4,1,322734.34,0.0,59.0,1,72.2
flow_0.282,car,4,1,201553.65,0.0,5.0,1,21.52
flow_0.283,car,4,1,290311.77,0.0,41.0,1,57.59
flow_0.284,car,4,1,167440.99,0.0,0.0,0,12.09
flow_0.285,car,4,1,241104.73,0.0,23.0,1,37.31
flow_0.286,car,4,1,166779.96,0.0,0.0,0,10.37
flow_0.287,car,4,1,212172.15,0.0,5.0,1,21.87
flow_0.288,car,4,1,290230.92,0.0,40.0,1,56.62
flow_0.289,car,4,1,170975.34,0.0,0.0,0,12.81
flow_0.290,car,4,1,251036.7,0.0,23.0,1,39.28
flow_0.291,car,4,1,324057.77,0.0,57.0,1,74.08
flow_0.292,car,4,1,197679.42,0.0,4.0,1,20.47
flow_0.293,car,4,1,291039.5,0.0,40.0,1,57.25
flow_0.294,car,4,1,170328.24,0.0,0.0,0,10.94
flow_0.295,car,4,1,234549.77,0.0,22.0,1,36.89
flow_0.296,car,4,1,324323.62,0.0,58.0,1,75.12
flow_0.297,car,4,1,207068.36,0.0,5.0,1,21.54
flow_0.298,car,4,1,282610.64,0.0,39.0,1,56.06
flow_0.299,car,4,1,165608.47,0.0,0.0,0,11.01
flow_0.300,car,4,1,253549.48,0.0,25.0,1,39.4
flow_0.301,car,4,1,325192.62,0.0,60.0,1,74.62
flow_0.302,car,4,1,208683.75,0.0,6.0,1,21.59
flow_0.303,car,4,1,275011.22,0.0,38.0,1,53.59
flow_0.304,car,4,1,175028.66,0.0,0.0,0,10.04
flow_0.305,car,4,1,245809.21,0.0,23.0,1,38.97
flow_0.306,car,4,1,334565.15,0.0,59.0,1,75.88
flow_0.307,car,4,1,210294.28,0.0,9.0,1,22.35
flow_0.308,car,4,1,292244.1,0.0,43.0,1,57.35
flow_0.309,car,4,1,172022.76,0.0,0.0,0,11.39
flow_0.310,car,4,1,250521.99,0.0,22.0,1,38.46
flow_0.311,car,4,1,162566.68,0.0,0.0,0,9.92
flow_0.312,car,4,1,204260.07,0.0,5.0,1,20.93
flow_0.313,car,4,1,290563.57,0.0,41.0,1,56.74
flow_0.314,car,4,1,168471.15,0.0,0.0,0,10.59
flow_0.315,car,4,1,225781.72,0.0,19.0,1,35.51
flow_0.316,car,4,1,306954.13,0.0,55.0,1,68.9
flow_0.317,car,4,1,193360.92,0.0,3.0,1,19.75
flow_0.318,car,4,1,291481.62,0.0,41.0,1,57.54
flow_0.319,car,4,1,166837.77,0.0,0.0,0,10.92
flow_0.320,car,4,1,241352.98,0.0,22.0,1,37.67
flow_0.321,car,4,1,178717.39,0.0,0.0,0,10.87
flow_0.322,car,4,1,194781.98,0.0,2.0,1,18.67
flow_0.323,car,4,1,275250.03,0.0,38.0,1,55.99
flow_0.324,car,4,1,170618.2,0.0,0.0,0,11.71
flow_0.325,car,4,1,250898.57,0.0,23.0,1,39.11
flow_0.326,car,4,1,323463.11,0.0,58.0,1,73.19
flow_0.327,car,4,1,212716.74,0.0,6.0,1,22.62
flow_0.328,car,4,1,273794.12,0.0,39.0,1,54.47
flow_0.329,car,4,1,161884.5,0.0,0.0,0,9.67
flow_0.330,car,4,1,251788.04,0.0,22.0,1,38.97
flow_0.331,car,4,1,321004.05,0.0,56.0,1,73.54
flow_0.332,car,4,1,211178.32,0.0,6.0,1,21.68
flow_0.333,car,4,1,293398.24,0.0,42.0,1,57.26
flow_0.334,car,4,1,167194.37,0.0,0.0,0,12.47
flow_0.335,car,4,1,250175.29,0.0,23.0,1,39.52
flow_0.336,car,4,1,327706.89,0.0,59.0,1,74.14
flow_0.337,car,4,1,199145.4,0.0,3.0,1,20.39
flow_0.338,car,4,1,283431.26,0.0,40.0,1,55.8
flow_0.339,car,4,1,169867.18,0.0,0.0,0,11.38
flow_0.340,car,4,1,223464.46,0.0,20.0,1,34.23
flow_0.341,car,4,1,327847.35,0.0,59.0,1,75.47
flow_0.342,car,4,1,188417.58,0.0,3.0,1,18.59
flow_0.343,car,4,1,293343.91,0.0,42.0,1,56.39
flow_0.344,car,4,1,165358.21,0.0,0.0,0,11.1
flow_0.345,car,4,1,244554.3,0.0,21.0,1,37.57
flow_0.346,car,4,1,334843.17,0.0,58.0,1,74.86
flow_0.347,car,4,1,205577.85,0.0,5.0,1,20.73
flow_0.348,car,4,1,297754.26,0.0,42.0,1,57.04
flow_0.349,car,4,1,168127.5,0.0,0.0,0,11.09
flow_0.350,car,4,1,243856.36,0.0,22.0,1,38.21
flow_0.351,car,4,1,315756.19,0.0,55.0,1,71.2
flow_0.352,car,4,1,210012.28,0.0,4.0,1,21.82
flow_0.353,car,4,1,278378.34,0.0,41.0,1,55.75
flow_0.354,car,4,1,156186.02,0.0,0.0,0,10.88
flow_0.355,car,4,1,237971.33,0.0,21.0,1,36.58
flow_0.356,car,4,1,330538.04,0.0,57.0,1,74.57
flow_0.357,car,4,1,206768.99,0.0,5.0,1,22.26
flow_0.358,car,4,1,288651.32,0.0,42.0,1,57.7
flow_0.359,car,4,1,174779.99,0.0,0.0,0,12.37
flow_0.360,car,4,1,248175.33,0.0,24.0,1,39.82
flow_0.361,car,4,1,333589.08,0.0,60.0,1,75.77
flow_0.362,car,4,1,205421.95,0.0,7.0,1,21.24
flow_0.363,car,4,1,279391.72,0.0,39.0,1,55.95
flow_0.364,car,4,1,174742.67,0.0,0.0,0,11.38
flow_0.365,car,4,1,227279.75,0.0,21.0,1,36.1
flow_0.366,car,4,1,319734.86,0.0,59.0,1,74.26
flow_0.367,car,4,1,178249.0,0.0,0.0,0,14.75
flow_0.368,car,4,1,294571.91,0.0,40.0,1,57.37
flow_0.369,car,4,1,169840.64,0.0,0.0,0,10.49
flow_0.370,car,4,1,225845.69,0.0,22.0,1,37.08
flow_0.371,car,4,1,308613.28,0.0,55.0,1,70.52
flow_0.372,car,4,1,187696.18,0.0,3.0,1,17.31
flow_0.373,car,4,1,283865.54,0.0,40.0,1,56.29
flow_0.374,car,4,1,154884.08,0.0,0.0,0,10.76
flow_0.375,car,4,1,249207.58,0.0,25.0,1,39.72
flow_0.376,car,4,1,163606.21,0.0,0.0,0,10.14
flow_0.377,car,4,1,206747.79,0.0,4.0,1,21.3
flow_0.378,car,4,1,293928.11,0.0,43.0,1,57.67
flow_0.379,car,4,1,157398.56,0.0,0.0,0,11.38
flow_0.380,car,4,1,242000.42,0.0,23.0,1,39.67
flow_0.381,car,4,1,312644.22,0.0,57.0,1,73.11
flow_0.382,car,4,1,203796.44,0.0,5.0,1,20.77
flow_0.383,car,4,1,292259.89,0.0,41.0,1,56.74
flow_0.384,car,4,1,168288.77,0.0,0.0,0,11.27
flow_0.385,car,4,1,247152.12,0.0,24.0,1,39.82
flow_0.386,car,4,1,172501.5,0.0,0.0,0,10.61
flow_0.387,car,4,1,212801.28,0.0,7.0,1,21.58
flow_0.388,car,4,1,282017.74,0.0,42.0,1,56.42
flow_0.389,car,4,1,168590.49,0.0,0.0,0,10.31
flow_0.390,car,4,1,249719.63,0.0,24.0,1,40.07
flow_0.391,car,4,1,334096.08,0.0,58.0,1,75.98
flow_0.392,car,4,1,202876.63,0.0,3.0,1,20.38
flow_0.393,car,4,1,291738.24,0.0,42.0,1,56.62
flow_0.394,car,4,1,169774.64,0.0,0.0,0,11.34
flow_0.395,car,4,1,248387.93,0.0,24.0,1,39.15
flow_0.396,car,4,1,331472.25,0.0,60.0,1,75.71
flow_0.397,car,4,1,202268.21,0.0,6.0,1,19.88
flow_0.398,car,4,1,279531.25,0.0,38.0,1,56.94
flow_0.399,car,4,1,160765.6,0.0,0.0,0,11.39
flow_0.400,car,4,1,243191.19,0.0,25.0,1,39.62
flow_0.401,car,4,1,333618.25,0.0,58.0,1,75.81
flow_0.402,car,4,1,201136.69,0.0,4.0,1,21.38
flow_0.403,car,4,1,285213.18,0.0,40.0,1,55.81
flow_0.404,car,4,1,161909.97,0.0,0.0,0,11.86
flow_0.405,car,4,1,252436.95,0.0,23.0,1,38.86
flow_0.406,car,4,1,330908.93,0.0,59.0,1,75.2
flow_0.407,car,4,1,203846.63,0.0,6.0,1,21.96
flow_0.408,car,4,1,296008.8,0.0,42.0,1,57.78
flow_0.409,car,4,1,171050.38,0.0,0.0,0,11.38
flow_0.410,car,4,1,249946.66,0.0,23.0,1,39.35
flow_0.411,car,4,1,322340.7,0.0,59.0,1,73.7
flow_0.412,car,4,1,201981.4,0.0,6.0,1,21.29
flow_0.413,car,4,1,279208.38,0.0,39.0,1,56.64
flow_0.414,car,4,1,169558.89,0.0,0.0,0,11.04
flow_0.415,car,4,1,246661.6,0.0,22.0,1,39.21
flow_0.416,car,4,1,311026.13,0.0,56.0,1,71.96
flow_0.417,car,4,1,210157.72,0.0,5.0,1,22.08
flow_0.418,car,4,1,285770.86,0.0,40.0,1,56.59
flow_0.419,car,4,1,171610.12,0.0,0.0,0,12.04
flow_0.420,car,4,1,252635.49,0.0,25.0,1,39.24
flow_0.421,car,4,1,159700.45,0.0,0.0,0,9.05
flow_0.422,car,4,1,178495.84,0.0,0.0,0,16.41
flow_0.423,car,4,1,293070.43,0.0,41.0,1,57.01
flow_0.424,car,4,1,171753.8,0.0,0.0,0,11.83
flow_0.425,car,4,1,214459.53,0.0,18.0,1,31.96
flow_0.426,car,4,1,329904.89,0.0,58.0,1,74.84
flow_0.427,car,4,1,193625.35,0.0,2.0,1,18.55
flow_0.428,car,4,1,288750.74,0.0,40.0,1,57.58
flow_0.429,car,4,1,163582.83,0.0,0.0,0,9.9
flow_0.430,car,4,1,240784.8,0.0,20.0,1,37.06
flow_0.431,car,4,1,312344.09,0.0,57.0,1,72.02
flow_0.432,car,4,1,197941.2,0.0,2.0,1,18.83
flow_0.433,car,4,1,285995.61,0.0,40.0,1,56.94
flow_0.434,car,4,1,164358.99,0.0,0.0,0,9.46
flow_0.435,car,4,1,237192.9,0.0,24.0,1,38.99
flow_0.436,car,4,1,328000.38,0.0,59.0,1,74.22
flow_0.437,car,4,1,205889.1,0.0,4.0,1,20.58
flow_0.438,car,4,1,284772.48,0.0,42.0,1,57.46
flow_0.439,car,4,1,162034.01,0.0,0.0,0,10.17
flow_0.440,car,4,1,245005.21,0.0,23.0,1,39.42
flow_0.441,car,4,1,174893.63,0.0,0.0,0,10.79
flow_0.442,car,4,1,181864.09,0.0,0.0,0,17.87
flow_0.443,car,4,1,290801.53,0.0,42.0,1,56.09
flow_0.444,car,4,1,164686.42,0.0,0.0,0,11.78
flow_0.445,car,4,1,226566.98,0.0,22.0,1,36.03
flow_0.446,car,4,1,313697.24,0.0,56.0,1,71.67
flow_0.447,car,4,1,206001.98,0.0,3.0,1,21.51
flow_0.448,car,4,1,293439.64,0.0,43.0,1,58.0
flow_0.449,car,4,1,158601.1,0.0,0.0,0,10.35
flow_0.450,car,4,1,210964.75,0.0,18.0,1,31.46
flow_0.451,car,4,1,317418.64,0.0,58.0,1,73.24
flow_0.452,car,4,1,206386.83,0.0,5.0,1,21.34
flow_0.453,car,4,1,291245.21,0.0,41.0,1,57.39
flow_0.454,car,4,1,167521.82,0.0,0.0,0,9.62
flow_0.455,car,4,1,248220.4,0.0,24.0,1,40.35
flow_0.456,car,4,1,329663.42,0.0,57.0,1,75.44
flow_0.457,car,4,1,207475.26,0.0,4.0,1,20.48
flow_0.458,car,4,1,291214.31,0.0,41.0,1,57.31
flow_0.459,car,4,1,162991.75,0.0,0.0,0,11.15
flow_0.460,car,4,1,241749.93,0.0,25.0,1,39.39
flow_0.461,car,4,1,324317.98,0.0,58.0,1,73.18
flow_0.462,car,4,1,207082.87,0.0,6.0,1,21.62
flow_0.463,car,4,1,288105.77,0.0,42.0,1,57.77
flow_0.464,car,4,1,167138.59,0.0,0.0,0,11.01
flow_0.465,car,4,1,240995.91,0.0,23.0,1,37.27
flow_0.466,car,4,1,332422.03,0.0,57.0,1,74.55
flow_0.467,car,4,1,205988.73,0.0,3.0,1,21.08
flow_0.468,car,4,1,270057.85,0.0,39.0,1,54.09
flow_0.469,car,4,1,157183.39,0.0,0.0,0,12.16
flow_0.470,car,4,1,244473.95,0.0,22.0,1,39.09
flow_0.471,car,4,1,335640.27,0.0,58.0,1,75.03
flow_0.472,car,4,1,208283.98,0.0,4.0,1,21.32
flow_0.473,car,4,1,288268.38,0.0,42.0,1,57.16
flow_0.474,car,4,1,170422.66,0.0,0.0,0,10.44
flow_0.475,car,4,1,249790.39,0.0,25.0,1,40.04
flow_0.476,car,4,1,341072.12,0.0,61.0,1,75.45
flow_0.477,car,4,1,206567.47,0.0,5.0,1,20.81
flow_0.478,car,4,1,288907.57,0.0,43.0,1,57.61
flow_0.479,car,4,1,168172.13,0.0,0.0,0,11.99
flow_0.480,car,4,1,250314.2,0.0,22.0,1,39.47
flow_0.481,car,4,1,324671.57,0.0,58.0,1,74.53
flow_0.482,car,4,1,206783.37,0.0,4.0,1,21.17
flow_0.483,car,4,1,294751.84,0.0,40.0,1,57.2
flow_0.484,car,4,1,172435.53,0.0,0.0,0,10.22
flow_0.485,car,4,1,227685.13,0.0,19.0,1,34.47
flow_0.486,car,4,1,168240.01,0.0,0.0,0,9.88
flow_0.487,car,4,1,198028.81,0.0,3.0,1,19.67
flow_0.488,car,4,1,291071.21,0.0,41.0,1,57.71
flow_0.489,car,4,1,170080.81,0.0,0.0,0,10.11
flow_0.490,car,4,1,245130.37,0.0,22.0,1,38.67
flow_0.491,car,4,1,316454.38,0.0,58.0,1,73.33
flow_0.492,car,4,1,194878.3,0.0,4.0,1,19.67
flow_0.493,car,4,1,286599.02,0.0,41.0,1,56.37
flow_0.494,car,4,1,166607.08,0.0,0.0,0,10.92
flow_0.495,car,4,1,249758.98,0.0,21.0,1,39.26
flow_0.496,car,4,1,332551.56,0.0,58.0,1,75.41
flow_0.497,car,4,1,160710.72,0.0,0.0,0,11.1
flow_0.498,car,4,1,294338.76,0.0,42.0,1,57.51
flow_0.499,car,4,1,171828.19,0.0,0.0,0,11.13
flow_0.500,car,4,1,251058.22,0.0,23.0,1,39.13
flow_0.501,car,4,1,331466.99,0.0,59.0,1,75.04
flow_0.502,car,4,1,208387.41,0.0,5.0,1,22.12
flow_0.503,car,4,1,285580.99,0.0,42.0,1,57.37
flow_0.504,car,4,1,171896.55,0.0,0.0,0,11.78
flow_0.505,car,4,1,230325.53,0.0,20.0,1,37.14
flow_0.506,car,4,1,319174.69,0.0,57.0,1,73.1
flow_0.507,car,4,1,209883.15,0.0,5.0,1,21.12
flow_0.508,car,4,1,292214.04,0.0,40.0,1,57.55
flow_0.509,car,4,1,174571.3,0.0,0.0,0,10.94
flow_0.510,car,4,1,246849.79,0.0,23.0,1,39.6
flow_0.511,car,4,1,308412.19,0.0,57.0,1,72.06
flow_0.512,car,4,1,206313.76,0.0,4.0,1,21.07
flow_0.513,car,4,1,286881.21,0.0,41.0,1,56.24
flow_0.514,car,4,1,171813.28,0.0,0.0,0,10.45
flow_0.515,car,4,1,256904.57,0.0,23.0,1,38.66
flow_0.516,car,4,1,328486.15,0.0,59.0,1,74.9
flow_0.517,car,4,1,210764.79,0.0,5.0,1,21.8
flow_0.518,car,4,1,286364.19,0.0,40.0,1,57.4
flow_0.519,car,4,1,162794.09,0.0,0.0,0,9.5
flow_0.520,car,4,1,247542.27,0.0,25.0,1,38.96
flow_0.521,car,4,1,323338.92,0.0,55.0,1,74.39
flow_0.522,car,4,1,202145.88,0.0,5.0,1,20.98
flow_0.523,car,4,1,294700.5,0.0,40.0,1,57.02
flow_0.524,car,4,1,157442.55,0.0,0.0,0,10.25
flow_0.525,car,4,1,236915.08,0.0,21.0,1,37.59
flow_0.526,car,4,1,302930.75,0.0,55.0,1,70.62
flow_0.527,car,4,1,196544.51,0.0,3.0,1,19.35
flow_0.528,car,4,1,292771.57,0.0,42.0,1,57.65
flow_0.529,car,4,1,166623.57,0.0,0.0,0,11.2
flow_0.530,car,4,1,248967.78,0.0,25.0,1,39.58
flow_0.531,car,4,1,333932.06,0.0,58.0,1,75.46
flow_0.532,car,4,1,193663.28,0.0,2.0,1,18.08
flow_0.533,car,4,1,289560.73,0.0,39.0,1,57.86
flow_0.534,car,4,1,174614.46,0.0,0.0,0,12.09
flow_0.535,car,4,1,242254.05,0.0,21.0,1,38.38
flow_0.536,car,4,1,331009.96,0.0,60.0,1,75.74
flow_0.537,car,4,1,203013.37,0.0,4.0,1,21.33
flow_0.538,car,4,1,289474.98,0.0,39.0,1,55.69
flow_0.539,car,4,1,165748.51,0.0,0.0,0,12.05
flow_0.540,car,4,1,229599.76,0.0,19.0,1,34.84
flow_0.541,car,4,1,179377.78,0.0,0.0,0,10.48
flow_0.542,car,4,1,183208.16,0.0,2.0,1,16.46
flow_0.543,car,4,1,272874.6,0.0,38.0,1,53.97
flow_0.544,car,4,1,169928.88,0.0,0.0,0,10.52
flow_0.545,car,4,1,249854.05,0.0,23.0,1,39.56
flow_0.546,car,4,1,325737.57,0.0,58.0,1,74.6
flow_0.547,car,4,1,207553.67,0.0,6.0,1,21.22
flow_0.548,car,4,1,278028.02,0.0,38.0,1,54.16
flow_0.549,car,4,1,168999.15,0.0,0.0,0,11.06
flow_0.550,car,4,1,238347.51,0.0,22.0,1,37.96
flow_0.551,car,4,1,329461.91,0.0,59.0,1,75.86
flow_0.552,car,4,1,182239.29,0.0,2.0,1,16.48
flow_0.553,car,4,1,288950.8,0.0,40.0,1,57.24
flow_0.554,car,4,1,165757.67,0.0,0.0,0,12.0
flow_0.555,car,4,1,244978.32,0.0,23.0,1,39.06
flow_0.556,car,4,1,309186.05,0.0,56.0,1,71.68
flow_0.557,car,4,1,189062.08,0.0,2.0,1,17.86
flow_0.558,car,4,1,287433.04,0.0,42.0,1,57.48
flow_0.559,car,4,1,166909.27,0.0,0.0,0,11.72
flow_0.560,car,4,1,251259.8,0.0,24.0,1,39.03
flow_0.561,car,4,1,314779.27,0.0,59.0,1,73.83
flow_0.562,car,4,1,188453.49,0.0,3.0,1,18.18
flow_0.563,car,4,1,281823.34,0.0,39.0,1,56.87
flow_0.564,car,4,1,177034.46,0.0,0.0,0,10.63
flow_0.565,car,4,1,246599.33,0.0,22.0,1,38.11
flow_0.566,car,4,1,332361.62,0.0,59.0,1,75.23
flow_0.567,car,4,1,195803.13,0.0,3.0,1,20.19
flow_0.568,car,4,1,284101.28,0.0,41.0,1,56.39
flow_0.569,car,4,1,169764.19,0.0,0.0,0,11.54
flow_0.570,car,4,1,239984.62,0.0,22.0,1,37.88
flow_0.571,car,4,1,331675.94,0.0,60.0,1,75.63
flow_0.572,car,4,1,209102.82,0.0,5.0,1,21.74
flow_0.573,car,4,1,292443.03,0.0,40.0,1,56.78
flow_0.574,car,4,1,172493.44,0.0,0.0,0,11.21
flow_0.575,car,4,1,246146.99,0.0,23.0,1,39.3
flow_0.576,car,4,1,318511.69,0.0,57.0,1,74.05
flow_0.577,car,4,1,191900.58,0.0,3.0,1,20.28
flow_0.578,car,4,1,286745.46,0.0,40.0,1,57.52
flow_0.579,car,4,1,166065.06,0.0,0.0,0,11.6
flow_0.580,car,4,1,248205.93,0.0,24.0,1,39.35
flow_0.581,car,4,1,331929.51,0.0,60.0,1,75.97
flow_0.582,car,4,1,201231.7,0.0,5.0,1,21.39
flow_0.583,car,4,1,290280.94,0.0,41.0,1,57.73
flow_0.584,car,4,1,173888.29,0.0,0.0,0,11.02
flow_0.585,car,4,1,237679.62,0.0,21.0,1,37.59
flow_0.586,car,4,1,332416.67,0.0,59.0,1,75.17
flow_0.587,car,4,1,190131.25,0.0,3.0,1,17.62
flow_0.588,car,4,1,293175.23,0.0,41.0,1,57.94
flow_0.589,car,4,1,169483.34,0.0,0.0,0,10.86
flow_0.590,car,4,1,245984.54,0.0,22.0,1,39.36
flow_0.591,car,4,1,332517.86,0.0,58.0,1,75.06
flow_0.592,car,4,1,193738.5,0.0,2.0,1,18.51
flow_0.593,car,4,1,277151.52,0.0,39.0,1,54.66
flow_0.594,car,4,1,171640.27,0.0,0.0,0,10.73
flow_0.595,car,4,1,234823.02,0.0,23.0,1,37.76
flow_0.596,car,4,1,327634.17,0.0,59.0,1,73.29
flow_0.597,car,4,1,208130.13,0.0,6.0,1,21.27
flow_0.598,car,4,1,289848.66,0.0,40.0,1,58.11
flow_0.599,car,4,1,168983.07,0.0,0.0,0,9.91
flow_1.0,bus,4,1,386936.73,0.0,8.0,1,37.96
flow_1.1,bus,4,1,387727.39,0.0,12.0,4,41.08
flow_1.2,bus,4,1,388955.85,0.0,9.0,3,39.87
flow_1.3,bus,4,1,382768.1,0.0,8.0,2,38.17
flow_1.4,bus,4,1,381155.77,0.0,11.0,3,39.56
flow_1.5,bus,4,1,396072.08,0.0,11.0,1,39.51
flow_1.6,bus,4,1,389630.21,0.0,11.0,2,37.39
flow_1.7,bus,4,1,376664.38,0.0,10.0,1,38.6
flow_1.8,bus,4,1,385097.94,0.0,11.0,2,36.99
flow_1.9,bus,4,1,391915.01,0.0,11.0,2,40.37
flow_1.10,bus,4,1,385536.55,0.0,12.0,2,40.5
flow_1.11,bus,4,1,383592.59,0.0,9.0,2,38.17
flow_0.0,car,5,1,242224.95,0.0,23.0,1,38.91
flow_0.1,car,5,1,227142.89,0.14,9.0,1,26.0
flow_0.2,car,5,1,188132.1,0.28,0.0,0,11.52
flow_0.3,car,5,1,174590.23,0.42,0.0,0,9.91
flow_0.4,car,5,1,310227.68,0.56,55.0,1,71.94
flow_0.5,car,5,1,306882.63,0.7,48.0,1,64.68
flow_0.6,car,5,1,254484.72,0.84,32.0,1,47.67
flow_0.7,car,5,1,232343.5,0.98,20.0,1,36.61
flow_0.8,car,5,1,193390.53,0.12,7.0,1,22.08
flow_0.9,car,5,1,175342.89,0.26,0.0,0,11.95
flow_0.10,car,5,1,163350.65,0.4,0.0,0,10.55
flow_0.11,car,5,1,170339.21,0.54,0.0,0,11.61
flow_0.12,car,5,1,309736.55,0.68,48.0,1,64.17
flow_0.13,car,5,1,275422.91,0.82,34.0,1,51.25
flow_0.14,car,5,1,239118.21,0.96,22.0,1,36.81
flow_0.15,car,5,1,197071.51,0.1,8.0,1,22.96
flow_0.16,car,5,1,166119.62,0.24,0.0,0,11.45
flow_0.17,car,5,1,166266.62,0.38,0.0,0,11.89
flow_0.18,car,5,1,171379.65,0.52,0.0,0,10.82
flow_0.19,car,5,1,311784.49,0.66,48.0,1,64.79
flow_0.20,car,5,1,272360.81,0.8,35.0,1,51.56
flow_0.21,car,5,1,245245.97,0.94,22.0,1,37.79
flow_0.22,car,5,1,198184.95,0.08,7.0,1,23.17
flow_0.23,car,5,1,158948.67,0.22,0.0,0,11.36
flow_0.24,car,5,1,159644.15,0.36,0.0,0,10.67
flow_0.25,car,5,1,322912.81,0.5,58.0,1,74.82
flow_0.26,car,5,1,296805.36,0.64,46.0,1,63.47
flow_0.27,car,5,1,275701.64,0.78,35.0,1,52.41
flow_0.28,car,5,1,235598.49,0.92,19.0,1,35.41
flow_0.29,car,5,1,214199.07,0.06,9.0,1,26.46
flow_0.30,car,5,1,172340.96,0.2,0.0,0,11.56
flow_0.31,car,5,1,174272.4,0.34,0.0,0,11.97
flow_0.32,car,5,1,163059.85,0.48,0.0,0,9.24
flow_0.33,car,5,1,301455.23,0.62,50.0,1,64.39
flow_0.34,car,5,1,274263.17,0.76,34.0,1,50.78
flow_0.35,car,5,1,245151.59,0.9,21.0,1,36.98
flow_0.36,car,5,1,218903.37,0.04,9.0,1,26.05
flow_0.37,car,5,1,178576.24,0.18,0.0,0,11.07
flow_0.38,car,5,1,172525.81,0.32,0.0,0,10.37
flow_0.39,car,5,1,328823.37,0.46,59.0,1,76.33
flow_0.40,car,5,1,310981.98,0.6,48.0,1,64.02
flow_0.41,car,5,1,273879.85,0.74,35.0,1,51.76
flow_0.42,car,5,1,244820.9,0.88,23.0,1,38.04
flow_0.43,car,5,1,214214.21,0.02,11.0,1,26.4
flow_0.44,car,5,1,189628.36,0.16,0.0,0,11.99
flow_0.45,car,5,1,173902.32,0.3,0.0,0,11.93
flow_0.46,car,5,1,318349.23,0.44,57.0,1,73.92
flow_0.47,car,5,1,282214.26,0.58,47.0,1,60.72
flow_0.48,car,5,1,251545.94,0.72,31.0,1,47.3
flow_0.49,car,5,1,251337.65,0.86,22.0,1,38.69
flow_0.50,car,5,1,218707.15,0.0,10.0,1,26.37
flow_0.51,car,5,1,183962.97,0.14,0.0,0,11.68
flow_0.52,car,5,1,176147.14,0.28,0.0,0,11.88
flow_0.53,car,5,1,170328.69,0.42,0.0,0,10.82
flow_0.54,car,5,1,286694.67,0.56,47.0,1,61.18
flow_0.55,car,5,1,275358.5,0.7,36.0,1,51.28
flow_0.56,car,5,1,245704.53,0.84,22.0,1,38.29
flow_0.57,car,5,1,207654.32,0.98,8.0,1,24.63
flow_0.58,car,5,1,181064.44,0.12,0.0,0,11.2
flow_0.59,car,5,1,176244.65,0.26,0.0,0,11.7
flow_0.60,car,5,1,172441.83,0.4,0.0,0,10.69
flow_0.61,car,5,1,303162.65,0.54,46.0,1,63.9
flow_0.62,car,5,1,259759.7,0.68,32.0,1,49.48
flow_0.63,car,5,1,228136.97,0.82,20.0,1,34.79
flow_0.64,car,5,1,197654.12,0.96,6.0,1,21.85
flow_0.65,car,5,1,163600.49,0.1,0.0,0,11.6
flow_0.66,car,5,1,159813.53,0.24,0.0,0,10.36
flow_0.67,car,5,1,175150.87,0.38,0.0,0,10.98
flow_0.68,car,5,1,311996.13,0.52,48.0,1,64.28
flow_0.69,car,5,1,269373.08,0.66,33.0,1,51.34
flow_0.70,car,5,1,233119.86,0.8,21.0,1,36.91
flow_0.71,car,5,1,216581.22,0.94,9.0,1,24.24
flow_0.72,car,5,1,171949.33,0.08,0.0,0,12.22
flow_0.73,car,5,1,167795.87,0.22,0.0,0,11.18
flow_0.74,car,5,1,163789.29,0.36,0.0,0,11.1
flow_0.75,car,5,1,304751.59,0.5,47.0,1,64.39
flow_0.76,car,5,1,281718.73,0.64,34.0,1,51.88
flow_0.77,car,5,1,252896.0,0.78,24.0,1,38.99
flow_0.78,car,5,1,220636.23,0.92,9.0,1,25.5
flow_0.79,car,5,1,181834.6,0.06,0.0,0,10.67
flow_0.80,car,5,1,170092.63,0.2,0.0,0,10.18
flow_0.81,car,5,1,169963.41,0.34,0.0,0,9.58
flow_0.82,car,5,1,305387.92,0.48,48.0,1,63.69
flow_0.83,car,5,1,274815.99,0.62,35.0,1,51.33
flow_0.84,car,5,1,251883.72,0.76,23.0,1,38.43
flow_0.85,car,5,1,217545.79,0.9,9.0,1,24.94
flow_0.86,car,5,1,180139.14,0.04,0.0,0,12.25
flow_0.87,car,5,1,177442.16,0.18,0.0,0,11.58
flow_0.88,car,5,1,322842.73,0.32,57.0,1,74.01
flow_0.89,car,5,1,280567.36,0.46,42.0,1,59.38
flow_0.90,car,5,1,261809.88,0.6,33.0,1,49.2
flow_0.91,car,5,1,247135.2,0.74,21.0,1,38.66
flow_0.92,car,5,1,219520.08,0.88,9.0,1,25.15
flow_0.93,car,5,1,176563.29,0.02,0.0,0,12.67
flow_0.94,car,5,1,166951.44,0.16,0.0,0,10.79
flow_0.95,car,5,1,163462.03,0.3,0.0,0,10.62
flow_0.96,car,5,1,315011.29,0.44,49.0,1,64.26
flow_0.97,car,5,1,281817.63,0.58,36.0,1,51.65
flow_0.98,car,5,1,239591.72,0.72,21.0,1,37.11
flow_0.99,car,5,1,206227.2,0.86,7.0,1,24.78
flow_0.100,car,5,1,163294.44,0.0,0.0,0,11.61
flow_0.101,car,5,1,170811.45,0.14,0.0,0,10.78
flow_0.102,car,5,1,164097.8,0.28,0.0,0,10.26
flow_0.103,car,5,1,300701.75,0.42,47.0,1,64.93
flow_0.104,car,5,1,275251.62,0.56,34.0,1,51.56
flow_0.105,car,5,1,253679.77,0.7,21.0,1,38.95
flow_0.106,car,5,1,212628.42,0.84,7.0,1,23.7
flow_0.107,car,5,1,168679.9,0.98,0.0,0,11.89
flow_0.108,car,5,1,166365.32,0.12,0.0,0,10.96
flow_0.109,car,5,1,177815.8,0.26,0.0,0,10.57
flow_0.110,car,5,1,311969.17,0.4,48.0,1,63.75
flow_0.111,car,5,1,279376.59,0.54,35.0,1,51.32
flow_0.112,car,5,1,255979.74,0.68,23.0,1,39.39
flow_0.113,car,5,1,215648.1,0.82,9.0,1,24.81
flow_0.114,car,5,1,172779.66,0.96,0.0,0,11.93
flow_0.115,car,5,1,165313.34,0.1,0.0,0,11.04
flow_0.116,car,5,1,169348.19,0.24,0.0,0,11.17
flow_0.117,car,5,1,306472.53,0.38,50.0,1,64.87
flow_0.118,car,5,1,272561.44,0.52,37.0,1,51.73
flow_0.119,car,5,1,250279.34,0.66,22.0,1,37.91
flow_0.120,car,5,1,216763.48,0.8,9.0,1,25.26
flow_0.121,car,5,1,170677.83,0.94,0.0,0,10.05
flow_0.122,car,5,1,174058.65,0.08,0.0,0,11.51
flow_0.123,car,5,1,306696.4,0.22,56.0,1,71.24
flow_0.124,car,5,1,307958.65,0.36,48.0,1,64.79
flow_0.125,car,5,1,274902.49,0.5,34.0,1,50.61
flow_0.126,car,5,1,251561.57,0.64,22.0,1,38.3
flow_0.127,car,5,1,218108.59,0.78,8.0,1,24.99
flow_0.128,car,5,1,174614.7,0.92,0.0,0,12.54
flow_0.129,car,5,1,168952.22,0.06,0.0,0,11.41
flow_0.130,car,5,1,170304.77,0.2,0.0,0,9.27
flow_0.131,car,5,1,302380.44,0.34,48.0,1,64.04
flow_0.132,car,5,1,279651.73,0.48,35.0,1,50.65
flow_0.133,car,5,1,248009.84,0.62,22.0,1,39.03
flow_0.134,car,5,1,212663.75,0.76,10.0,1,25.29
flow_0.135,car,5,1,167672.96,0.9,0.0,0,9.97
flow_0.136,car,5,1,163323.83,0.04,0.0,0,9.95
flow_0.137,car,5,1,165207.98,0.18,0.0,0,9.77
flow_0.138,car,5,1,298369.36,0.32,48.0,1,62.16
flow_0.139,car,5,1,280494.21,0.46,36.0,1,50.64
flow_0.140,car,5,1,209493.52,0.6,15.0,1,29.79
flow_0.141,car,5,1,218647.12,0.74,10.0,1,25.64
flow_0.142,car,5,1,165301.88,0.88,0.0,0,10.91
flow_0.143,car,5,1,179601.96,0.02,0.0,0,11.58
flow_0.144,car,5,1,168423.93,0.16,0.0,0,11.13
flow_0.145,car,5,1,309827.92,0.3,48.0,1,65.03
flow_0.146,car,5,1,276450.95,0.44,33.0,1,50.22
flow_0.147,car,5,1,255567.9,0.58,23.0,1,39.38
flow_0.148,car,5,1,220756.72,0.72,9.0,1,25.81
flow_0.149,car,5,1,169136.23,0.86,0.0,0,12.11
flow_0.150,car,5,1,164172.8,0.0,0.0,0,10.55
flow_0.151,car,5,1,163736.63,0.14,0.0,0,11.24
flow_0.152,car,5,1,310749.52,0.28,50.0,1,65.42
flow_0.153,car,5,1,260428.89,0.42,34.0,1,49.68
flow_0.154,car,5,1,248504.11,0.56,23.0,1,39.22
flow_0.155,car,5,1,198822.82,0.7,6.0,1,21.75
flow_0.156,car,5,1,166669.15,0.84,0.0,0,11.12
flow_0.157,car,5,1,172403.9,0.98,0.0,0,11.6
flow_0.158,car,5,1,165648.71,0.12,0.0,0,10.84
flow_0.159,car,5,1,304803.86,0.26,48.0,1,64.55
flow_0.160,car,5,1,267607.22,0.4,32.0,1,48.27
flow_0.161,car,5,1,243488.21,0.54,22.0,1,37.64
flow_0.162,car,5,1,216832.29,0.68,10.0,1,25.87
flow_0.163,car,5,1,167264.91,0.82,0.0,0,11.09
flow_0.164,car,5,1,164708.86,0.96,0.0,0,10.58
flow_0.165,car,5,1,169426.98,0.1,0.0,0,10.82
flow_0.166,car,5,1,289365.53,0.24,45.0,1,61.99
flow_0.167,car,5,1,260560.6,0.38,33.0,1,48.4
flow_0.168,car,5,1,247302.77,0.52,23.0,1,38.38
flow_0.169,car,5,1,206229.68,0.66,9.0,1,23.29
flow_0.170,car,5,1,162882.6,0.8,0.0,0,11.01
flow_0.171,car,5,1,166202.86,0.94,0.0,0,10.82
flow_0.172,car,5,1,173976.65,0.08,0.0,0,10.18
flow_0.173,car,5,1,310378.21,0.22,48.0,1,64.81
flow_0.174,car,5,1,282662.02,0.36,36.0,1,51.51
flow_0.175,car,5,1,244414.32,0.5,22.0,1,39.28
flow_0.176,car,5,1,216951.41,0.64,8.0,1,25.47
flow_0.177,car,5,1,172255.42,0.78,0.0,0,12.75
flow_0.178,car,5,1,165855.38,0.92,0.0,0,10.23
flow_0.179,car,5,1,326537.36,0.06,58.0,1,75.74
flow_0.180,car,5,1,295889.63,0.2,46.0,1,62.25
flow_0.181,car,5,1,282082.37,0.34,37.0,1,51.44
flow_0.182,car,5,1,226067.55,0.48,19.0,1,35.82
flow_0.183,car,5,1,213303.73,0.62,9.0,1,25.18
flow_0.184,car,5,1,168173.1,0.76,0.0,0,10.56
flow_0.185,car,5,1,169788.21,0.9,0.0,0,11.88
flow_0.186,car,5,1,327221.4,0.04,58.0,1,75.34
flow_0.187,car,5,1,305855.19,0.18,48.0,1,64.8
flow_0.188,car,5,1,281990.66,0.32,35.0,1,51.47
flow_0.189,car,5,1,225098.66,0.46,18.0,1,32.42
flow_0.190,car,5,1,220105.58,0.6,10.0,1,25.41
flow_0.191,car,5,1,165427.69,0.74,0.0,0,10.43
flow_0.192,car,5,1,170146.35,0.88,0.0,0,11.51
flow_0.193,car,5,1,304820.88,0.02,57.0,1,71.7
flow_0.194,car,5,1,294639.45,0.16,46.0,1,63.01
flow_0.195,car,5,1,249391.81,0.3,31.0,1,48.17
flow_0.196,car,5,1,244648.18,0.44,20.0,1,38.3
flow_0.197,car,5,1,216894.99,0.58,7.0,1,24.56
flow_0.198,car,5,1,164450.13,0.72,0.0,0,11.23
flow_0.199,car,5,1,168057.21,0.86,0.0,0,10.86
flow_0.200,car,5,1,178060.83,0.0,0.0,0,11.39
flow_0.201,car,5,1,302916.72,0.14,47.0,1,64.05
flow_0.202,car,5,1,276937.38,0.28,33.0,1,49.94
flow_0.203,car,5,1,242811.43,0.42,22.0,1,37.9
flow_0.204,car,5,1,222053.33,0.56,10.0,1,25.74
flow_0.205,car,5,1,168748.02,0.7,0.0,0,11.95
flow_0.206,car,5,1,161365.36,0.84,0.0,0,11.77
flow_0.207,car,5,1,167657.73,0.98,0.0,0,10.21
flow_0.208,car,5,1,284756.05,0.12,44.0,1,59.04
flow_0.209,car,5,1,283480.77,0.26,36.0,1,51.21
flow_0.210,car,5,1,242784.44,0.4,22.0,1,37.54
flow_0.211,car,5,1,215931.14,0.54,10.0,1,25.41
flow_0.212,car,5,1,170944.21,0.68,0.0,0,10.48
flow_0.213,car,5,1,171632.65,0.82,0.0,0,11.48
flow_0.214,car,5,1,161719.21,0.96,0.0,0,9.91
flow_0.215,car,5,1,311678.26,0.1,49.0,1,65.37
flow_0.216,car,5,1,246298.34,0.24,28.0,1,46.27
flow_0.217,car,5,1,243760.93,0.38,22.0,1,38.95
flow_0.218,car,5,1,219171.59,0.52,9.0,1,25.06
flow_0.219,car,5,1,174313.46,0.66,0.0,0,11.56
flow_0.220,car,5,1,164793.52,0.8,0.0,0,9.97
flow_0.221,car,5,1,163352.41,0.94,0.0,0,9.84
flow_0.222,car,5,1,303936.13,0.08,49.0,1,64.87
flow_0.223,car,5,1,277731.62,0.22,34.0,1,50.88
flow_0.224,car,5,1,246652.53,0.36,23.0,1,39.29
flow_0.225,car,5,1,214315.15,0.5,9.0,1,25.43
flow_0.226,car,5,1,166983.26,0.64,0.0,0,10.34
flow_0.227,car,5,1,159684.83,0.78,0.0,0,11.5
flow_0.228,car,5,1,161339.37,0.92,0.0,0,10.78
flow_0.229,car,5,1,307374.99,0.06,51.0,1,64.21
flow_0.230,car,5,1,255042.1,0.2,33.0,1,47.67
flow_0.231,car,5,1,242203.92,0.34,22.0,1,38.59
flow_0.232,car,5,1,211119.46,0.48,8.0,1,25.41
flow_0.233,car,5,1,167984.88,0.62,0.0,0,10.29
flow_0.234,car,5,1,174100.83,0.76,0.0,0,10.89
flow_0.235,car,5,1,320160.87,0.9,60.0,1,75.48
flow_0.236,car,5,1,307263.46,0.04,49.0,1,63.76
flow_0.237,car,5,1,280464.69,0.18,35.0,1,51.16
flow_0.238,car,5,1,242817.46,0.32,23.0,1,38.64
flow_0.239,car,5,1,208337.81,0.46,10.0,1,25.27
flow_0.240,car,5,1,170049.56,0.6,0.0,0,11.37
flow_0.241,car,5,1,165289.56,0.74,0.0,0,10.75
flow_0.242,car,5,1,335118.02,0.88,60.0,1,76.18
flow_0.243,car,5,1,291179.87,0.02,46.0,1,62.2
flow_0.244,car,5,1,257945.83,0.16,34.0,1,48.16
flow_0.245,car,5,1,249530.51,0.3,24.0,1,37.99
flow_0.246,car,5,1,211595.08,0.44,7.0,1,23.94
flow_0.247,car,5,1,163421.44,0.58,0.0,0,11.07
flow_0.248,car,5,1,155324.83,0.72,0.0,0,11.08
flow_0.249,car,5,1,329189.32,0.86,59.0,1,74.78
flow_0.250,car,5,1,301155.08,0.0,50.0,1,64.09
flow_0.251,car,5,1,274590.26,0.14,33.0,1,51.7
flow_0.252,car,5,1,214773.81,0.28,20.0,1,33.32
flow_0.253,car,5,1,179975.77,0.42,0.0,0,16.54
flow_0.254,car,5,1,180598.4,0.56,0.0,0,10.69
flow_0.255,car,5,1,176063.08,0.7,0.0,0,12.0
flow_0.256,car,5,1,165895.8,0.84,0.0,0,9.89
flow_0.257,car,5,1,303586.41,0.98,48.0,1,63.21
flow_0.258,car,5,1,266546.42,0.12,34.0,1,50.02
flow_0.259,car,5,1,242732.54,0.26,21.0,1,38.06
flow_0.260,car,5,1,206975.81,0.4,8.0,1,22.39
flow_0.261,car,5,1,168718.8,0.54,0.0,0,10.61
flow_0.262,car,5,1,171693.25,0.68,0.0,0,11.08
flow_0.263,car,5,1,314511.88,0.82,57.0,1,72.37
flow_0.264,car,5,1,302084.52,0.96,47.0,1,63.39
flow_0.265,car,5,1,269267.41,0.1,33.0,1,50.64
flow_0.266,car,5,1,222168.67,0.24,18.0,1,33.81
flow_0.267,car,5,1,216903.93,0.38,6.0,1,24.85
flow_0.268,car,5,1,164561.1,0.52,0.0,0,10.51
flow_0.269,car,5,1,163773.28,0.66,0.0,0,10.87
flow_0.270,car,5,1,329052.53,0.8,59.0,1,76.59
flow_0.271,car,5,1,296553.16,0.94,46.0,1,62.59
flow_0.272,car,5,1,265947.15,0.08,35.0,1,51.27
flow_0.273,car,5,1,250379.17,0.22,23.0,1,38.91
flow_0.274,car,5,1,203771.93,0.36,7.0,1,23.49
flow_0.275,car,5,1,167267.41,0.5,0.0,0,11.0
flow_0.276,car,5,1,158605.51,0.64,0.0,0,11.17
flow_0.277,car,5,1,334767.66,0.78,57.0,1,75.93
flow_0.278,car,5,1,293890.61,0.92,44.0,1,61.98
flow_0.279,car,5,1,254771.64,0.06,32.0,1,48.9
flow_0.280,car,5,1,248716.33,0.2,21.0,1,38.09
flow_0.281,car,5,1,218161.72,0.34,11.0,1,26.05
flow_0.282,car,5,1,172018.27,0.48,0.0,0,11.88
flow_0.283,car,5,1,168860.23,0.62,0.0,0,11.45
flow_0.284,car,5,1,329244.94,0.76,60.0,1,76.13
flow_0.285,car,5,1,304850.77,0.9,48.0,1,64.25
flow_0.286,car,5,1,277988.99,0.04,36.0,1,51.52
flow_0.287,car,5,1,243794.1,0.18,19.0,1,36.79
flow_0.288,car,5,1,213363.38,0.32,9.0,1,25.41
flow_0.289,car,5,1,172574.72,0.46,0.0,0,12.68
flow_0.290,car,5,1,167757.75,0.6,0.0,0,11.05
flow_0.291,car,5,1,167296.38,0.74,0.0,0,10.29
flow_0.292,car,5,1,301192.73,0.88,48.0,1,63.43
flow_0.293,car,5,1,264087.55,0.02,34.0,1,49.35
flow_0.294,car,5,1,243659.88,0.16,21.0,1,37.89
flow_0.295,car,5,1,214260.18,0.3,10.0,1,26.13
flow_0.296,car,5,1,173486.71,0.44,0.0,0,11.7
flow_0.297,car,5,1,172819.21,0.58,0.0,0,11.43
flow_0.298,car,5,1,334243.71,0.72,59.0,1,75.89
flow_0.299,car,5,1,304136.19,0.86,48.0,1,63.41
flow_0.300,car,5,1,275066.33,0.0,36.0,1,51.24
flow_0.301,car,5,1,237440.66,0.14,19.0,1,35.41
flow_0.302,car,5,1,211044.67,0.28,9.0,1,25.58
flow_0.303,car,5,1,169451.16,0.42,0.0,0,11.3
flow_0.304,car,5,1,168250.76,0.56,0.0,0,10.86
flow_0.305,car,5,1,171106.73,0.7,0.0,0,10.87
flow_0.306,car,5,1,308221.77,0.84,47.0,1,63.03
flow_0.307,car,5,1,273122.15,0.98,36.0,1,50.37
flow_0.308,car,5,1,238413.21,0.12,22.0,1,37.84
flow_0.309,car,5,1,211683.76,0.26,10.0,1,25.24
flow_0.310,car,5,1,174070.0,0.4,0.0,0,10.79
flow_0.311,car,5,1,167661.43,0.54,0.0,0,9.88
flow_0.312,car,5,1,308738.5,0.68,55.0,1,72.85
flow_0.313,car,5,1,287309.67,0.82,45.0,1,59.25
flow_0.314,car,5,1,249625.85,0.96,30.0,1,44.4
flow_0.315,car,5,1,234245.35,0.1,20.0,1,37.08
flow_0.316,car,5,1,214715.25,0.24,9.0,1,24.96
flow_0.317,car,5,1,166489.92,0.38,0.0,0,11.21
flow_0.318,car,5,1,171546.4,0.52,0.0,0,10.96
flow_0.319,car,5,1,332604.87,0.66,58.0,1,75.71
flow_0.320,car,5,1,289135.38,0.8,46.0,1,60.98
flow_0.321,car,5,1,268826.08,0.94,35.0,1,48.54
flow_0.322,car,5,1,253229.75,0.08,23.0,1,38.78
flow_0.323,car,5,1,215690.12,0.22,7.0,1,24.81
flow_0.324,car,5,1,167978.83,0.36,0.0,0,12.32
flow_0.325,car,5,1,167249.53,0.5,0.0,0,9.56
flow_0.326,car,5,1,324278.42,0.64,58.0,1,72.86
flow_0.327,car,5,1,303287.27,0.78,48.0,1,63.62
flow_0.328,car,5,1,270252.25,0.92,34.0,1,50.9
flow_0.329,car,5,1,244511.36,0.06,22.0,1,37.78
flow_0.330,car,5,1,222574.09,0.2,9.0,1,25.18
flow_0.331,car,5,1,165405.22,0.34,0.0,0,11.41
flow_0.332,car,5,1,162948.8,0.48,0.0,0,10.29
flow_0.333,car,5,1,332962.99,0.62,59.0,1,76.25
flow_0.334,car,5,1,293816.11,0.76,44.0,1,61.88
flow_0.335,car,5,1,267049.14,0.9,34.0,1,50.32
flow_0.336,car,5,1,242376.26,0.04,23.0,1,38.19
flow_0.337,car,5,1,196014.13,0.18,6.0,1,20.1
flow_0.338,car,5,1,173081.54,0.32,0.0,0,10.44
flow_0.339,car,5,1,167735.19,0.46,0.0,0,10.51
flow_0.340,car,5,1,332802.82,0.6,59.0,1,76.78
flow_0.341,car,5,1,273672.79,0.74,42.0,1,57.21
flow_0.342,car,5,1,268099.19,0.88,34.0,1,49.32
flow_0.343,car,5,1,250417.4,0.02,23.0,1,38.37
flow_0.344,car,5,1,211752.01,0.16,9.0,1,24.64
flow_0.345,car,5,1,172272.08,0.3,0.0,0,11.06
flow_0.346,car,5,1,174612.77,0.44,0.0,0,10.61
flow_0.347,car,5,1,325507.54,0.58,60.0,1,74.53
flow_0.348,car,5,1,308334.69,0.72,50.0,1,63.94
flow_0.349,car,5,1,252443.5,0.86,29.0,1,46.54
flow_0.350,car,5,1,246841.34,0.0,21.0,1,38.66
flow_0.351,car,5,1,208706.02,0.14,8.0,1,24.17
flow_0.352,car,5,1,179363.18,0.28,0.0,0,10.72
flow_0.353,car,5,1,168749.11,0.42,0.0,0,11.51
flow_0.354,car,5,1,334101.02,0.56,59.0,1,76.07
flow_0.355,car,5,1,305029.64,0.7,50.0,1,63.2
flow_0.356,car,5,1,271849.54,0.84,34.0,1,50.82
flow_0.357,car,5,1,238973.42,0.98,19.0,1,36.92
flow_0.358,car,5,1,212307.11,0.12,8.0,1,25.89
flow_0.359,car,5,1,169768.66,0.26,0.0,0,12.89
flow_0.360,car,5,1,174015.23,0.4,0.0,0,11.91
flow_0.361,car,5,1,164605.14,0.54,0.0,0,10.59
flow_0.362,car,5,1,307748.25,0.68,47.0,1,63.49
flow_0.363,car,5,1,257076.06,0.82,30.0,1,47.71
flow_0.364,car,5,1,234043.13,0.96,19.0,1,35.9
flow_0.365,car,5,1,178948.14,0.1,4.0,1,18.79
flow_0.366,car,5,1,159081.72,0.24,0.0,0,11.04
flow_0.367,car,5,1,172838.96,0.38,0.0,0,10.08
flow_0.368,car,5,1,314476.72,0.52,58.0,1,74.91
flow_0.369,car,5,1,279906.9,0.66,44.0,1,59.04
flow_0.370,car,5,1,256479.13,0.8,30.0,1,45.83
flow_0.371,car,5,1,236478.19,0.94,19.0,1,36.41
flow_0.372,car,5,1,187400.39,0.08,5.0,1,20.19
flow_0.373,car,5,1,180623.3,0.22,0.0,0,10.84
flow_0.374,car,5,1,168968.28,0.36,0.0,0,12.31
flow_0.375,car,5,1,332794.26,0.5,59.0,1,75.95
flow_0.376,car,5,1,291403.19,0.64,43.0,1,59.86
flow_0.377,car,5,1,279985.81,0.78,36.0,1,51.13
flow_0.378,car,5,1,232207.37,0.92,19.0,1,34.05
flow_0.379,car,5,1,208128.37,0.06,9.0,1,24.99
flow_0.380,car,5,1,164721.54,0.2,0.0,0,10.26
flow_0.381,car,5,1,172152.26,0.34,0.0,0,10.97
flow_0.382,car,5,1,171744.15,0.48,0.0,0,10.94
flow_0.383,car,5,1,307326.11,0.62,46.0,1,63.55
flow_0.384,car,5,1,270941.96,0.76,35.0,1,50.39
flow_0.385,car,5,1,242174.21,0.9,22.0,1,37.18
flow_0.386,car,5,1,213444.22,0.04,11.0,1,25.45
flow_0.387,car,5,1,182103.97,0.18,0.0,0,10.35
flow_0.388,car,5,1,168278.43,0.32,0.0,0,12.05
flow_0.389,car,5,1,173779.86,0.46,0.0,0,10.78
flow_0.390,car,5,1,307758.27,0.6,47.0,1,63.51
flow_0.391,car,5,1,275041.62,0.74,33.0,1,49.68
flow_0.392,car,5,1,239695.8,0.88,21.0,1,36.87
flow_0.393,car,5,1,216750.37,0.02,9.0,1,25.31
flow_0.394,car,5,1,169664.39,0.16,0.0,0,11.12
flow_0.395,car,5,1,172240.38,0.3,0.0,0,10.46
flow_0.396,car,5,1,311757.09,0.44,57.0,1,71.99
flow_0.397,car,5,1,304162.46,0.58,47.0,1,62.17
flow_0.398,car,5,1,268675.72,0.72,34.0,1,50.44
flow_0.399,car,5,1,254789.52,0.86,23.0,1,37.57
flow_0.400,car,5,1,213574.78,0.0,10.0,1,24.96
flow_0.401,car,5,1,162468.68,0.14,0.0,0,11.8
flow_0.402,car,5,1,161058.94,0.28,0.0,0,10.67
flow_0.403,car,5,1,175902.47,0.42,0.0,0,10.41
flow_0.404,car,5,1,306151.73,0.56,46.0,1,63.25
flow_0.405,car,5,1,270371.9,0.7,35.0,1,50.41
flow_0.406,car,5,1,242630.13,0.84,21.0,1,37.29
flow_0.407,car,5,1,202476.03,0.98,7.0,1,21.91
flow_0.408,car,5,1,176558.53,0.12,0.0,0,10.14
flow_0.409,car,5,1,169698.61,0.26,0.0,0,12.23
flow_0.410,car,5,1,172481.89,0.4,0.0,0,10.35
flow_0.411,car,5,1,299172.01,0.54,47.0,1,64.27
flow_0.412,car,5,1,280551.79,0.68,35.0,1,50.72
flow_0.413,car,5,1,218060.82,0.82,16.0,1,33.29
flow_0.414,car,5,1,215445.81,0.96,7.0,1,24.54
flow_0.415,car,5,1,170495.22,0.1,0.0,0,11.54
flow_0.416,car,5,1,172155.88,0.24,0.0,0,10.9
flow_0.417,car,5,1,164298.9,0.38,0.0,0,10.2
flow_0.418,car,5,1,304574.17,0.52,49.0,1,63.85
flow_0.419,car,5,1,252135.06,0.66,30.0,1,44.76
flow_0.420,car,5,1,249369.88,0.8,22.0,1,37.96
flow_0.421,car,5,1,213814.91,0.94,8.0,1,23.76
flow_0.422,car,5,1,159159.3,0.08,0.0,0,10.79
flow_0.423,car,5,1,175465.42,0.22,0.0,0,11.31
flow_0.424,car,5,1,316449.53,0.36,57.0,1,72.64
flow_0.425,car,5,1,307170.5,0.5,47.0,1,63.2
flow_0.426,car,5,1,277057.38,0.64,33.0,1,49.87
flow_0.427,car,5,1,231571.28,0.78,19.0,1,34.87
flow_0.428,car,5,1,197081.29,0.92,4.0,1,20.64
flow_0.429,car,5,1,167262.78,0.06,0.0,0,11.54
flow_0.430,car,5,1,166440.2,0.2,0.0,0,11.25
flow_0.431,car,5,1,172111.6,0.34,0.0,0,10.85
flow_0.432,car,5,1,295765.8,0.48,44.0,1,61.53
flow_0.433,car,5,1,266258.63,0.62,33.0,1,49.85
flow_0.434,car,5,1,239357.98,0.76,21.0,1,37.98
flow_0.435,car,5,1,216273.19,0.9,11.0,1,24.56
flow_0.436,car,5,1,161041.69,0.04,0.0,0,10.75
flow_0.437,car,5,1,160858.48,0.18,0.0,0,10.31
flow_0.438,car,5,1,167673.79,0.32,0.0,0,10.65
flow_0.439,car,5,1,281825.9,0.46,44.0,1,60.18
flow_0.440,car,5,1,262715.6,0.6,32.0,1,49.16
flow_0.441,car,5,1,247824.53,0.74,22.0,1,37.12
flow_0.442,car,5,1,190547.79,0.88,5.0,1,20.12
flow_0.443,car,5,1,162201.86,0.02,0.0,0,11.23
flow_0.444,car,5,1,166082.18,0.16,0.0,0,10.45
flow_0.445,car,5,1,166795.64,0.3,0.0,0,10.19
flow_0.446,car,5,1,278047.22,0.44,41.0,1,56.75
flow_0.447,car,5,1,243895.8,0.58,27.0,1,43.92
flow_1.0,bus,5,1,386936.73,0.0,8.0,1,37.96
flow_1.1,bus,5,1,397554.38,0.0,10.0,2,41.08
flow_1.2,bus,5,1,388246.08,0.0,8.0,1,37.22
flow_1.3,bus,5,1,390953.12,0.0,7.0,1,37.77
flow_1.4,bus,5,1,377803.38,0.0,11.0,3,37.36
flow_1.5,bus,5,1,390848.97,0.0,12.0,1,38.0
flow_1.6,bus,5,1,388054.71,0.0,10.0,1,35.75
flow_1.7,bus,5,1,383568.8,0.0,13.0,3,42.39
flow_1.8,bus,5,1,394127.42,0.0,9.0,2,38.45
flow_1.9,bus,5,1,387687.38,0.0,9.0,1,38.69
flow_1.10,bus,5,1,383966.95,0.0,12.0,2,37.73
flow_1.11,bus,5,1,379308.13,0.0,8.0,2,38.82
flow_0.0,car,6,1,242224.95,0.0,23.0,1,38.91
flow_0.1,car,6,1,280132.83,0.32,33.0,1,49.78
flow_0.2,car,6,1,299085.05,0.64,46.0,1,61.05
flow_0.3,car,6,1,324799.97,0.96,56.0,1,71.91
flow_0.4,car,6,1,162937.59,0.28,0.0,0,12.0
flow_0.5,car,6,1,173794.13,0.6,0.0,0,11.04
flow_0.6,car,6,1,172352.19,0.92,0.0,0,11.11
flow_0.7,car,6,1,212189.55,0.24,9.0,1,26.61
flow_0.8,car,6,1,222014.08,0.56,20.0,1,35.04
flow_0.9,car,6,1,273615.65,0.88,33.0,1,50.93
flow_0.10,car,6,1,295134.97,0.2,46.0,1,61.89
flow_0.11,car,6,1,326964.41,0.52,57.0,1,73.91
flow_0.12,car,6,1,168883.92,0.84,0.0,0,10.37
flow_0.13,car,6,1,176209.59,0.16,0.0,0,11.79
flow_0.14,car,6,1,185941.25,0.48,0.0,0,15.59
flow_0.15,car,6,1,198037.93,0.8,9.0,1,25.34
flow_0.16,car,6,1,239375.37,0.12,22.0,1,37.98
flow_0.17,car,6,1,264806.77,0.44,33.0,1,49.13
flow_0.18,car,6,1,301374.84,0.76,46.0,1,62.68
flow_0.19,car,6,1,333554.84,0.08,59.0,1,74.84
flow_0.20,car,6,1,169387.7,0.4,0.0,0,11.56
flow_0.21,car,6,1,171475.77,0.72,0.0,0,10.83
flow_0.22,car,6,1,182399.02,0.04,0.0,0,14.75
flow_0.23,car,6,1,194614.87,0.36,8.0,1,25.25
flow_0.24,car,6,1,231539.14,0.68,21.0,1,37.41
flow_0.25,car,6,1,263587.89,0.0,33.0,1,49.76
flow_0.26,car,6,1,294652.04,0.32,45.0,1,62.46
flow_0.27,car,6,1,327270.9,0.64,58.0,1,74.71
flow_0.28,car,6,1,166807.59,0.96,0.0,0,10.18
flow_0.29,car,6,1,165617.59,0.28,0.0,0,10.29
flow_0.30,car,6,1,189724.31,0.6,0.0,0,18.3
flow_0.31,car,6,1,223564.05,0.92,14.0,1,29.6
flow_0.32,car,6,1,246587.26,0.24,25.0,1,40.94
flow_0.33,car,6,1,277114.6,0.56,36.0,1,51.92
flow_0.34,car,6,1,296751.22,0.88,46.0,1,62.8
flow_0.35,car,6,1,336881.95,0.2,61.0,1,75.4
flow_0.36,car,6,1,165397.26,0.52,0.0,0,10.92
flow_0.37,car,6,1,167760.65,0.84,0.0,0,10.8
flow_0.38,car,6,1,205093.16,0.16,3.0,1,19.85
flow_0.39,car,6,1,221587.51,0.48,11.0,1,29.01
flow_0.40,car,6,1,263545.98,0.8,26.0,1,41.35
flow_0.41,car,6,1,275865.29,0.12,37.0,1,53.63
flow_0.42,car,6,1,305021.36,0.44,48.0,1,64.05
flow_0.43,car,6,1,328139.69,0.76,59.0,1,75.94
flow_0.44,car,6,1,174279.06,0.08,0.0,0,10.11
flow_0.45,car,6,1,170269.31,0.4,0.0,0,11.87
flow_0.46,car,6,1,181248.69,0.72,0.0,0,15.49
flow_0.47,car,6,1,208554.25,0.04,12.0,1,27.86
flow_0.48,car,6,1,234938.3,0.36,21.0,1,38.36
flow_0.49,car,6,1,285947.38,0.68,38.0,1,53.09
flow_0.50,car,6,1,318640.3,0.0,50.0,1,65.86
flow_0.51,car,6,1,165410.71,0.32,0.0,0,10.04
flow_0.52,car,6,1,175816.71,0.64,0.0,0,11.28
flow_0.53,car,6,1,173590.88,0.96,0.0,0,10.89
flow_0.54,car,6,1,183169.17,0.28,1.0,1,17.23
flow_0.55,car,6,1,231873.06,0.6,16.0,1,31.11
flow_0.56,car,6,1,251662.33,0.92,26.0,1,40.77
flow_0.57,car,6,1,284188.91,0.24,37.0,1,55.19
flow_0.58,car,6,1,316821.81,0.56,50.0,1,64.95
flow_0.59,car,6,1,336399.98,0.88,58.0,1,76.2
flow_0.60,car,6,1,171209.71,0.2,0.0,0,10.36
flow_0.61,car,6,1,171645.05,0.52,0.0,0,11.33
flow_0.62,car,6,1,185239.36,0.84,1.0,1,16.46
flow_0.63,car,6,1,216686.38,0.16,13.0,1,29.67
flow_0.64,car,6,1,251239.32,0.48,26.0,1,41.2
flow_0.65,car,6,1,272270.09,0.8,37.0,1,54.38
flow_0.66,car,6,1,307434.02,0.12,49.0,1,64.84
flow_0.67,car,6,1,172247.62,0.44,0.0,0,11.58
flow_0.68,car,6,1,173801.63,0.76,0.0,0,12.8
flow_0.69,car,6,1,158129.75,0.08,0.0,0,11.68
flow_0.70,car,6,1,205123.69,0.4,6.0,1,21.4
flow_0.71,car,6,1,226398.86,0.72,15.0,1,31.21
flow_0.72,car,6,1,254064.15,0.04,26.0,1,44.06
flow_0.73,car,6,1,285567.92,0.36,40.0,1,55.29
flow_0.74,car,6,1,305796.95,0.68,50.0,1,66.33
flow_0.75,car,6,1,170936.54,0.0,0.0,0,10.71
flow_0.76,car,6,1,167104.8,0.32,0.0,0,11.18
flow_0.77,car,6,1,172563.85,0.64,0.0,0,10.07
flow_0.78,car,6,1,208622.58,0.96,5.0,1,21.58
flow_0.79,car,6,1,234940.07,0.28,15.0,1,33.11
flow_0.80,car,6,1,251783.64,0.6,28.0,1,42.29
flow_0.81,car,6,1,287750.66,0.92,41.0,1,56.68
flow_0.82,car,6,1,311439.88,0.24,51.0,1,66.02
flow_0.83,car,6,1,168403.12,0.56,0.0,0,11.58
flow_0.84,car,6,1,173108.34,0.88,0.0,0,10.39
flow_0.85,car,6,1,170234.31,0.2,0.0,0,11.03
flow_0.86,car,6,1,214763.96,0.52,7.0,1,22.61
flow_0.87,car,6,1,216850.14,0.84,14.0,1,30.37
flow_0.88,car,6,1,240661.14,0.16,24.0,1,39.56
flow_0.89,car,6,1,274018.88,0.48,38.0,1,54.72
flow_0.90,car,6,1,314390.27,0.8,51.0,1,67.93
flow_0.91,car,6,1,165624.87,0.12,0.0,0,10.55
flow_0.92,car,6,1,172022.09,0.44,0.0,0,11.27
flow_0.93,car,6,1,165650.71,0.76,0.0,0,11.34
flow_0.94,car,6,1,208618.07,0.08,7.0,1,24.31
flow_0.95,car,6,1,233767.68,0.4,19.0,1,34.76
flow_0.96,car,6,1,264326.96,0.72,30.0,1,44.73
flow_0.97,car,6,1,283043.53,0.04,38.0,1,55.01
flow_0.98,car,6,1,298540.13,0.36,51.0,1,67.29
flow_0.99,car,6,1,171805.5,0.68,0.0,0,12.78
flow_0.100,car,6,1,156776.28,0.0,0.0,0,11.04
flow_0.101,car,6,1,172643.93,0.32,0.0,0,10.43
flow_0.102,car,6,1,210733.6,0.64,8.0,1,22.74
flow_0.103,car,6,1,241680.37,0.96,17.0,1,34.0
flow_0.104,car,6,1,263128.93,0.28,29.0,1,46.03
flow_0.105,car,6,1,282066.09,0.6,39.0,1,55.84
flow_0.106,car,6,1,304758.53,0.92,50.0,1,66.42
flow_0.107,car,6,1,161443.14,0.24,0.0,0,10.98
flow_0.108,car,6,1,168354.72,0.56,0.0,0,10.35
flow_0.109,car,6,1,177139.19,0.88,0.0,0,11.53
flow_0.110,car,6,1,210008.49,0.2,8.0,1,25.13
flow_0.111,car,6,1,225209.33,0.52,17.0,1,33.33
flow_0.112,car,6,1,264825.63,0.84,29.0,1,46.51
flow_0.113,car,6,1,289244.12,0.16,43.0,1,58.48
flow_0.114,car,6,1,313248.48,0.48,54.0,1,68.38
flow_0.115,car,6,1,171709.23,0.8,0.0,0,10.74
flow_0.116,car,6,1,164846.9,0.12,0.0,0,11.11
flow_0.117,car,6,1,182622.09,0.44,0.0,0,11.61
flow_0.118,car,6,1,213375.92,0.76,7.0,1,24.28
flow_0.119,car,6,1,239630.88,0.08,19.0,1,35.71
flow_0.120,car,6,1,266111.48,0.4,33.0,1,48.3
flow_0.121,car,6,1,296957.18,0.72,42.0,1,58.06
flow_0.122,car,6,1,293916.06,0.04,49.0,1,64.84
flow_0.123,car,6,1,166068.76,0.36,0.0,0,10.33
flow_0.124,car,6,1,174248.4,0.68,0.0,0,10.88
flow_0.125,car,6,1,184340.07,0.0,0.0,0,11.88
flow_0.126,car,6,1,217248.35,0.32,8.0,1,24.94
flow_0.127,car,6,1,239428.87,0.64,19.0,1,35.27
flow_0.128,car,6,1,270252.65,0.96,31.0,1,47.52
flow_0.129,car,6,1,294966.46,0.28,43.0,1,60.17
flow_0.130,car,6,1,322384.89,0.6,54.0,1,70.15
flow_0.131,car,6,1,168807.76,0.92,0.0,0,10.88
flow_0.132,car,6,1,171711.3,0.24,0.0,0,12.22
flow_0.133,car,6,1,184742.17,0.56,0.0,0,12.74
flow_0.134,car,6,1,205951.02,0.88,9.0,1,24.23
flow_0.135,car,6,1,251415.76,0.2,23.0,1,37.31
flow_0.136,car,6,1,269284.01,0.52,33.0,1,48.25
flow_0.137,car,6,1,282817.47,0.84,44.0,1,57.94
flow_0.138,car,6,1,330323.74,0.16,57.0,1,71.96
flow_0.139,car,6,1,302196.64,0.48,58.0,1,74.06
flow_0.140,car,6,1,164743.39,0.8,0.0,0,11.54
flow_0.141,car,6,1,188737.47,0.12,0.0,0,15.26
flow_0.142,car,6,1,218238.25,0.44,9.0,1,25.05
flow_0.143,car,6,1,251709.16,0.76,22.0,1,37.02
flow_0.144,car,6,1,253046.47,0.08,31.0,1,47.63
flow_0.145,car,6,1,293643.44,0.4,44.0,1,60.4
flow_0.146,car,6,1,317911.55,0.72,55.0,1,71.96
flow_0.147,car,6,1,169754.84,0.04,0.0,0,11.77
flow_0.148,car,6,1,170007.95,0.36,0.0,0,10.29
flow_0.149,car,6,1,196616.84,0.68,0.0,0,16.25
flow_0.150,car,6,1,219409.89,0.0,11.0,1,27.7
flow_0.151,car,6,1,243685.53,0.32,21.0,1,39.16
flow_0.152,car,6,1,258182.57,0.64,31.0,1,46.12
flow_0.153,car,6,1,298828.57,0.96,43.0,1,60.11
flow_0.154,car,6,1,298105.47,0.28,52.0,1,69.2
flow_0.155,car,6,1,169619.03,0.6,0.0,0,11.51
flow_0.156,car,6,1,177229.88,0.92,0.0,0,11.49
flow_0.157,car,6,1,198641.26,0.24,0.0,0,15.93
flow_0.158,car,6,1,216978.1,0.56,10.0,1,26.84
flow_0.159,car,6,1,233135.51,0.88,21.0,1,36.02
flow_0.160,car,6,1,270162.04,0.2,34.0,1,50.29
flow_0.161,car,6,1,295767.69,0.52,43.0,1,60.82
flow_0.162,car,6,1,318818.5,0.84,53.0,1,70.71
flow_0.163,car,6,1,160439.97,0.16,0.0,0,11.77
flow_0.164,car,6,1,168159.91,0.48,0.0,0,10.59
flow_0.165,car,6,1,160478.25,0.8,0.0,0,11.58
flow_0.166,car,6,1,202137.96,0.12,8.0,1,25.51
flow_0.167,car,6,1,249513.19,0.44,23.0,1,39.8
flow_0.168,car,6,1,257549.93,0.76,33.0,1,48.0
flow_0.169,car,6,1,299080.76,0.08,47.0,1,63.24
flow_0.170,car,6,1,325000.69,0.4,56.0,1,73.17
flow_0.171,car,6,1,162379.44,0.72,0.0,0,10.93
flow_0.172,car,6,1,166266.89,0.04,0.0,0,10.34
flow_0.173,car,6,1,197562.6,0.36,1.0,1,17.54
flow_0.174,car,6,1,228798.11,0.68,12.0,1,28.43
flow_0.175,car,6,1,252412.67,0.0,22.0,1,40.26
flow_0.176,car,6,1,270370.01,0.32,33.0,1,51.27
flow_0.177,car,6,1,286621.85,0.64,43.0,1,60.26
flow_0.178,car,6,1,312264.46,0.96,55.0,1,71.23
flow_0.179,car,6,1,169952.74,0.28,0.0,0,10.65
flow_0.180,car,6,1,171413.52,0.6,0.0,0,11.43
flow_0.181,car,6,1,196524.97,0.92,1.0,1,15.57
flow_0.182,car,6,1,215937.73,0.24,10.0,1,27.55
flow_0.183,car,6,1,235791.08,0.56,22.0,1,38.49
flow_0.184,car,6,1,268184.84,0.88,34.0,1,49.67
flow_0.185,car,6,1,300191.25,0.2,48.0,1,62.65
flow_0.186,car,6,1,326600.17,0.52,57.0,1,74.26
flow_0.187,car,6,1,175030.74,0.84,0.0,0,11.54
flow_0.188,car,6,1,158901.44,0.16,0.0,0,11.97
flow_0.189,car,6,1,199488.81,0.48,0.0,0,18.25
flow_0.190,car,6,1,198440.29,0.8,10.0,1,26.09
flow_0.191,car,6,1,251332.62,0.12,26.0,1,40.94
flow_0.192,car,6,1,244685.19,0.44,32.0,1,47.02
flow_0.193,car,6,1,296349.76,0.76,45.0,1,61.4
flow_0.194,car,6,1,313639.16,0.08,56.0,1,72.14
flow_0.195,car,6,1,171707.51,0.4,0.0,0,10.97
flow_0.196,car,6,1,165371.32,0.72,0.0,0,10.95
flow_0.197,car,6,1,203549.17,0.04,2.0,1,19.1
flow_0.198,car,6,1,229770.02,0.36,14.0,1,30.16
flow_0.199,car,6,1,243951.14,0.68,23.0,1,39.72
flow_0.200,car,6,1,274986.01,0.0,34.0,1,51.6
flow_0.201,car,6,1,306340.08,0.32,47.0,1,64.39
flow_0.202,car,6,1,331354.72,0.64,57.0,1,75.37
flow_0.203,car,6,1,178037.22,0.96,0.0,0,11.61
flow_0.204,car,6,1,177124.02,0.28,0.0,0,10.63
flow_0.205,car,6,1,201417.61,0.6,4.0,1,19.3
flow_0.206,car,6,1,206928.61,0.92,11.0,1,24.91
flow_0.207,car,6,1,251281.88,0.24,25.0,1,42.82
flow_0.208,car,6,1,270486.77,0.56,37.0,1,51.45
flow_0.209,car,6,1,300665.39,0.88,48.0,1,64.54
flow_0.210,car,6,1,170439.06,0.2,0.0,0,11.01
flow_0.211,car,6,1,167261.23,0.52,0.0,0,11.7
flow_0.212,car,6,1,171293.52,0.84,0.0,0,10.34
flow_0.213,car,6,1,202510.92,0.16,5.0,1,20.75
flow_0.214,car,6,1,207099.61,0.48,11.0,1,25.39
flow_0.215,car,6,1,266051.24,0.8,28.0,1,42.58
flow_0.216,car,6,1,282144.96,0.12,37.0,1,54.73
flow_0.217,car,6,1,300624.67,0.44,49.0,1,64.52
flow_0.218,car,6,1,167673.03,0.76,0.0,0,10.81
flow_0.219,car,6,1,166322.54,0.08,0.0,0,10.94
flow_0.220,car,6,1,173824.58,0.4,0.0,0,10.33
flow_0.221,car,6,1,204921.17,0.72,5.0,1,19.61
flow_0.222,car,6,1,234810.67,0.04,17.0,1,32.89
flow_0.223,car,6,1,253053.83,0.36,25.0,1,42.03
flow_0.224,car,6,1,282934.26,0.68,38.0,1,54.8
flow_0.225,car,6,1,296495.28,0.0,48.0,1,64.08
flow_0.226,car,6,1,328716.97,0.32,61.0,1,75.52
flow_0.227,car,6,1,169170.77,0.64,0.0,0,11.94
flow_0.228,car,6,1,167079.94,0.96,0.0,0,11.73
flow_0.229,car,6,1,207762.73,0.28,5.0,1,21.77
flow_0.230,car,6,1,229066.81,0.6,18.0,1,32.34
flow_0.231,car,6,1,241442.73,0.92,25.0,1,41.93
flow_0.232,car,6,1,282432.87,0.24,38.0,1,55.72
flow_0.233,car,6,1,296546.61,0.56,48.0,1,65.57
flow_0.234,car,6,1,163276.38,0.88,0.0,0,10.26
flow_0.235,car,6,1,172528.97,0.2,0.0,0,11.41
flow_0.236,car,6,1,169155.53,0.52,0.0,0,10.28
flow_0.237,car,6,1,205180.6,0.84,3.0,1,20.15
flow_0.238,car,6,1,234086.19,0.16,16.0,1,33.39
flow_0.239,car,6,1,261962.7,0.48,28.0,1,43.6
flow_0.240,car,6,1,285670.03,0.8,39.0,1,55.26
flow_0.241,car,6,1,303600.1,0.12,49.0,1,65.59
flow_0.242,car,6,1,321780.85,0.44,59.0,1,74.62
flow_0.243,car,6,1,176581.7,0.76,0.0,0,13.34
flow_0.244,car,6,1,169220.35,0.08,0.0,0,10.2
flow_0.245,car,6,1,189506.99,0.4,3.0,1,19.12
flow_0.246,car,6,1,191488.29,0.72,9.0,1,23.44
flow_0.247,car,6,1,257925.32,0.04,29.0,1,44.11
flow_0.248,car,6,1,283337.04,0.36,41.0,1,55.27
flow_0.249,car,6,1,315795.25,0.68,52.0,1,67.08
flow_0.250,car,6,1,310321.72,0.0,58.0,1,74.51
flow_0.251,car,6,1,171162.22,0.32,0.0,0,10.2
flow_0.252,car,6,1,165533.74,0.64,0.0,0,11.76
flow_0.253,car,6,1,198265.97,0.96,3.0,1,20.99
flow_0.254,car,6,1,238555.39,0.28,19.0,1,35.03
flow_0.255,car,6,1,261887.55,0.6,28.0,1,43.94
flow_0.256,car,6,1,284950.95,0.92,39.0,1,55.91
flow_0.257,car,6,1,300484.13,0.24,49.0,1,65.98
flow_0.258,car,6,1,166264.3,0.56,0.0,0,9.9
flow_0.259,car,6,1,166791.7,0.88,0.0,0,10.97
flow_0.260,car,6,1,172654.81,0.2,0.0,0,11.7
flow_0.261,car,6,1,194538.1,0.52,4.0,1,19.46
flow_0.262,car,6,1,234960.21,0.84,18.0,1,33.93
flow_0.263,car,6,1,259068.94,0.16,28.0,1,45.9
flow_0.264,car,6,1,273181.7,0.48,37.0,1,52.48
flow_0.265,car,6,1,307989.34,0.8,50.0,1,67.27
flow_0.266,car,6,1,161543.43,0.12,0.0,0,10.68
flow_0.267,car,6,1,163455.21,0.44,0.0,0,10.47
flow_0.268,car,6,1,171473.19,0.76,0.0,0,12.59
flow_0.269,car,6,1,212249.74,0.08,7.0,1,23.33
flow_0.270,car,6,1,235871.87,0.4,19.0,1,35.52
flow_0.271,car,6,1,260248.29,0.72,31.0,1,46.41
flow_0.272,car,6,1,279285.99,0.04,41.0,1,57.47
flow_0.273,car,6,1,314431.55,0.36,54.0,1,69.63
flow_0.274,car,6,1,309938.57,0.68,58.0,1,72.62
flow_0.275,car,6,1,170106.35,0.0,0.0,0,11.06
flow_0.276,car,6,1,170192.21,0.32,0.0,0,11.42
flow_0.277,car,6,1,195728.26,0.64,5.0,1,20.9
flow_0.278,car,6,1,241007.13,0.96,21.0,1,36.02
flow_0.279,car,6,1,269319.59,0.28,31.0,1,46.07
flow_0.280,car,6,1,291091.5,0.6,40.0,1,57.45
flow_0.281,car,6,1,310288.93,0.92,52.0,1,70.17
flow_0.282,car,6,1,173636.16,0.24,0.0,0,10.44
flow_0.283,car,6,1,168709.02,0.56,0.0,0,11.25
flow_0.284,car,6,1,163763.82,0.88,0.0,0,11.74
flow_0.285,car,6,1,212412.3,0.2,8.0,1,25.64
flow_0.286,car,6,1,244640.28,0.52,20.0,1,36.68
flow_0.287,car,6,1,263889.7,0.84,32.0,1,47.53
flow_0.288,car,6,1,292041.89,0.16,44.0,1,59.87
flow_0.289,car,6,1,317793.48,0.48,52.0,1,70.7
flow_0.290,car,6,1,164086.11,0.8,0.0,0,11.99
flow_0.291,car,6,1,176099.22,0.12,0.0,0,10.5
flow_0.292,car,6,1,178626.21,0.44,0.0,0,12.1
flow_0.293,car,6,1,215473.54,0.76,10.0,1,24.2
flow_0.294,car,6,1,242203.34,0.08,22.0,1,36.03
flow_0.295,car,6,1,265847.21,0.4,33.0,1,48.5
flow_0.296,car,6,1,294675.57,0.72,42.0,1,58.5
flow_0.297,car,6,1,319326.33,0.04,52.0,1,70.93
flow_0.298,car,6,1,171211.59,0.36,0.0,0,10.44
flow_0.299,car,6,1,159774.85,0.68,0.0,0,11.09
flow_0.300,car,6,1,188170.82,0.0,0.0,0,13.42
flow_0.301,car,6,1,220746.51,0.32,11.0,1,26.18
flow_0.302,car,6,1,248289.66,0.64,21.0,1,37.11
flow_0.303,car,6,1,268074.62,0.96,32.0,1,48.63
flow_0.304,car,6,1,296441.6,0.28,44.0,1,60.33
flow_0.305,car,6,1,316738.59,0.6,57.0,1,71.69
flow_0.306,car,6,1,171056.19,0.92,0.0,0,11.3
flow_0.307,car,6,1,167593.64,0.24,0.0,0,11.02
flow_0.308,car,6,1,195388.38,0.56,0.0,0,15.25
flow_0.309,car,6,1,202517.83,0.88,8.0,1,22.21
flow_0.310,car,6,1,220691.53,0.2,18.0,1,34.7
flow_0.311,car,6,1,242011.8,0.52,30.0,1,43.38
flow_0.312,car,6,1,281550.2,0.84,44.0,1,58.53
flow_0.313,car,6,1,316475.32,0.16,56.0,1,71.44
flow_0.314,car,6,1,166390.88,0.48,0.0,0,11.58
flow_0.315,car,6,1,176523.82,0.8,0.0,0,9.49
flow_0.316,car,6,1,191534.67,0.12,0.0,0,16.79
flow_0.317,car,6,1,202439.75,0.44,8.0,1,24.58
flow_0.318,car,6,1,232419.28,0.76,21.0,1,36.53
flow_0.319,car,6,1,280014.28,0.08,35.0,1,50.92
flow_0.320,car,6,1,310057.79,0.4,47.0,1,62.11
flow_0.321,car,6,1,321450.93,0.72,56.0,1,70.35
flow_0.322,car,6,1,159480.91,0.04,0.0,0,9.62
flow_0.323,car,6,1,165015.46,0.36,0.0,0,11.79
flow_0.324,car,6,1,197223.98,0.68,0.0,0,16.1
flow_0.325,car,6,1,225341.21,0.0,11.0,1,28.76
flow_0.326,car,6,1,241207.47,0.32,21.0,1,37.86
flow_0.327,car,6,1,277211.36,0.64,35.0,1,50.14
flow_0.328,car,6,1,308080.0,0.96,47.0,1,61.84
flow_0.329,car,6,1,300168.39,0.28,52.0,1,69.04
flow_0.330,car,6,1,173825.26,0.6,0.0,0,10.83
flow_0.331,car,6,1,170200.74,0.92,0.0,0,11.55
flow_0.332,car,6,1,200223.88,0.24,1.0,1,16.75
flow_0.333,car,6,1,210893.21,0.56,11.0,1,26.78
flow_0.334,car,6,1,249530.03,0.88,22.0,1,39.35
flow_1.0,bus,6,1,386936.73,0.0,8.0,1,37.96
flow_1.1,bus,6,1,391153.01,0.0,11.0,3,38.91
flow_1.2,bus,6,1,382418.53,0.0,9.0,2,38.66
flow_1.3,bus,6,1,393782.98,0.0,9.0,3,39.12
flow_1.4,bus,6,1,376499.17,0.0,11.0,2,39.18
flow_1.5,bus,6,1,384835.63,0.0,11.0,1,38.34
flow_1.6,bus,6,1,390139.0,0.0,12.0,2,40.44
flow_1.7,bus,6,1,380655.57,0.0,10.0,1,38.86
flow_1.8,bus,6,1,391866.87,0.0,10.0,2,37.83
flow_1.9,bus,6,1,391001.22,0.0,6.0,1,37.62
flow_1.10,bus,6,1,390251.57,0.0,13.0,2,37.76
flow_1.11,bus,6,1,382016.53,0.0,10.0,2,39.98
flow_0.0,car,7,1,242224.95,0.0,23.0,1,38.91
flow_0.1,car,7,1,339726.82,0.4,58.0,1,75.27
flow_0.2,car,7,1,208944.93,0.8,7.0,1,20.9
flow_0.3,car,7,1,293324.26,0.2,42.0,1,57.68
flow_0.4,car,7,1,163057.93,0.6,0.0,0,11.78
flow_0.5,car,7,1,259293.91,0.0,25.0,1,41.84
flow_0.6,car,7,1,324739.67,0.4,59.0,1,73.96
flow_0.7,car,7,1,200290.97,0.8,5.0,1,21.47
flow_0.8,car,7,1,273850.49,0.2,40.0,1,56.2
flow_0.9,car,7,1,174366.34,0.6,0.0,0,12.01
flow_0.10,car,7,1,251736.66,0.0,28.0,1,42.67
flow_0.11,car,7,1,175007.82,0.4,0.0,0,11.46
flow_0.12,car,7,1,214822.54,0.8,10.0,1,25.47
flow_0.13,car,7,1,301653.43,0.2,46.0,1,62.79
flow_0.14,car,7,1,167655.85,0.6,0.0,0,11.42
flow_0.15,car,7,1,240051.37,0.0,26.0,1,41.93
flow_0.16,car,7,1,164462.9,0.4,0.0,0,10.8
flow_0.17,car,7,1,207032.28,0.8,9.0,1,25.5
flow_0.18,car,7,1,306108.88,0.2,49.0,1,64.4
flow_0.19,car,7,1,176218.58,0.6,0.0,0,11.6
flow_0.20,car,7,1,266591.51,0.0,33.0,1,47.83
flow_0.21,car,7,1,168439.94,0.4,0.0,0,10.6
flow_0.22,car,7,1,201850.59,0.8,10.0,1,25.88
flow_0.23,car,7,1,286364.71,0.2,48.0,1,63.95
flow_0.24,car,7,1,163608.66,0.6,0.0,0,11.59
flow_0.25,car,7,1,265208.83,0.0,32.0,1,47.46
flow_0.26,car,7,1,168307.15,0.4,0.0,0,10.02
flow_0.27,car,7,1,218911.44,0.8,13.0,1,29.81
flow_0.28,car,7,1,311338.67,0.2,52.0,1,68.2
flow_0.29,car,7,1,177972.16,0.6,0.0,0,11.94
flow_0.30,car,7,1,276446.94,0.0,36.0,1,51.85
flow_0.31,car,7,1,165335.47,0.4,0.0,0,9.92
flow_0.32,car,7,1,227637.99,0.8,16.0,1,32.56
flow_0.33,car,7,1,319566.38,0.2,55.0,1,70.58
flow_0.34,car,7,1,189445.16,0.6,0.0,0,13.05
flow_0.35,car,7,1,279665.44,0.0,38.0,1,53.33
flow_0.36,car,7,1,165307.57,0.4,0.0,0,11.44
flow_0.37,car,7,1,222281.38,0.8,18.0,1,32.11
flow_0.38,car,7,1,316550.29,0.2,56.0,1,71.57
flow_0.39,car,7,1,193066.26,0.6,1.0,1,16.96
flow_0.40,car,7,1,290516.83,0.0,39.0,1,55.25
flow_0.41,car,7,1,168736.26,0.4,0.0,0,10.63
flow_0.42,car,7,1,239434.0,0.8,22.0,1,37.9
flow_0.43,car,7,1,168425.49,0.2,0.0,0,9.41
flow_0.44,car,7,1,210764.89,0.6,6.0,1,20.32
flow_0.45,car,7,1,269193.33,0.0,38.0,1,53.66
flow_0.46,car,7,1,164939.25,0.4,0.0,0,11.21
flow_0.47,car,7,1,232411.16,0.8,20.0,1,34.98
flow_0.48,car,7,1,163910.05,0.2,0.0,0,9.47
flow_0.49,car,7,1,209235.45,0.6,7.0,1,22.93
flow_0.50,car,7,1,294547.67,0.0,43.0,1,60.3
flow_0.51,car,7,1,173231.01,0.4,0.0,0,10.19
flow_0.52,car,7,1,250310.31,0.8,25.0,1,39.75
flow_0.53,car,7,1,321978.47,0.2,59.0,1,74.95
flow_0.54,car,7,1,219176.41,0.6,10.0,1,24.91
flow_0.55,car,7,1,298728.46,0.0,46.0,1,61.25
flow_0.56,car,7,1,169884.61,0.4,0.0,0,10.98
flow_0.57,car,7,1,257262.12,0.8,28.0,1,44.65
flow_0.58,car,7,1,168054.94,0.2,0.0,0,9.63
flow_0.59,car,7,1,220234.46,0.6,9.0,1,26.1
flow_0.60,car,7,1,302891.83,0.0,46.0,1,63.89
flow_0.61,car,7,1,168337.19,0.4,0.0,0,12.56
flow_0.62,car,7,1,244468.28,0.8,26.0,1,41.28
flow_0.63,car,7,1,162862.39,0.2,0.0,0,11.47
flow_0.64,car,7,1,212232.28,0.6,9.0,1,25.56
flow_0.65,car,7,1,307647.83,0.0,47.0,1,64.4
flow_0.66,car,7,1,177310.97,0.4,0.0,0,10.55
flow_0.67,car,7,1,263305.89,0.8,31.0,1,46.44
flow_0.68,car,7,1,165505.54,0.2,0.0,0,10.96
flow_0.69,car,7,1,221631.03,0.6,14.0,1,31.13
flow_0.70,car,7,1,300775.24,0.0,50.0,1,66.53
flow_0.71,car,7,1,172222.09,0.4,0.0,0,10.61
flow_0.72,car,7,1,271425.66,0.8,32.0,1,49.28
flow_0.73,car,7,1,175025.92,0.2,0.0,0,12.03
flow_0.74,car,7,1,237025.54,0.6,15.0,1,32.61
flow_0.75,car,7,1,322257.07,0.0,53.0,1,70.03
flow_0.76,car,7,1,192108.86,0.4,0.0,0,14.28
flow_0.77,car,7,1,269093.18,0.8,36.0,1,51.77
flow_0.78,car,7,1,177514.14,0.2,0.0,0,10.66
flow_0.79,car,7,1,231507.99,0.6,16.0,1,33.31
flow_0.80,car,7,1,323238.47,0.0,57.0,1,71.87
flow_0.81,car,7,1,197432.52,0.4,0.0,0,16.69
flow_0.82,car,7,1,280764.23,0.8,36.0,1,53.72
flow_0.83,car,7,1,167340.0,0.2,0.0,0,10.18
flow_0.84,car,7,1,242646.65,0.6,19.0,1,37.2
flow_0.85,car,7,1,335353.95,0.0,57.0,1,73.33
flow_0.86,car,7,1,207253.64,0.4,5.0,1,20.48
flow_0.87,car,7,1,269284.62,0.8,38.0,1,52.64
flow_0.88,car,7,1,162831.09,0.2,0.0,0,11.0
flow_0.89,car,7,1,244970.08,0.6,22.0,1,38.73
flow_0.90,car,7,1,325522.96,0.0,60.0,1,75.78
flow_0.91,car,7,1,206581.69,0.4,4.0,1,20.86
flow_0.92,car,7,1,273734.05,0.8,39.0,1,54.27
flow_0.93,car,7,1,169992.82,0.2,0.0,0,11.96
flow_0.94,car,7,1,250499.46,0.6,24.0,1,40.72
flow_0.95,car,7,1,166230.62,0.0,0.0,0,11.26
flow_0.96,car,7,1,208834.09,0.4,6.0,1,23.12
flow_0.97,car,7,1,289993.69,0.8,44.0,1,58.53
flow_0.98,car,7,1,166461.21,0.2,0.0,0,11.96
flow_0.99,car,7,1,238546.74,0.6,22.0,1,39.06
flow_0.100,car,7,1,176162.22,0.0,0.0,0,10.48
flow_0.101,car,7,1,213286.63,0.4,8.0,1,26.37
flow_0.102,car,7,1,298814.64,0.8,45.0,1,60.73
flow_0.103,car,7,1,166882.47,0.2,0.0,0,10.66
flow_0.104,car,7,1,256208.14,0.6,25.0,1,42.17
flow_0.105,car,7,1,170222.91,0.0,0.0,0,12.39
flow_0.106,car,7,1,204070.37,0.4,8.0,1,23.74
flow_0.107,car,7,1,305208.63,0.8,46.0,1,63.64
flow_0.108,car,7,1,171938.95,0.2,0.0,0,10.99
flow_0.109,car,7,1,272808.76,0.6,31.0,1,47.6
flow_0.110,car,7,1,166530.47,0.0,0.0,0,11.7
flow_0.111,car,7,1,222485.9,0.4,15.0,1,29.82
flow_0.112,car,7,1,311969.08,0.8,48.0,1,64.77
flow_0.113,car,7,1,168020.52,0.2,0.0,0,10.2
flow_0.114,car,7,1,264181.19,0.6,31.0,1,46.58
flow_0.115,car,7,1,167061.96,0.0,0.0,0,11.01
flow_0.116,car,7,1,228058.39,0.4,14.0,1,32.08
flow_0.117,car,7,1,319053.13,0.8,51.0,1,66.96
flow_0.118,car,7,1,179698.22,0.2,0.0,0,11.85
flow_0.119,car,7,1,274086.86,0.6,35.0,1,50.53
flow_0.120,car,7,1,169038.09,0.0,0.0,0,10.44
flow_0.121,car,7,1,206732.98,0.4,12.0,1,27.0
flow_0.122,car,7,1,309036.57,0.8,53.0,1,70.44
flow_0.123,car,7,1,194577.17,0.2,0.0,0,15.86
flow_0.124,car,7,1,280351.56,0.6,36.0,1,51.57
flow_0.125,car,7,1,177708.11,0.0,0.0,0,11.33
flow_0.126,car,7,1,235998.79,0.4,18.0,1,34.7
flow_0.127,car,7,1,315732.26,0.8,53.0,1,70.07
flow_0.128,car,7,1,199995.53,0.2,2.0,1,17.85
flow_0.129,car,7,1,284049.26,0.6,38.0,1,54.8
flow_0.130,car,7,1,168505.65,0.0,0.0,0,10.19
flow_0.131,car,7,1,246760.73,0.4,20.0,1,37.2
flow_0.132,car,7,1,328743.94,0.8,57.0,1,72.59
flow_0.133,car,7,1,195803.32,0.2,1.0,1,19.43
flow_0.134,car,7,1,292036.58,0.6,41.0,1,57.08
flow_0.135,car,7,1,170593.99,0.0,0.0,0,9.56
flow_0.136,car,7,1,248622.97,0.4,24.0,1,40.23
flow_0.137,car,7,1,294410.77,0.8,53.0,1,66.42
flow_0.138,car,7,1,215478.17,0.2,7.0,1,22.64
flow_0.139,car,7,1,272842.05,0.6,39.0,1,55.34
flow_0.140,car,7,1,172630.12,0.0,0.0,0,10.69
flow_0.141,car,7,1,243497.83,0.4,23.0,1,39.88
flow_0.142,car,7,1,167624.76,0.8,0.0,0,10.69
flow_0.143,car,7,1,201952.63,0.2,5.0,1,22.89
flow_0.144,car,7,1,294964.14,0.6,43.0,1,59.84
flow_0.145,car,7,1,168019.85,0.0,0.0,0,9.97
flow_0.146,car,7,1,245911.65,0.4,24.0,1,41.32
flow_0.147,car,7,1,170578.55,0.8,0.0,0,11.04
flow_0.148,car,7,1,226288.06,0.2,11.0,1,26.56
flow_0.149,car,7,1,305404.8,0.6,48.0,1,62.86
flow_0.150,car,7,1,166398.35,0.0,0.0,0,10.58
flow_0.151,car,7,1,249192.45,0.4,26.0,1,43.46
flow_0.152,car,7,1,162951.13,0.8,0.0,0,9.79
flow_0.153,car,7,1,205800.79,0.2,9.0,1,25.13
flow_0.154,car,7,1,306468.62,0.6,50.0,1,64.05
flow_0.155,car,7,1,171925.31,0.0,0.0,0,12.6
flow_0.156,car,7,1,264731.07,0.4,31.0,1,46.7
flow_0.157,car,7,1,167687.97,0.8,0.0,0,11.71
flow_0.158,car,7,1,228422.45,0.2,14.0,1,30.32
flow_0.159,car,7,1,307820.68,0.6,51.0,1,65.19
flow_0.160,car,7,1,172375.12,0.0,0.0,0,10.41
flow_0.161,car,7,1,266268.82,0.4,32.0,1,47.69
flow_0.162,car,7,1,168922.99,0.8,0.0,0,10.42
flow_0.163,car,7,1,215108.59,0.2,15.0,1,29.79
flow_0.164,car,7,1,294965.13,0.6,48.0,1,64.79
flow_0.165,car,7,1,194969.9,0.0,0.0,0,15.62
flow_0.166,car,7,1,261813.62,0.4,32.0,1,50.92
flow_0.167,car,7,1,169770.15,0.8,0.0,0,11.61
flow_0.168,car,7,1,237427.41,0.2,18.0,1,34.27
flow_0.169,car,7,1,325928.67,0.6,55.0,1,70.52
flow_0.170,car,7,1,198316.01,0.0,2.0,1,18.2
flow_0.171,car,7,1,276410.28,0.4,37.0,1,52.76
flow_0.172,car,7,1,167035.96,0.8,0.0,0,10.2
flow_0.173,car,7,1,243583.43,0.2,20.0,1,37.28
flow_0.174,car,7,1,322839.96,0.6,56.0,1,72.96
flow_0.175,car,7,1,200016.17,0.0,3.0,1,20.19
flow_0.176,car,7,1,270272.09,0.4,38.0,1,55.18
flow_0.177,car,7,1,166253.81,0.8,0.0,0,11.31
flow_0.178,car,7,1,225977.22,0.2,18.0,1,34.53
flow_0.179,car,7,1,316838.61,0.6,56.0,1,73.79
flow_0.180,car,7,1,209832.96,0.0,4.0,1,20.57
flow_0.181,car,7,1,275794.46,0.4,38.0,1,53.78
flow_0.182,car,7,1,167059.57,0.8,0.0,0,11.78
flow_0.183,car,7,1,251341.09,0.2,23.0,1,39.3
flow_0.184,car,7,1,163415.52,0.6,0.0,0,10.93
flow_0.185,car,7,1,209565.19,0.0,6.0,1,22.81
flow_0.186,car,7,1,270419.14,0.4,38.0,1,54.91
flow_0.187,car,7,1,182383.5,0.8,0.0,0,11.81
flow_0.188,car,7,1,236580.72,0.2,23.0,1,38.84
flow_0.189,car,7,1,169899.08,0.6,0.0,0,10.51
flow_0.190,car,7,1,196249.17,0.0,4.0,1,19.56
flow_0.191,car,7,1,291050.5,0.4,46.0,1,60.38
flow_0.192,car,7,1,164881.49,0.8,0.0,0,11.29
flow_0.193,car,7,1,260441.91,0.2,28.0,1,44.52
flow_0.194,car,7,1,166501.85,0.6,0.0,0,11.41
flow_0.195,car,7,1,214128.44,0.0,10.0,1,27.38
flow_0.196,car,7,1,312316.4,0.4,45.0,1,63.31
flow_0.197,car,7,1,177248.34,0.8,0.0,0,10.46
flow_0.198,car,7,1,269479.21,0.2,31.0,1,45.41
flow_0.199,car,7,1,173019.86,0.6,0.0,0,11.25
flow_0.200,car,7,1,224790.02,0.0,11.0,1,27.57
flow_0.201,car,7,1,309062.48,0.4,48.0,1,65.9
flow_0.202,car,7,1,174940.66,0.8,0.0,0,11.91
flow_0.203,car,7,1,269255.12,0.2,34.0,1,48.41
flow_0.204,car,7,1,165018.25,0.6,0.0,0,10.05
flow_0.205,car,7,1,225930.16,0.0,15.0,1,31.28
flow_0.206,car,7,1,303036.19,0.4,48.0,1,66.7
flow_0.207,car,7,1,174105.12,0.8,0.0,0,11.54
flow_0.208,car,7,1,278513.89,0.2,34.0,1,50.58
flow_0.209,car,7,1,162056.34,0.6,0.0,0,11.66
flow_0.210,car,7,1,235573.82,0.0,15.0,1,33.72
flow_0.211,car,7,1,314385.04,0.4,54.0,1,69.32
flow_0.212,car,7,1,168687.54,0.8,0.0,0,11.37
flow_0.213,car,7,1,276426.28,0.2,35.0,1,52.79
flow_0.214,car,7,1,163057.66,0.6,0.0,0,11.49
flow_0.215,car,7,1,236952.04,0.0,19.0,1,34.54
flow_0.216,car,7,1,321976.0,0.4,57.0,1,71.58
flow_0.217,car,7,1,199853.77,0.8,1.0,1,17.92
flow_0.218,car,7,1,281601.45,0.2,38.0,1,54.64
flow_0.219,car,7,1,173312.77,0.6,0.0,0,12.45
flow_0.220,car,7,1,250357.07,0.0,23.0,1,37.36
flow_0.221,car,7,1,319119.78,0.4,58.0,1,73.67
flow_0.222,car,7,1,197407.24,0.8,2.0,1,18.23
flow_0.223,car,7,1,270665.5,0.2,38.0,1,53.76
flow_0.224,car,7,1,163497.47,0.6,0.0,0,12.65
flow_0.225,car,7,1,243907.28,0.0,24.0,1,39.9
flow_0.226,car,7,1,313676.75,0.4,55.0,1,71.91
flow_0.227,car,7,1,198675.5,0.8,4.0,1,21.29
flow_0.228,car,7,1,292179.67,0.2,42.0,1,59.18
flow_0.229,car,7,1,164198.84,0.6,0.0,0,11.34
flow_0.230,car,7,1,248877.48,0.0,24.0,1,40.74
flow_0.231,car,7,1,330067.38,0.4,60.0,1,76.8
flow_0.232,car,7,1,214388.9,0.8,7.0,1,23.99
flow_0.233,car,7,1,301161.56,0.2,45.0,1,60.54
flow_0.234,car,7,1,169340.83,0.6,0.0,0,10.45
flow_0.235,car,7,1,257395.66,0.0,27.0,1,43.02
flow_0.236,car,7,1,176978.06,0.4,0.0,0,11.44
flow_0.237,car,7,1,220208.11,0.8,9.0,1,24.78
flow_0.238,car,7,1,302199.36,0.2,47.0,1,61.97
flow_0.239,car,7,1,167894.03,0.6,0.0,0,11.84
flow_0.240,car,7,1,243969.07,0.0,25.0,1,41.32
flow_0.241,car,7,1,166662.88,0.4,0.0,0,11.57
flow_0.242,car,7,1,211069.3,0.8,10.0,1,25.77
flow_0.243,car,7,1,283914.97,0.2,45.0,1,60.35
flow_0.244,car,7,1,150730.87,0.6,0.0,0,11.06
flow_0.245,car,7,1,267876.9,0.0,31.0,1,47.26
flow_0.246,car,7,1,172763.9,0.4,0.0,0,11.36
flow_0.247,car,7,1,199971.75,0.8,9.0,1,24.21
flow_0.248,car,7,1,269385.71,0.2,43.0,1,58.76
flow_0.249,car,7,1,171586.73,0.6,0.0,0,10.98
flow_0.250,car,7,1,269385.45,0.0,33.0,1,49.61
flow_0.251,car,7,1,163379.02,0.4,0.0,0,12.43
flow_0.252,car,7,1,228991.28,0.8,16.0,1,31.4
flow_0.253,car,7,1,301772.7,0.2,50.0,1,66.9
flow_0.254,car,7,1,178535.19,0.6,0.0,0,11.6
flow_0.255,car,7,1,263241.18,0.0,31.0,1,48.73
flow_0.256,car,7,1,174855.35,0.4,0.0,0,12.06
flow_0.257,car,7,1,231198.21,0.8,19.0,1,33.03
flow_0.258,car,7,1,314472.04,0.2,54.0,1,69.74
flow_0.259,car,7,1,159869.74,0.6,0.0,0,11.16
flow_0.260,car,7,1,281906.38,0.0,36.0,1,53.38
flow_0.261,car,7,1,173575.96,0.4,0.0,0,10.64
flow_0.262,car,7,1,222219.61,0.8,14.0,1,30.93
flow_0.263,car,7,1,319224.63,0.2,56.0,1,71.41
flow_0.264,car,7,1,179621.4,0.6,0.0,0,14.92
flow_0.265,car,7,1,290629.8,0.0,41.0,1,55.91
flow_0.266,car,7,1,174605.14,0.4,0.0,0,12.1
flow_1.0,bus,7,1,386936.73,0.0,8.0,1,37.96
flow_1.1,bus,7,1,390183.17,0.0,9.0,2,39.48
flow_1.2,bus,7,1,387849.37,0.0,8.0,1,40.21
flow_1.3,bus,7,1,387007.3,0.0,9.0,3,39.29
flow_1.4,bus,7,1,379422.14,0.0,9.0,2,36.41
flow_1.5,bus,7,1,397073.75,0.0,11.0,2,39.94
flow_1.6,bus,7,1,387650.92,0.0,13.0,1,37.98
flow_1.7,bus,7,1,376669.72,0.0,10.0,1,38.62
flow_1.8,bus,7,1,385937.31,0.0,11.0,2,37.15
flow_1.9,bus,7,1,386771.73,0.0,11.0,2,38.6
flow_1.10,bus,7,1,386549.59,0.0,11.0,1,37.63
flow_1.11,bus,7,1,378542.49,0.0,9.0,3,39.93
