tripinfo_arrival;tripinfo_arrivalLane;tripinfo_arrivalPos;tripinfo_arrivalSpeed;tripinfo_depart;tripinfo_departDelay;tripinfo_departLane;tripinfo_departPos;tripinfo_departSpeed;tripinfo_devices;tripinfo_duration;tripinfo_id;tripinfo_rerouteNo;tripinfo_routeLength;tripinfo_speedFactor;tripinfo_stopTime;tripinfo_timeLoss;tripinfo_vType;tripinfo_vaporized;tripinfo_waitingCount;tripinfo_waitingTime;emissions_CO2_abs;emissions_CO_abs;emissions_HC_abs;emissions_NOx_abs;emissions_PMx_abs;emissions_electricity_abs;emissions_fuel_abs
86.00;E2J1_0;100.00;13.39;0.00;0.00;A2A3_0;4.60;0.00;tripinfo_flow_0.0 emissions_flow_0.0;86.00;flow_0.0;0;632.42;1.06;0.00;38.91;car;;1;23.00;242224.952847;5114.243572;28.915085;99.905087;5.621984;0;77276.694761
162.00;E2J1_0;100.00;9.37;0.00;0.00;A2A1_0;10.10;0.00;tripinfo_flow_1.0 emissions_flow_1.0;162.00;flow_1.0;0;632.08;0.94;60.00;37.96;bus;;1;8.00;386936.728716;12041.071591;63.508907;159.542592;10.745306;0;123438.086602
266.00;E2J1_0;100.00;13.65;193.00;0.14;A2A3_0;4.60;0.00;tripinfo_flow_0.1 emissions_flow_0.1;73.00;flow_0.1;0;632.42;1.01;0.00;26.00;car;;1;9.00;227142.888889;3791.170621;22.716236;93.252751;4.722337;0;72466.569610
444.00;E2J1_0;100.00;13.62;386.00;0.28;A2A3_0;4.60;0.00;tripinfo_flow_0.2 emissions_flow_0.2;58.00;flow_0.2;0;632.42;1.08;0.00;11.52;car;;0;0.00;188132.099258;2162.213917;14.341424;76.562094;3.363499;0;60022.360291
636.00;E2J1_0;100.00;13.81;579.00;0.42;A2A3_0;4.60;0.00;tripinfo_flow_0.3 emissions_flow_0.3;57.00;flow_0.3;0;632.42;1.03;0.00;9.91;car;;0;0.00;174590.230679;1863.725709;12.556902;69.260427;2.896778;0;55702.727063
900.00;E2J1_0;100.00;10.46;772.00;0.56;A2A3_0;4.60;0.00;tripinfo_flow_0.4 emissions_flow_0.4;128.00;flow_0.4;0;632.42;0.83;0.00;71.94;car;;1;55.00;310227.683335;8843.390083;47.294835;126.486078;8.121795;0;98968.532391
1076.00;E2J1_0;100.00;13.61;965.00;0.70;A2A3_0;4.60;0.00;tripinfo_flow_0.5 emissions_flow_0.5;111.00;flow_0.5;0;632.42;1.05;0.00;64.68;car;;1;48.00;306882.629911;7876.005538;42.921853;126.676089;7.831848;0;97902.403695
1258.00;E2J1_0;100.00;11.60;1158.00;0.84;A2A3_0;4.60;0.00;tripinfo_flow_0.6 emissions_flow_0.6;100.00;flow_0.6;0;632.42;0.89;0.00;47.67;car;;1;32.00;254484.722278;6060.286646;33.465003;103.990496;6.106133;0;81187.060199
1437.00;E2J1_0;100.00;11.79;1351.00;0.98;A2A3_0;4.60;0.00;tripinfo_flow_0.7 emissions_flow_0.7;86.00;flow_0.7;0;632.42;0.94;0.00;36.61;car;;1;20.00;232343.495282;4773.297597;27.191598;95.412400;5.252839;0;74124.404418
1619.00;E2J1_0;100.00;11.13;1543.00;0.12;A2A3_0;4.60;0.00;tripinfo_flow_0.8 emissions_flow_0.8;76.00;flow_0.8;0;632.42;0.86;0.00;22.08;car;;1;7.00;193390.530704;3194.788812;19.143043;77.661339;3.766992;0;61698.699580
1794.00;E2J1_0;100.00;13.19;1736.00;0.26;A2A3_0;4.60;0.00;tripinfo_flow_0.9 emissions_flow_0.9;58.00;flow_0.9;0;632.42;1.09;0.00;11.95;car;;0;0.00;175342.887446;1991.581738;13.226867;70.735049;3.089946;0;55942.301278
1986.00;E2J1_0;100.00;13.15;1929.00;0.40;A2A3_0;4.60;0.00;tripinfo_flow_0.10 emissions_flow_0.10;57.00;flow_0.10;0;632.42;1.03;0.00;10.55;car;;0;0.00;163350.649892;1785.845761;11.967328;65.537875;2.801052;0;52116.439734
2180.00;E2J1_0;100.00;13.36;2122.00;0.54;A2A3_0;4.60;0.00;tripinfo_flow_0.11 emissions_flow_0.11;58.00;flow_0.11;0;632.42;1.05;0.00;11.61;car;;0;0.00;170339.210358;1892.733541;12.639726;68.375399;2.933715;0;54346.031766
2426.00;E2J1_0;100.00;13.75;2315.00;0.68;A2A3_0;4.60;0.00;tripinfo_flow_0.12 emissions_flow_0.12;111.00;flow_0.12;0;632.42;1.12;0.00;64.17;car;;1;48.00;309736.546952;7994.301416;43.581008;128.425968;7.976079;0;98812.617673
2606.00;E2J1_0;100.00;13.45;2508.00;0.82;A2A3_0;4.60;0.00;tripinfo_flow_0.13 emissions_flow_0.13;98.00;flow_0.13;0;632.42;0.99;0.00;51.25;car;;1;34.00;275422.908238;6435.011783;35.568112;112.812758;6.620764;0;87867.170279
2788.00;E2J1_0;100.00;11.94;2701.00;0.96;A2A3_0;4.60;0.00;tripinfo_flow_0.14 emissions_flow_0.14;87.00;flow_0.14;0;632.42;0.93;0.00;36.81;car;;1;22.00;239118.205733;4938.217545;28.070593;97.734223;5.362649;0;76285.812321
2969.00;E2J1_0;100.00;11.52;2893.00;0.10;A2A3_0;4.60;0.00;tripinfo_flow_0.15 emissions_flow_0.15;76.00;flow_0.15;0;632.42;0.88;0.00;22.96;car;;1;8.00;197071.506892;3251.913162;19.525675;80.376074;3.975173;0;62872.750673
3147.00;E2J1_0;100.00;11.88;3086.00;0.24;A2A3_0;4.60;0.00;tripinfo_flow_0.16 emissions_flow_0.16;61.00;flow_0.16;0;632.42;0.94;0.00;11.45;car;;0;0.00;166119.620116;2017.608479;13.280865;67.839046;3.013473;0;52999.041768
3341.00;E2J1_0;100.00;11.94;3279.00;0.38;A2A3_0;4.60;0.00;tripinfo_flow_0.17 emissions_flow_0.17;62.00;flow_0.17;0;632.42;0.94;0.00;11.89;car;;0;0.00;166266.617906;1949.768143;12.876996;67.219445;2.929727;0;53046.265172
3529.00;E2J1_0;100.00;13.80;3472.00;0.52;A2A3_0;4.60;0.00;tripinfo_flow_0.18 emissions_flow_0.18;57.00;flow_0.18;0;632.42;1.16;0.00;10.82;car;;0;0.00;171379.651772;1965.795563;12.984114;69.171887;3.027128;0;54677.816245
3776.00;E2J1_0;100.00;13.36;3665.00;0.66;A2A3_0;4.60;0.00;tripinfo_flow_0.19 emissions_flow_0.19;111.00;flow_0.19;0;632.42;1.02;0.00;64.79;car;;1;48.00;311784.490270;8011.993966;43.494783;127.969113;7.899480;0;99466.462611
3956.00;E2J1_0;100.00;13.28;3858.00;0.80;A2A3_0;4.60;0.00;tripinfo_flow_0.20 emissions_flow_0.20;98.00;flow_0.20;0;632.42;1.01;0.00;51.56;car;;1;35.00;272360.805590;6433.662106;35.558459;112.220630;6.641948;0;86889.982333
4136.00;E2J1_0;100.00;12.99;4051.00;0.94;A2A3_0;4.60;0.00;tripinfo_flow_0.21 emissions_flow_0.21;85.00;flow_0.21;0;632.42;0.97;0.00;37.79;car;;1;22.00;245245.970927;5009.086690;28.483778;100.599022;5.534388;0;78240.850503
4319.00;E2J1_0;100.00;11.71;4243.00;0.08;A2A3_0;4.60;0.00;tripinfo_flow_0.22 emissions_flow_0.22;76.00;flow_0.22;0;632.42;0.89;0.00;23.17;car;;1;7.00;198184.947560;3188.091767;19.252770;80.999332;3.978410;0;63228.057824
4503.00;E2J1_0;100.00;10.53;4436.00;0.22;A2A3_0;4.60;0.00;tripinfo_flow_0.23 emissions_flow_0.23;67.00;flow_0.23;0;632.42;0.83;0.00;11.36;car;;0;0.00;158948.673639;1977.579495;12.813595;63.059749;2.706477;0;50711.550175
4692.00;E2J1_0;100.00;11.69;4629.00;0.36;A2A3_0;4.60;0.00;tripinfo_flow_0.24 emissions_flow_0.24;63.00;flow_0.24;0;632.42;0.87;0.00;10.67;car;;0;0.00;159644.149100;1829.583731;12.188427;63.224877;2.628179;0;50933.746707
4948.00;E2J1_0;100.00;11.95;4822.00;0.50;A2A3_0;4.60;0.00;tripinfo_flow_0.25 emissions_flow_0.25;126.00;flow_0.25;0;632.42;0.92;0.00;74.82;car;;1;58.00;322912.808618;9164.685423;48.986832;132.118350;8.535318;0;103015.409823
5127.00;E2J1_0;100.00;12.16;5015.00;0.64;A2A3_0;4.60;0.00;tripinfo_flow_0.26 emissions_flow_0.26;112.00;flow_0.26;0;632.42;0.95;0.00;63.47;car;;1;46.00;296805.364607;7782.831595;42.235883;122.515872;7.628191;0;94687.195443
5306.00;E2J1_0;100.00;13.30;5208.00;0.78;A2A3_0;4.60;0.00;tripinfo_flow_0.27 emissions_flow_0.27;98.00;flow_0.27;0;632.42;1.13;0.00;52.41;car;;1;35.00;275701.638037;6420.010744;35.486214;112.590416;6.568763;0;87956.235822
5487.00;E2J1_0;100.00;12.52;5401.00;0.92;A2A3_0;4.60;0.00;tripinfo_flow_0.28 emissions_flow_0.28;86.00;flow_0.28;0;632.42;0.93;0.00;35.41;car;;1;19.00;235598.489120;4772.562083;27.268512;96.113358;5.222613;0;75163.102126
5665.00;E2J1_0;100.00;13.42;5593.00;0.06;A2A3_0;4.60;0.00;tripinfo_flow_0.29 emissions_flow_0.29;72.00;flow_0.29;0;632.42;1.18;0.00;26.46;car;;1;9.00;214199.071056;3488.216755;20.971684;87.750517;4.384709;0;68337.206826
5844.00;E2J1_0;100.00;13.36;5786.00;0.20;A2A3_0;4.60;0.00;tripinfo_flow_0.30 emissions_flow_0.30;58.00;flow_0.30;0;632.42;1.15;0.00;11.56;car;;0;0.00;172340.957293;1914.047457;12.757964;69.004698;2.944309;0;54984.750928
6038.00;E2J1_0;100.00;13.17;5979.00;0.34;A2A3_0;4.60;0.00;tripinfo_flow_0.31 emissions_flow_0.31;59.00;flow_0.31;0;632.42;1.01;0.00;11.97;car;;0;0.00;174272.396506;2107.552250;13.681528;70.511664;3.140778;0;55600.505031
6227.00;E2J1_0;100.00;13.56;6172.00;0.48;A2A3_0;4.60;0.00;tripinfo_flow_0.32 emissions_flow_0.32;55.00;flow_0.32;0;632.42;1.17;0.00;9.24;car;;0;0.00;163059.851772;1755.480816;11.917735;65.839914;2.833792;0;52023.581276
6476.00;E2J1_0;100.00;12.81;6365.00;0.62;A2A3_0;4.60;0.00;tripinfo_flow_0.33 emissions_flow_0.33;111.00;flow_0.33;0;632.42;0.99;0.00;64.39;car;;1;50.00;301455.233796;7965.980026;43.054278;123.800186;7.742021;0;96170.856094
6656.00;E2J1_0;100.00;12.94;6558.00;0.76;A2A3_0;4.60;0.00;tripinfo_flow_0.34 emissions_flow_0.34;98.00;flow_0.34;0;632.42;1.02;0.00;50.78;car;;1;34.00;274263.171337;6372.506208;35.320361;112.753458;6.607278;0;87497.081439
6836.00;E2J1_0;100.00;12.82;6751.00;0.90;A2A3_0;4.60;0.00;tripinfo_flow_0.35 emissions_flow_0.35;85.00;flow_0.35;0;632.42;0.97;0.00;36.98;car;;1;21.00;245151.590996;4932.715882;28.156378;100.400199;5.494846;0;78210.904040
7016.00;E2J1_0;100.00;12.64;6943.00;0.04;A2A3_0;4.60;0.00;tripinfo_flow_0.36 emissions_flow_0.36;73.00;flow_0.36;0;632.42;1.18;0.00;26.05;car;;1;9.00;218903.367031;3578.790743;21.427236;89.161695;4.469367;0;69838.230457
7194.00;E2J1_0;100.00;13.02;7136.00;0.18;A2A3_0;4.60;0.00;tripinfo_flow_0.37 emissions_flow_0.37;58.00;flow_0.37;0;632.42;1.10;0.00;11.07;car;;0;0.00;178576.237091;2098.409257;14.026693;73.879828;3.329182;0;56973.122798
7366.00;E2J1_0;100.00;9.66;7200.00;0.00;A2A1_0;10.10;0.00;tripinfo_flow_1.1 emissions_flow_1.1;166.00;flow_1.1;0;632.08;0.90;60.00;41.08;bus;;2;10.00;397554.378926;12531.664777;65.969680;164.068588;11.140641;0;126825.017644
7386.00;E2J1_0;100.00;13.43;7329.00;0.32;A2A3_0;4.60;0.00;tripinfo_flow_0.38 emissions_flow_0.38;57.00;flow_0.38;0;632.42;1.03;0.00;10.37;car;;0;0.00;172525.812320;1904.425623;12.774199;69.098200;2.948366;0;55043.721340
7647.00;E2J1_0;100.00;13.14;7522.00;0.46;A2A3_0;4.60;0.00;tripinfo_flow_0.39 emissions_flow_0.39;125.00;flow_0.39;0;632.42;0.96;0.00;76.33;car;;1;59.00;328823.370125;9296.864843;49.811380;135.977692;8.826928;0;104900.652380
7826.00;E2J1_0;100.00;12.72;7715.00;0.60;A2A3_0;4.60;0.00;tripinfo_flow_0.40 emissions_flow_0.40;111.00;flow_0.40;0;632.42;1.09;0.00;64.02;car;;1;48.00;310981.975647;8052.974024;43.844616;128.868709;8.016972;0;99209.915982
8006.00;E2J1_0;100.00;13.40;7908.00;0.74;A2A3_0;4.60;0.00;tripinfo_flow_0.41 emissions_flow_0.41;98.00;flow_0.41;0;632.42;1.04;0.00;51.76;car;;1;35.00;273879.849129;6440.503713;35.639389;112.394104;6.621988;0;87374.756521
8186.00;E2J1_0;100.00;13.37;8101.00;0.88;A2A3_0;4.60;0.00;tripinfo_flow_0.42 emissions_flow_0.42;85.00;flow_0.42;0;632.42;1.04;0.00;38.04;car;;1;23.00;244820.899919;5098.410231;28.972799;101.344877;5.675619;0;78104.833972
8365.00;E2J1_0;100.00;12.61;8293.00;0.02;A2A3_0;4.60;0.00;tripinfo_flow_0.43 emissions_flow_0.43;72.00;flow_0.43;0;632.42;1.09;0.00;26.40;car;;1;11.00;214214.212156;3647.905696;21.671492;88.250598;4.527929;0;68341.702902
8544.00;E2J1_0;100.00;13.10;8486.00;0.16;A2A3_0;4.60;0.00;tripinfo_flow_0.44 emissions_flow_0.44;58.00;flow_0.44;0;632.42;1.00;0.00;11.99;car;;0;0.00;189628.361502;2264.557320;14.936742;78.314040;3.531703;0;60499.215895
8743.00;E2J1_0;100.00;12.50;8679.00;0.30;A2A3_0;4.60;0.00;tripinfo_flow_0.45 emissions_flow_0.45;64.00;flow_0.45;0;632.42;0.90;0.00;11.93;car;;0;0.00;173902.317607;2163.624071;14.120886;70.638176;3.130932;0;55482.041696
8999.00;E2J1_0;100.00;11.55;8872.00;0.44;A2A3_0;4.60;0.00;tripinfo_flow_0.46 emissions_flow_0.46;127.00;flow_0.46;0;632.42;0.88;0.00;73.92;car;;1;57.00;318349.231087;8989.139950;48.109688;129.922105;8.341039;0;101559.631722
9180.00;E2J1_0;100.00;10.98;9065.00;0.58;A2A3_0;4.60;0.00;tripinfo_flow_0.47 emissions_flow_0.47;115.00;flow_0.47;0;632.42;0.85;0.00;60.72;car;;1;47.00;282214.255219;7525.628260;40.695597;114.511826;7.085090;0;90032.598019
9360.00;E2J1_0;100.00;10.75;9258.00;0.72;A2A3_0;4.60;0.00;tripinfo_flow_0.48 emissions_flow_0.48;102.00;flow_0.48;0;632.42;0.85;0.00;47.30;car;;1;31.00;251545.944144;5813.479527;32.262534;101.114157;5.758755;0;80250.169110
9536.00;E2J1_0;100.00;13.16;9451.00;0.86;A2A3_0;4.60;0.00;tripinfo_flow_0.49 emissions_flow_0.49;85.00;flow_0.49;0;632.42;1.17;0.00;38.69;car;;1;22.00;251337.645667;5154.522877;29.372338;103.551817;5.737265;0;80184.114904
9715.00;E2J1_0;100.00;12.60;9643.00;0.00;A2A3_0;4.60;0.00;tripinfo_flow_0.50 emissions_flow_0.50;72.00;flow_0.50;0;632.42;1.02;0.00;26.37;car;;1;10.00;218707.152003;3602.567424;21.524365;89.609484;4.518542;0;69775.450588
9894.00;E2J1_0;100.00;13.45;9836.00;0.14;A2A3_0;4.60;0.00;tripinfo_flow_0.51 emissions_flow_0.51;58.00;flow_0.51;0;632.42;1.10;0.00;11.68;car;;0;0.00;183962.970936;2148.410582;14.115376;75.114725;3.355750;0;58692.167486
10088.00;E2J1_0;100.00;13.52;10029.00;0.28;A2A3_0;4.60;0.00;tripinfo_flow_0.52 emissions_flow_0.52;59.00;flow_0.52;0;632.42;1.00;0.00;11.88;car;;0;0.00;176147.139379;2074.307648;13.662451;72.076597;3.221752;0;56198.462824
10279.00;E2J1_0;100.00;12.93;10222.00;0.42;A2A3_0;4.60;0.00;tripinfo_flow_0.53 emissions_flow_0.53;57.00;flow_0.53;0;632.42;1.00;0.00;10.82;car;;0;0.00;170328.687999;1975.874137;13.069171;69.276098;3.066245;0;54342.311418
10528.00;E2J1_0;100.00;11.67;10415.00;0.56;A2A3_0;4.60;0.00;tripinfo_flow_0.54 emissions_flow_0.54;113.00;flow_0.54;0;632.42;0.90;0.00;61.18;car;;1;47.00;286694.671764;7645.814351;41.330764;117.360908;7.318673;0;91461.721195
10706.00;E2J1_0;100.00;12.75;10608.00;0.70;A2A3_0;4.60;0.00;tripinfo_flow_0.55 emissions_flow_0.55;98.00;flow_0.55;0;632.42;1.14;0.00;51.28;car;;1;36.00;275358.502012;6499.884235;35.898433;113.098638;6.673314;0;87846.449965
10886.00;E2J1_0;100.00;13.83;10801.00;0.84;A2A3_0;4.60;0.00;tripinfo_flow_0.56 emissions_flow_0.56;85.00;flow_0.56;0;632.42;1.02;0.00;38.29;car;;1;22.00;245704.525928;4976.310488;28.399727;100.673813;5.539903;0;78387.267622
11066.00;E2J1_0;100.00;12.58;10994.00;0.98;A2A3_0;4.60;0.00;tripinfo_flow_0.57 emissions_flow_0.57;72.00;flow_0.57;0;632.42;0.97;0.00;24.63;car;;1;8.00;207654.321624;3385.439089;20.271837;84.979095;4.250920;0;66249.212184
11244.00;E2J1_0;100.00;12.92;11186.00;0.12;A2A3_0;4.60;0.00;tripinfo_flow_0.58 emissions_flow_0.58;58.00;flow_0.58;0;632.42;1.08;0.00;11.20;car;;0;0.00;181064.436049;2016.621188;13.477271;73.113149;3.168690;0;57767.744876
11437.00;E2J1_0;100.00;13.80;11379.00;0.26;A2A3_0;4.60;0.00;tripinfo_flow_0.59 emissions_flow_0.59;58.00;flow_0.59;0;632.42;1.12;0.00;11.70;car;;0;0.00;176244.652975;2056.474095;13.507465;71.269854;3.132020;0;56229.867657
11629.00;E2J1_0;100.00;12.95;11572.00;0.40;A2A3_0;4.60;0.00;tripinfo_flow_0.60 emissions_flow_0.60;57.00;flow_0.60;0;632.42;1.02;0.00;10.69;car;;0;0.00;172441.829309;1993.765723;13.288971;70.631186;3.130537;0;55016.287286
11876.00;E2J1_0;100.00;13.17;11765.00;0.54;A2A3_0;4.60;0.00;tripinfo_flow_0.61 emissions_flow_0.61;111.00;flow_0.61;0;632.42;0.99;0.00;63.90;car;;1;46.00;303162.653933;7848.794204;42.596363;124.470628;7.706042;0;96715.750747
12057.00;E2J1_0;100.00;12.27;11958.00;0.68;A2A3_0;4.60;0.00;tripinfo_flow_0.62 emissions_flow_0.62;99.00;flow_0.62;0;632.42;0.94;0.00;49.48;car;;1;32.00;259759.698972;6122.300750;33.904230;106.817824;6.277545;0;82869.873642
12239.00;E2J1_0;100.00;11.57;12151.00;0.82;A2A3_0;4.60;0.00;tripinfo_flow_0.63 emissions_flow_0.63;88.00;flow_0.63;0;632.42;0.88;0.00;34.79;car;;1;20.00;228136.971585;4676.096979;26.646893;92.737471;5.039740;0;72782.613094
12417.00;E2J1_0;100.00;11.77;12344.00;0.96;A2A3_0;4.60;0.00;tripinfo_flow_0.64 emissions_flow_0.64;73.00;flow_0.64;0;632.42;0.91;0.00;21.85;car;;1;6.00;197654.124301;3099.285822;18.786630;80.482459;3.916370;0;63058.963738
12598.00;E2J1_0;100.00;12.52;12536.00;0.10;A2A3_0;4.60;0.00;tripinfo_flow_0.65 emissions_flow_0.65;62.00;flow_0.65;0;632.42;0.91;0.00;11.60;car;;0;0.00;163600.485454;1950.136572;12.788805;65.828641;2.859802;0;52195.674100
12786.00;E2J1_0;100.00;12.71;12729.00;0.24;A2A3_0;4.60;0.00;tripinfo_flow_0.66 emissions_flow_0.66;57.00;flow_0.66;0;632.42;1.04;0.00;10.36;car;;0;0.00;159813.526593;1814.564597;12.156872;64.912478;2.841938;0;50987.537151
12979.00;E2J1_0;100.00;12.93;12922.00;0.38;A2A3_0;4.60;0.00;tripinfo_flow_0.67 emissions_flow_0.67;57.00;flow_0.67;0;632.42;1.02;0.00;10.98;car;;0;0.00;175150.874745;1999.883744;13.338697;71.265294;3.126619;0;55880.790285
13226.00;E2J1_0;100.00;13.53;13115.00;0.52;A2A3_0;4.60;0.00;tripinfo_flow_0.68 emissions_flow_0.68;111.00;flow_0.68;0;632.42;1.02;0.00;64.28;car;;1;48.00;311996.130490;7950.768126;43.308306;128.313652;7.875302;0;99533.940990
13407.00;E2J1_0;100.00;13.30;13308.00;0.66;A2A3_0;4.60;0.00;tripinfo_flow_0.69 emissions_flow_0.69;99.00;flow_0.69;0;632.42;0.97;0.00;51.34;car;;1;33.00;269373.075951;6349.797236;35.184692;111.384663;6.593779;0;85936.667788
13587.00;E2J1_0;100.00;12.74;13501.00;0.80;A2A3_0;4.60;0.00;tripinfo_flow_0.70 emissions_flow_0.70;86.00;flow_0.70;0;632.42;0.94;0.00;36.91;car;;1;21.00;233119.856658;4866.482359;27.662942;96.180507;5.345865;0;74371.843432
13765.00;E2J1_0;100.00;13.41;13694.00;0.94;A2A3_0;4.60;0.00;tripinfo_flow_0.71 emissions_flow_0.71;71.00;flow_0.71;0;632.42;1.06;0.00;24.24;car;;1;9.00;216581.223520;3535.768737;21.215244;88.520800;4.441483;0;69097.309301
13947.00;E2J1_0;100.00;13.13;13886.00;0.08;A2A3_0;4.60;0.00;tripinfo_flow_0.72 emissions_flow_0.72;61.00;flow_0.72;0;632.42;0.96;0.00;12.22;car;;0;0.00;171949.328221;2025.440575;13.317565;69.006040;2.999144;0;54859.483897
14138.00;E2J1_0;100.00;12.46;14079.00;0.22;A2A3_0;4.60;0.00;tripinfo_flow_0.73 emissions_flow_0.73;59.00;flow_0.73;0;632.42;0.98;0.00;11.18;car;;0;0.00;167795.868767;1984.706727;13.194501;68.895940;3.074483;0;53533.866325
14329.00;E2J1_0;100.00;12.78;14272.00;0.36;A2A3_0;4.60;0.00;tripinfo_flow_0.74 emissions_flow_0.74;57.00;flow_0.74;0;632.42;1.03;0.00;11.10;car;;0;0.00;163789.292074;1892.661470;12.612900;66.819031;2.953659;0;52255.851739
14562.00;E2J1_0;100.00;9.67;14400.00;0.00;A2A1_0;10.10;0.00;tripinfo_flow_1.2 emissions_flow_1.2;162.00;flow_1.2;0;632.08;0.98;60.00;37.22;bus;;1;8.00;388246.079150;12024.877562;63.473364;160.060684;10.757085;0;123855.889511
14576.00;E2J1_0;100.00;13.42;14465.00;0.50;A2A3_0;4.60;0.00;tripinfo_flow_0.75 emissions_flow_0.75;111.00;flow_0.75;0;632.42;1.01;0.00;64.39;car;;1;47.00;304751.586668;7855.338488;42.614333;124.918464;7.701593;0;97222.772508
14756.00;E2J1_0;100.00;12.94;14658.00;0.64;A2A3_0;4.60;0.00;tripinfo_flow_0.76 emissions_flow_0.76;98.00;flow_0.76;0;632.42;1.09;0.00;51.88;car;;1;34.00;281718.725855;6509.839629;36.105545;115.457719;6.732964;0;89875.784292
14936.00;E2J1_0;100.00;13.67;14851.00;0.78;A2A3_0;4.60;0.00;tripinfo_flow_0.77 emissions_flow_0.77;85.00;flow_0.77;0;632.42;1.03;0.00;38.99;car;;1;24.00;252895.999394;5081.376245;29.003092;103.189838;5.652223;0;80681.797001
15116.00;E2J1_0;100.00;13.67;15044.00;0.92;A2A3_0;4.60;0.00;tripinfo_flow_0.78 emissions_flow_0.78;72.00;flow_0.78;0;632.42;1.00;0.00;25.50;car;;1;9.00;220636.228651;3664.597952;22.031802;91.485562;4.663892;0;70390.454647
15293.00;E2J1_0;100.00;13.81;15236.00;0.06;A2A3_0;4.60;0.00;tripinfo_flow_0.79 emissions_flow_0.79;57.00;flow_0.79;0;632.42;1.02;0.00;10.67;car;;0;0.00;181834.604548;2075.162939;13.870352;74.115944;3.268003;0;58013.167412
15488.00;E2J1_0;100.00;12.59;15429.00;0.20;A2A3_0;4.60;0.00;tripinfo_flow_0.80 emissions_flow_0.80;59.00;flow_0.80;0;632.42;0.97;0.00;10.18;car;;0;0.00;170092.631156;1959.698375;13.061108;69.115287;3.018518;0;54266.911949
15678.00;E2J1_0;100.00;13.51;15622.00;0.34;A2A3_0;4.60;0.00;tripinfo_flow_0.81 emissions_flow_0.81;56.00;flow_0.81;0;632.42;1.15;0.00;9.58;car;;0;0.00;169963.413758;1720.664858;11.939140;67.795270;2.812455;0;54226.523573
15927.00;E2J1_0;100.00;12.82;15815.00;0.48;A2A3_0;4.60;0.00;tripinfo_flow_0.82 emissions_flow_0.82;112.00;flow_0.82;0;632.42;0.98;0.00;63.69;car;;1;48.00;305387.918238;7912.617165;42.934535;124.816569;7.708186;0;97425.802102
16105.00;E2J1_0;100.00;13.49;16008.00;0.62;A2A3_0;4.60;0.00;tripinfo_flow_0.83 emissions_flow_0.83;97.00;flow_0.83;0;632.42;1.00;0.00;51.33;car;;1;35.00;274815.987044;6426.674036;35.453112;112.604522;6.629251;0;87673.617902
16286.00;E2J1_0;100.00;13.74;16201.00;0.76;A2A3_0;4.60;0.00;tripinfo_flow_0.84 emissions_flow_0.84;85.00;flow_0.84;0;632.42;1.04;0.00;38.43;car;;1;23.00;251883.716210;5198.558214;29.571427;104.134160;5.795696;0;80358.184127
16466.00;E2J1_0;100.00;13.43;16394.00;0.90;A2A3_0;4.60;0.00;tripinfo_flow_0.85 emissions_flow_0.85;72.00;flow_0.85;0;632.42;1.01;0.00;24.94;car;;1;9.00;217545.790006;3489.456123;21.130455;89.606123;4.468798;0;69404.816733
16644.00;E2J1_0;100.00;13.14;16586.00;0.04;A2A3_0;4.60;0.00;tripinfo_flow_0.86 emissions_flow_0.86;58.00;flow_0.86;0;632.42;1.02;0.00;12.25;car;;0;0.00;180139.137076;2141.815117;14.107468;73.787651;3.311316;0;57472.000007
16837.00;E2J1_0;100.00;13.77;16779.00;0.18;A2A3_0;4.60;0.00;tripinfo_flow_0.87 emissions_flow_0.87;58.00;flow_0.87;0;632.42;1.02;0.00;11.58;car;;0;0.00;177442.160180;2016.855458;13.430349;71.753971;3.119157;0;56611.976625
17098.00;E2J1_0;100.00;12.15;16972.00;0.32;A2A3_0;4.60;0.00;tripinfo_flow_0.88 emissions_flow_0.88;126.00;flow_0.88;0;632.42;0.89;0.00;74.01;car;;1;57.00;322842.726160;9070.734919;48.615725;132.543716;8.517052;0;102993.002845
17280.00;E2J1_0;100.00;10.77;17165.00;0.46;A2A3_0;4.60;0.00;tripinfo_flow_0.89 emissions_flow_0.89;115.00;flow_0.89;0;632.42;0.83;0.00;59.38;car;;1;42.00;280567.363988;7388.420284;40.076159;114.695697;7.063466;0;89507.038869
17457.00;E2J1_0;100.00;12.74;17358.00;0.60;A2A3_0;4.60;0.00;tripinfo_flow_0.90 emissions_flow_0.90;99.00;flow_0.90;0;632.42;0.92;0.00;49.20;car;;1;33.00;261809.884454;6061.363068;33.675965;106.872838;6.195059;0;83524.300464
17636.00;E2J1_0;100.00;13.04;17551.00;0.74;A2A3_0;4.60;0.00;tripinfo_flow_0.91 emissions_flow_0.91;85.00;flow_0.91;0;632.42;1.09;0.00;38.66;car;;1;21.00;247135.202909;5033.877027;28.599746;101.150368;5.567148;0;78843.707204
17815.00;E2J1_0;100.00;13.71;17744.00;0.88;A2A3_0;4.60;0.00;tripinfo_flow_0.92 emissions_flow_0.92;71.00;flow_0.92;0;632.42;1.06;0.00;25.15;car;;1;9.00;219520.080549;3563.376848;21.517610;91.080504;4.598608;0;70034.461032
17996.00;E2J1_0;100.00;12.65;17936.00;0.02;A2A3_0;4.60;0.00;tripinfo_flow_0.93 emissions_flow_0.93;60.00;flow_0.93;0;632.42;1.01;0.00;12.67;car;;0;0.00;176563.287237;2199.760900;14.342363;72.443914;3.275466;0;56330.889469
18192.00;E2J1_0;100.00;11.63;18129.00;0.16;A2A3_0;4.60;0.00;tripinfo_flow_0.94 emissions_flow_0.94;63.00;flow_0.94;0;632.42;0.91;0.00;10.79;car;;0;0.00;166951.438785;1931.269541;12.832232;66.511869;2.818009;0;53265.039502
18379.00;E2J1_0;100.00;13.02;18322.00;0.30;A2A3_0;4.60;0.00;tripinfo_flow_0.95 emissions_flow_0.95;57.00;flow_0.95;0;632.42;1.12;0.00;10.62;car;;0;0.00;163462.027522;1799.448500;12.104357;65.607940;2.825285;0;52151.948440
18626.00;E2J1_0;100.00;13.89;18515.00;0.44;A2A3_0;4.60;0.00;tripinfo_flow_0.96 emissions_flow_0.96;111.00;flow_0.96;0;632.42;1.10;0.00;64.26;car;;1;49.00;315011.294210;8168.452662;44.365771;130.001859;8.074982;0;100495.541829
18806.00;E2J1_0;100.00;13.84;18708.00;0.58;A2A3_0;4.60;0.00;tripinfo_flow_0.97 emissions_flow_0.97;98.00;flow_0.97;0;632.42;1.06;0.00;51.65;car;;1;36.00;281817.629971;6555.074293;36.384843;116.655539;6.874698;0;89906.924952
18987.00;E2J1_0;100.00;12.67;18901.00;0.72;A2A3_0;4.60;0.00;tripinfo_flow_0.98 emissions_flow_0.98;86.00;flow_0.98;0;632.42;0.96;0.00;37.11;car;;1;21.00;239591.717397;4792.485818;27.332804;96.737818;5.198658;0;76437.523279
19166.00;E2J1_0;100.00;12.21;19094.00;0.86;A2A3_0;4.60;0.00;tripinfo_flow_0.99 emissions_flow_0.99;72.00;flow_0.99;0;632.42;0.97;0.00;24.78;car;;1;7.00;206227.198400;3319.300170;20.008559;84.554367;4.201657;0;65793.872651
19346.00;E2J1_0;100.00;12.78;19286.00;0.00;A2A3_0;4.60;0.00;tripinfo_flow_0.100 emissions_flow_0.100;60.00;flow_0.100;0;632.42;0.95;0.00;11.61;car;;0;0.00;163294.441118;1882.881592;12.542605;65.730564;2.829762;0;52098.148872
19542.00;E2J1_0;100.00;12.34;19479.00;0.14;A2A3_0;4.60;0.00;tripinfo_flow_0.101 emissions_flow_0.101;63.00;flow_0.101;0;632.42;0.89;0.00;10.78;car;;0;0.00;170811.447272;2077.228983;13.588272;69.038793;3.031089;0;54496.127560
19729.00;E2J1_0;100.00;13.28;19672.00;0.28;A2A3_0;4.60;0.00;tripinfo_flow_0.102 emissions_flow_0.102;57.00;flow_0.102;0;632.42;1.07;0.00;10.26;car;;0;0.00;164097.796643;1826.399112;12.213753;66.260368;2.856622;0;52354.608659
19976.00;E2J1_0;100.00;12.91;19865.00;0.42;A2A3_0;4.60;0.00;tripinfo_flow_0.103 emissions_flow_0.103;111.00;flow_0.103;0;632.42;1.01;0.00;64.93;car;;1;47.00;300701.753910;7961.766284;43.038352;124.090557;7.785491;0;95930.241456
20156.00;E2J1_0;100.00;13.18;20058.00;0.56;A2A3_0;4.60;0.00;tripinfo_flow_0.104 emissions_flow_0.104;98.00;flow_0.104;0;632.42;1.03;0.00;51.56;car;;1;34.00;275251.621129;6568.236994;36.248778;113.587519;6.751838;0;87812.037659
20336.00;E2J1_0;100.00;13.68;20251.00;0.70;A2A3_0;4.60;0.00;tripinfo_flow_0.105 emissions_flow_0.105;85.00;flow_0.105;0;632.42;1.06;0.00;38.95;car;;1;21.00;253679.772640;5048.274086;28.980545;104.175314;5.683922;0;80931.626308
20516.00;E2J1_0;100.00;13.16;20444.00;0.84;A2A3_0;4.60;0.00;tripinfo_flow_0.106 emissions_flow_0.106;72.00;flow_0.106;0;632.42;0.96;0.00;23.70;car;;1;7.00;212628.419116;3420.028069;20.624302;87.278710;4.343845;0;67836.089232
20699.00;E2J1_0;100.00;12.67;20637.00;0.98;A2A3_0;4.60;0.00;tripinfo_flow_0.107 emissions_flow_0.107;62.00;flow_0.107;0;632.42;0.93;0.00;11.89;car;;0;0.00;168679.899496;2002.024629;13.103655;67.587569;2.932435;0;53816.368163
20894.00;E2J1_0;100.00;10.73;20829.00;0.12;A2A3_0;4.60;0.00;tripinfo_flow_0.108 emissions_flow_0.108;65.00;flow_0.108;0;632.42;0.87;0.00;10.96;car;;0;0.00;166365.315464;1996.338900;13.088630;66.007707;2.798989;0;53077.950246
21079.00;E2J1_0;100.00;13.86;21022.00;0.26;A2A3_0;4.60;0.00;tripinfo_flow_0.109 emissions_flow_0.109;57.00;flow_0.109;0;632.42;1.10;0.00;10.57;car;;0;0.00;177815.798648;1963.537310;13.115729;71.509254;3.081577;0;56731.421506
21326.00;E2J1_0;100.00;13.27;21215.00;0.40;A2A3_0;4.60;0.00;tripinfo_flow_0.110 emissions_flow_0.110;111.00;flow_0.110;0;632.42;1.01;0.00;63.75;car;;1;48.00;311969.166166;8055.023766;43.814657;128.687832;7.989447;0;99525.106374
21506.00;E2J1_0;100.00;13.62;21408.00;0.54;A2A3_0;4.60;0.00;tripinfo_flow_0.111 emissions_flow_0.111;98.00;flow_0.111;0;632.42;1.10;0.00;51.32;car;;1;35.00;279376.587493;6445.362518;35.795445;114.600027;6.691252;0;89128.547009
21686.00;E2J1_0;100.00;13.63;21601.00;0.68;A2A3_0;4.60;0.00;tripinfo_flow_0.112 emissions_flow_0.112;85.00;flow_0.112;0;632.42;1.18;0.00;39.39;car;;1;23.00;255979.741933;5338.329971;30.358731;106.176794;5.964814;0;81664.760547
21762.00;E2J1_0;100.00;8.91;21600.00;0.00;A2A1_0;10.10;0.00;tripinfo_flow_1.3 emissions_flow_1.3;162.00;flow_1.3;0;632.08;0.92;60.00;37.77;bus;;1;7.00;390953.118149;12076.003251;63.767822;161.127167;10.808089;0;124719.523209
21866.00;E2J1_0;100.00;13.13;21794.00;0.82;A2A3_0;4.60;0.00;tripinfo_flow_0.113 emissions_flow_0.113;72.00;flow_0.113;0;632.42;1.00;0.00;24.81;car;;1;9.00;215648.096501;3492.096534;20.945981;88.053556;4.399823;0;68799.673626
22046.00;E2J1_0;100.00;13.04;21987.00;0.96;A2A3_0;4.60;0.00;tripinfo_flow_0.114 emissions_flow_0.114;59.00;flow_0.114;0;632.42;0.99;0.00;11.93;car;;0;0.00;172779.658270;2055.298660;13.591819;70.400096;3.131944;0;55124.079352
22236.00;E2J1_0;100.00;12.68;22179.00;0.10;A2A3_0;4.60;0.00;tripinfo_flow_0.115 emissions_flow_0.115;57.00;flow_0.115;0;632.42;1.07;0.00;11.04;car;;0;0.00;165313.338978;1822.043258;12.175353;66.449001;2.856835;0;52742.588539
22433.00;E2J1_0;100.00;11.95;22372.00;0.24;A2A3_0;4.60;0.00;tripinfo_flow_0.116 emissions_flow_0.116;61.00;flow_0.116;0;632.42;0.94;0.00;11.17;car;;0;0.00;169348.192691;1989.095847;13.082823;67.823972;2.926725;0;54029.631103
22676.00;E2J1_0;100.00;13.04;22565.00;0.38;A2A3_0;4.60;0.00;tripinfo_flow_0.117 emissions_flow_0.117;111.00;flow_0.117;0;632.42;1.10;0.00;64.87;car;;1;50.00;306472.525767;8087.085803;43.842262;126.856027;7.960479;0;97771.161786
22856.00;E2J1_0;100.00;13.22;22758.00;0.52;A2A3_0;4.60;0.00;tripinfo_flow_0.118 emissions_flow_0.118;98.00;flow_0.118;0;632.42;1.03;0.00;51.73;car;;1;37.00;272561.443198;6583.296744;36.309636;112.855786;6.778345;0;86953.611646
23036.00;E2J1_0;100.00;13.79;22951.00;0.66;A2A3_0;4.60;0.00;tripinfo_flow_0.119 emissions_flow_0.119;85.00;flow_0.119;0;632.42;1.02;0.00;37.91;car;;1;22.00;250279.336279;4963.199408;28.395116;102.379620;5.564956;0;79846.988142
23216.00;E2J1_0;100.00;13.05;23144.00;0.80;A2A3_0;4.60;0.00;tripinfo_flow_0.120 emissions_flow_0.120;72.00;flow_0.120;0;632.42;1.06;0.00;25.26;car;;1;9.00;216763.475773;3597.166296;21.559712;89.114022;4.497176;0;69155.141463
23394.00;E2J1_0;100.00;13.32;23337.00;0.94;A2A3_0;4.60;0.00;tripinfo_flow_0.121 emissions_flow_0.121;57.00;flow_0.121;0;632.42;1.15;0.00;10.05;car;;0;0.00;170677.828539;1944.656193;12.897533;69.090296;3.031348;0;54453.854779
23587.00;E2J1_0;100.00;13.32;23529.00;0.08;A2A3_0;4.60;0.00;tripinfo_flow_0.122 emissions_flow_0.122;58.00;flow_0.122;0;632.42;1.03;0.00;11.51;car;;0;0.00;174058.648006;2009.807025;13.286709;70.482381;3.105955;0;55532.435655
23850.00;E2J1_0;100.00;10.28;23722.00;0.22;A2A3_0;4.60;0.00;tripinfo_flow_0.123 emissions_flow_0.123;128.00;flow_0.123;0;632.42;0.82;0.00;71.24;car;;1;56.00;306696.398522;8876.831026;47.354269;125.244182;8.119350;0;97841.733491
24026.00;E2J1_0;100.00;12.64;23915.00;0.36;A2A3_0;4.60;0.00;tripinfo_flow_0.124 emissions_flow_0.124;111.00;flow_0.124;0;632.42;1.12;0.00;64.79;car;;1;48.00;307958.649360;8026.596758;43.563665;126.817111;7.895320;0;98245.631538
24205.00;E2J1_0;100.00;13.09;24108.00;0.50;A2A3_0;4.60;0.00;tripinfo_flow_0.125 emissions_flow_0.125;97.00;flow_0.125;0;632.42;1.01;0.00;50.61;car;;1;34.00;274902.493449;6425.730649;35.580416;113.294668;6.687949;0;87700.959017
24386.00;E2J1_0;100.00;13.67;24301.00;0.64;A2A3_0;4.60;0.00;tripinfo_flow_0.126 emissions_flow_0.126;85.00;flow_0.126;0;632.42;1.03;0.00;38.30;car;;1;22.00;251561.568172;5148.239758;29.295921;103.612661;5.740850;0;80255.604734
24566.00;E2J1_0;100.00;13.71;24494.00;0.78;A2A3_0;4.60;0.00;tripinfo_flow_0.127 emissions_flow_0.127;72.00;flow_0.127;0;632.42;1.07;0.00;24.99;car;;1;8.00;218108.586689;3457.795377;20.875681;88.651160;4.346744;0;69584.823632
24748.00;E2J1_0;100.00;13.26;24687.00;0.92;A2A3_0;4.60;0.00;tripinfo_flow_0.128 emissions_flow_0.128;61.00;flow_0.128;0;632.42;0.96;0.00;12.54;car;;0;0.00;174614.703169;2129.048650;13.914060;70.665737;3.118113;0;55709.563142
24937.00;E2J1_0;100.00;13.45;24879.00;0.06;A2A3_0;4.60;0.00;tripinfo_flow_0.129 emissions_flow_0.129;58.00;flow_0.129;0;632.42;1.04;0.00;11.41;car;;0;0.00;168952.221460;2011.123701;13.266055;69.079122;3.083073;0;53902.919298
25128.00;E2J1_0;100.00;13.47;25072.00;0.20;A2A3_0;4.60;0.00;tripinfo_flow_0.130 emissions_flow_0.130;56.00;flow_0.130;0;632.42;1.23;0.00;9.27;car;;0;0.00;170304.771056;1721.382728;11.880200;67.702252;2.795857;0;54335.508254
25376.00;E2J1_0;100.00;13.42;25265.00;0.34;A2A3_0;4.60;0.00;tripinfo_flow_0.131 emissions_flow_0.131;111.00;flow_0.131;0;632.42;1.01;0.00;64.04;car;;1;48.00;302380.439845;7906.597942;42.873176;124.983766;7.806006;0;96465.867701
25556.00;E2J1_0;100.00;13.83;25458.00;0.48;A2A3_0;4.60;0.00;tripinfo_flow_0.132 emissions_flow_0.132;98.00;flow_0.132;0;632.42;1.12;0.00;50.65;car;;1;35.00;279651.728728;6493.628741;35.989935;114.455913;6.696118;0;89216.383314
25736.00;E2J1_0;100.00;13.83;25651.00;0.62;A2A3_0;4.60;0.00;tripinfo_flow_0.133 emissions_flow_0.133;85.00;flow_0.133;0;632.42;1.02;0.00;39.03;car;;1;22.00;248009.840927;5044.519730;28.759499;101.853535;5.606223;0;79122.611789
25915.00;E2J1_0;100.00;13.00;25844.00;0.76;A2A3_0;4.60;0.00;tripinfo_flow_0.134 emissions_flow_0.134;71.00;flow_0.134;0;632.42;1.00;0.00;25.29;car;;1;10.00;212663.751484;3483.473142;20.939466;87.273793;4.388734;0;67847.328623
26095.00;E2J1_0;100.00;12.17;26037.00;0.90;A2A3_0;4.60;0.00;tripinfo_flow_0.135 emissions_flow_0.135;58.00;flow_0.135;0;632.42;0.95;0.00;9.97;car;;0;0.00;167672.963808;1863.631410;12.524449;67.315308;2.867624;0;53495.283295
26285.00;E2J1_0;100.00;13.15;26229.00;0.04;A2A3_0;4.60;0.00;tripinfo_flow_0.136 emissions_flow_0.136;56.00;flow_0.136;0;632.42;1.11;0.00;9.95;car;;0;0.00;163323.833549;1676.727520;11.498121;64.812110;2.659859;0;52108.224643
26478.00;E2J1_0;100.00;13.66;26422.00;0.18;A2A3_0;4.60;0.00;tripinfo_flow_0.137 emissions_flow_0.137;56.00;flow_0.137;0;632.42;1.16;0.00;9.77;car;;0;0.00;165207.982622;1881.674574;12.483119;66.759514;2.924879;0;52708.788529
26727.00;E2J1_0;100.00;11.81;26615.00;0.32;A2A3_0;4.60;0.00;tripinfo_flow_0.138 emissions_flow_0.138;112.00;flow_0.138;0;632.42;0.94;0.00;62.16;car;;1;48.00;298369.364783;7938.804649;43.048758;123.489248;7.748760;0;95185.876224
26905.00;E2J1_0;100.00;13.80;26808.00;0.46;A2A3_0;4.60;0.00;tripinfo_flow_0.139 emissions_flow_0.139;97.00;flow_0.139;0;632.42;1.13;0.00;50.64;car;;1;36.00;280494.209453;6449.813041;35.832261;115.032176;6.703179;0;89485.164365
27094.00;E2J1_0;100.00;9.54;27001.00;0.60;A2A3_0;4.60;0.00;tripinfo_flow_0.140 emissions_flow_0.140;93.00;flow_0.140;0;632.42;0.73;0.00;29.79;car;;1;15.00;209493.516060;4340.507697;24.625298;84.061006;4.463523;0;66834.820592
27266.00;E2J1_0;100.00;13.52;27194.00;0.74;A2A3_0;4.60;0.00;tripinfo_flow_0.141 emissions_flow_0.141;72.00;flow_0.141;0;632.42;1.14;0.00;25.64;car;;1;10.00;218647.118707;3706.368582;22.057831;90.623240;4.662368;0;69755.805265
27450.00;E2J1_0;100.00;11.72;27387.00;0.88;A2A3_0;4.60;0.00;tripinfo_flow_0.142 emissions_flow_0.142;63.00;flow_0.142;0;632.42;0.89;0.00;10.91;car;;0;0.00;165301.877547;1889.108552;12.588541;65.788347;2.765001;0;52738.772527
27637.00;E2J1_0;100.00;13.15;27579.00;0.02;A2A3_0;4.60;0.00;tripinfo_flow_0.143 emissions_flow_0.143;58.00;flow_0.143;0;632.42;1.00;0.00;11.58;car;;0;0.00;179601.958143;2122.603560;14.021426;73.254045;3.265481;0;57300.712989
27831.00;E2J1_0;100.00;12.20;27772.00;0.16;A2A3_0;4.60;0.00;tripinfo_flow_0.144 emissions_flow_0.144;59.00;flow_0.144;0;632.42;0.97;0.00;11.13;car;;0;0.00;168423.932283;1857.782618;12.362385;66.487643;2.778382;0;53735.288103
28076.00;E2J1_0;100.00;13.53;27965.00;0.30;A2A3_0;4.60;0.00;tripinfo_flow_0.145 emissions_flow_0.145;111.00;flow_0.145;0;632.42;1.04;0.00;65.03;car;;1;48.00;309827.923255;8085.732952;43.879028;127.799787;7.957061;0;98841.872486
28257.00;E2J1_0;100.00;12.98;28158.00;0.44;A2A3_0;4.60;0.00;tripinfo_flow_0.146 emissions_flow_0.146;99.00;flow_0.146;0;632.42;0.96;0.00;50.22;car;;1;33.00;276450.946124;6356.596317;35.371336;112.973146;6.552654;0;88195.290424
28436.00;E2J1_0;100.00;13.48;28351.00;0.58;A2A3_0;4.60;0.00;tripinfo_flow_0.147 emissions_flow_0.147;85.00;flow_0.147;0;632.42;1.00;0.00;39.38;car;;1;23.00;255567.898855;5167.793741;29.614358;105.518215;5.810068;0;81533.692127
28616.00;E2J1_0;100.00;13.82;28544.00;0.72;A2A3_0;4.60;0.00;tripinfo_flow_0.148 emissions_flow_0.148;72.00;flow_0.148;0;632.42;1.07;0.00;25.81;car;;1;9.00;220756.715274;3542.467072;21.274737;89.582395;4.427792;0;70429.732989
28799.00;E2J1_0;100.00;12.52;28737.00;0.86;A2A3_0;4.60;0.00;tripinfo_flow_0.149 emissions_flow_0.149;62.00;flow_0.149;0;632.42;0.93;0.00;12.11;car;;0;0.00;169136.225757;2002.829689;13.194528;67.842979;2.921360;0;53961.906042
28962.00;E2J1_0;100.00;9.74;28800.00;0.00;A2A1_0;10.10;0.00;tripinfo_flow_1.4 emissions_flow_1.4;162.00;flow_1.4;0;632.08;1.06;60.00;37.36;bus;;3;11.00;377803.375350;11834.078819;62.356547;155.789982;10.540522;0;120524.340386
28986.00;E2J1_0;100.00;13.59;28929.00;0.00;A2A3_0;4.60;0.00;tripinfo_flow_0.150 emissions_flow_0.150;57.00;flow_0.150;0;632.42;1.12;0.00;10.55;car;;0;0.00;164172.796935;1966.788356;13.049368;67.752279;3.058640;0;52377.824346
29179.00;E2J1_0;100.00;12.75;29122.00;0.14;A2A3_0;4.60;0.00;tripinfo_flow_0.151 emissions_flow_0.151;57.00;flow_0.151;0;632.42;1.18;0.00;11.24;car;;0;0.00;163736.629897;1857.269467;12.401194;66.185149;2.876323;0;52239.290205
29426.00;E2J1_0;100.00;12.94;29315.00;0.28;A2A3_0;4.60;0.00;tripinfo_flow_0.152 emissions_flow_0.152;111.00;flow_0.152;0;632.42;1.08;0.00;65.42;car;;1;50.00;310749.518110;8164.940046;44.248314;128.121899;7.998910;0;99135.806446
29608.00;E2J1_0;100.00;11.81;29508.00;0.42;A2A3_0;4.60;0.00;tripinfo_flow_0.153 emissions_flow_0.153;100.00;flow_0.153;0;632.42;0.91;0.00;49.68;car;;1;34.00;260428.891832;6277.206868;34.547590;106.119924;6.272992;0;83083.442031
29786.00;E2J1_0;100.00;13.12;29701.00;0.56;A2A3_0;4.60;0.00;tripinfo_flow_0.154 emissions_flow_0.154;85.00;flow_0.154;0;632.42;1.14;0.00;39.22;car;;1;23.00;248504.112020;5213.630567;29.587162;102.650466;5.754616;0;79279.889348
29969.00;E2J1_0;100.00;11.75;29894.00;0.70;A2A3_0;4.60;0.00;tripinfo_flow_0.155 emissions_flow_0.155;75.00;flow_0.155;0;632.42;0.88;0.00;21.75;car;;1;6.00;198822.821468;3104.460714;18.877070;80.137177;3.823164;0;63431.997481
30145.00;E2J1_0;100.00;13.37;30087.00;0.84;A2A3_0;4.60;0.00;tripinfo_flow_0.156 emissions_flow_0.156;58.00;flow_0.156;0;632.42;1.08;0.00;11.12;car;;0;0.00;166669.149865;1834.391864;12.105805;66.213505;2.810327;0;53175.440047
30339.00;E2J1_0;100.00;13.23;30280.00;0.98;A2A3_0;4.60;0.00;tripinfo_flow_0.157 emissions_flow_0.157;59.00;flow_0.157;0;632.42;0.99;0.00;11.60;car;;0;0.00;172403.899728;2127.900698;13.840126;70.332723;3.176924;0;55004.092610
30529.00;E2J1_0;100.00;13.03;30472.00;0.12;A2A3_0;4.60;0.00;tripinfo_flow_0.158 emissions_flow_0.158;57.00;flow_0.158;0;632.42;1.13;0.00;10.84;car;;0;0.00;165648.711165;1847.912285;12.453322;66.811133;2.882271;0;52849.390416
30776.00;E2J1_0;100.00;12.91;30665.00;0.26;A2A3_0;4.60;0.00;tripinfo_flow_0.159 emissions_flow_0.159;111.00;flow_0.159;0;632.42;1.05;0.00;64.55;car;;1;48.00;304803.861438;7909.071003;42.971273;125.292718;7.757634;0;97239.252251
30957.00;E2J1_0;100.00;12.67;30858.00;0.40;A2A3_0;4.60;0.00;tripinfo_flow_0.160 emissions_flow_0.160;99.00;flow_0.160;0;632.42;0.91;0.00;48.27;car;;1;32.00;267607.218280;6166.205060;34.292351;109.404159;6.335222;0;85373.792511
31135.00;E2J1_0;100.00;13.10;31051.00;0.54;A2A3_0;4.60;0.00;tripinfo_flow_0.161 emissions_flow_0.161;84.00;flow_0.161;0;632.42;1.00;0.00;37.64;car;;1;22.00;243488.208887;4956.812880;28.181972;99.907856;5.499984;0;77680.121209
31316.00;E2J1_0;100.00;13.14;31244.00;0.68;A2A3_0;4.60;0.00;tripinfo_flow_0.162 emissions_flow_0.162;72.00;flow_0.162;0;632.42;1.03;0.00;25.87;car;;1;10.00;216832.286046;3679.793839;21.839759;88.942015;4.536483;0;69177.096913
31495.00;E2J1_0;100.00;12.63;31437.00;0.82;A2A3_0;4.60;0.00;tripinfo_flow_0.163 emissions_flow_0.163;58.00;flow_0.163;0;632.42;0.98;0.00;11.09;car;;0;0.00;167264.913104;1963.269896;12.997757;68.557718;3.058098;0;53364.567542
31690.00;E2J1_0;100.00;11.96;31630.00;0.96;A2A3_0;4.60;0.00;tripinfo_flow_0.164 emissions_flow_0.164;60.00;flow_0.164;0;632.42;0.94;0.00;10.58;car;;0;0.00;164708.864475;1790.028127;12.083935;65.632850;2.750327;0;52549.786974
31879.00;E2J1_0;100.00;13.81;31822.00;0.10;A2A3_0;4.60;0.00;tripinfo_flow_0.165 emissions_flow_0.165;57.00;flow_0.165;0;632.42;1.09;0.00;10.82;car;;0;0.00;169426.975170;1862.923717;12.646159;68.489623;2.943992;0;54054.824085
32128.00;E2J1_0;100.00;12.06;32015.00;0.24;A2A3_0;4.60;0.00;tripinfo_flow_0.166 emissions_flow_0.166;113.00;flow_0.166;0;632.42;0.90;0.00;61.99;car;;1;45.00;289365.533202;7601.606951;41.209307;118.739809;7.362625;0;92313.863700
32309.00;E2J1_0;100.00;12.20;32208.00;0.38;A2A3_0;4.60;0.00;tripinfo_flow_0.167 emissions_flow_0.167;101.00;flow_0.167;0;632.42;0.89;0.00;48.40;car;;1;33.00;260560.601436;6149.737251;33.944623;105.232583;6.109467;0;83125.888018
32486.00;E2J1_0;100.00;13.01;32401.00;0.52;A2A3_0;4.60;0.00;tripinfo_flow_0.168 emissions_flow_0.168;85.00;flow_0.168;0;632.42;1.14;0.00;38.38;car;;1;23.00;247302.765259;5005.161406;28.518489;101.399852;5.574470;0;78897.157762
32666.00;E2J1_0;100.00;12.85;32594.00;0.66;A2A3_0;4.60;0.00;tripinfo_flow_0.169 emissions_flow_0.169;72.00;flow_0.169;0;632.42;0.96;0.00;23.29;car;;1;9.00;206229.675800;3278.744692;19.755419;83.357468;4.067347;0;65795.101143
32848.00;E2J1_0;100.00;12.64;32787.00;0.80;A2A3_0;4.60;0.00;tripinfo_flow_0.170 emissions_flow_0.170;61.00;flow_0.170;0;632.42;0.92;0.00;11.01;car;;0;0.00;162882.597574;1858.467322;12.360815;65.222548;2.788901;0;51966.897066
33037.00;E2J1_0;100.00;13.81;32980.00;0.94;A2A3_0;4.60;0.00;tripinfo_flow_0.171 emissions_flow_0.171;57.00;flow_0.171;0;632.42;1.09;0.00;10.82;car;;0;0.00;166202.861571;1968.724863;12.865656;67.642798;3.022538;0;53025.948043
33228.00;E2J1_0;100.00;13.27;33172.00;0.08;A2A3_0;4.60;0.00;tripinfo_flow_0.172 emissions_flow_0.172;56.00;flow_0.172;0;632.42;1.03;0.00;10.18;car;;0;0.00;173976.651215;1892.312451;12.797889;70.210197;3.026563;0;55506.509503
33476.00;E2J1_0;100.00;13.62;33365.00;0.22;A2A3_0;4.60;0.00;tripinfo_flow_0.173 emissions_flow_0.173;111.00;flow_0.173;0;632.42;1.08;0.00;64.81;car;;1;48.00;310378.208212;7997.366006;43.527720;127.696248;7.885791;0;99017.627003
33656.00;E2J1_0;100.00;13.08;33558.00;0.36;A2A3_0;4.60;0.00;tripinfo_flow_0.174 emissions_flow_0.174;98.00;flow_0.174;0;632.42;1.06;0.00;51.51;car;;1;36.00;282662.022652;6684.378670;37.025218;117.249047;6.986169;0;90176.089385
33836.00;E2J1_0;100.00;13.36;33751.00;0.50;A2A3_0;4.60;0.00;tripinfo_flow_0.175 emissions_flow_0.175;85.00;flow_0.175;0;632.42;1.10;0.00;39.28;car;;1;22.00;244414.320658;4911.035661;28.024518;99.951166;5.459283;0;77975.779488
34016.00;E2J1_0;100.00;13.76;33944.00;0.64;A2A3_0;4.60;0.00;tripinfo_flow_0.176 emissions_flow_0.176;72.00;flow_0.176;0;632.42;1.03;0.00;25.47;car;;1;8.00;216951.407287;3558.395630;21.365441;89.315122;4.504017;0;69215.167204
34196.00;E2J1_0;100.00;13.47;34137.00;0.78;A2A3_0;4.60;0.00;tripinfo_flow_0.177 emissions_flow_0.177;59.00;flow_0.177;0;632.42;1.03;0.00;12.75;car;;0;0.00;172255.420820;2030.548676;13.223032;69.195653;3.033623;0;54957.241033
34387.00;E2J1_0;100.00;13.00;34330.00;0.92;A2A3_0;4.60;0.00;tripinfo_flow_0.178 emissions_flow_0.178;57.00;flow_0.178;0;632.42;1.08;0.00;10.23;car;;0;0.00;165855.382973;1919.167011;12.790739;67.540425;2.983843;0;52915.049842
34647.00;E2J1_0;100.00;12.93;34522.00;0.06;A2A3_0;4.60;0.00;tripinfo_flow_0.179 emissions_flow_0.179;125.00;flow_0.179;0;632.42;0.94;0.00;75.74;car;;1;58.00;326537.364440;9106.113628;48.831648;133.349289;8.526908;0;104172.021099
34828.00;E2J1_0;100.00;11.61;34715.00;0.20;A2A3_0;4.60;0.00;tripinfo_flow_0.180 emissions_flow_0.180;113.00;flow_0.180;0;632.42;0.92;0.00;62.25;car;;1;46.00;295889.631283;7712.881685;41.873721;120.740661;7.432294;0;94395.494510
35005.00;E2J1_0;100.00;13.51;34908.00;0.34;A2A3_0;4.60;0.00;tripinfo_flow_0.181 emissions_flow_0.181;97.00;flow_0.181;0;632.42;1.08;0.00;51.44;car;;1;37.00;282082.374709;6610.446636;36.684138;117.096582;6.949642;0;89991.233683
35189.00;E2J1_0;100.00;11.71;35101.00;0.48;A2A3_0;4.60;0.00;tripinfo_flow_0.182 emissions_flow_0.182;88.00;flow_0.182;0;632.42;0.89;0.00;35.82;car;;1;19.00;226067.550975;4638.681353;26.426098;92.006367;5.008906;0;72122.366623
35367.00;E2J1_0;100.00;13.15;35294.00;0.62;A2A3_0;4.60;0.00;tripinfo_flow_0.183 emissions_flow_0.183;73.00;flow_0.183;0;632.42;0.97;0.00;25.18;car;;1;9.00;213303.729103;3535.337280;21.144892;87.768426;4.423209;0;68051.336724
35545.00;E2J1_0;100.00;12.44;35487.00;0.76;A2A3_0;4.60;0.00;tripinfo_flow_0.184 emissions_flow_0.184;58.00;flow_0.184;0;632.42;0.97;0.00;10.56;car;;0;0.00;168173.095347;1921.338277;12.838831;68.385273;2.980231;0;53654.532489
35744.00;E2J1_0;100.00;11.37;35680.00;0.90;A2A3_0;4.60;0.00;tripinfo_flow_0.185 emissions_flow_0.185;64.00;flow_0.185;0;632.42;0.90;0.00;11.88;car;;0;0.00;169788.211992;2006.212412;13.197430;67.713922;2.887722;0;54170.000528
35998.00;E2J1_0;100.00;12.49;35872.00;0.04;A2A3_0;4.60;0.00;tripinfo_flow_0.186 emissions_flow_0.186;126.00;flow_0.186;0;632.42;0.93;0.00;75.34;car;;1;58.00;327221.397365;9102.993040;48.812880;133.450929;8.508904;0;104390.296680
36162.00;E2J1_0;100.00;9.72;36000.00;0.00;A2A1_0;10.10;0.00;tripinfo_flow_1.5 emissions_flow_1.5;162.00;flow_1.5;0;632.08;1.10;60.00;38.00;bus;;1;12.00;390848.967595;12105.680763;63.909226;161.351851;10.853383;0;124686.191161
36176.00;E2J1_0;100.00;13.66;36065.00;0.18;A2A3_0;4.60;0.00;tripinfo_flow_0.187 emissions_flow_0.187;111.00;flow_0.187;0;632.42;1.07;0.00;64.80;car;;1;48.00;305855.190491;7965.063235;43.315996;126.638475;7.908828;0;97574.351227
36356.00;E2J1_0;100.00;13.23;36258.00;0.32;A2A3_0;4.60;0.00;tripinfo_flow_0.188 emissions_flow_0.188;98.00;flow_0.188;0;632.42;1.00;0.00;51.47;car;;1;35.00;281990.656668;6461.498223;35.907719;115.486994;6.712305;0;89962.641673
36539.00;E2J1_0;100.00;11.38;36451.00;0.46;A2A3_0;4.60;0.00;tripinfo_flow_0.189 emissions_flow_0.189;88.00;flow_0.189;0;632.42;0.84;0.00;32.42;car;;1;18.00;225098.659021;4600.965007;26.221542;91.399140;4.939531;0;71813.284563
36715.00;E2J1_0;100.00;13.71;36644.00;0.60;A2A3_0;4.60;0.00;tripinfo_flow_0.190 emissions_flow_0.190;71.00;flow_0.190;0;632.42;1.03;0.00;25.41;car;;1;10.00;220105.584133;3605.227245;21.721720;90.588248;4.566299;0;70221.440082
36900.00;E2J1_0;100.00;11.95;36837.00;0.74;A2A3_0;4.60;0.00;tripinfo_flow_0.191 emissions_flow_0.191;63.00;flow_0.191;0;632.42;0.87;0.00;10.43;car;;0;0.00;165427.688162;1944.239058;12.859599;66.003062;2.806028;0;52778.760077
37088.00;E2J1_0;100.00;12.71;37030.00;0.88;A2A3_0;4.60;0.00;tripinfo_flow_0.192 emissions_flow_0.192;58.00;flow_0.192;0;632.42;1.06;0.00;11.51;car;;0;0.00;170146.352467;2020.514384;13.363451;69.921501;3.142603;0;54283.788422
37350.00;E2J1_0;100.00;11.27;37222.00;0.02;A2A3_0;4.60;0.00;tripinfo_flow_0.193 emissions_flow_0.193;128.00;flow_0.193;0;632.42;0.83;0.00;71.70;car;;1;57.00;304820.879976;8797.432982;46.978455;125.014873;8.112034;0;97243.301809
37527.00;E2J1_0;100.00;12.98;37415.00;0.16;A2A3_0;4.60;0.00;tripinfo_flow_0.194 emissions_flow_0.194;112.00;flow_0.194;0;632.42;0.95;0.00;63.01;car;;1;46.00;294639.445234;7503.070167;40.892576;119.997756;7.296547;0;93997.004045
37709.00;E2J1_0;100.00;11.05;37608.00;0.30;A2A3_0;4.60;0.00;tripinfo_flow_0.195 emissions_flow_0.195;101.00;flow_0.195;0;632.42;0.87;0.00;48.17;car;;1;31.00;249391.811980;5973.291720;32.899803;101.354060;5.943048;0;79562.386342
37886.00;E2J1_0;100.00;13.65;37801.00;0.44;A2A3_0;4.60;0.00;tripinfo_flow_0.196 emissions_flow_0.196;85.00;flow_0.196;0;632.42;1.03;0.00;38.30;car;;1;20.00;244648.176166;5038.445935;28.756245;102.002863;5.707355;0;78049.563299
38066.00;E2J1_0;100.00;12.98;37994.00;0.58;A2A3_0;4.60;0.00;tripinfo_flow_0.197 emissions_flow_0.197;72.00;flow_0.197;0;632.42;1.11;0.00;24.56;car;;1;7.00;216894.993070;3542.286852;21.298597;89.625284;4.518592;0;69197.046670
38244.00;E2J1_0;100.00;13.09;38187.00;0.72;A2A3_0;4.60;0.00;tripinfo_flow_0.198 emissions_flow_0.198;57.00;flow_0.198;0;632.42;1.07;0.00;11.23;car;;0;0.00;164450.132408;1824.512037;12.207618;66.165330;2.842523;0;52467.093818
38438.00;E2J1_0;100.00;13.70;38380.00;0.86;A2A3_0;4.60;0.00;tripinfo_flow_0.199 emissions_flow_0.199;58.00;flow_0.199;0;632.42;1.02;0.00;10.86;car;;0;0.00;168057.206787;1889.922379;12.695863;67.929836;2.945916;0;53617.757810
38630.00;E2J1_0;100.00;13.88;38572.00;0.00;A2A3_0;4.60;0.00;tripinfo_flow_0.200 emissions_flow_0.200;58.00;flow_0.200;0;632.42;1.00;0.00;11.39;car;;0;0.00;178060.832695;2032.593791;13.478773;72.246672;3.187564;0;56809.327087
38877.00;E2J1_0;100.00;13.30;38765.00;0.14;A2A3_0;4.60;0.00;tripinfo_flow_0.201 emissions_flow_0.201;112.00;flow_0.201;0;632.42;0.97;0.00;64.05;car;;1;47.00;302916.716786;7837.671131;42.602225;124.912908;7.736784;0;96637.103087
39056.00;E2J1_0;100.00;13.33;38958.00;0.28;A2A3_0;4.60;0.00;tripinfo_flow_0.202 emissions_flow_0.202;98.00;flow_0.202;0;632.42;0.96;0.00;49.94;car;;1;33.00;276937.383850;6337.177236;35.353352;114.056075;6.626855;0;88350.212481
39236.00;E2J1_0;100.00;13.21;39151.00;0.42;A2A3_0;4.60;0.00;tripinfo_flow_0.203 emissions_flow_0.203;85.00;flow_0.203;0;632.42;0.98;0.00;37.90;car;;1;22.00;242811.428184;4940.995607;28.137558;99.587523;5.488418;0;77464.217984
39416.00;E2J1_0;100.00;13.76;39344.00;0.56;A2A3_0;4.60;0.00;tripinfo_flow_0.204 emissions_flow_0.204;72.00;flow_0.204;0;632.42;1.10;0.00;25.74;car;;1;10.00;222053.328445;3591.051388;21.638445;90.891107;4.528700;0;70843.063635
39595.00;E2J1_0;100.00;12.99;39537.00;0.70;A2A3_0;4.60;0.00;tripinfo_flow_0.205 emissions_flow_0.205;58.00;flow_0.205;0;632.42;1.04;0.00;11.95;car;;0;0.00;168748.022537;1894.660630;12.692715;68.203843;2.970340;0;53838.195737
39788.00;E2J1_0;100.00;12.73;39730.00;0.84;A2A3_0;4.60;0.00;tripinfo_flow_0.206 emissions_flow_0.206;58.00;flow_0.206;0;632.42;1.00;0.00;11.77;car;;0;0.00;161365.363133;2029.323627;13.138960;66.025457;3.008838;0;51482.216476
39979.00;E2J1_0;100.00;13.16;39923.00;0.98;A2A3_0;4.60;0.00;tripinfo_flow_0.207 emissions_flow_0.207;56.00;flow_0.207;0;632.42;1.10;0.00;10.21;car;;0;0.00;167657.733193;1885.732429;12.509301;67.605759;2.952870;0;53490.454290
40230.00;E2J1_0;100.00;10.55;40115.00;0.12;A2A3_0;4.60;0.00;tripinfo_flow_0.208 emissions_flow_0.208;115.00;flow_0.208;0;632.42;0.83;0.00;59.04;car;;1;44.00;284756.045350;7558.219511;40.939922;116.294276;7.189220;0;90843.289838
40406.00;E2J1_0;100.00;13.64;40308.00;0.26;A2A3_0;4.60;0.00;tripinfo_flow_0.209 emissions_flow_0.209;98.00;flow_0.209;0;632.42;1.09;0.00;51.21;car;;1;36.00;283480.772650;6610.467883;36.755534;117.790923;6.963632;0;90437.332675
40586.00;E2J1_0;100.00;12.64;40501.00;0.40;A2A3_0;4.60;0.00;tripinfo_flow_0.210 emissions_flow_0.210;85.00;flow_0.210;0;632.42;0.97;0.00;37.54;car;;1;22.00;242784.443717;5000.028955;28.445519;100.363897;5.568611;0;77455.218361
40765.00;E2J1_0;100.00;13.59;40694.00;0.54;A2A3_0;4.60;0.00;tripinfo_flow_0.211 emissions_flow_0.211;71.00;flow_0.211;0;632.42;1.07;0.00;25.41;car;;1;10.00;215931.139476;3636.795909;21.565379;88.648554;4.512521;0;68889.656446
40944.00;E2J1_0;100.00;13.23;40887.00;0.68;A2A3_0;4.60;0.00;tripinfo_flow_0.212 emissions_flow_0.212;57.00;flow_0.212;0;632.42;1.07;0.00;10.48;car;;0;0.00;170944.214065;1935.146371;12.826194;68.666658;2.976283;0;54539.027597
41143.00;E2J1_0;100.00;11.49;41080.00;0.82;A2A3_0;4.60;0.00;tripinfo_flow_0.213 emissions_flow_0.213;63.00;flow_0.213;0;632.42;0.91;0.00;11.48;car;;0;0.00;171632.654851;2054.344557;13.489859;69.329007;3.027422;0;54758.204577
41330.00;E2J1_0;100.00;13.09;41273.00;0.96;A2A3_0;4.60;0.00;tripinfo_flow_0.214 emissions_flow_0.214;57.00;flow_0.214;0;632.42;1.00;0.00;9.91;car;;0;0.00;161719.209497;1876.119397;12.390623;65.538192;2.886184;0;51595.568239
41576.00;E2J1_0;100.00;13.60;41465.00;0.10;A2A3_0;4.60;0.00;tripinfo_flow_0.215 emissions_flow_0.215;111.00;flow_0.215;0;632.42;1.15;0.00;65.37;car;;1;49.00;311678.256021;8032.356033;43.658532;128.227091;7.932595;0;99432.432824
41760.00;E2J1_0;100.00;11.11;41658.00;0.24;A2A3_0;4.60;0.00;tripinfo_flow_0.216 emissions_flow_0.216;102.00;flow_0.216;0;632.42;0.84;0.00;46.27;car;;1;28.00;246298.337255;5767.260378;31.945939;99.521518;5.712977;0;78575.756971
41936.00;E2J1_0;100.00;13.27;41851.00;0.38;A2A3_0;4.60;0.00;tripinfo_flow_0.217 emissions_flow_0.217;85.00;flow_0.217;0;632.42;1.06;0.00;38.95;car;;1;22.00;243760.928583;5035.545035;28.659600;100.761664;5.604199;0;77766.760313
42116.00;E2J1_0;100.00;12.93;42044.00;0.52;A2A3_0;4.60;0.00;tripinfo_flow_0.218 emissions_flow_0.218;72.00;flow_0.218;0;632.42;1.02;0.00;25.06;car;;1;9.00;219171.588540;3566.023576;21.439876;90.174482;4.513333;0;69923.485009
42296.00;E2J1_0;100.00;13.17;42237.00;0.66;A2A3_0;4.60;0.00;tripinfo_flow_0.219 emissions_flow_0.219;59.00;flow_0.219;0;632.42;0.97;0.00;11.56;car;;0;0.00;174313.463456;2004.131894;13.294355;70.207840;3.044284;0;55613.779306
42486.00;E2J1_0;100.00;12.65;42430.00;0.80;A2A3_0;4.60;0.00;tripinfo_flow_0.220 emissions_flow_0.220;56.00;flow_0.220;0;632.42;1.24;0.00;9.97;car;;0;0.00;164793.521957;1765.165773;11.937821;65.894098;2.777850;0;52576.881711
42679.00;E2J1_0;100.00;13.58;42623.00;0.94;A2A3_0;4.60;0.00;tripinfo_flow_0.221 emissions_flow_0.221;56.00;flow_0.221;0;632.42;1.11;0.00;9.84;car;;0;0.00;163352.412824;1728.187087;11.711946;65.390484;2.768525;0;52117.145903
42926.00;E2J1_0;100.00;12.88;42815.00;0.08;A2A3_0;4.60;0.00;tripinfo_flow_0.222 emissions_flow_0.222;111.00;flow_0.222;0;632.42;1.09;0.00;64.87;car;;1;49.00;303936.129482;7970.321642;43.247712;125.558032;7.832197;0;96962.119028
43106.00;E2J1_0;100.00;13.03;43008.00;0.22;A2A3_0;4.60;0.00;tripinfo_flow_0.223 emissions_flow_0.223;98.00;flow_0.223;0;632.42;0.99;0.00;50.88;car;;1;34.00;277731.617062;6569.360825;36.366057;115.458585;6.867776;0;88603.059145
43286.00;E2J1_0;100.00;13.40;43201.00;0.36;A2A3_0;4.60;0.00;tripinfo_flow_0.224 emissions_flow_0.224;85.00;flow_0.224;0;632.42;1.14;0.00;39.29;car;;1;23.00;246652.528136;5039.146185;28.691375;100.960937;5.549644;0;78689.659099
43360.00;E2J1_0;100.00;9.86;43200.00;0.00;A2A1_0;10.10;0.00;tripinfo_flow_1.6 emissions_flow_1.6;160.00;flow_1.6;0;632.08;1.04;60.00;35.75;bus;;1;10.00;388054.705685;12029.034717;63.466308;159.474671;10.704462;0;123794.965429
43467.00;E2J1_0;100.00;12.63;43394.00;0.50;A2A3_0;4.60;0.00;tripinfo_flow_0.225 emissions_flow_0.225;73.00;flow_0.225;0;632.42;0.97;0.00;25.43;car;;1;9.00;214315.149094;3554.341890;21.247964;87.504025;4.389163;0;68374.197420
43644.00;E2J1_0;100.00;13.78;43587.00;0.64;A2A3_0;4.60;0.00;tripinfo_flow_0.226 emissions_flow_0.226;57.00;flow_0.226;0;632.42;1.15;0.00;10.34;car;;0;0.00;166983.259435;1804.284979;12.193846;66.949762;2.841707;0;53275.430104
43842.00;E2J1_0;100.00;12.04;43780.00;0.78;A2A3_0;4.60;0.00;tripinfo_flow_0.227 emissions_flow_0.227;62.00;flow_0.227;0;632.42;0.91;0.00;11.50;car;;0;0.00;159684.829073;1893.712897;12.456645;64.009449;2.757632;0;50946.475905
44032.00;E2J1_0;100.00;12.43;43973.00;0.92;A2A3_0;4.60;0.00;tripinfo_flow_0.228 emissions_flow_0.228;59.00;flow_0.228;0;632.42;0.96;0.00;10.78;car;;0;0.00;161339.365642;1816.065023;12.080710;64.666959;2.762681;0;51474.581863
44275.00;E2J1_0;100.00;13.04;44165.00;0.06;A2A3_0;4.60;0.00;tripinfo_flow_0.229 emissions_flow_0.229;110.00;flow_0.229;0;632.42;1.04;0.00;64.21;car;;1;51.00;307374.994967;8076.216812;43.797522;126.909151;7.949248;0;98059.246254
44458.00;E2J1_0;100.00;11.84;44358.00;0.20;A2A3_0;4.60;0.00;tripinfo_flow_0.230 emissions_flow_0.230;100.00;flow_0.230;0;632.42;0.88;0.00;47.67;car;;1;33.00;255042.098252;6080.230203;33.632518;104.557482;6.142312;0;81364.753182
44636.00;E2J1_0;100.00;12.86;44551.00;0.34;A2A3_0;4.60;0.00;tripinfo_flow_0.231 emissions_flow_0.231;85.00;flow_0.231;0;632.42;1.10;0.00;38.59;car;;1;22.00;242203.923510;5015.205910;28.465382;100.005926;5.568748;0;77270.073892
44816.00;E2J1_0;100.00;12.74;44744.00;0.48;A2A3_0;4.60;0.00;tripinfo_flow_0.232 emissions_flow_0.232;72.00;flow_0.232;0;632.42;1.13;0.00;25.41;car;;1;8.00;211119.459649;3424.808079;20.595291;86.580666;4.323463;0;67354.675010
44996.00;E2J1_0;100.00;13.09;44937.00;0.62;A2A3_0;4.60;0.00;tripinfo_flow_0.233 emissions_flow_0.233;59.00;flow_0.233;0;632.42;0.95;0.00;10.29;car;;0;0.00;167984.877374;1868.669363;12.579853;67.745089;2.896379;0;53594.692169
45187.00;E2J1_0;100.00;12.94;45130.00;0.76;A2A3_0;4.60;0.00;tripinfo_flow_0.234 emissions_flow_0.234;57.00;flow_0.234;0;632.42;1.01;0.00;10.89;car;;0;0.00;174100.831603;2096.755603;13.806141;71.568983;3.233578;0;55545.384891
45447.00;E2J1_0;100.00;12.78;45323.00;0.90;A2A3_0;4.60;0.00;tripinfo_flow_0.235 emissions_flow_0.235;124.00;flow_0.235;0;632.42;0.97;0.00;75.48;car;;1;60.00;320160.867364;9214.257020;49.316042;133.034164;8.720970;0;102136.713718
45626.00;E2J1_0;100.00;13.58;45515.00;0.04;A2A3_0;4.60;0.00;tripinfo_flow_0.236 emissions_flow_0.236;111.00;flow_0.236;0;632.42;0.99;0.00;63.76;car;;1;49.00;307263.455236;8025.261032;43.605694;127.187472;7.929176;0;98023.554199
45806.00;E2J1_0;100.00;13.18;45708.00;0.18;A2A3_0;4.60;0.00;tripinfo_flow_0.237 emissions_flow_0.237;98.00;flow_0.237;0;632.42;1.02;0.00;51.16;car;;1;35.00;280464.694109;6496.823424;36.066401;115.448674;6.768696;0;89475.525596
45986.00;E2J1_0;100.00;12.67;45901.00;0.32;A2A3_0;4.60;0.00;tripinfo_flow_0.238 emissions_flow_0.238;85.00;flow_0.238;0;632.42;1.01;0.00;38.64;car;;1;23.00;242817.458309;4941.803853;28.079921;99.274719;5.456141;0;77466.261348
46167.00;E2J1_0;100.00;12.51;46094.00;0.46;A2A3_0;4.60;0.00;tripinfo_flow_0.239 emissions_flow_0.239;73.00;flow_0.239;0;632.42;0.97;0.00;25.27;car;;1;10.00;208337.806512;3439.263756;20.548178;84.812068;4.243533;0;66467.345445
46345.00;E2J1_0;100.00;13.86;46287.00;0.60;A2A3_0;4.60;0.00;tripinfo_flow_0.240 emissions_flow_0.240;58.00;flow_0.240;0;632.42;1.04;0.00;11.37;car;;0;0.00;170049.560488;1988.738345;13.191013;69.278912;3.069226;0;54253.136756
46537.00;E2J1_0;100.00;13.08;46480.00;0.74;A2A3_0;4.60;0.00;tripinfo_flow_0.241 emissions_flow_0.241;57.00;flow_0.241;0;632.42;1.14;0.00;10.75;car;;0;0.00;165289.559713;1818.965158;12.160969;66.411500;2.847170;0;52735.017967
46796.00;E2J1_0;100.00;13.89;46673.00;0.88;A2A3_0;4.60;0.00;tripinfo_flow_0.242 emissions_flow_0.242;123.00;flow_0.242;0;632.42;1.11;0.00;76.18;car;;1;60.00;335118.020900;9372.834218;50.324507;138.763623;8.968945;0;106908.910598
46977.00;E2J1_0;100.00;11.87;46865.00;0.02;A2A3_0;4.60;0.00;tripinfo_flow_0.243 emissions_flow_0.243;112.00;flow_0.243;0;632.42;0.93;0.00;62.20;car;;1;46.00;291179.870095;7668.050146;41.614201;119.821937;7.455127;0;92892.587248
47159.00;E2J1_0;100.00;11.55;47058.00;0.16;A2A3_0;4.60;0.00;tripinfo_flow_0.244 emissions_flow_0.244;101.00;flow_0.244;0;632.42;0.88;0.00;48.16;car;;1;34.00;257945.825721;6152.923421;34.008629;105.445190;6.189529;0;82291.206161
47336.00;E2J1_0;100.00;13.03;47251.00;0.30;A2A3_0;4.60;0.00;tripinfo_flow_0.245 emissions_flow_0.245;85.00;flow_0.245;0;632.42;0.99;0.00;37.99;car;;1;24.00;249530.507973;5088.723259;29.070189;102.916604;5.683534;0;79607.573368
47516.00;E2J1_0;100.00;13.05;47444.00;0.44;A2A3_0;4.60;0.00;tripinfo_flow_0.246 emissions_flow_0.246;72.00;flow_0.246;0;632.42;0.98;0.00;23.94;car;;1;7.00;211595.078079;3300.995445;20.149231;87.409799;4.323026;0;67506.376086
47701.00;E2J1_0;100.00;11.42;47637.00;0.58;A2A3_0;4.60;0.00;tripinfo_flow_0.247 emissions_flow_0.247;64.00;flow_0.247;0;632.42;0.88;0.00;11.07;car;;0;0.00;163421.438902;1948.193233;12.811483;65.108374;2.769314;0;52138.668138
47907.00;E2J1_0;100.00;8.79;47830.00;0.72;A2A3_0;4.60;0.00;tripinfo_flow_0.248 emissions_flow_0.248;77.00;flow_0.248;0;632.42;0.71;0.00;11.08;car;;0;0.00;155324.834128;2255.074030;13.934707;61.252450;2.689923;0;49554.887261
48146.00;E2J1_0;100.00;12.85;48023.00;0.86;A2A3_0;4.60;0.00;tripinfo_flow_0.249 emissions_flow_0.249;123.00;flow_0.249;0;632.42;0.96;0.00;74.78;car;;1;59.00;329189.322650;9117.686357;49.000043;135.776311;8.699001;0;105017.781691
48325.00;E2J1_0;100.00;13.40;48215.00;0.00;A2A3_0;4.60;0.00;tripinfo_flow_0.250 emissions_flow_0.250;110.00;flow_0.250;0;632.42;1.30;0.00;64.09;car;;1;50.00;301155.078371;7931.124272;42.993594;124.106678;7.782097;0;96075.017040
48506.00;E2J1_0;100.00;12.62;48408.00;0.14;A2A3_0;4.60;0.00;tripinfo_flow_0.251 emissions_flow_0.251;98.00;flow_0.251;0;632.42;1.01;0.00;51.70;car;;1;33.00;274590.264975;6380.866592;35.389223;112.830697;6.619882;0;87601.486013
48689.00;E2J1_0;100.00;10.98;48601.00;0.28;A2A3_0;4.60;0.00;tripinfo_flow_0.252 emissions_flow_0.252;88.00;flow_0.252;0;632.42;0.84;0.00;33.32;car;;1;20.00;214773.807759;4474.448056;25.412183;87.061250;4.735286;0;68519.265619
48873.00;E2J1_0;100.00;10.15;48794.00;0.42;A2A3_0;4.60;0.00;tripinfo_flow_0.253 emissions_flow_0.253;79.00;flow_0.253;0;632.42;0.75;0.00;16.54;car;;0;0.00;179975.770989;2784.420999;16.939586;71.617716;3.286093;0;57419.169857
49044.00;E2J1_0;100.00;13.87;48987.00;0.56;A2A3_0;4.60;0.00;tripinfo_flow_0.254 emissions_flow_0.254;57.00;flow_0.254;0;632.42;1.13;0.00;10.69;car;;0;0.00;180598.401804;2069.597901;13.825033;74.104687;3.292489;0;57618.592559
49239.00;E2J1_0;100.00;13.33;49180.00;0.70;A2A3_0;4.60;0.00;tripinfo_flow_0.255 emissions_flow_0.255;59.00;flow_0.255;0;632.42;1.04;0.00;12.00;car;;0;0.00;176063.083263;1990.190492;13.187608;70.804976;3.067697;0;56172.151545
49432.00;E2J1_0;100.00;12.31;49373.00;0.84;A2A3_0;4.60;0.00;tripinfo_flow_0.256 emissions_flow_0.256;59.00;flow_0.256;0;632.42;0.96;0.00;9.89;car;;0;0.00;165895.801874;1832.276281;12.305449;66.161395;2.807795;0;52928.461156
49675.00;E2J1_0;100.00;12.69;49566.00;0.98;A2A3_0;4.60;0.00;tripinfo_flow_0.257 emissions_flow_0.257;109.00;flow_0.257;0;632.42;1.13;0.00;63.21;car;;1;48.00;303586.413885;7860.313040;42.802303;125.495153;7.788762;0;96850.650031
49857.00;E2J1_0;100.00;13.06;49758.00;0.12;A2A3_0;4.60;0.00;tripinfo_flow_0.258 emissions_flow_0.258;99.00;flow_0.258;0;632.42;0.96;0.00;50.02;car;;1;34.00;266546.424027;6261.833045;34.703856;110.240679;6.507681;0;85034.910202
50037.00;E2J1_0;100.00;12.39;49951.00;0.26;A2A3_0;4.60;0.00;tripinfo_flow_0.259 emissions_flow_0.259;86.00;flow_0.259;0;632.42;0.98;0.00;38.06;car;;1;21.00;242732.537083;4949.501567;28.130167;99.362875;5.468744;0;77439.069861
50217.00;E2J1_0;100.00;11.61;50144.00;0.40;A2A3_0;4.60;0.00;tripinfo_flow_0.260 emissions_flow_0.260;73.00;flow_0.260;0;632.42;0.92;0.00;22.39;car;;1;8.00;206975.814010;3386.995719;20.327048;84.103485;4.147791;0;66032.781760
50397.00;E2J1_0;100.00;12.59;50337.00;0.54;A2A3_0;4.60;0.00;tripinfo_flow_0.261 emissions_flow_0.261;60.00;flow_0.261;0;632.42;0.96;0.00;10.61;car;;0;0.00;168718.799238;1956.067663;12.934839;68.145222;2.977887;0;53828.758671
50566.00;E2J1_0;100.00;9.07;50400.00;0.00;A2A1_0;10.10;0.00;tripinfo_flow_1.7 emissions_flow_1.7;166.00;flow_1.7;0;632.08;1.26;60.00;42.39;bus;;3;13.00;383568.804496;12321.419357;64.667853;158.133312;10.855269;0;122363.192970
50589.00;E2J1_0;100.00;12.52;50530.00;0.68;A2A3_0;4.60;0.00;tripinfo_flow_0.262 emissions_flow_0.262;59.00;flow_0.262;0;632.42;0.97;0.00;11.08;car;;0;0.00;171693.250591;1975.641364;13.009965;68.892927;2.972559;0;54777.938300
50849.00;E2J1_0;100.00;11.72;50723.00;0.82;A2A3_0;4.60;0.00;tripinfo_flow_0.263 emissions_flow_0.263;126.00;flow_0.263;0;632.42;0.87;0.00;72.37;car;;1;57.00;314511.883156;8842.975642;47.438816;129.039247;8.274057;0;100335.271642
51025.00;E2J1_0;100.00;12.94;50916.00;0.96;A2A3_0;4.60;0.00;tripinfo_flow_0.264 emissions_flow_0.264;109.00;flow_0.264;0;632.42;1.05;0.00;63.39;car;;1;47.00;302084.517001;7772.297039;42.320145;124.374180;7.671311;0;96371.745223
51206.00;E2J1_0;100.00;13.16;51108.00;0.10;A2A3_0;4.60;0.00;tripinfo_flow_0.265 emissions_flow_0.265;98.00;flow_0.265;0;632.42;0.98;0.00;50.64;car;;1;33.00;269267.413444;6203.751936;34.465170;110.266168;6.408216;0;85903.483100
51389.00;E2J1_0;100.00;11.57;51301.00;0.24;A2A3_0;4.60;0.00;tripinfo_flow_0.266 emissions_flow_0.266;88.00;flow_0.266;0;632.42;0.85;0.00;33.81;car;;1;18.00;222168.672573;4687.689286;26.597397;91.215138;5.044184;0;70878.056797
51567.00;E2J1_0;100.00;12.37;51494.00;0.38;A2A3_0;4.60;0.00;tripinfo_flow_0.267 emissions_flow_0.267;73.00;flow_0.267;0;632.42;0.97;0.00;24.85;car;;1;6.00;216903.929868;3421.615241;20.631692;88.128673;4.311736;0;69200.506653
51751.00;E2J1_0;100.00;11.88;51687.00;0.52;A2A3_0;4.60;0.00;tripinfo_flow_0.268 emissions_flow_0.268;64.00;flow_0.268;0;632.42;0.87;0.00;10.51;car;;0;0.00;164561.099553;1931.278918;12.736338;65.312886;2.756307;0;52502.395108
51937.00;E2J1_0;100.00;12.91;51880.00;0.66;A2A3_0;4.60;0.00;tripinfo_flow_0.269 emissions_flow_0.269;57.00;flow_0.269;0;632.42;1.21;0.00;10.87;car;;0;0.00;163773.275990;1816.188765;12.165068;65.808610;2.822874;0;52251.182702
52196.00;E2J1_0;100.00;13.60;52073.00;0.80;A2A3_0;4.60;0.00;tripinfo_flow_0.270 emissions_flow_0.270;123.00;flow_0.270;0;632.42;0.99;0.00;76.59;car;;1;59.00;329052.534803;9272.145709;49.696143;136.157110;8.827826;0;104973.836358
52376.00;E2J1_0;100.00;13.28;52266.00;0.94;A2A3_0;4.60;0.00;tripinfo_flow_0.271 emissions_flow_0.271;110.00;flow_0.271;0;632.42;0.97;0.00;62.59;car;;1;46.00;296553.164149;7825.054304;42.423158;122.648633;7.679851;0;94606.641254
52556.00;E2J1_0;100.00;13.78;52458.00;0.08;A2A3_0;4.60;0.00;tripinfo_flow_0.272 emissions_flow_0.272;98.00;flow_0.272;0;632.42;0.99;0.00;51.27;car;;1;35.00;265947.148974;6283.901677;34.849365;109.949197;6.520244;0;84843.704357
52736.00;E2J1_0;100.00;13.13;52651.00;0.22;A2A3_0;4.60;0.00;tripinfo_flow_0.273 emissions_flow_0.273;85.00;flow_0.273;0;632.42;1.08;0.00;38.91;car;;1;23.00;250379.172316;5241.274149;29.736205;103.455696;5.807128;0;79878.136863
52917.00;E2J1_0;100.00;12.71;52844.00;0.36;A2A3_0;4.60;0.00;tripinfo_flow_0.274 emissions_flow_0.274;73.00;flow_0.274;0;632.42;0.95;0.00;23.49;car;;1;7.00;203771.928237;3340.325035;20.102521;83.348368;4.138298;0;65010.461269
53094.00;E2J1_0;100.00;13.75;53037.00;0.50;A2A3_0;4.60;0.00;tripinfo_flow_0.275 emissions_flow_0.275;57.00;flow_0.275;0;632.42;1.02;0.00;11.00;car;;0;0.00;167267.406118;1774.440662;11.979061;66.445537;2.773791;0;53366.348935
53302.00;E2J1_0;100.00;10.04;53230.00;0.64;A2A3_0;4.60;0.00;tripinfo_flow_0.276 emissions_flow_0.276;72.00;flow_0.276;0;632.42;0.76;0.00;11.17;car;;0;0.00;158605.511560;2150.798803;13.570039;62.670630;2.706473;0;50601.790250
53546.00;E2J1_0;100.00;13.50;53423.00;0.78;A2A3_0;4.60;0.00;tripinfo_flow_0.277 emissions_flow_0.277;123.00;flow_0.277;0;632.42;1.04;0.00;75.93;car;;1;57.00;334767.658929;9109.437976;49.065013;137.565327;8.734171;0;106797.828621
53726.00;E2J1_0;100.00;12.38;53616.00;0.92;A2A3_0;4.60;0.00;tripinfo_flow_0.278 emissions_flow_0.278;110.00;flow_0.278;0;632.42;0.98;0.00;61.98;car;;1;44.00;293890.608303;7598.234285;41.335205;120.788000;7.464747;0;93757.674393
53909.00;E2J1_0;100.00;11.30;53808.00;0.06;A2A3_0;4.60;0.00;tripinfo_flow_0.279 emissions_flow_0.279;101.00;flow_0.279;0;632.42;0.89;0.00;48.90;car;;1;32.00;254771.640494;6086.099370;33.586536;103.910752;6.100556;0;81278.620807
54086.00;E2J1_0;100.00;13.15;54001.00;0.20;A2A3_0;4.60;0.00;tripinfo_flow_0.280 emissions_flow_0.280;85.00;flow_0.280;0;632.42;1.10;0.00;38.09;car;;1;21.00;248716.332716;5003.144606;28.629726;102.392711;5.623615;0;79347.995428
54266.00;E2J1_0;100.00;13.53;54194.00;0.34;A2A3_0;4.60;0.00;tripinfo_flow_0.281 emissions_flow_0.281;72.00;flow_0.281;0;632.42;1.19;0.00;26.05;car;;1;11.00;218161.722269;3699.963036;22.078411;90.394345;4.646921;0;69600.940109
54447.00;E2J1_0;100.00;13.31;54387.00;0.48;A2A3_0;4.60;0.00;tripinfo_flow_0.282 emissions_flow_0.282;60.00;flow_0.282;0;632.42;0.97;0.00;11.88;car;;0;0.00;172018.265485;2037.959831;13.411261;69.585659;3.051201;0;54881.297835
54640.00;E2J1_0;100.00;12.68;54580.00;0.62;A2A3_0;4.60;0.00;tripinfo_flow_0.283 emissions_flow_0.283;60.00;flow_0.283;0;632.42;0.97;0.00;11.45;car;;0;0.00;168860.225209;2017.101713;13.279675;68.654769;3.039091;0;53873.616792
54896.00;E2J1_0;100.00;13.02;54773.00;0.76;A2A3_0;4.60;0.00;tripinfo_flow_0.284 emissions_flow_0.284;123.00;flow_0.284;0;632.42;1.09;0.00;76.13;car;;1;60.00;329244.935940;9267.447235;49.617460;135.636053;8.783154;0;105035.444718
55076.00;E2J1_0;100.00;13.32;54966.00;0.90;A2A3_0;4.60;0.00;tripinfo_flow_0.285 emissions_flow_0.285;110.00;flow_0.285;0;632.42;1.14;0.00;64.25;car;;1;48.00;304850.772523;7944.172840;43.146693;125.878407;7.842628;0;97254.021982
55256.00;E2J1_0;100.00;12.65;55158.00;0.04;A2A3_0;4.60;0.00;tripinfo_flow_0.286 emissions_flow_0.286;98.00;flow_0.286;0;632.42;1.05;0.00;51.52;car;;1;36.00;277988.994499;6543.396035;36.242070;114.891972;6.807048;0;88685.450663
55436.00;E2J1_0;100.00;12.93;55351.00;0.18;A2A3_0;4.60;0.00;tripinfo_flow_0.287 emissions_flow_0.287;85.00;flow_0.287;0;632.42;0.96;0.00;36.79;car;;1;19.00;243794.101449;4902.163028;27.932297;99.535185;5.417538;0;77777.892040
55615.00;E2J1_0;100.00;12.86;55544.00;0.32;A2A3_0;4.60;0.00;tripinfo_flow_0.288 emissions_flow_0.288;71.00;flow_0.288;0;632.42;1.10;0.00;25.41;car;;1;9.00;213363.381519;3606.745109;21.580135;88.471616;4.531071;0;68070.045971
55797.00;E2J1_0;100.00;12.66;55737.00;0.46;A2A3_0;4.60;0.00;tripinfo_flow_0.289 emissions_flow_0.289;60.00;flow_0.289;0;632.42;0.98;0.00;12.68;car;;0;0.00;172574.724067;2097.464517;13.742894;70.433499;3.154983;0;55058.585274
55989.00;E2J1_0;100.00;12.55;55930.00;0.60;A2A3_0;4.60;0.00;tripinfo_flow_0.290 emissions_flow_0.290;59.00;flow_0.290;0;632.42;0.98;0.00;11.05;car;;0;0.00;167757.751445;1955.319729;12.990580;68.202038;3.012446;0;53522.001228
56180.00;E2J1_0;100.00;12.76;56123.00;0.74;A2A3_0;4.60;0.00;tripinfo_flow_0.291 emissions_flow_0.291;57.00;flow_0.291;0;632.42;1.16;0.00;10.29;car;;0;0.00;167296.383631;1813.223898;12.288915;67.138333;2.855530;0;53375.284155
56425.00;E2J1_0;100.00;12.85;56316.00;0.88;A2A3_0;4.60;0.00;tripinfo_flow_0.292 emissions_flow_0.292;109.00;flow_0.292;0;632.42;1.07;0.00;63.43;car;;1;48.00;301192.727992;7825.459488;42.419492;123.706926;7.673181;0;96087.292272
56607.00;E2J1_0;100.00;12.99;56508.00;0.02;A2A3_0;4.60;0.00;tripinfo_flow_0.293 emissions_flow_0.293;99.00;flow_0.293;0;632.42;0.94;0.00;49.35;car;;1;34.00;264087.552681;6233.353217;34.535567;108.941662;6.419970;0;84250.456317
56786.00;E2J1_0;100.00;12.88;56701.00;0.16;A2A3_0;4.60;0.00;tripinfo_flow_0.294 emissions_flow_0.294;85.00;flow_0.294;0;632.42;0.98;0.00;37.89;car;;1;21.00;243659.881384;4992.425392;28.448339;100.442747;5.550484;0;77734.638741
56966.00;E2J1_0;100.00;13.16;56894.00;0.30;A2A3_0;4.60;0.00;tripinfo_flow_0.295 emissions_flow_0.295;72.00;flow_0.295;0;632.42;1.04;0.00;26.13;car;;1;10.00;214260.184212;3598.639454;21.393484;87.649885;4.437021;0;68356.627261
57146.00;E2J1_0;100.00;12.78;57087.00;0.44;A2A3_0;4.60;0.00;tripinfo_flow_0.296 emissions_flow_0.296;59.00;flow_0.296;0;632.42;0.98;0.00;11.70;car;;0;0.00;173486.709407;1873.907489;12.615536;68.993345;2.885616;0;55350.476805
57341.00;E2J1_0;100.00;12.70;57280.00;0.58;A2A3_0;4.60;0.00;tripinfo_flow_0.297 emissions_flow_0.297;61.00;flow_0.297;0;632.42;0.96;0.00;11.43;car;;0;0.00;172819.206756;2050.169621;13.457055;69.192679;2.999002;0;55137.030041
57596.00;E2J1_0;100.00;13.07;57473.00;0.72;A2A3_0;4.60;0.00;tripinfo_flow_0.298 emissions_flow_0.298;123.00;flow_0.298;0;632.42;1.06;0.00;75.89;car;;1;59.00;334243.706544;9203.350874;49.556281;138.351380;8.872362;0;106630.201071
57763.00;E2J1_0;100.00;8.87;57600.00;0.00;A2A1_0;10.10;0.00;tripinfo_flow_1.8 emissions_flow_1.8;163.00;flow_1.8;0;632.08;0.99;60.00;38.45;bus;;2;9.00;394127.416322;12206.818687;64.432980;162.563618;10.918839;0;125732.068531
57776.00;E2J1_0;100.00;13.15;57666.00;0.86;A2A3_0;4.60;0.00;tripinfo_flow_0.299 emissions_flow_0.299;110.00;flow_0.299;0;632.42;0.99;0.00;63.41;car;;1;48.00;304136.191105;7799.102984;42.409492;124.526013;7.650373;0;97026.539765
57955.00;E2J1_0;100.00;12.72;57858.00;0.00;A2A3_0;4.60;0.00;tripinfo_flow_0.300 emissions_flow_0.300;97.00;flow_0.300;0;632.42;1.05;0.00;51.24;car;;1;36.00;275066.327191;6341.762647;35.073519;112.063754;6.524569;0;87753.784241
58138.00;E2J1_0;100.00;12.43;58051.00;0.14;A2A3_0;4.60;0.00;tripinfo_flow_0.301 emissions_flow_0.301;87.00;flow_0.301;0;632.42;0.90;0.00;35.41;car;;1;19.00;237440.664670;4743.430757;27.227923;97.227242;5.251668;0;75750.763728
58316.00;E2J1_0;100.00;12.77;58244.00;0.28;A2A3_0;4.60;0.00;tripinfo_flow_0.302 emissions_flow_0.302;72.00;flow_0.302;0;632.42;1.09;0.00;25.58;car;;1;9.00;211044.666130;3509.037208;20.850608;86.564502;4.377804;0;67330.767152
58494.00;E2J1_0;100.00;13.28;58437.00;0.42;A2A3_0;4.60;0.00;tripinfo_flow_0.303 emissions_flow_0.303;57.00;flow_0.303;0;632.42;1.11;0.00;11.30;car;;0;0.00;169451.160313;1823.125864;12.248262;67.026927;2.796440;0;54063.094846
58687.00;E2J1_0;100.00;12.61;58630.00;0.56;A2A3_0;4.60;0.00;tripinfo_flow_0.304 emissions_flow_0.304;57.00;flow_0.304;0;632.42;1.07;0.00;10.86;car;;0;0.00;168250.757441;1874.260936;12.588125;67.900746;2.947350;0;53679.614705
58880.00;E2J1_0;100.00;13.14;58823.00;0.70;A2A3_0;4.60;0.00;tripinfo_flow_0.305 emissions_flow_0.305;57.00;flow_0.305;0;632.42;1.21;0.00;10.87;car;;0;0.00;171106.727496;1925.321865;12.773743;68.960162;2.996254;0;54590.835398
59126.00;E2J1_0;100.00;13.70;59016.00;0.84;A2A3_0;4.60;0.00;tripinfo_flow_0.306 emissions_flow_0.306;110.00;flow_0.306;0;632.42;1.15;0.00;63.03;car;;1;47.00;308221.772265;7917.469041;43.121706;127.325479;7.869704;0;98329.582864
59305.00;E2J1_0;100.00;13.66;59209.00;0.98;A2A3_0;4.60;0.00;tripinfo_flow_0.307 emissions_flow_0.307;96.00;flow_0.307;0;632.42;1.13;0.00;50.37;car;;1;36.00;273122.145183;6397.435669;35.427869;112.691742;6.664750;0;87132.927015
59486.00;E2J1_0;100.00;13.26;59401.00;0.12;A2A3_0;4.60;0.00;tripinfo_flow_0.308 emissions_flow_0.308;85.00;flow_0.308;0;632.42;0.98;0.00;37.84;car;;1;22.00;238413.205933;5040.653986;28.562465;98.681748;5.556854;0;76060.471707
59665.00;E2J1_0;100.00;12.64;59594.00;0.26;A2A3_0;4.60;0.00;tripinfo_flow_0.309 emissions_flow_0.309;71.00;flow_0.309;0;632.42;1.18;0.00;25.24;car;;1;10.00;211683.763010;3468.177291;20.776616;86.740416;4.371025;0;67534.764463
59844.00;E2J1_0;100.00;12.70;59787.00;0.40;A2A3_0;4.60;0.00;tripinfo_flow_0.310 emissions_flow_0.310;57.00;flow_0.310;0;632.42;1.13;0.00;10.79;car;;0;0.00;174070.000233;1905.374308;12.723523;69.936553;3.003627;0;55536.413895
60036.00;E2J1_0;100.00;13.80;59980.00;0.54;A2A3_0;4.60;0.00;tripinfo_flow_0.311 emissions_flow_0.311;56.00;flow_0.311;0;632.42;1.16;0.00;9.88;car;;0;0.00;167661.434768;1766.764799;11.995798;66.845132;2.809740;0;53492.012660
60299.00;E2J1_0;100.00;11.65;60173.00;0.68;A2A3_0;4.60;0.00;tripinfo_flow_0.312 emissions_flow_0.312;126.00;flow_0.312;0;632.42;0.87;0.00;72.85;car;;1;55.00;308738.495771;8808.509425;47.079741;125.660236;8.081937;0;98493.548107
60479.00;E2J1_0;100.00;11.85;60366.00;0.82;A2A3_0;4.60;0.00;tripinfo_flow_0.313 emissions_flow_0.313;113.00;flow_0.313;0;632.42;0.87;0.00;59.25;car;;1;45.00;287309.666562;7434.092273;40.432745;117.154434;7.158872;0;91658.300349
60660.00;E2J1_0;100.00;10.43;60559.00;0.96;A2A3_0;4.60;0.00;tripinfo_flow_0.314 emissions_flow_0.314;101.00;flow_0.314;0;632.42;0.82;0.00;44.40;car;;1;30.00;249625.845378;5944.369881;32.857124;101.832420;5.932737;0;79636.908967
60837.00;E2J1_0;100.00;11.74;60751.00;0.10;A2A3_0;4.60;0.00;tripinfo_flow_0.315 emissions_flow_0.315;86.00;flow_0.315;0;632.42;0.94;0.00;37.08;car;;1;20.00;234245.347154;4832.681101;27.492130;96.358901;5.321806;0;74731.078455
61016.00;E2J1_0;100.00;13.23;60944.00;0.24;A2A3_0;4.60;0.00;tripinfo_flow_0.316 emissions_flow_0.316;72.00;flow_0.316;0;632.42;1.01;0.00;24.96;car;;1;9.00;214715.245603;3489.140448;20.965371;88.443566;4.460632;0;68501.803815
61198.00;E2J1_0;100.00;11.83;61137.00;0.38;A2A3_0;4.60;0.00;tripinfo_flow_0.317 emissions_flow_0.317;61.00;flow_0.317;0;632.42;0.93;0.00;11.21;car;;0;0.00;166489.919813;1947.874008;12.873054;67.056423;2.898605;0;53117.585977
61389.00;E2J1_0;100.00;12.87;61330.00;0.52;A2A3_0;4.60;0.00;tripinfo_flow_0.318 emissions_flow_0.318;59.00;flow_0.318;0;632.42;0.95;0.00;10.96;car;;0;0.00;171546.403868;1976.613086;13.178357;69.298553;3.010319;0;54730.835188
61646.00;E2J1_0;100.00;13.59;61523.00;0.66;A2A3_0;4.60;0.00;tripinfo_flow_0.319 emissions_flow_0.319;123.00;flow_0.319;0;632.42;1.00;0.00;75.71;car;;1;58.00;332604.866380;9246.713031;49.676219;137.150844;8.828087;0;106107.418969
61828.00;E2J1_0;100.00;11.77;61716.00;0.80;A2A3_0;4.60;0.00;tripinfo_flow_0.320 emissions_flow_0.320;112.00;flow_0.320;0;632.42;0.90;0.00;60.98;car;;1;46.00;289135.375632;7433.213984;40.420669;117.310283;7.149733;0;92241.042587
62006.00;E2J1_0;100.00;12.71;61909.00;0.94;A2A3_0;4.60;0.00;tripinfo_flow_0.321 emissions_flow_0.321;97.00;flow_0.321;0;632.42;0.96;0.00;48.54;car;;1;35.00;268826.079003;6296.055423;34.702383;110.123386;6.494045;0;85762.612128
62186.00;E2J1_0;100.00;13.04;62101.00;0.08;A2A3_0;4.60;0.00;tripinfo_flow_0.322 emissions_flow_0.322;85.00;flow_0.322;0;632.42;1.02;0.00;38.78;car;;1;23.00;253229.747570;5007.649387;28.589588;102.588816;5.562789;0;80788.658192
62366.00;E2J1_0;100.00;13.41;62294.00;0.22;A2A3_0;4.60;0.00;tripinfo_flow_0.323 emissions_flow_0.323;72.00;flow_0.323;0;632.42;1.01;0.00;24.81;car;;1;7.00;215690.121176;3519.213769;21.080176;88.713169;4.455124;0;68812.824106
62549.00;E2J1_0;100.00;12.44;62487.00;0.36;A2A3_0;4.60;0.00;tripinfo_flow_0.324 emissions_flow_0.324;62.00;flow_0.324;0;632.42;0.93;0.00;12.32;car;;0;0.00;167978.829489;2048.841904;13.399244;67.912700;2.993711;0;53592.413481
62736.00;E2J1_0;100.00;13.26;62680.00;0.50;A2A3_0;4.60;0.00;tripinfo_flow_0.325 emissions_flow_0.325;56.00;flow_0.325;0;632.42;1.18;0.00;9.56;car;;0;0.00;167249.533125;1815.990725;12.260130;67.276901;2.891982;0;53360.352687
62998.00;E2J1_0;100.00;12.33;62873.00;0.64;A2A3_0;4.60;0.00;tripinfo_flow_0.326 emissions_flow_0.326;125.00;flow_0.326;0;632.42;0.89;0.00;72.86;car;;1;58.00;324278.422545;9139.004721;49.035491;133.825742;8.631064;0;103450.769862
63176.00;E2J1_0;100.00;12.63;63066.00;0.78;A2A3_0;4.60;0.00;tripinfo_flow_0.327 emissions_flow_0.327;110.00;flow_0.327;0;632.42;1.16;0.00;63.62;car;;1;48.00;303287.272812;7871.730615;42.819551;125.610743;7.810751;0;96755.141916
63356.00;E2J1_0;100.00;12.96;63259.00;0.92;A2A3_0;4.60;0.00;tripinfo_flow_0.328 emissions_flow_0.328;97.00;flow_0.328;0;632.42;1.02;0.00;50.90;car;;1;34.00;270252.246904;6330.376075;35.069211;111.115425;6.538334;0;86217.428365
63537.00;E2J1_0;100.00;12.62;63451.00;0.06;A2A3_0;4.60;0.00;tripinfo_flow_0.329 emissions_flow_0.329;86.00;flow_0.329;0;632.42;0.96;0.00;37.78;car;;1;22.00;244511.355257;4891.105980;27.960213;99.589738;5.404016;0;78006.810156
63716.00;E2J1_0;100.00;12.67;63644.00;0.20;A2A3_0;4.60;0.00;tripinfo_flow_0.330 emissions_flow_0.330;72.00;flow_0.330;0;632.42;1.17;0.00;25.18;car;;1;9.00;222574.091628;3624.495410;21.720635;91.109018;4.572213;0;71009.224975
63894.00;E2J1_0;100.00;12.81;63837.00;0.34;A2A3_0;4.60;0.00;tripinfo_flow_0.331 emissions_flow_0.331;57.00;flow_0.331;0;632.42;1.11;0.00;11.41;car;;0;0.00;165405.216274;1813.143298;12.084744;65.699673;2.780377;0;52772.144179
64094.00;E2J1_0;100.00;10.77;64030.00;0.48;A2A3_0;4.60;0.00;tripinfo_flow_0.332 emissions_flow_0.332;64.00;flow_0.332;0;632.42;0.86;0.00;10.29;car;;0;0.00;162948.798968;1937.089474;12.771071;65.163640;2.777116;0;51987.799814
64346.00;E2J1_0;100.00;13.61;64223.00;0.62;A2A3_0;4.60;0.00;tripinfo_flow_0.333 emissions_flow_0.333;123.00;flow_0.333;0;632.42;1.00;0.00;76.25;car;;1;59.00;332962.987503;9247.535938;49.639274;137.296431;8.821706;0;106221.690126
64527.00;E2J1_0;100.00;12.87;64416.00;0.76;A2A3_0;4.60;0.00;tripinfo_flow_0.334 emissions_flow_0.334;111.00;flow_0.334;0;632.42;0.95;0.00;61.88;car;;1;44.00;293816.110911;7480.478581;40.801078;120.120545;7.324761;0;93734.206494
64706.00;E2J1_0;100.00;12.55;64609.00;0.90;A2A3_0;4.60;0.00;tripinfo_flow_0.335 emissions_flow_0.335;97.00;flow_0.335;0;632.42;0.98;0.00;50.32;car;;1;34.00;267049.135198;6335.450287;35.024474;110.332599;6.544995;0;85195.240109
64886.00;E2J1_0;100.00;12.68;64801.00;0.04;A2A3_0;4.60;0.00;tripinfo_flow_0.336 emissions_flow_0.336;85.00;flow_0.336;0;632.42;1.11;0.00;38.19;car;;1;23.00;242376.259971;4984.023073;28.422549;100.062735;5.556173;0;77325.074458
64963.00;E2J1_0;100.00;9.55;64800.00;0.00;A2A1_0;10.10;0.00;tripinfo_flow_1.9 emissions_flow_1.9;163.00;flow_1.9;0;632.08;0.94;60.00;38.69;bus;;1;9.00;387687.375337;12190.618493;64.192076;159.867288;10.831210;0;123677.378027
65071.00;E2J1_0;100.00;10.38;64994.00;0.18;A2A3_0;4.60;0.00;tripinfo_flow_0.337 emissions_flow_0.337;77.00;flow_0.337;0;632.42;0.82;0.00;20.10;car;;1;6.00;196014.133447;3151.286540;19.020443;78.621378;3.750350;0;62535.824373
65243.00;E2J1_0;100.00;13.12;65187.00;0.32;A2A3_0;4.60;0.00;tripinfo_flow_0.338 emissions_flow_0.338;56.00;flow_0.338;0;632.42;1.13;0.00;10.44;car;;0;0.00;173081.540457;1903.037061;12.780570;70.037546;3.034380;0;55220.873287
65442.00;E2J1_0;100.00;11.42;65380.00;0.46;A2A3_0;4.60;0.00;tripinfo_flow_0.339 emissions_flow_0.339;62.00;flow_0.339;0;632.42;0.90;0.00;10.51;car;;0;0.00;167735.194619;1964.682854;13.024744;67.221907;2.878795;0;53514.926565
65696.00;E2J1_0;100.00;13.28;65573.00;0.60;A2A3_0;4.60;0.00;tripinfo_flow_0.340 emissions_flow_0.340;123.00;flow_0.340;0;632.42;1.02;0.00;76.78;car;;1;59.00;332802.817708;9293.575673;49.861269;137.341614;8.850879;0;106170.473456
65880.00;E2J1_0;100.00;10.29;65766.00;0.74;A2A3_0;4.60;0.00;tripinfo_flow_0.341 emissions_flow_0.341;114.00;flow_0.341;0;632.42;0.82;0.00;57.21;car;;1;42.00;273672.786515;7135.865385;38.738873;110.930795;6.758193;0;87307.880998
66056.00;E2J1_0;100.00;12.62;65959.00;0.88;A2A3_0;4.60;0.00;tripinfo_flow_0.342 emissions_flow_0.342;97.00;flow_0.342;0;632.42;0.97;0.00;49.32;car;;1;34.00;268099.190475;6217.701060;34.419085;109.695127;6.401716;0;85530.800987
66235.00;E2J1_0;100.00;13.39;66151.00;0.02;A2A3_0;4.60;0.00;tripinfo_flow_0.343 emissions_flow_0.343;84.00;flow_0.343;0;632.42;1.03;0.00;38.37;car;;1;23.00;250417.400491;5113.873545;29.139764;103.223726;5.727447;0;79890.608014
66416.00;E2J1_0;100.00;13.37;66344.00;0.16;A2A3_0;4.60;0.00;tripinfo_flow_0.344 emissions_flow_0.344;72.00;flow_0.344;0;632.42;0.98;0.00;24.64;car;;1;9.00;211752.014531;3466.884961;20.909774;87.075531;4.354736;0;67556.289464
66594.00;E2J1_0;100.00;13.41;66537.00;0.30;A2A3_0;4.60;0.00;tripinfo_flow_0.345 emissions_flow_0.345;57.00;flow_0.345;0;632.42;1.03;0.00;11.06;car;;0;0.00;172272.078088;1890.240818;12.599616;68.878768;2.941013;0;54962.875146
66789.00;E2J1_0;100.00;12.33;66730.00;0.44;A2A3_0;4.60;0.00;tripinfo_flow_0.346 emissions_flow_0.346;59.00;flow_0.346;0;632.42;0.96;0.00;10.61;car;;0;0.00;174612.771934;1961.559154;13.059641;70.001798;2.991377;0;55709.433074
67047.00;E2J1_0;100.00;12.91;66923.00;0.58;A2A3_0;4.60;0.00;tripinfo_flow_0.347 emissions_flow_0.347;124.00;flow_0.347;0;632.42;0.95;0.00;74.53;car;;1;60.00;325507.544255;9227.856672;49.335920;134.306822;8.730312;0;103842.934778
67226.00;E2J1_0;100.00;12.87;67116.00;0.72;A2A3_0;4.60;0.00;tripinfo_flow_0.348 emissions_flow_0.348;110.00;flow_0.348;0;632.42;1.08;0.00;63.94;car;;1;50.00;308334.685609;8059.678872;43.688396;127.328677;7.949194;0;98365.460432
67410.00;E2J1_0;100.00;11.50;67309.00;0.86;A2A3_0;4.60;0.00;tripinfo_flow_0.349 emissions_flow_0.349;101.00;flow_0.349;0;632.42;0.86;0.00;46.54;car;;1;29.00;252443.498571;5959.980649;32.966171;102.483338;5.950641;0;80536.078142
67586.00;E2J1_0;100.00;13.74;67501.00;0.00;A2A3_0;4.60;0.00;tripinfo_flow_0.350 emissions_flow_0.350;85.00;flow_0.350;0;632.42;1.19;0.00;38.66;car;;1;21.00;246841.336198;4930.862633;28.197274;100.572446;5.460949;0;78750.204250
67767.00;E2J1_0;100.00;11.92;67694.00;0.14;A2A3_0;4.60;0.00;tripinfo_flow_0.351 emissions_flow_0.351;73.00;flow_0.351;0;632.42;0.95;0.00;24.17;car;;1;8.00;208706.016688;3457.655185;20.671251;85.402138;4.284366;0;66584.613049
67944.00;E2J1_0;100.00;13.01;67887.00;0.28;A2A3_0;4.60;0.00;tripinfo_flow_0.352 emissions_flow_0.352;57.00;flow_0.352;0;632.42;1.20;0.00;10.72;car;;0;0.00;179363.175503;2049.979530;13.624344;73.217559;3.237161;0;57224.650506
68143.00;E2J1_0;100.00;11.96;68080.00;0.42;A2A3_0;4.60;0.00;tripinfo_flow_0.353 emissions_flow_0.353;63.00;flow_0.353;0;632.42;0.90;0.00;11.51;car;;0;0.00;168749.105964;2051.548174;13.425572;68.098451;2.975985;0;53838.169273
68396.00;E2J1_0;100.00;13.42;68273.00;0.56;A2A3_0;4.60;0.00;tripinfo_flow_0.354 emissions_flow_0.354;123.00;flow_0.354;0;632.42;0.99;0.00;76.07;car;;1;59.00;334101.024092;9207.443900;49.465555;137.466470;8.790556;0;106584.937888
68575.00;E2J1_0;100.00;12.68;68466.00;0.70;A2A3_0;4.60;0.00;tripinfo_flow_0.355 emissions_flow_0.355;109.00;flow_0.355;0;632.42;1.12;0.00;63.20;car;;1;50.00;305029.635506;7988.148733;43.316461;126.227577;7.901143;0;97310.988414
68756.00;E2J1_0;100.00;13.58;68659.00;0.84;A2A3_0;4.60;0.00;tripinfo_flow_0.356 emissions_flow_0.356;97.00;flow_0.356;0;632.42;1.11;0.00;50.82;car;;1;34.00;271849.539792;6389.877316;35.448964;112.779060;6.679317;0;86726.646619
68936.00;E2J1_0;100.00;13.33;68852.00;0.98;A2A3_0;4.60;0.00;tripinfo_flow_0.357 emissions_flow_0.357;84.00;flow_0.357;0;632.42;1.00;0.00;36.92;car;;1;19.00;238973.424086;4852.994448;27.757917;98.935307;5.463840;0;76239.435793
69116.00;E2J1_0;100.00;12.92;69044.00;0.12;A2A3_0;4.60;0.00;tripinfo_flow_0.358 emissions_flow_0.358;72.00;flow_0.358;0;632.42;1.14;0.00;25.89;car;;1;8.00;212307.113268;3499.038911;20.893562;87.192611;4.393155;0;67733.500453
69296.00;E2J1_0;100.00;12.73;69237.00;0.26;A2A3_0;4.60;0.00;tripinfo_flow_0.359 emissions_flow_0.359;59.00;flow_0.359;0;632.42;1.02;0.00;12.89;car;;0;0.00;169768.661788;2033.628548;13.399158;69.528326;3.111793;0;54163.326195
69488.00;E2J1_0;100.00;13.33;69430.00;0.40;A2A3_0;4.60;0.00;tripinfo_flow_0.360 emissions_flow_0.360;58.00;flow_0.360;0;632.42;1.11;0.00;11.91;car;;0;0.00;174015.231763;1960.214512;13.039770;70.338998;3.053364;0;55518.695314
69683.00;E2J1_0;100.00;11.73;69623.00;0.54;A2A3_0;4.60;0.00;tripinfo_flow_0.361 emissions_flow_0.361;60.00;flow_0.361;0;632.42;0.94;0.00;10.59;car;;0;0.00;164605.135553;1889.330663;12.531100;66.046470;2.834881;0;52516.413369
69926.00;E2J1_0;100.00;13.78;69816.00;0.68;A2A3_0;4.60;0.00;tripinfo_flow_0.362 emissions_flow_0.362;110.00;flow_0.362;0;632.42;1.01;0.00;63.49;car;;1;47.00;307748.247388;7996.707547;43.502153;127.585634;7.950909;0;98178.236202
70108.00;E2J1_0;100.00;11.39;70009.00;0.82;A2A3_0;4.60;0.00;tripinfo_flow_0.363 emissions_flow_0.363;99.00;flow_0.363;0;632.42;0.91;0.00;47.71;car;;1;30.00;257076.060208;5877.813901;32.720189;104.531483;5.996948;0;82014.266555
70287.00;E2J1_0;100.00;11.88;70202.00;0.96;A2A3_0;4.60;0.00;tripinfo_flow_0.364 emissions_flow_0.364;85.00;flow_0.364;0;632.42;0.93;0.00;35.90;car;;1;19.00;234043.127923;4645.944100;26.621231;95.408340;5.137100;0;74667.073748
70470.00;E2J1_0;100.00;10.16;70394.00;0.10;A2A3_0;4.60;0.00;tripinfo_flow_0.365 emissions_flow_0.365;76.00;flow_0.365;0;632.42;0.81;0.00;18.79;car;;1;4.00;178948.143384;2853.762634;17.281576;72.537214;3.489048;0;57090.937347
70644.00;E2J1_0;100.00;13.44;70587.00;0.24;A2A3_0;4.60;0.00;tripinfo_flow_0.366 emissions_flow_0.366;57.00;flow_0.366;0;632.42;1.10;0.00;11.04;car;;0;0.00;159081.716129;1783.426235;11.945631;64.229057;2.789766;0;50754.227448
70836.00;E2J1_0;100.00;13.58;70780.00;0.38;A2A3_0;4.60;0.00;tripinfo_flow_0.367 emissions_flow_0.367;56.00;flow_0.367;0;632.42;1.08;0.00;10.08;car;;0;0.00;172838.957179;1922.378420;12.918308;69.784911;3.033877;0;55143.452633
71098.00;E2J1_0;100.00;11.68;70973.00;0.52;A2A3_0;4.60;0.00;tripinfo_flow_0.368 emissions_flow_0.368;125.00;flow_0.368;0;632.42;0.92;0.00;74.91;car;;1;58.00;314476.720847;9090.975354;48.464662;129.297843;8.451194;0;100323.710006
71280.00;E2J1_0;100.00;11.17;71166.00;0.66;A2A3_0;4.60;0.00;tripinfo_flow_0.369 emissions_flow_0.369;114.00;flow_0.369;0;632.42;0.84;0.00;59.04;car;;1;44.00;279906.895195;7406.888935;40.142819;114.347468;7.070460;0;89296.341603
71460.00;E2J1_0;100.00;11.65;71359.00;0.80;A2A3_0;4.60;0.00;tripinfo_flow_0.370 emissions_flow_0.370;101.00;flow_0.370;0;632.42;0.85;0.00;45.83;car;;1;30.00;256479.126989;6053.719514;33.541118;104.997717;6.122516;0;81823.287068
71636.00;E2J1_0;100.00;12.84;71552.00;0.94;A2A3_0;4.60;0.00;tripinfo_flow_0.371 emissions_flow_0.371;84.00;flow_0.371;0;632.42;0.96;0.00;36.41;car;;1;19.00;236478.185012;4769.047965;27.331275;97.433097;5.340097;0;75443.548978
71819.00;E2J1_0;100.00;11.26;71744.00;0.08;A2A3_0;4.60;0.00;tripinfo_flow_0.372 emissions_flow_0.372;75.00;flow_0.372;0;632.42;0.85;0.00;20.19;car;;1;5.00;187400.388118;2970.316628;18.016405;75.647693;3.624807;0;59787.672530
71994.00;E2J1_0;100.00;13.08;71937.00;0.22;A2A3_0;4.60;0.00;tripinfo_flow_0.373 emissions_flow_0.373;57.00;flow_0.373;0;632.42;1.14;0.00;10.84;car;;0;0.00;180623.296116;2076.767863;13.789051;73.858626;3.260348;0;57626.607076
72162.00;E2J1_0;100.00;9.14;72000.00;0.00;A2A1_0;10.10;0.00;tripinfo_flow_1.10 emissions_flow_1.10;162.00;flow_1.10;0;632.08;1.10;60.00;37.73;bus;;2;12.00;383966.954952;12104.565219;63.702792;158.006206;10.715336;0;122490.582580
72188.00;E2J1_0;100.00;13.02;72130.00;0.36;A2A3_0;4.60;0.00;tripinfo_flow_0.374 emissions_flow_0.374;58.00;flow_0.374;0;632.42;1.06;0.00;12.31;car;;0;0.00;168968.281250;1963.449256;12.895489;67.899145;2.958551;0;53908.503533
72446.00;E2J1_0;100.00;12.95;72323.00;0.50;A2A3_0;4.60;0.00;tripinfo_flow_0.375 emissions_flow_0.375;123.00;flow_0.375;0;632.42;0.99;0.00;75.95;car;;1;59.00;332794.258764;9325.777421;50.080893;138.531611;8.974022;0;106167.302391
72628.00;E2J1_0;100.00;11.64;72516.00;0.64;A2A3_0;4.60;0.00;tripinfo_flow_0.376 emissions_flow_0.376;112.00;flow_0.376;0;632.42;0.90;0.00;59.86;car;;1;43.00;291403.192533;7588.765994;41.222475;119.906726;7.412577;0;92963.911401
72806.00;E2J1_0;100.00;12.95;72709.00;0.78;A2A3_0;4.60;0.00;tripinfo_flow_0.377 emissions_flow_0.377;97.00;flow_0.377;0;632.42;1.19;0.00;51.13;car;;1;36.00;279985.809132;6510.327447;35.928004;114.259424;6.688994;0;89323.121601
72987.00;E2J1_0;100.00;11.86;72902.00;0.92;A2A3_0;4.60;0.00;tripinfo_flow_0.378 emissions_flow_0.378;85.00;flow_0.378;0;632.42;0.93;0.00;34.05;car;;1;19.00;232207.365059;4616.427995;26.446623;94.513804;5.088835;0;74081.447908
73166.00;E2J1_0;100.00;12.67;73094.00;0.06;A2A3_0;4.60;0.00;tripinfo_flow_0.379 emissions_flow_0.379;72.00;flow_0.379;0;632.42;1.07;0.00;24.99;car;;1;9.00;208128.373029;3359.155084;20.232183;85.342306;4.263890;0;66400.462726
73344.00;E2J1_0;100.00;12.68;73287.00;0.20;A2A3_0;4.60;0.00;tripinfo_flow_0.380 emissions_flow_0.380;57.00;flow_0.380;0;632.42;1.11;0.00;10.26;car;;0;0.00;164721.540355;1927.944711;12.809591;67.614870;3.007898;0;52553.096989
73537.00;E2J1_0;100.00;12.63;73480.00;0.34;A2A3_0;4.60;0.00;tripinfo_flow_0.381 emissions_flow_0.381;57.00;flow_0.381;0;632.42;1.00;0.00;10.97;car;;0;0.00;172152.263100;1949.423986;12.918725;69.248703;3.013407;0;54924.410774
73730.00;E2J1_0;100.00;12.90;73673.00;0.48;A2A3_0;4.60;0.00;tripinfo_flow_0.382 emissions_flow_0.382;57.00;flow_0.382;0;632.42;1.12;0.00;10.94;car;;0;0.00;171744.146692;1869.468048;12.528962;68.585319;2.924270;0;54794.492256
73976.00;E2J1_0;100.00;13.67;73866.00;0.62;A2A3_0;4.60;0.00;tripinfo_flow_0.383 emissions_flow_0.383;110.00;flow_0.383;0;632.42;1.19;0.00;63.55;car;;1;46.00;307326.107334;7906.651966;42.877959;126.087084;7.782841;0;98044.131122
74155.00;E2J1_0;100.00;13.62;74059.00;0.76;A2A3_0;4.60;0.00;tripinfo_flow_0.384 emissions_flow_0.384;96.00;flow_0.384;0;632.42;1.14;0.00;50.39;car;;1;35.00;270941.961323;6268.010273;34.724945;110.928464;6.495809;0;86437.783460
74336.00;E2J1_0;100.00;12.55;74252.00;0.90;A2A3_0;4.60;0.00;tripinfo_flow_0.385 emissions_flow_0.385;84.00;flow_0.385;0;632.42;0.98;0.00;37.18;car;;1;22.00;242174.210253;4851.016512;27.696624;99.211691;5.409056;0;77261.035767
74515.00;E2J1_0;100.00;12.86;74444.00;0.04;A2A3_0;4.60;0.00;tripinfo_flow_0.386 emissions_flow_0.386;71.00;flow_0.386;0;632.42;1.12;0.00;25.45;car;;1;11.00;213444.220617;3596.086548;21.397162;87.513541;4.456751;0;68096.243910
74694.00;E2J1_0;100.00;13.33;74637.00;0.18;A2A3_0;4.60;0.00;tripinfo_flow_0.387 emissions_flow_0.387;57.00;flow_0.387;0;632.42;1.26;0.00;10.35;car;;0;0.00;182103.965432;1980.862272;13.471591;73.848236;3.177303;0;58099.317577
74888.00;E2J1_0;100.00;13.74;74830.00;0.32;A2A3_0;4.60;0.00;tripinfo_flow_0.388 emissions_flow_0.388;58.00;flow_0.388;0;632.42;1.07;0.00;12.05;car;;0;0.00;168278.433626;1957.458704;13.009066;68.425603;3.013469;0;53688.119602
75082.00;E2J1_0;100.00;12.77;75023.00;0.46;A2A3_0;4.60;0.00;tripinfo_flow_0.389 emissions_flow_0.389;59.00;flow_0.389;0;632.42;0.98;0.00;10.78;car;;0;0.00;173779.859345;1960.762955;13.062372;69.886214;3.006265;0;55443.617993
75326.00;E2J1_0;100.00;13.29;75216.00;0.60;A2A3_0;4.60;0.00;tripinfo_flow_0.390 emissions_flow_0.390;110.00;flow_0.390;0;632.42;1.03;0.00;63.51;car;;1;47.00;307758.271892;7871.471418;42.909277;127.052064;7.844415;0;98181.791298
75505.00;E2J1_0;100.00;13.86;75409.00;0.74;A2A3_0;4.60;0.00;tripinfo_flow_0.391 emissions_flow_0.391;96.00;flow_0.391;0;632.42;1.02;0.00;49.68;car;;1;33.00;275041.616845;6311.056824;35.080532;112.937679;6.578251;0;87745.594638
75685.00;E2J1_0;100.00;12.94;75602.00;0.88;A2A3_0;4.60;0.00;tripinfo_flow_0.392 emissions_flow_0.392;83.00;flow_0.392;0;632.42;1.09;0.00;36.87;car;;1;21.00;239695.797621;4918.295983;27.967848;98.646900;5.487829;0;76470.107283
75866.00;E2J1_0;100.00;13.47;75794.00;0.02;A2A3_0;4.60;0.00;tripinfo_flow_0.393 emissions_flow_0.393;72.00;flow_0.393;0;632.42;1.10;0.00;25.31;car;;1;9.00;216750.371729;3571.265458;21.415339;88.817692;4.456249;0;69151.080920
76047.00;E2J1_0;100.00;13.21;75987.00;0.16;A2A3_0;4.60;0.00;tripinfo_flow_0.394 emissions_flow_0.394;60.00;flow_0.394;0;632.42;0.95;0.00;11.12;car;;0;0.00;169664.387969;1970.659263;13.088430;68.464623;2.968088;0;54130.380253
76240.00;E2J1_0;100.00;13.02;76180.00;0.30;A2A3_0;4.60;0.00;tripinfo_flow_0.395 emissions_flow_0.395;60.00;flow_0.395;0;632.42;0.96;0.00;10.46;car;;0;0.00;172240.380059;1900.526000;12.795126;69.402246;2.960632;0;54952.450626
76499.00;E2J1_0;100.00;11.36;76373.00;0.44;A2A3_0;4.60;0.00;tripinfo_flow_0.396 emissions_flow_0.396;126.00;flow_0.396;0;632.42;0.86;0.00;71.99;car;;1;57.00;311757.086653;8733.276399;46.825210;126.881133;8.085711;0;99456.763471
76676.00;E2J1_0;100.00;13.37;76566.00;0.58;A2A3_0;4.60;0.00;tripinfo_flow_0.397 emissions_flow_0.397;110.00;flow_0.397;0;632.42;1.01;0.00;62.17;car;;1;47.00;304162.455437;7879.947004;42.758607;125.200932;7.754498;0;97034.619043
76856.00;E2J1_0;100.00;13.30;76759.00;0.72;A2A3_0;4.60;0.00;tripinfo_flow_0.398 emissions_flow_0.398;97.00;flow_0.398;0;632.42;0.99;0.00;50.44;car;;1;34.00;268675.719874;6186.231589;34.238722;109.823300;6.396045;0;85714.866712
77036.00;E2J1_0;100.00;13.50;76952.00;0.86;A2A3_0;4.60;0.00;tripinfo_flow_0.399 emissions_flow_0.399;84.00;flow_0.399;0;632.42;1.10;0.00;37.57;car;;1;23.00;254789.519443;5208.052065;29.695851;105.589470;5.886684;0;81285.273321
77216.00;E2J1_0;100.00;13.09;77144.00;0.00;A2A3_0;4.60;0.00;tripinfo_flow_0.400 emissions_flow_0.400;72.00;flow_0.400;0;632.42;0.98;0.00;24.96;car;;1;10.00;213574.778655;3495.496729;20.985422;87.473119;4.375215;0;68138.019516
77397.00;E2J1_0;100.00;12.60;77337.00;0.14;A2A3_0;4.60;0.00;tripinfo_flow_0.401 emissions_flow_0.401;60.00;flow_0.401;0;632.42;0.97;0.00;11.80;car;;0;0.00;162468.681852;1881.170518;12.419552;65.228002;2.827897;0;51834.808904
77599.00;E2J1_0;100.00;10.89;77530.00;0.28;A2A3_0;4.60;0.00;tripinfo_flow_0.402 emissions_flow_0.402;69.00;flow_0.402;0;632.42;0.80;0.00;10.67;car;;0;0.00;161058.935561;2080.791174;13.336915;63.752162;2.728770;0;51384.713327
77780.00;E2J1_0;100.00;13.70;77723.00;0.42;A2A3_0;4.60;0.00;tripinfo_flow_0.403 emissions_flow_0.403;57.00;flow_0.403;0;632.42;1.00;0.00;10.41;car;;0;0.00;175902.473955;2002.260497;13.383387;72.129245;3.182275;0;56120.429726
78026.00;E2J1_0;100.00;13.40;77916.00;0.56;A2A3_0;4.60;0.00;tripinfo_flow_0.404 emissions_flow_0.404;110.00;flow_0.404;0;632.42;1.07;0.00;63.25;car;;1;46.00;306151.725939;7861.118556;42.814465;126.640301;7.822974;0;97669.118278
78206.00;E2J1_0;100.00;12.79;78109.00;0.70;A2A3_0;4.60;0.00;tripinfo_flow_0.405 emissions_flow_0.405;97.00;flow_0.405;0;632.42;1.13;0.00;50.41;car;;1;35.00;270371.903576;6281.921910;34.740910;110.440076;6.471773;0;86255.960068
78386.00;E2J1_0;100.00;12.75;78302.00;0.84;A2A3_0;4.60;0.00;tripinfo_flow_0.406 emissions_flow_0.406;84.00;flow_0.406;0;632.42;1.11;0.00;37.29;car;;1;21.00;242630.134039;4854.581858;27.643191;98.485128;5.348426;0;77406.835916
78567.00;E2J1_0;100.00;11.64;78495.00;0.98;A2A3_0;4.60;0.00;tripinfo_flow_0.407 emissions_flow_0.407;72.00;flow_0.407;0;632.42;0.92;0.00;21.91;car;;1;7.00;202476.025723;3263.531450;19.699536;82.881729;4.094845;0;64597.094285
78743.00;E2J1_0;100.00;13.05;78687.00;0.12;A2A3_0;4.60;0.00;tripinfo_flow_0.408 emissions_flow_0.408;56.00;flow_0.408;0;632.42;1.03;0.00;10.14;car;;0;0.00;176558.532381;1894.170732;12.689676;70.754291;3.012123;0;56330.487550
78942.00;E2J1_0;100.00;11.81;78880.00;0.26;A2A3_0;4.60;0.00;tripinfo_flow_0.409 emissions_flow_0.409;62.00;flow_0.409;0;632.42;0.94;0.00;12.23;car;;0;0.00;169698.613519;2126.956008;13.822605;69.554238;3.154202;0;54140.770696
79130.00;E2J1_0;100.00;13.16;79073.00;0.40;A2A3_0;4.60;0.00;tripinfo_flow_0.410 emissions_flow_0.410;57.00;flow_0.410;0;632.42;1.05;0.00;10.35;car;;0;0.00;172481.889333;1914.480818;12.805139;69.098554;2.959521;0;55029.692112
79364.00;E2J1_0;100.00;9.74;79200.00;0.00;A2A1_0;10.10;0.00;tripinfo_flow_1.11 emissions_flow_1.11;164.00;flow_1.11;0;632.08;0.97;60.00;38.82;bus;;2;8.00;379308.127252;11872.548130;62.560030;156.327782;10.562601;0;121004.389805
79376.00;E2J1_0;100.00;12.61;79266.00;0.54;A2A3_0;4.60;0.00;tripinfo_flow_0.411 emissions_flow_0.411;110.00;flow_0.411;0;632.42;1.01;0.00;64.27;car;;1;47.00;299172.006708;7789.082975;42.224608;122.568475;7.602867;0;95442.667704
79556.00;E2J1_0;100.00;13.83;79459.00;0.68;A2A3_0;4.60;0.00;tripinfo_flow_0.412 emissions_flow_0.412;97.00;flow_0.412;0;632.42;1.01;0.00;50.72;car;;1;35.00;280551.787334;6449.652141;35.896846;115.115214;6.713803;0;89503.488202
79738.00;E2J1_0;100.00;10.95;79652.00;0.82;A2A3_0;4.60;0.00;tripinfo_flow_0.413 emissions_flow_0.413;86.00;flow_0.413;0;632.42;0.88;0.00;33.29;car;;1;16.00;218060.817926;4319.529937;24.746816;87.663589;4.640284;0;69568.481500
79916.00;E2J1_0;100.00;13.18;79845.00;0.96;A2A3_0;4.60;0.00;tripinfo_flow_0.414 emissions_flow_0.414;71.00;flow_0.414;0;632.42;1.05;0.00;24.54;car;;1;7.00;215445.810439;3338.163002;20.326709;88.297697;4.327838;0;68735.192911
80095.00;E2J1_0;100.00;12.79;80037.00;0.10;A2A3_0;4.60;0.00;tripinfo_flow_0.415 emissions_flow_0.415;58.00;flow_0.415;0;632.42;1.05;0.00;11.54;car;;0;0.00;170495.217719;1924.916117;12.823029;68.522906;2.944879;0;54395.716219
80289.00;E2J1_0;100.00;12.91;80230.00;0.24;A2A3_0;4.60;0.00;tripinfo_flow_0.416 emissions_flow_0.416;59.00;flow_0.416;0;632.42;0.97;0.00;10.90;car;;0;0.00;172155.877729;1935.273780;12.854186;69.330284;2.990523;0;54925.508587
80479.00;E2J1_0;100.00;13.09;80423.00;0.38;A2A3_0;4.60;0.00;tripinfo_flow_0.417 emissions_flow_0.417;56.00;flow_0.417;0;632.42;1.23;0.00;10.20;car;;0;0.00;164298.899850;1719.661329;11.625890;65.524676;2.741633;0;52419.224681
80726.00;E2J1_0;100.00;13.23;80616.00;0.52;A2A3_0;4.60;0.00;tripinfo_flow_0.418 emissions_flow_0.418;110.00;flow_0.418;0;632.42;1.32;0.00;63.85;car;;1;49.00;304574.165275;7964.056373;43.258791;125.832748;7.848039;0;97165.696719
80910.00;E2J1_0;100.00;11.02;80809.00;0.66;A2A3_0;4.60;0.00;tripinfo_flow_0.419 emissions_flow_0.419;101.00;flow_0.419;0;632.42;0.83;0.00;44.76;car;;1;30.00;252135.058471;5726.379889;31.887077;101.500713;5.735697;0;80438.206156
81086.00;E2J1_0;100.00;13.86;81002.00;0.80;A2A3_0;4.60;0.00;tripinfo_flow_0.420 emissions_flow_0.420;84.00;flow_0.420;0;632.42;1.05;0.00;37.96;car;;1;22.00;249369.883043;4986.127121;28.523489;102.061952;5.563920;0;79556.743317
81266.00;E2J1_0;100.00;13.80;81195.00;0.94;A2A3_0;4.60;0.00;tripinfo_flow_0.421 emissions_flow_0.421;71.00;flow_0.421;0;632.42;1.05;0.00;23.76;car;;1;8.00;213814.912941;3599.838732;21.491660;88.822497;4.570987;0;68214.138603
81459.00;E2J1_0;100.00;10.14;81387.00;0.08;A2A3_0;4.60;0.00;tripinfo_flow_0.422 emissions_flow_0.422;72.00;flow_0.422;0;632.42;0.76;0.00;10.79;car;;0;0.00;159159.300630;2041.816300;13.075801;62.192562;2.589321;0;50778.842311
81638.00;E2J1_0;100.00;13.07;81580.00;0.22;A2A3_0;4.60;0.00;tripinfo_flow_0.423 emissions_flow_0.423;58.00;flow_0.423;0;632.42;1.06;0.00;11.31;car;;0;0.00;175465.416851;1935.286870;12.984100;69.890361;2.971197;0;55981.730602
81899.00;E2J1_0;100.00;11.34;81773.00;0.36;A2A3_0;4.60;0.00;tripinfo_flow_0.424 emissions_flow_0.424;126.00;flow_0.424;0;632.42;0.88;0.00;72.64;car;;1;57.00;316449.533518;8936.333012;47.884225;129.554264;8.320904;0;100953.444182
82076.00;E2J1_0;100.00;13.02;81966.00;0.50;A2A3_0;4.60;0.00;tripinfo_flow_0.425 emissions_flow_0.425;110.00;flow_0.425;0;632.42;1.04;0.00;63.20;car;;1;47.00;307170.504674;7916.594229;43.129577;126.913287;7.856555;0;97994.136555
82255.00;E2J1_0;100.00;13.76;82159.00;0.64;A2A3_0;4.60;0.00;tripinfo_flow_0.426 emissions_flow_0.426;96.00;flow_0.426;0;632.42;1.17;0.00;49.87;car;;1;33.00;277057.377296;6372.047509;35.361723;113.636655;6.628436;0;88388.719524
82437.00;E2J1_0;100.00;11.89;82352.00;0.78;A2A3_0;4.60;0.00;tripinfo_flow_0.427 emissions_flow_0.427;85.00;flow_0.427;0;632.42;0.93;0.00;34.87;car;;1;19.00;231571.277682;4732.690957;27.030359;95.307646;5.233712;0;73877.987571
82618.00;E2J1_0;100.00;12.09;82545.00;0.92;A2A3_0;4.60;0.00;tripinfo_flow_0.428 emissions_flow_0.428;73.00;flow_0.428;0;632.42;0.89;0.00;20.64;car;;1;4.00;197081.285216;2977.961981;18.126602;78.752565;3.700625;0;62876.785587
82798.00;E2J1_0;100.00;12.78;82737.00;0.06;A2A3_0;4.60;0.00;tripinfo_flow_0.429 emissions_flow_0.429;61.00;flow_0.429;0;632.42;0.93;0.00;11.54;car;;0;0.00;167262.783793;1937.706323;12.761366;66.846775;2.858547;0;53364.356915
82988.00;E2J1_0;100.00;12.81;82930.00;0.20;A2A3_0;4.60;0.00;tripinfo_flow_0.430 emissions_flow_0.430;58.00;flow_0.430;0;632.42;1.11;0.00;11.25;car;;0;0.00;166440.204895;1872.754761;12.455136;66.780659;2.885163;0;53102.084500
83180.00;E2J1_0;100.00;13.17;83123.00;0.34;A2A3_0;4.60;0.00;tripinfo_flow_0.431 emissions_flow_0.431;57.00;flow_0.431;0;632.42;1.24;0.00;10.85;car;;0;0.00;172111.599361;1935.552630;12.938224;69.744100;3.046622;0;54911.287294
83426.00;E2J1_0;100.00;13.07;83316.00;0.48;A2A3_0;4.60;0.00;tripinfo_flow_0.432 emissions_flow_0.432;110.00;flow_0.432;0;632.42;0.96;0.00;61.53;car;;1;44.00;295765.802313;7530.687648;41.101447;121.577739;7.436896;0;94356.020361
83606.00;E2J1_0;100.00;12.43;83509.00;0.62;A2A3_0;4.60;0.00;tripinfo_flow_0.433 emissions_flow_0.433;97.00;flow_0.433;0;632.42;0.97;0.00;49.85;car;;1;33.00;266258.627081;6213.534383;34.462501;110.001842;6.483264;0;84943.210229
83786.00;E2J1_0;100.00;13.43;83702.00;0.76;A2A3_0;4.60;0.00;tripinfo_flow_0.434 emissions_flow_0.434;84.00;flow_0.434;0;632.42;1.02;0.00;37.98;car;;1;21.00;239357.984948;4941.157450;28.170164;99.225110;5.531761;0;76361.988696
83966.00;E2J1_0;100.00;13.32;83895.00;0.90;A2A3_0;4.60;0.00;tripinfo_flow_0.435 emissions_flow_0.435;71.00;flow_0.435;0;632.42;1.20;0.00;24.56;car;;1;11.00;216273.188027;3540.917654;21.326047;89.005995;4.479392;0;68998.781409
84150.00;E2J1_0;100.00;10.90;84087.00;0.04;A2A3_0;4.60;0.00;tripinfo_flow_0.436 emissions_flow_0.436;63.00;flow_0.436;0;632.42;0.88;0.00;10.75;car;;0;0.00;161041.692422;1938.599540;12.754870;64.819040;2.799810;0;51379.198082
84337.00;E2J1_0;100.00;13.47;84280.00;0.18;A2A3_0;4.60;0.00;tripinfo_flow_0.437 emissions_flow_0.437;57.00;flow_0.437;0;632.42;1.12;0.00;10.31;car;;0;0.00;160858.482008;1807.568336;12.059772;65.038178;2.825516;0;51321.078859
84530.00;E2J1_0;100.00;12.68;84473.00;0.32;A2A3_0;4.60;0.00;tripinfo_flow_0.438 emissions_flow_0.438;57.00;flow_0.438;0;632.42;1.07;0.00;10.65;car;;0;0.00;167673.791036;1922.530365;12.792511;68.293085;3.017915;0;53495.263591
84779.00;E2J1_0;100.00;11.93;84666.00;0.46;A2A3_0;4.60;0.00;tripinfo_flow_0.439 emissions_flow_0.439;113.00;flow_0.439;0;632.42;0.89;0.00;60.18;car;;1;44.00;281825.898877;7356.480365;39.961835;114.980593;7.068304;0;89908.787070
84956.00;E2J1_0;100.00;12.68;84859.00;0.60;A2A3_0;4.60;0.00;tripinfo_flow_0.440 emissions_flow_0.440;97.00;flow_0.440;0;632.42;0.98;0.00;49.16;car;;1;32.00;262715.599076;6106.767411;33.828027;107.409567;6.269787;0;83813.273235
85136.00;E2J1_0;100.00;13.39;85052.00;0.74;A2A3_0;4.60;0.00;tripinfo_flow_0.441 emissions_flow_0.441;84.00;flow_0.441;0;632.42;0.99;0.00;37.12;car;;1;22.00;247824.527144;5093.277677;28.979326;102.338879;5.691060;0;79063.279141
85319.00;E2J1_0;100.00;11.32;85245.00;0.88;A2A3_0;4.60;0.00;tripinfo_flow_0.442 emissions_flow_0.442;74.00;flow_0.442;0;632.42;0.86;0.00;20.12;car;;1;5.00;190547.792013;3014.241403;18.307653;77.618748;3.761095;0;60791.636449
85501.00;E2J1_0;100.00;12.16;85437.00;0.02;A2A3_0;4.60;0.00;tripinfo_flow_0.443 emissions_flow_0.443;64.00;flow_0.443;0;632.42;0.89;0.00;11.23;car;;0;0.00;162201.855633;1914.347246;12.644481;64.456849;2.725535;0;51749.656964
85687.00;E2J1_0;100.00;12.87;85630.00;0.16;A2A3_0;4.60;0.00;tripinfo_flow_0.444 emissions_flow_0.444;57.00;flow_0.444;0;632.42;1.08;0.00;10.45;car;;0;0.00;166082.175034;1875.178609;12.512205;66.991762;2.898079;0;52987.686236
85880.00;E2J1_0;100.00;13.52;85823.00;0.30;A2A3_0;4.60;0.00;tripinfo_flow_0.445 emissions_flow_0.445;57.00;flow_0.445;0;632.42;1.11;0.00;10.19;car;;0;0.00;166795.639913;1829.107434;12.189848;66.554702;2.844782;0;53215.689941
86131.00;E2J1_0;100.00;10.75;86016.00;0.44;A2A3_0;4.60;0.00;tripinfo_flow_0.446 emissions_flow_0.446;115.00;flow_0.446;0;632.42;0.80;0.00;56.75;car;;1;41.00;278047.221825;7287.574637;39.533118;113.004331;6.899820;0;88703.242939
86313.00;E2J1_0;100.00;9.94;86209.00;0.58;A2A3_0;4.60;0.00;tripinfo_flow_0.447 emissions_flow_0.447;104.00;flow_0.447;0;632.42;0.77;0.00;43.92;car;;1;27.00;243895.804399;5740.313397;31.756310;98.593382;5.645077;0;77809.151823
