tripinfo_arrival;tripinfo_arrivalLane;tripinfo_arrivalPos;tripinfo_arrivalSpeed;tripinfo_depart;tripinfo_departDelay;tripinfo_departLane;tripinfo_departPos;tripinfo_departSpeed;tripinfo_devices;tripinfo_duration;tripinfo_id;tripinfo_rerouteNo;tripinfo_routeLength;tripinfo_speedFactor;tripinfo_stopTime;tripinfo_timeLoss;tripinfo_vType;tripinfo_vaporized;tripinfo_waitingCount;tripinfo_waitingTime;emissions_CO2_abs;emissions_CO_abs;emissions_HC_abs;emissions_NOx_abs;emissions_PMx_abs;emissions_electricity_abs;emissions_fuel_abs
86.00;E2J1_0;100.00;13.39;0.00;0.00;A2A3_0;4.60;0.00;tripinfo_flow_0.0 emissions_flow_0.0;86.00;flow_0.0;0;632.42;1.06;0.00;38.91;car;;1;23.00;242224.952847;5114.243572;28.915085;99.905087;5.621984;0;77276.694761
162.00;E2J1_0;100.00;9.37;0.00;0.00;A2A1_0;10.10;0.00;tripinfo_flow_1.0 emissions_flow_1.0;162.00;flow_1.0;0;632.08;0.94;60.00;37.96;bus;;1;8.00;386936.728716;12041.071591;63.508907;159.542592;10.745306;0;123438.086602
176.00;E2J1_0;100.00;13.65;100.00;0.23;A2A3_0;4.60;0.00;tripinfo_flow_0.1 emissions_flow_0.1;76.00;flow_0.1;0;632.42;1.01;0.00;29.29;car;;1;12.00;234015.699398;4160.701215;24.538446;96.170082;5.001957;0;74658.861389
265.00;E2J1_0;100.00;13.62;200.00;0.46;A2A3_0;4.60;0.00;tripinfo_flow_0.2 emissions_flow_0.2;65.00;flow_0.2;0;632.42;1.08;0.00;18.91;car;;1;4.00;204356.540703;2926.090399;18.196010;83.893161;4.005925;0;65197.622050
357.00;E2J1_0;100.00;13.81;300.00;0.69;A2A3_0;4.60;0.00;tripinfo_flow_0.3 emissions_flow_0.3;57.00;flow_0.3;0;632.42;1.03;0.00;9.73;car;;0;0.00;175825.886155;1892.087461;12.742614;70.158609;2.962317;0;56096.802954
468.00;E2J1_0;100.00;10.46;400.00;0.92;A2A3_0;4.60;0.00;tripinfo_flow_0.4 emissions_flow_0.4;68.00;flow_0.4;0;632.42;0.83;0.00;11.87;car;;0;0.00;159876.210541;1988.202543;12.900001;63.223334;2.678968;0;51007.536501
556.00;E2J1_0;100.00;13.27;499.00;0.15;A2A3_0;4.60;0.00;tripinfo_flow_0.5 emissions_flow_0.5;57.00;flow_0.5;0;632.42;1.05;0.00;11.12;car;;0;0.00;174491.553437;1946.847129;13.013865;70.280030;3.033304;0;55670.757810
719.00;E2J1_0;100.00;11.60;599.00;0.38;A2A3_0;4.60;0.00;tripinfo_flow_0.6 emissions_flow_0.6;120.00;flow_0.6;0;632.42;0.89;0.00;67.25;car;;1;52.00;306695.974430;8371.582346;45.064542;125.486503;7.926303;0;97842.315113
807.00;E2J1_0;100.00;11.79;699.00;0.61;A2A3_0;4.60;0.00;tripinfo_flow_0.7 emissions_flow_0.7;108.00;flow_0.7;0;632.42;0.94;0.00;58.73;car;;1;43.00;283373.349303;7325.549930;39.823649;116.495353;7.189206;0;90402.391275
899.00;E2J1_0;100.00;10.86;799.00;0.84;A2A3_0;4.60;0.00;tripinfo_flow_0.8 emissions_flow_0.8;100.00;flow_0.8;0;632.42;0.86;0.00;45.89;car;;1;30.00;246983.376704;5810.597972;32.172297;100.298827;5.806079;0;78794.173105
986.00;E2J1_0;100.00;13.34;898.00;0.07;A2A3_0;4.60;0.00;tripinfo_flow_0.9 emissions_flow_0.9;88.00;flow_0.9;0;632.42;1.09;0.00;41.75;car;;1;23.00;255058.955647;5187.231306;29.519577;104.143062;5.715418;0;81371.705425
1076.00;E2J1_0;100.00;13.52;998.00;0.30;A2A3_0;4.60;0.00;tripinfo_flow_0.10 emissions_flow_0.10;78.00;flow_0.10;0;632.42;1.03;0.00;30.87;car;;1;16.00;224165.728937;4119.370734;23.959024;91.862445;4.857814;0;71516.353565
1166.00;E2J1_0;100.00;13.41;1098.00;0.53;A2A3_0;4.60;0.00;tripinfo_flow_0.11 emissions_flow_0.11;68.00;flow_0.11;0;632.42;1.05;0.00;21.68;car;;1;5.00;207217.811280;3065.388461;18.861765;84.644601;4.080265;0;66110.460714
1255.00;E2J1_0;100.00;13.74;1198.00;0.76;A2A3_0;4.60;0.00;tripinfo_flow_0.12 emissions_flow_0.12;57.00;flow_0.12;0;632.42;1.12;0.00;10.07;car;;0;0.00;173444.444473;1892.754726;12.842546;70.279007;3.029166;0;55336.580778
1357.00;E2J1_0;100.00;12.73;1298.00;0.99;A2A3_0;4.60;0.00;tripinfo_flow_0.13 emissions_flow_0.13;59.00;flow_0.13;0;632.42;0.99;0.00;11.82;car;;0;0.00;176375.607825;2053.847338;13.572540;71.426736;3.135585;0;56271.569220
1459.00;E2J1_0;100.00;12.52;1397.00;0.22;A2A3_0;4.60;0.00;tripinfo_flow_0.14 emissions_flow_0.14;62.00;flow_0.14;0;632.42;0.93;0.00;11.08;car;;0;0.00;173616.780318;1969.686897;13.118098;68.987756;2.901618;0;55391.721562
1619.00;E2J1_0;100.00;11.43;1497.00;0.45;A2A3_0;4.60;0.00;tripinfo_flow_0.15 emissions_flow_0.15;122.00;flow_0.15;0;632.42;0.88;0.00;68.69;car;;1;52.00;299359.861593;8329.426834;44.718006;122.401436;7.799652;0;95501.739019
1707.00;E2J1_0;100.00;11.96;1597.00;0.68;A2A3_0;4.60;0.00;tripinfo_flow_0.16 emissions_flow_0.16;110.00;flow_0.16;0;632.42;0.94;0.00;60.21;car;;1;43.00;291393.536631;7614.703744;41.455009;120.891353;7.525497;0;92960.535169
1797.00;E2J1_0;100.00;12.39;1697.00;0.91;A2A3_0;4.60;0.00;tripinfo_flow_0.17 emissions_flow_0.17;100.00;flow_0.17;0;632.42;0.94;0.00;50.48;car;;1;33.00;265928.376798;6264.269403;34.584096;109.005468;6.407921;0;84837.975545
1886.00;E2J1_0;100.00;13.47;1796.00;0.14;A2A3_0;4.60;0.00;tripinfo_flow_0.18 emissions_flow_0.18;90.00;flow_0.18;0;632.42;1.16;0.00;43.75;car;;1;28.00;264088.663553;5824.782279;32.654038;109.328238;6.289316;0;84251.372971
1976.00;E2J1_0;100.00;13.10;1896.00;0.37;A2A3_0;4.60;0.00;tripinfo_flow_0.19 emissions_flow_0.19;80.00;flow_0.19;0;632.42;1.02;0.00;34.31;car;;1;17.00;236173.915666;4524.136997;26.075480;96.693445;5.185138;0;75347.095158
2066.00;E2J1_0;100.00;13.42;1996.00;0.60;A2A3_0;4.60;0.00;tripinfo_flow_0.20 emissions_flow_0.20;70.00;flow_0.20;0;632.42;1.01;0.00;23.83;car;;1;7.00;210343.413114;3293.288156;19.909973;85.919571;4.214083;0;67107.396395
2155.00;E2J1_0;100.00;13.30;2096.00;0.83;A2A3_0;4.60;0.00;tripinfo_flow_0.21 emissions_flow_0.21;59.00;flow_0.21;0;632.42;0.97;0.00;11.13;car;;0;0.00;174261.625079;2035.668964;13.523004;71.090489;3.132352;0;55596.890574
2259.00;E2J1_0;100.00;12.14;2195.00;0.06;A2A3_0;4.60;0.00;tripinfo_flow_0.22 emissions_flow_0.22;64.00;flow_0.22;0;632.42;0.89;0.00;11.28;car;;0;0.00;165490.848725;1990.750111;13.087093;66.844385;2.910074;0;52798.634197
2362.00;E2J1_0;100.00;10.32;2295.00;0.29;A2A3_0;4.60;0.00;tripinfo_flow_0.23 emissions_flow_0.23;67.00;flow_0.23;0;632.42;0.83;0.00;11.31;car;;0;0.00;161165.965807;2005.159495;12.982498;63.845370;2.733346;0;51418.991313
2519.00;E2J1_0;100.00;11.44;2395.00;0.52;A2A3_0;4.60;0.00;tripinfo_flow_0.24 emissions_flow_0.24;124.00;flow_0.24;0;632.42;0.87;0.00;71.11;car;;1;55.00;306423.792735;8566.875644;45.963883;124.955250;7.960840;0;97755.300489
2608.00;E2J1_0;100.00;12.71;2495.00;0.75;A2A3_0;4.60;0.00;tripinfo_flow_0.25 emissions_flow_0.25;113.00;flow_0.25;0;632.42;0.92;0.00;61.77;car;;1;45.00;299634.387688;7785.710773;42.223124;122.524677;7.556184;0;95590.137955
2697.00;E2J1_0;100.00;12.86;2595.00;0.98;A2A3_0;4.60;0.00;tripinfo_flow_0.26 emissions_flow_0.26;102.00;flow_0.26;0;632.42;0.95;0.00;53.11;car;;1;36.00;274349.947211;6645.504076;36.653278;113.190288;6.758977;0;87524.176941
2786.00;E2J1_0;100.00;13.38;2694.00;0.21;A2A3_0;4.60;0.00;tripinfo_flow_0.27 emissions_flow_0.27;92.00;flow_0.27;0;632.42;1.13;0.00;46.07;car;;1;29.00;263987.119825;5775.140089;32.357138;108.070438;6.137095;0;84219.432023
2878.00;E2J1_0;100.00;12.55;2794.00;0.44;A2A3_0;4.60;0.00;tripinfo_flow_0.28 emissions_flow_0.28;84.00;flow_0.28;0;632.42;0.93;0.00;33.10;car;;1;15.00;229941.842825;4400.464385;25.471225;93.497574;4.929362;0;73358.886959
2965.00;E2J1_0;100.00;12.94;2894.00;0.67;A2A3_0;4.60;0.00;tripinfo_flow_0.29 emissions_flow_0.29;71.00;flow_0.29;0;632.42;1.18;0.00;25.32;car;;1;10.00;209026.860755;3392.631148;20.385805;85.228660;4.237592;0;66687.239333
3056.00;E2J1_0;100.00;12.83;2994.00;0.90;A2A3_0;4.60;0.00;tripinfo_flow_0.30 emissions_flow_0.30;62.00;flow_0.30;0;632.42;1.15;0.00;15.98;car;;0;0.00;191274.587704;2374.015729;15.304410;77.607073;3.489621;0;61024.764313
3151.00;E2J1_0;100.00;13.17;3093.00;0.13;A2A3_0;4.60;0.00;tripinfo_flow_0.31 emissions_flow_0.31;58.00;flow_0.31;0;632.42;1.01;0.00;11.67;car;;0;0.00;170412.367807;2057.552505;13.445585;69.290075;3.081421;0;54368.844247
3248.00;E2J1_0;100.00;12.90;3193.00;0.36;A2A3_0;4.60;0.00;tripinfo_flow_0.32 emissions_flow_0.32;55.00;flow_0.32;0;632.42;1.17;0.00;9.36;car;;0;0.00;163069.039613;1657.517929;11.339647;64.517509;2.664474;0;52027.097850
3349.00;E2J1_0;100.00;13.10;3293.00;0.59;A2A3_0;4.60;0.00;tripinfo_flow_0.33 emissions_flow_0.33;56.00;flow_0.33;0;632.42;0.99;0.00;9.99;car;;0;0.00;162659.995841;1774.337813;11.968930;65.522166;2.797855;0;51895.981746
3506.00;E2J1_0;100.00;12.87;3393.00;0.82;A2A3_0;4.60;0.00;tripinfo_flow_0.34 emissions_flow_0.34;113.00;flow_0.34;0;632.42;1.02;0.00;65.29;car;;1;48.00;311943.400375;8136.887760;44.091876;128.332434;7.983674;0;99516.863722
3596.00;E2J1_0;100.00;12.77;3492.00;0.05;A2A3_0;4.60;0.00;tripinfo_flow_0.35 emissions_flow_0.35;104.00;flow_0.35;0;632.42;0.97;0.00;56.21;car;;1;40.00;288675.817079;7069.772860;38.786550;118.729247;7.160495;0;92094.626957
3686.00;E2J1_0;100.00;13.39;3592.00;0.28;A2A3_0;4.60;0.00;tripinfo_flow_0.36 emissions_flow_0.36;94.00;flow_0.36;0;632.42;1.18;0.00;47.18;car;;1;29.00;272230.193546;6037.975003;33.860984;112.298661;6.466878;0;86848.799826
3776.00;E2J1_0;100.00;12.66;3692.00;0.51;A2A3_0;4.60;0.00;tripinfo_flow_0.37 emissions_flow_0.37;84.00;flow_0.37;0;632.42;1.10;0.00;37.11;car;;1;22.00;240669.567403;4896.123142;28.030460;99.940220;5.550360;0;76780.488257
3868.00;E2J1_0;100.00;12.45;3792.00;0.74;A2A3_0;4.60;0.00;tripinfo_flow_0.38 emissions_flow_0.38;76.00;flow_0.38;0;632.42;0.90;0.00;24.27;car;;1;8.00;201978.521447;3309.464772;19.941061;82.365820;4.060507;0;64438.314232
3956.00;E2J1_0;100.00;13.86;3892.00;0.97;A2A3_0;4.60;0.00;tripinfo_flow_0.39 emissions_flow_0.39;64.00;flow_0.39;0;632.42;1.03;0.00;16.99;car;;1;1.00;198979.611960;2648.739151;16.855936;81.793657;3.825266;0;63482.426719
4052.00;E2J1_0;100.00;12.67;3991.00;0.20;A2A3_0;4.60;0.00;tripinfo_flow_0.40 emissions_flow_0.40;61.00;flow_0.40;0;632.42;0.96;0.00;11.01;car;;0;0.00;170624.327124;1964.933753;12.980621;67.986076;2.904198;0;54436.980493
4149.00;E2J1_0;100.00;13.58;4091.00;0.43;A2A3_0;4.60;0.00;tripinfo_flow_0.41 emissions_flow_0.41;58.00;flow_0.41;0;632.42;1.09;0.00;11.70;car;;0;0.00;176491.813861;1908.143326;12.976353;70.645530;2.982949;0;56309.091201
4248.00;E2J1_0;100.00;13.67;4191.00;0.66;A2A3_0;4.60;0.00;tripinfo_flow_0.42 emissions_flow_0.42;57.00;flow_0.42;0;632.42;1.04;0.00;11.19;car;;0;0.00;175230.236417;1949.807824;13.097756;70.960942;3.068341;0;55906.277983
4406.00;E2J1_0;100.00;13.80;4291.00;0.89;A2A3_0;4.60;0.00;tripinfo_flow_0.43 emissions_flow_0.43;115.00;flow_0.43;0;632.42;1.04;0.00;69.01;car;;1;51.00;313754.810896;8457.242440;45.734857;130.294855;8.268992;0;100093.951872
4496.00;E2J1_0;100.00;13.42;4390.00;0.12;A2A3_0;4.60;0.00;tripinfo_flow_0.44 emissions_flow_0.44;106.00;flow_0.44;0;632.42;1.09;0.00;59.76;car;;1;43.00;296196.555614;7409.315051;40.583782;122.692801;7.499350;0;94493.434617
4586.00;E2J1_0;100.00;13.56;4490.00;0.35;A2A3_0;4.60;0.00;tripinfo_flow_0.45 emissions_flow_0.45;96.00;flow_0.45;0;632.42;1.00;0.00;48.89;car;;1;32.00;274687.249283;6314.309622;35.139559;113.084991;6.597466;0;87632.422922
4678.00;E2J1_0;100.00;11.38;4590.00;0.58;A2A3_0;4.60;0.00;tripinfo_flow_0.46 emissions_flow_0.46;88.00;flow_0.46;0;632.42;0.90;0.00;37.10;car;;1;22.00;232153.721032;4790.863344;27.225050;94.404266;5.157828;0;74064.061110
4769.00;E2J1_0;100.00;12.09;4690.00;0.81;A2A3_0;4.60;0.00;tripinfo_flow_0.47 emissions_flow_0.47;79.00;flow_0.47;0;632.42;0.88;0.00;26.07;car;;1;10.00;207582.656292;3695.221334;21.798550;85.279113;4.386395;0;66225.650772
4859.00;E2J1_0;100.00;11.33;4789.00;0.04;A2A3_0;4.60;0.00;tripinfo_flow_0.48 emissions_flow_0.48;70.00;flow_0.48;0;632.42;0.85;0.00;15.49;car;;0;0.00;175861.942157;2409.373670;15.247254;71.389575;3.240880;0;56106.856850
4955.00;E2J1_0;100.00;10.88;4889.00;0.27;A2A3_0;4.60;0.00;tripinfo_flow_0.49 emissions_flow_0.49;66.00;flow_0.49;0;632.42;0.85;0.00;10.83;car;;0;0.00;164465.438672;2015.812899;13.143259;65.500847;2.806656;0;52471.652029
5045.00;E2J1_0;100.00;13.45;4989.00;0.50;A2A3_0;4.60;0.00;tripinfo_flow_0.50 emissions_flow_0.50;56.00;flow_0.50;0;632.42;1.17;0.00;9.87;car;;0;0.00;171311.762047;1879.987070;12.654362;68.961247;2.966552;0;54656.327469
5145.00;E2J1_0;100.00;12.81;5089.00;0.73;A2A3_0;4.60;0.00;tripinfo_flow_0.51 emissions_flow_0.51;56.00;flow_0.51;0;632.42;1.02;0.00;9.99;car;;0;0.00;168444.577303;1750.705981;11.782076;66.537279;2.762663;0;53742.163111
5306.00;E2J1_0;100.00;12.82;5189.00;0.96;A2A3_0;4.60;0.00;tripinfo_flow_0.52 emissions_flow_0.52;117.00;flow_0.52;0;632.42;1.10;0.00;70.20;car;;1;54.00;317474.697653;8585.492631;46.159915;130.397866;8.264192;0;101281.182938
5397.00;E2J1_0;100.00;13.38;5288.00;0.19;A2A3_0;4.60;0.00;tripinfo_flow_0.53 emissions_flow_0.53;109.00;flow_0.53;0;632.42;1.00;0.00;62.46;car;;1;46.00;300835.651545;7653.707814;41.544071;122.971225;7.540559;0;95973.802394
5486.00;E2J1_0;100.00;13.32;5388.00;0.42;A2A3_0;4.60;0.00;tripinfo_flow_0.54 emissions_flow_0.54;98.00;flow_0.54;0;632.42;1.00;0.00;51.92;car;;1;36.00;272834.633550;6440.702854;35.511381;111.577200;6.575622;0;87041.441257
5578.00;E2J1_0;100.00;12.15;5488.00;0.65;A2A3_0;4.60;0.00;tripinfo_flow_0.55 emissions_flow_0.55;90.00;flow_0.55;0;632.42;0.90;0.00;38.76;car;;1;25.00;240648.669949;5199.790129;29.261832;99.094307;5.599423;0;76773.566791
5666.00;E2J1_0;100.00;13.14;5588.00;0.88;A2A3_0;4.60;0.00;tripinfo_flow_0.56 emissions_flow_0.56;78.00;flow_0.56;0;632.42;1.14;0.00;31.71;car;;1;16.00;234040.171503;4264.011509;24.978724;96.352123;5.072085;0;74666.484589
5756.00;E2J1_0;100.00;13.21;5687.00;0.11;A2A3_0;4.60;0.00;tripinfo_flow_0.57 emissions_flow_0.57;69.00;flow_0.57;0;632.42;1.02;0.00;22.60;car;;1;4.00;207223.033807;3170.557778;19.458117;86.262926;4.272945;0;66111.448079
5846.00;E2J1_0;100.00;12.47;5787.00;0.34;A2A3_0;4.60;0.00;tripinfo_flow_0.58 emissions_flow_0.58;59.00;flow_0.58;0;632.42;0.97;0.00;11.78;car;;0;0.00;162997.814492;1889.492094;12.466729;65.723191;2.873103;0;52003.553359
5944.00;E2J1_0;100.00;13.40;5887.00;0.57;A2A3_0;4.60;0.00;tripinfo_flow_0.59 emissions_flow_0.59;57.00;flow_0.59;0;632.42;1.08;0.00;11.00;car;;0;0.00;164610.242879;1802.709625;12.103206;65.867261;2.811080;0;52518.353728
6044.00;E2J1_0;100.00;13.26;5987.00;0.80;A2A3_0;4.60;0.00;tripinfo_flow_0.60 emissions_flow_0.60;57.00;flow_0.60;0;632.42;1.12;0.00;11.05;car;;0;0.00;171678.297597;1926.984416;12.848482;69.026245;2.967483;0;54773.197595
6206.00;E2J1_0;100.00;13.70;6086.00;0.03;A2A3_0;4.60;0.00;tripinfo_flow_0.61 emissions_flow_0.61;120.00;flow_0.61;0;632.42;1.02;0.00;72.91;car;;1;58.00;330922.739425;9022.299075;48.638930;137.040329;8.745536;0;105570.869609
6296.00;E2J1_0;100.00;12.77;6186.00;0.26;A2A3_0;4.60;0.00;tripinfo_flow_0.62 emissions_flow_0.62;110.00;flow_0.62;0;632.42;0.99;0.00;62.79;car;;1;46.00;300530.902027;7801.927982;42.353666;124.019052;7.711343;0;95875.940398
6387.00;E2J1_0;100.00;12.19;6286.00;0.49;A2A3_0;4.60;0.00;tripinfo_flow_0.63 emissions_flow_0.63;101.00;flow_0.63;0;632.42;0.94;0.00;51.11;car;;1;35.00;269834.837633;6439.116461;35.470874;109.988241;6.482109;0;86084.304426
6479.00;E2J1_0;100.00;12.04;6386.00;0.72;A2A3_0;4.60;0.00;tripinfo_flow_0.64 emissions_flow_0.64;93.00;flow_0.64;0;632.42;0.88;0.00;40.58;car;;1;24.00;250237.967117;5410.639069;30.403325;101.257587;5.639836;0;79833.278218
6568.00;E2J1_0;100.00;12.10;6486.00;0.95;A2A3_0;4.60;0.00;tripinfo_flow_0.65 emissions_flow_0.65;82.00;flow_0.65;0;632.42;0.91;0.00;30.04;car;;1;15.00;220086.895772;4118.406451;23.916847;89.405911;4.665213;0;70214.988296
6658.00;E2J1_0;100.00;12.58;6585.00;0.18;A2A3_0;4.60;0.00;tripinfo_flow_0.66 emissions_flow_0.66;73.00;flow_0.66;0;632.42;0.91;0.00;21.83;car;;1;6.00;199039.909064;3133.954810;19.063642;81.495570;3.983132;0;63500.891874
6743.00;E2J1_0;100.00;13.55;6685.00;0.41;A2A3_0;4.60;0.00;tripinfo_flow_0.67 emissions_flow_0.67;58.00;flow_0.67;0;632.42;1.04;0.00;11.67;car;;0;0.00;183986.989180;2182.766199;14.259334;75.201514;3.387709;0;58699.759309
6843.00;E2J1_0;100.00;13.66;6785.00;0.64;A2A3_0;4.60;0.00;tripinfo_flow_0.68 emissions_flow_0.68;58.00;flow_0.68;0;632.42;1.02;0.00;11.62;car;;0;0.00;174805.510677;2113.746868;13.848569;71.594811;3.224844;0;55770.300080
6942.00;E2J1_0;100.00;13.73;6885.00;0.87;A2A3_0;4.60;0.00;tripinfo_flow_0.69 emissions_flow_0.69;57.00;flow_0.69;0;632.42;1.02;0.00;10.34;car;;0;0.00;174071.356259;1966.730451;13.173692;70.443764;3.075864;0;55536.531392
7107.00;E2J1_0;100.00;13.12;6984.00;0.10;A2A3_0;4.60;0.00;tripinfo_flow_0.70 emissions_flow_0.70;123.00;flow_0.70;0;632.42;0.97;0.00;74.79;car;;1;58.00;325539.106324;9097.664615;48.867525;134.144716;8.627820;0;103853.188867
7197.00;E2J1_0;100.00;12.06;7084.00;0.33;A2A3_0;4.60;0.00;tripinfo_flow_0.71 emissions_flow_0.71;113.00;flow_0.71;0;632.42;0.94;0.00;63.61;car;;1;46.00;299733.364431;7846.910832;42.571690;123.154110;7.642724;0;95621.474430
7286.00;E2J1_0;100.00;12.89;7184.00;0.56;A2A3_0;4.60;0.00;tripinfo_flow_0.72 emissions_flow_0.72;102.00;flow_0.72;0;632.42;1.06;0.00;55.77;car;;1;40.00;286931.510862;6960.286875;38.245188;117.738456;7.040836;0;91538.324070
7364.00;E2J1_0;100.00;9.35;7200.00;0.00;A2A1_0;10.10;0.00;tripinfo_flow_1.1 emissions_flow_1.1;164.00;flow_1.1;0;632.08;0.96;60.00;39.78;bus;;3;11.00;386533.143635;12168.596253;64.093107;160.002007;10.878697;0;123309.003244
7376.00;E2J1_0;100.00;12.90;7284.00;0.79;A2A3_0;4.60;0.00;tripinfo_flow_0.73 emissions_flow_0.73;92.00;flow_0.73;0;632.42;0.98;0.00;44.60;car;;1;28.00;256811.171420;5659.064259;31.795533;105.670436;6.025768;0;81929.772082
7465.00;E2J1_0;100.00;13.37;7383.00;0.02;A2A3_0;4.60;0.00;tripinfo_flow_0.74 emissions_flow_0.74;82.00;flow_0.74;0;632.42;1.03;0.00;36.26;car;;1;22.00;244474.850056;4817.654050;27.705553;100.407337;5.451780;0;77995.045797
7557.00;E2J1_0;100.00;12.66;7483.00;0.25;A2A3_0;4.60;0.00;tripinfo_flow_0.75 emissions_flow_0.75;74.00;flow_0.75;0;632.42;0.98;0.00;26.05;car;;1;10.00;219433.493769;3743.170906;22.328938;90.905860;4.668540;0;70006.593493
7646.00;E2J1_0;100.00;12.99;7583.00;0.48;A2A3_0;4.60;0.00;tripinfo_flow_0.76 emissions_flow_0.76;63.00;flow_0.76;0;632.42;1.01;0.00;16.72;car;;0;0.00;192884.881798;2512.839666;16.115523;79.205861;3.654837;0;61538.007295
7739.00;E2J1_0;100.00;13.53;7683.00;0.71;A2A3_0;4.60;0.00;tripinfo_flow_0.77 emissions_flow_0.77;56.00;flow_0.77;0;632.42;1.09;0.00;9.97;car;;0;0.00;168946.221578;1923.350962;12.842223;68.868920;3.042162;0;53901.224164
7839.00;E2J1_0;100.00;13.71;7783.00;0.94;A2A3_0;4.60;0.00;tripinfo_flow_0.78 emissions_flow_0.78;56.00;flow_0.78;0;632.42;1.03;0.00;10.09;car;;0;0.00;172387.022738;1906.467749;12.838783;69.820947;3.032309;0;54999.209842
7941.00;E2J1_0;100.00;13.71;7882.00;0.17;A2A3_0;4.60;0.00;tripinfo_flow_0.79 emissions_flow_0.79;59.00;flow_0.79;0;632.42;1.00;0.00;11.76;car;;0;0.00;174657.305962;2011.741989;13.313265;70.769072;3.111008;0;55723.417372
8096.00;E2J1_0;100.00;13.75;7982.00;0.40;A2A3_0;4.60;0.00;tripinfo_flow_0.80 emissions_flow_0.80;114.00;flow_0.80;0;632.42;1.02;0.00;67.88;car;;1;51.00;313624.982198;8236.197872;44.758706;129.590058;8.096266;0;100053.020306
8187.00;E2J1_0;100.00;13.01;8082.00;0.63;A2A3_0;4.60;0.00;tripinfo_flow_0.81 emissions_flow_0.81;105.00;flow_0.81;0;632.42;0.97;0.00;56.87;car;;1;41.00;284333.824472;7017.705991;38.552153;117.884280;7.151278;0;90709.001699
8276.00;E2J1_0;100.00;12.94;8182.00;0.86;A2A3_0;4.60;0.00;tripinfo_flow_0.82 emissions_flow_0.82;94.00;flow_0.82;0;632.42;1.15;0.00;47.78;car;;1;33.00;266587.659293;6235.296525;34.615279;110.599422;6.548274;0;85048.061047
8366.00;E2J1_0;100.00;13.33;8281.00;0.09;A2A3_0;4.60;0.00;tripinfo_flow_0.83 emissions_flow_0.83;85.00;flow_0.83;0;632.42;0.98;0.00;38.12;car;;1;21.00;239941.041154;4936.233620;28.121460;99.204959;5.506245;0;76548.106668
8456.00;E2J1_0;100.00;12.97;8381.00;0.32;A2A3_0;4.60;0.00;tripinfo_flow_0.84 emissions_flow_0.84;75.00;flow_0.84;0;632.42;1.00;0.00;28.32;car;;1;11.00;223247.827742;3932.793817;23.205098;92.068774;4.774954;0;71223.484202
8546.00;E2J1_0;100.00;13.16;8481.00;0.55;A2A3_0;4.60;0.00;tripinfo_flow_0.85 emissions_flow_0.85;65.00;flow_0.85;0;632.42;1.04;0.00;17.90;car;;1;1.00;197364.125363;2698.349810;17.016244;80.741989;3.767836;0;62966.980560
8638.00;E2J1_0;100.00;13.25;8581.00;0.78;A2A3_0;4.60;0.00;tripinfo_flow_0.86 emissions_flow_0.86;57.00;flow_0.86;0;632.42;1.01;0.00;10.69;car;;0;0.00;175261.757333;1939.020008;13.008407;70.628320;3.046418;0;55916.490650
8737.00;E2J1_0;100.00;13.34;8680.00;0.01;A2A3_0;4.60;0.00;tripinfo_flow_0.87 emissions_flow_0.87;57.00;flow_0.87;0;632.42;1.02;0.00;11.08;car;;0;0.00;177746.998262;1974.692885;13.154034;71.178574;3.064473;0;56709.574862
8837.00;E2J1_0;100.00;12.70;8780.00;0.24;A2A3_0;4.60;0.00;tripinfo_flow_0.88 emissions_flow_0.88;57.00;flow_0.88;0;632.42;1.02;0.00;10.35;car;;0;0.00;171146.480757;2063.975450;13.598147;70.945207;3.242950;0;54602.666734
8999.00;E2J1_0;100.00;11.85;8880.00;0.47;A2A3_0;4.60;0.00;tripinfo_flow_0.89 emissions_flow_0.89;119.00;flow_0.89;0;632.42;0.89;0.00;66.39;car;;1;51.00;298680.338989;8168.228708;43.998053;122.103387;7.702293;0;95285.149034
9090.00;E2J1_0;100.00;11.44;8980.00;0.70;A2A3_0;4.60;0.00;tripinfo_flow_0.90 emissions_flow_0.90;110.00;flow_0.90;0;632.42;0.83;0.00;53.98;car;;1;40.00;267604.194150;6883.690365;37.479236;108.812453;6.600939;0;85371.892998
9177.00;E2J1_0;100.00;12.56;9080.00;0.93;A2A3_0;4.60;0.00;tripinfo_flow_0.91 emissions_flow_0.91;97.00;flow_0.91;0;632.42;0.92;0.00;47.40;car;;1;33.00;258080.275411;6105.736670;33.753365;106.294535;6.280818;0;82334.028388
9266.00;E2J1_0;100.00;13.17;9179.00;0.16;A2A3_0;4.60;0.00;tripinfo_flow_0.92 emissions_flow_0.92;87.00;flow_0.92;0;632.42;1.09;0.00;41.32;car;;1;24.00;251441.076226;5233.490091;29.736427;103.191710;5.733638;0;80217.123219
9356.00;E2J1_0;100.00;13.05;9279.00;0.39;A2A3_0;4.60;0.00;tripinfo_flow_0.93 emissions_flow_0.93;77.00;flow_0.93;0;632.42;1.06;0.00;29.99;car;;1;14.00;228706.905466;4137.654901;24.320403;94.346043;4.958681;0;72964.948776
9446.00;E2J1_0;100.00;13.44;9379.00;0.62;A2A3_0;4.60;0.00;tripinfo_flow_0.94 emissions_flow_0.94;67.00;flow_0.94;0;632.42;1.01;0.00;20.56;car;;1;4.00;202516.150435;2982.086436;18.418044;83.266622;4.008834;0;64610.266038
9542.00;E2J1_0;100.00;12.40;9479.00;0.85;A2A3_0;4.60;0.00;tripinfo_flow_0.95 emissions_flow_0.95;63.00;flow_0.95;0;632.42;0.91;0.00;12.17;car;;0;0.00;171168.261194;2062.764388;13.521216;68.411248;2.949160;0;54610.205754
9634.00;E2J1_0;100.00;12.65;9578.00;0.08;A2A3_0;4.60;0.00;tripinfo_flow_0.96 emissions_flow_0.96;56.00;flow_0.96;0;632.42;1.12;0.00;9.68;car;;0;0.00;167802.604261;1846.065720;12.400961;67.849190;2.946611;0;53536.662397
9736.00;E2J1_0;100.00;13.85;9678.00;0.31;A2A3_0;4.60;0.00;tripinfo_flow_0.97 emissions_flow_0.97;58.00;flow_0.97;0;632.42;1.10;0.00;12.36;car;;0;0.00;171779.834002;1983.095869;13.125959;69.435118;3.036484;0;54805.407897
9896.00;E2J1_0;100.00;13.74;9778.00;0.54;A2A3_0;4.60;0.00;tripinfo_flow_0.98 emissions_flow_0.98;118.00;flow_0.98;0;632.42;1.06;0.00;71.23;car;;1;55.00;324931.260907;8738.959603;47.270302;134.142310;8.490747;0;103659.747988
9987.00;E2J1_0;100.00;13.11;9878.00;0.77;A2A3_0;4.60;0.00;tripinfo_flow_0.99 emissions_flow_0.99;109.00;flow_0.99;0;632.42;0.96;0.00;60.31;car;;1;43.00;290377.750321;7510.217122;40.900902;119.971052;7.414778;0;92636.750899
10076.00;E2J1_0;100.00;12.98;9977.00;0.00;A2A3_0;4.60;0.00;tripinfo_flow_0.100 emissions_flow_0.100;99.00;flow_0.100;0;632.42;0.97;0.00;50.65;car;;1;36.00;270844.266126;6449.166369;35.603898;111.359585;6.603415;0;86406.138048
10166.00;E2J1_0;100.00;12.92;10077.00;0.23;A2A3_0;4.60;0.00;tripinfo_flow_0.101 emissions_flow_0.101;89.00;flow_0.101;0;632.42;0.95;0.00;40.21;car;;1;23.00;249607.432620;5171.716874;29.348197;101.844982;5.615420;0;79632.308845
10259.00;E2J1_0;100.00;11.50;10177.00;0.46;A2A3_0;4.60;0.00;tripinfo_flow_0.102 emissions_flow_0.102;82.00;flow_0.102;0;632.42;0.89;0.00;30.22;car;;1;15.00;217049.588606;4003.284062;23.367632;87.915577;4.535258;0;69246.104547
10345.00;E2J1_0;100.00;13.74;10277.00;0.69;A2A3_0;4.60;0.00;tripinfo_flow_0.103 emissions_flow_0.103;68.00;flow_0.103;0;632.42;1.07;0.00;21.88;car;;1;5.00;209169.033148;3127.139616;19.222712;85.401240;4.115815;0;66732.916234
10435.00;E2J1_0;100.00;13.87;10377.00;0.92;A2A3_0;4.60;0.00;tripinfo_flow_0.104 emissions_flow_0.104;58.00;flow_0.104;0;632.42;1.01;0.00;11.31;car;;0;0.00;172633.695994;1977.153660;13.150957;70.114665;3.063409;0;55077.724752
10534.00;E2J1_0;100.00;13.07;10476.00;0.15;A2A3_0;4.60;0.00;tripinfo_flow_0.105 emissions_flow_0.105;58.00;flow_0.105;0;632.42;1.03;0.00;10.71;car;;0;0.00;166418.691548;1897.265838;12.622839;67.465964;2.951301;0;53094.924001
10632.00;E2J1_0;100.00;13.40;10576.00;0.38;A2A3_0;4.60;0.00;tripinfo_flow_0.106 emissions_flow_0.106;56.00;flow_0.106;0;632.42;1.06;0.00;10.05;car;;0;0.00;165723.613100;1900.527847;12.670926;67.969053;3.012193;0;52872.897152
10797.00;E2J1_0;100.00;13.29;10676.00;0.61;A2A3_0;4.60;0.00;tripinfo_flow_0.107 emissions_flow_0.107;121.00;flow_0.107;0;632.42;0.96;0.00;72.56;car;;1;56.00;324638.826538;8931.427145;47.999991;133.441490;8.506479;0;103566.300614
10888.00;E2J1_0;100.00;11.60;10776.00;0.84;A2A3_0;4.60;0.00;tripinfo_flow_0.108 emissions_flow_0.108;112.00;flow_0.108;0;632.42;0.93;0.00;61.74;car;;1;45.00;290879.004896;7484.601685;40.653924;118.618920;7.266643;0;92797.164055
10979.00;E2J1_0;100.00;11.60;10875.00;0.07;A2A3_0;4.60;0.00;tripinfo_flow_0.109 emissions_flow_0.109;104.00;flow_0.109;0;632.42;0.87;0.00;51.01;car;;1;37.00;267528.672830;6508.813518;35.808793;108.817150;6.426777;0;85348.347460
11066.00;E2J1_0;100.00;12.62;10975.00;0.30;A2A3_0;4.60;0.00;tripinfo_flow_0.110 emissions_flow_0.110;91.00;flow_0.110;0;632.42;1.10;0.00;44.30;car;;1;27.00;257976.027947;5751.452223;32.303274;107.593559;6.242355;0;82300.910086
11156.00;E2J1_0;100.00;12.98;11075.00;0.53;A2A3_0;4.60;0.00;tripinfo_flow_0.111 emissions_flow_0.111;81.00;flow_0.111;0;632.42;1.01;0.00;34.87;car;;1;17.00;241597.954044;4592.575108;26.569276;99.242881;5.315689;0;77077.484350
11246.00;E2J1_0;100.00;13.67;11175.00;0.76;A2A3_0;4.60;0.00;tripinfo_flow_0.112 emissions_flow_0.112;71.00;flow_0.112;0;632.42;1.10;0.00;24.68;car;;1;8.00;219323.123034;3493.704514;21.158762;90.289803;4.500858;0;69971.953035
11336.00;E2J1_0;100.00;12.14;11275.00;0.99;A2A3_0;4.60;0.00;tripinfo_flow_0.113 emissions_flow_0.113;61.00;flow_0.113;0;632.42;0.92;0.00;11.46;car;;0;0.00;168433.433907;1960.089353;12.975513;67.465772;2.897176;0;53737.761074
11431.00;E2J1_0;100.00;13.68;11374.00;0.22;A2A3_0;4.60;0.00;tripinfo_flow_0.114 emissions_flow_0.114;57.00;flow_0.114;0;632.42;1.18;0.00;10.67;car;;0;0.00;172269.970515;1837.382181;12.498378;68.755532;2.913344;0;54962.303876
11532.00;E2J1_0;100.00;12.66;11474.00;0.45;A2A3_0;4.60;0.00;tripinfo_flow_0.115 emissions_flow_0.115;58.00;flow_0.115;0;632.42;1.00;0.00;11.82;car;;0;0.00;177998.745913;2059.997223;13.659094;72.103114;3.166654;0;56789.456122
11696.00;E2J1_0;100.00;12.60;11574.00;0.68;A2A3_0;4.60;0.00;tripinfo_flow_0.116 emissions_flow_0.116;122.00;flow_0.116;0;632.42;0.99;0.00;75.07;car;;1;58.00;332140.919888;9221.526707;49.500834;137.176799;8.818433;0;105959.366058
11785.00;E2J1_0;100.00;13.62;11674.00;0.91;A2A3_0;4.60;0.00;tripinfo_flow_0.117 emissions_flow_0.117;111.00;flow_0.117;0;632.42;1.07;0.00;65.23;car;;1;48.00;312377.065588;8140.519059;44.287542;129.879818;8.112120;0;99654.782643
11877.00;E2J1_0;100.00;12.37;11773.00;0.14;A2A3_0;4.60;0.00;tripinfo_flow_0.118 emissions_flow_0.118;104.00;flow_0.118;0;632.42;0.94;0.00;54.47;car;;1;38.00;272577.172401;6724.041139;36.965145;112.307372;6.757233;0;86958.477643
11966.00;E2J1_0;100.00;13.69;11873.00;0.37;A2A3_0;4.60;0.00;tripinfo_flow_0.119 emissions_flow_0.119;93.00;flow_0.119;0;632.42;1.10;0.00;46.07;car;;1;29.00;268166.497167;5917.609919;33.108962;109.670149;6.260077;0;85552.730972
12055.00;E2J1_0;100.00;13.12;11973.00;0.60;A2A3_0;4.60;0.00;tripinfo_flow_0.120 emissions_flow_0.120;82.00;flow_0.120;0;632.42;1.03;0.00;35.65;car;;1;19.00;239725.473912;4637.962780;26.711794;98.191432;5.287204;0;76480.079362
12145.00;E2J1_0;100.00;12.60;12073.00;0.83;A2A3_0;4.60;0.00;tripinfo_flow_0.121 emissions_flow_0.121;72.00;flow_0.121;0;632.42;1.02;0.00;25.73;car;;1;11.00;215193.049311;3663.804180;21.749696;88.461493;4.527901;0;68654.044025
12236.00;E2J1_0;100.00;12.76;12172.00;0.06;A2A3_0;4.60;0.00;tripinfo_flow_0.122 emissions_flow_0.122;64.00;flow_0.122;0;632.42;1.06;0.00;17.61;car;;0;0.00;196378.334662;2693.343963;16.890586;80.239595;3.756069;0;62652.527890
12328.00;E2J1_0;100.00;12.90;12272.00;0.29;A2A3_0;4.60;0.00;tripinfo_flow_0.123 emissions_flow_0.123;56.00;flow_0.123;0;632.42;1.15;0.00;9.99;car;;0;0.00;166119.784111;1752.715767;11.883369;66.440870;2.799422;0;53000.070993
12429.00;E2J1_0;100.00;13.84;12372.00;0.52;A2A3_0;4.60;0.00;tripinfo_flow_0.124 emissions_flow_0.124;57.00;flow_0.124;0;632.42;1.03;0.00;10.11;car;;0;0.00;171370.866858;1903.982349;12.724705;69.279574;3.013286;0;54675.079403
12601.00;E2J1_0;100.00;10.75;12472.00;0.75;A2A3_0;4.60;0.00;tripinfo_flow_0.125 emissions_flow_0.125;129.00;flow_0.125;0;632.42;0.82;0.00;71.57;car;;1;55.00;298047.125994;8643.387498;46.108729;122.271303;7.950603;0;95082.271878
12686.00;E2J1_0;100.00;13.21;12572.00;0.98;A2A3_0;4.60;0.00;tripinfo_flow_0.126 emissions_flow_0.126;114.00;flow_0.126;0;632.42;1.12;0.00;68.28;car;;1;52.00;315684.254969;8443.568378;45.787357;131.430638;8.318889;0;100709.454348
12776.00;E2J1_0;100.00;13.26;12671.00;0.21;A2A3_0;4.60;0.00;tripinfo_flow_0.127 emissions_flow_0.127;105.00;flow_0.127;0;632.42;1.01;0.00;58.43;car;;1;42.00;285828.652479;7238.547791;39.422300;117.513759;7.182798;0;91185.981775
12866.00;E2J1_0;100.00;12.60;12771.00;0.44;A2A3_0;4.60;0.00;tripinfo_flow_0.128 emissions_flow_0.128;95.00;flow_0.128;0;632.42;1.03;0.00;48.24;car;;1;31.00;265489.582184;6126.145075;33.966082;109.153789;6.384496;0;84698.162377
12956.00;E2J1_0;100.00;13.42;12871.00;0.67;A2A3_0;4.60;0.00;tripinfo_flow_0.129 emissions_flow_0.129;85.00;flow_0.129;0;632.42;1.07;0.00;38.19;car;;1;22.00;250922.877422;5051.397810;28.740228;102.515226;5.621111;0;80052.271374
13047.00;E2J1_0;100.00;12.04;12971.00;0.90;A2A3_0;4.60;0.00;tripinfo_flow_0.130 emissions_flow_0.130;76.00;flow_0.130;0;632.42;0.96;0.00;27.87;car;;1;11.00;218229.871907;3815.831528;22.454071;88.643098;4.520810;0;69623.003237
13135.00;E2J1_0;100.00;13.58;13070.00;0.13;A2A3_0;4.60;0.00;tripinfo_flow_0.131 emissions_flow_0.131;65.00;flow_0.131;0;632.42;1.04;0.00;18.84;car;;1;3.00;201184.653458;2885.527496;18.025785;82.773068;3.953550;0;64185.545991
13227.00;E2J1_0;100.00;12.99;13170.00;0.36;A2A3_0;4.60;0.00;tripinfo_flow_0.132 emissions_flow_0.132;57.00;flow_0.132;0;632.42;1.23;0.00;10.80;car;;0;0.00;166635.480469;1781.854989;12.089254;66.718247;2.831105;0;53164.546029
13327.00;E2J1_0;100.00;13.85;13270.00;0.59;A2A3_0;4.60;0.00;tripinfo_flow_0.133 emissions_flow_0.133;57.00;flow_0.133;0;632.42;1.01;0.00;10.22;car;;0;0.00;169264.724807;1896.865343;12.712045;68.424182;2.977914;0;54003.055892
13427.00;E2J1_0;100.00;12.64;13370.00;0.82;A2A3_0;4.60;0.00;tripinfo_flow_0.134 emissions_flow_0.134;57.00;flow_0.134;0;632.42;1.12;0.00;10.12;car;;0;0.00;170862.451553;1932.891448;12.893193;69.445711;3.050891;0;54512.675869
13585.00;E2J1_0;100.00;12.73;13469.00;0.05;A2A3_0;4.60;0.00;tripinfo_flow_0.135 emissions_flow_0.135;116.00;flow_0.135;0;632.42;1.02;0.00;69.80;car;;1;54.00;319576.263008;8757.676033;47.189836;132.845419;8.512727;0;101950.900240
13676.00;E2J1_0;100.00;13.58;13569.00;0.28;A2A3_0;4.60;0.00;tripinfo_flow_0.136 emissions_flow_0.136;107.00;flow_0.136;0;632.42;1.00;0.00;60.17;car;;1;45.00;301922.360512;7572.826031;41.336624;123.855982;7.545527;0;96320.477045
13767.00;E2J1_0;100.00;12.28;13669.00;0.51;A2A3_0;4.60;0.00;tripinfo_flow_0.137 emissions_flow_0.137;98.00;flow_0.137;0;632.42;0.95;0.00;49.58;car;;1;33.00;265612.646290;6364.773410;35.197938;110.057563;6.557323;0;84736.745317
13856.00;E2J1_0;100.00;13.15;13769.00;0.74;A2A3_0;4.60;0.00;tripinfo_flow_0.138 emissions_flow_0.138;87.00;flow_0.138;0;632.42;1.11;0.00;40.75;car;;1;25.00;247877.255031;5281.577013;29.794715;101.624539;5.701249;0;79080.051888
13945.00;E2J1_0;100.00;13.29;13869.00;0.97;A2A3_0;4.60;0.00;tripinfo_flow_0.139 emissions_flow_0.139;76.00;flow_0.139;0;632.42;1.16;0.00;30.42;car;;1;16.00;228156.437652;4289.324327;24.750329;93.851774;5.030318;0;72789.340410
14037.00;E2J1_0;100.00;12.12;13968.00;0.20;A2A3_0;4.60;0.00;tripinfo_flow_0.140 emissions_flow_0.140;69.00;flow_0.140;0;632.42;0.94;0.00;19.60;car;;1;2.00;193712.503185;2767.621030;17.318666;79.435427;3.755791;0;61801.646894
14124.00;E2J1_0;100.00;13.53;14068.00;0.43;A2A3_0;4.60;0.00;tripinfo_flow_0.141 emissions_flow_0.141;56.00;flow_0.141;0;632.42;1.13;0.00;9.73;car;;0;0.00;166524.982382;1832.230971;12.352740;67.593517;2.922736;0;53128.919159
14243.00;E2J1_0;100.00;9.75;14168.00;0.66;A2A3_0;4.60;0.00;tripinfo_flow_0.142 emissions_flow_0.142;75.00;flow_0.142;0;632.42;0.73;0.00;11.35;car;;0;0.00;164283.409875;2393.619814;14.807835;65.441850;2.929079;0;52412.877169
14325.00;E2J1_0;100.00;13.38;14268.00;0.89;A2A3_0;4.60;0.00;tripinfo_flow_0.143 emissions_flow_0.143;57.00;flow_0.143;0;632.42;1.14;0.00;10.05;car;;0;0.00;165280.069187;1836.515251;12.247320;66.259325;2.838553;0;52731.971158
14489.00;E2J1_0;100.00;11.06;14367.00;0.12;A2A3_0;4.60;0.00;tripinfo_flow_0.144 emissions_flow_0.144;122.00;flow_0.144;0;632.42;0.89;0.00;69.41;car;;1;52.00;304678.094489;8488.209036;45.531085;124.326648;7.909718;0;97198.401155
14563.00;E2J1_0;100.00;9.66;14400.00;0.00;A2A1_0;10.10;0.00;tripinfo_flow_1.2 emissions_flow_1.2;163.00;flow_1.2;0;632.08;1.00;60.00;39.07;bus;;2;9.00;388705.147793;12056.343631;63.637910;160.567661;10.811790;0;124002.228947
14577.00;E2J1_0;100.00;12.21;14467.00;0.35;A2A3_0;4.60;0.00;tripinfo_flow_0.145 emissions_flow_0.145;110.00;flow_0.145;0;632.42;0.97;0.00;61.24;car;;1;45.00;297655.426171;7752.707968;42.123649;122.767491;7.623702;0;94958.516708
14666.00;E2J1_0;100.00;13.30;14567.00;0.58;A2A3_0;4.60;0.00;tripinfo_flow_0.146 emissions_flow_0.146;99.00;flow_0.146;0;632.42;1.04;0.00;52.69;car;;1;37.00;282269.761244;6703.758368;37.080995;116.860854;6.957901;0;90050.968667
14757.00;E2J1_0;100.00;12.67;14667.00;0.81;A2A3_0;4.60;0.00;tripinfo_flow_0.147 emissions_flow_0.147;90.00;flow_0.147;0;632.42;0.96;0.00;41.64;car;;1;25.00;249090.035415;5279.407957;29.802328;102.000448;5.711754;0;79467.005956
14846.00;E2J1_0;100.00;13.44;14766.00;0.04;A2A3_0;4.60;0.00;tripinfo_flow_0.148 emissions_flow_0.148;80.00;flow_0.148;0;632.42;1.00;0.00;34.21;car;;1;18.00;239429.007452;4638.483120;26.842050;99.246901;5.374935;0;76385.065678
14936.00;E2J1_0;100.00;13.83;14866.00;0.27;A2A3_0;4.60;0.00;tripinfo_flow_0.149 emissions_flow_0.149;70.00;flow_0.149;0;632.42;1.07;0.00;23.21;car;;1;5.00;204873.914093;3113.302287;18.976114;83.469586;4.036626;0;65362.597735
15028.00;E2J1_0;100.00;12.75;14966.00;0.50;A2A3_0;4.60;0.00;tripinfo_flow_0.150 emissions_flow_0.150;62.00;flow_0.150;0;632.42;0.93;0.00;12.05;car;;0;0.00;168593.032294;1981.948129;13.076079;67.547652;2.905349;0;53788.654255
15123.00;E2J1_0;100.00;13.74;15066.00;0.73;A2A3_0;4.60;0.00;tripinfo_flow_0.151 emissions_flow_0.151;57.00;flow_0.151;0;632.42;1.06;0.00;11.08;car;;0;0.00;170477.840420;1887.478742;12.719287;68.689954;2.967202;0;54390.186644
15222.00;E2J1_0;100.00;12.73;15166.00;0.96;A2A3_0;4.60;0.00;tripinfo_flow_0.152 emissions_flow_0.152;56.00;flow_0.152;0;632.42;1.12;0.00;9.71;car;;0;0.00;164088.736434;1852.876212;12.407211;66.833033;2.925942;0;52351.505699
15386.00;E2J1_0;100.00;13.47;15265.00;0.19;A2A3_0;4.60;0.00;tripinfo_flow_0.153 emissions_flow_0.153;121.00;flow_0.153;0;632.42;1.18;0.00;74.43;car;;1;57.00;332543.257736;9139.345751;49.236909;137.713299;8.817258;0;106087.731585
15475.00;E2J1_0;100.00;12.77;15365.00;0.42;A2A3_0;4.60;0.00;tripinfo_flow_0.154 emissions_flow_0.154;110.00;flow_0.154;0;632.42;1.08;0.00;63.65;car;;1;48.00;305434.163922;8062.735452;43.728111;126.674932;7.948750;0;97439.794537
15568.00;E2J1_0;100.00;12.09;15465.00;0.65;A2A3_0;4.60;0.00;tripinfo_flow_0.155 emissions_flow_0.155;103.00;flow_0.155;0;632.42;0.91;0.00;51.97;car;;1;38.00;274324.173257;6694.049361;36.803736;112.280042;6.691230;0;87516.125677
15656.00;E2J1_0;100.00;13.78;15565.00;0.88;A2A3_0;4.60;0.00;tripinfo_flow_0.156 emissions_flow_0.156;91.00;flow_0.156;0;632.42;1.14;0.00;44.62;car;;1;28.00;260250.030046;5723.219288;32.139677;107.490123;6.155778;0;83026.813936
15749.00;E2J1_0;100.00;12.20;15664.00;0.11;A2A3_0;4.60;0.00;tripinfo_flow_0.157 emissions_flow_0.157;85.00;flow_0.157;0;632.42;0.88;0.00;32.18;car;;1;16.00;226152.391230;4419.870865;25.496143;92.491650;4.931372;0;72149.588044
15836.00;E2J1_0;100.00;13.80;15764.00;0.34;A2A3_0;4.60;0.00;tripinfo_flow_0.158 emissions_flow_0.158;72.00;flow_0.158;0;632.42;1.08;0.00;25.46;car;;1;9.00;219376.371798;3561.990339;21.365560;89.901504;4.494070;0;69988.988317
15924.00;E2J1_0;100.00;12.80;15864.00;0.57;A2A3_0;4.60;0.00;tripinfo_flow_0.159 emissions_flow_0.159;60.00;flow_0.159;0;632.42;0.99;0.00;13.42;car;;0;0.00;184533.294555;2159.109356;14.280738;74.779937;3.289272;0;58874.180544
16020.00;E2J1_0;100.00;13.68;15964.00;0.80;A2A3_0;4.60;0.00;tripinfo_flow_0.160 emissions_flow_0.160;56.00;flow_0.160;0;632.42;1.13;0.00;10.19;car;;0;0.00;164995.685791;1763.436695;11.988565;66.032892;2.789484;0;52641.340957
16121.00;E2J1_0;100.00;13.30;16063.00;0.03;A2A3_0;4.60;0.00;tripinfo_flow_0.161 emissions_flow_0.161;58.00;flow_0.161;0;632.42;1.05;0.00;10.11;car;;0;0.00;175105.509113;1920.888747;12.822912;69.917919;2.972532;0;55866.896233
16287.00;E2J1_0;100.00;12.36;16163.00;0.26;A2A3_0;4.60;0.00;tripinfo_flow_0.162 emissions_flow_0.162;124.00;flow_0.162;0;632.42;0.91;0.00;73.23;car;;1;58.00;322329.874062;8901.184619;47.917450;132.228981;8.416268;0;102829.648595
16375.00;E2J1_0;100.00;13.70;16263.00;0.49;A2A3_0;4.60;0.00;tripinfo_flow_0.163 emissions_flow_0.163;112.00;flow_0.163;0;632.42;1.00;0.00;66.37;car;;1;51.00;307277.187048;8085.262816;43.699275;126.317882;7.880734;0;98028.216079
16466.00;E2J1_0;100.00;12.71;16363.00;0.72;A2A3_0;4.60;0.00;tripinfo_flow_0.164 emissions_flow_0.164;103.00;flow_0.164;0;632.42;1.03;0.00;56.97;car;;1;40.00;281617.023947;6916.566645;37.918145;116.103662;7.013230;0;89842.588704
16556.00;E2J1_0;100.00;12.91;16463.00;0.95;A2A3_0;4.60;0.00;tripinfo_flow_0.165 emissions_flow_0.165;93.00;flow_0.165;0;632.42;0.98;0.00;46.05;car;;1;29.00;259409.818951;5884.252781;32.802559;106.888547;6.193437;0;82758.578882
16647.00;E2J1_0;100.00;12.05;16562.00;0.18;A2A3_0;4.60;0.00;tripinfo_flow_0.166 emissions_flow_0.166;85.00;flow_0.166;0;632.42;0.94;0.00;36.38;car;;1;17.00;233613.729441;4737.001691;27.060861;95.965357;5.249478;0;74529.705285
16735.00;E2J1_0;100.00;13.46;16662.00;0.41;A2A3_0;4.60;0.00;tripinfo_flow_0.167 emissions_flow_0.167;73.00;flow_0.167;0;632.42;1.09;0.00;27.37;car;;1;10.00;220206.591086;3667.704065;22.026037;90.516461;4.584332;0;70253.597058
16828.00;E2J1_0;100.00;11.72;16762.00;0.64;A2A3_0;4.60;0.00;tripinfo_flow_0.168 emissions_flow_0.168;66.00;flow_0.168;0;632.42;0.90;0.00;13.73;car;;0;0.00;184935.163189;2302.358900;14.910954;74.776511;3.310095;0;59002.095915
16925.00;E2J1_0;100.00;11.86;16862.00;0.87;A2A3_0;4.60;0.00;tripinfo_flow_0.169 emissions_flow_0.169;63.00;flow_0.169;0;632.42;0.89;0.00;10.91;car;;0;0.00;161213.475825;1883.557604;12.477818;64.696813;2.769453;0;51434.186292
17016.00;E2J1_0;100.00;13.55;16961.00;0.10;A2A3_0;4.60;0.00;tripinfo_flow_0.170 emissions_flow_0.170;55.00;flow_0.170;0;632.42;1.14;0.00;9.46;car;;0;0.00;166721.372464;1776.030102;12.027257;66.709953;2.831858;0;53191.996069
17119.00;E2J1_0;100.00;12.39;17061.00;0.33;A2A3_0;4.60;0.00;tripinfo_flow_0.171 emissions_flow_0.171;58.00;flow_0.171;0;632.42;0.96;0.00;10.21;car;;0;0.00;168089.627949;1810.837596;12.123160;66.475122;2.776719;0;53628.680976
17278.00;E2J1_0;100.00;12.21;17161.00;0.56;A2A3_0;4.60;0.00;tripinfo_flow_0.172 emissions_flow_0.172;117.00;flow_0.172;0;632.42;0.92;0.00;65.86;car;;1;51.00;302039.734556;8055.383113;43.529070;122.992216;7.660319;0;96357.360500
17366.00;E2J1_0;100.00;12.70;17261.00;0.79;A2A3_0;4.60;0.00;tripinfo_flow_0.173 emissions_flow_0.173;105.00;flow_0.173;0;632.42;1.09;0.00;58.01;car;;1;41.00;290907.820451;7279.856367;39.780734;120.425279;7.344896;0;92806.212170
17456.00;E2J1_0;100.00;12.63;17360.00;0.02;A2A3_0;4.60;0.00;tripinfo_flow_0.174 emissions_flow_0.174;96.00;flow_0.174;0;632.42;1.03;0.00;49.35;car;;1;33.00;266837.665183;6162.267877;34.091737;109.167373;6.382210;0;85128.452316
17546.00;E2J1_0;100.00;13.79;17460.00;0.25;A2A3_0;4.60;0.00;tripinfo_flow_0.175 emissions_flow_0.175;86.00;flow_0.175;0;632.42;1.08;0.00;39.31;car;;1;22.00;251920.016492;4992.531824;28.560811;102.953744;5.580239;0;80370.426996
17636.00;E2J1_0;100.00;13.23;17560.00;0.48;A2A3_0;4.60;0.00;tripinfo_flow_0.176 emissions_flow_0.176;76.00;flow_0.176;0;632.42;1.06;0.00;30.04;car;;1;13.00;218291.423694;3984.573063;23.334770;90.477945;4.790183;0;69641.903086
17726.00;E2J1_0;100.00;13.72;17660.00;0.71;A2A3_0;4.60;0.00;tripinfo_flow_0.177 emissions_flow_0.177;66.00;flow_0.177;0;632.42;1.10;0.00;18.99;car;;1;3.00;207518.323118;2959.155611;18.400237;84.837633;4.024863;0;66206.473593
17818.00;E2J1_0;100.00;13.68;17760.00;0.94;A2A3_0;4.60;0.00;tripinfo_flow_0.178 emissions_flow_0.178;58.00;flow_0.178;0;632.42;1.03;0.00;11.47;car;;0;0.00;176543.498384;1991.101285;13.387564;71.889456;3.139440;0;56325.100080
17916.00;E2J1_0;100.00;13.32;17859.00;0.17;A2A3_0;4.60;0.00;tripinfo_flow_0.179 emissions_flow_0.179;57.00;flow_0.179;0;632.42;1.03;0.00;11.38;car;;0;0.00;165733.352990;1838.296034;12.403711;66.577964;2.843895;0;52876.482084
18018.00;E2J1_0;100.00;12.83;17959.00;0.40;A2A3_0;4.60;0.00;tripinfo_flow_0.180 emissions_flow_0.180;59.00;flow_0.180;0;632.42;1.08;0.00;11.99;car;;0;0.00;165642.118364;1942.593008;12.796157;66.944782;2.945552;0;52847.144644
18177.00;E2J1_0;100.00;13.02;18059.00;0.63;A2A3_0;4.60;0.00;tripinfo_flow_0.181 emissions_flow_0.181;118.00;flow_0.181;0;632.42;0.94;0.00;68.48;car;;1;53.00;317703.511434;8550.061360;46.215369;130.525722;8.212038;0;101354.033681
18268.00;E2J1_0;100.00;12.66;18159.00;0.86;A2A3_0;4.60;0.00;tripinfo_flow_0.182 emissions_flow_0.182;109.00;flow_0.182;0;632.42;0.92;0.00;57.57;car;;1;43.00;289868.882861;7296.121979;39.969722;119.720743;7.287936;0;92474.657316
18356.00;E2J1_0;100.00;13.06;18258.00;0.09;A2A3_0;4.60;0.00;tripinfo_flow_0.183 emissions_flow_0.183;98.00;flow_0.183;0;632.42;1.08;0.00;51.15;car;;1;36.00;278455.635773;6552.500771;36.270142;114.297560;6.753434;0;88834.575254
18449.00;E2J1_0;100.00;11.31;18358.00;0.32;A2A3_0;4.60;0.00;tripinfo_flow_0.184 emissions_flow_0.184;91.00;flow_0.184;0;632.42;0.89;0.00;38.62;car;;1;22.00;228973.239124;4957.781345;27.893652;93.336399;5.218198;0;73048.972328
18536.00;E2J1_0;100.00;12.84;18458.00;0.55;A2A3_0;4.60;0.00;tripinfo_flow_0.185 emissions_flow_0.185;78.00;flow_0.185;0;632.42;0.97;0.00;29.86;car;;1;14.00;224112.521019;4042.018166;23.624900;91.676845;4.756829;0;71499.413996
18627.00;E2J1_0;100.00;12.20;18558.00;0.78;A2A3_0;4.60;0.00;tripinfo_flow_0.186 emissions_flow_0.186;69.00;flow_0.186;0;632.42;0.97;0.00;20.61;car;;1;5.00;204254.804086;3151.074939;19.251741;84.202220;4.136033;0;65164.644706
18720.00;E2J1_0;100.00;12.43;18657.00;0.01;A2A3_0;4.60;0.00;tripinfo_flow_0.187 emissions_flow_0.187;63.00;flow_0.187;0;632.42;0.90;0.00;11.21;car;;0;0.00;167786.981906;1959.347686;12.962863;66.955292;2.851245;0;53531.553937
18819.00;E2J1_0;100.00;11.97;18757.00;0.24;A2A3_0;4.60;0.00;tripinfo_flow_0.188 emissions_flow_0.188;62.00;flow_0.188;0;632.42;0.93;0.00;11.96;car;;0;0.00;170280.885582;1984.797700;13.129193;68.313699;2.933777;0;54327.150415
18914.00;E2J1_0;100.00;13.23;18857.00;0.47;A2A3_0;4.60;0.00;tripinfo_flow_0.189 emissions_flow_0.189;57.00;flow_0.189;0;632.42;1.10;0.00;10.47;car;;0;0.00;161994.615283;1793.235381;12.002716;65.020505;2.778572;0;51683.720494
19075.00;E2J1_0;100.00;13.56;18957.00;0.70;A2A3_0;4.60;0.00;tripinfo_flow_0.190 emissions_flow_0.190;118.00;flow_0.190;0;632.42;1.07;0.00;72.38;car;;1;58.00;330480.530118;9088.992908;48.844970;136.876810;8.781266;0;105429.730628
19166.00;E2J1_0;100.00;12.88;19057.00;0.93;A2A3_0;4.60;0.00;tripinfo_flow_0.191 emissions_flow_0.191;109.00;flow_0.191;0;632.42;1.00;0.00;62.34;car;;1;45.00;299448.624130;7635.603140;41.680600;123.823746;7.625318;0;95530.749373
19259.00;E2J1_0;100.00;10.55;19156.00;0.16;A2A3_0;4.60;0.00;tripinfo_flow_0.192 emissions_flow_0.192;103.00;flow_0.192;0;632.42;0.84;0.00;48.06;car;;1;33.00;254837.255968;6075.627968;33.535671;102.979465;5.985817;0;81299.801015
19346.00;E2J1_0;100.00;12.83;19256.00;0.39;A2A3_0;4.60;0.00;tripinfo_flow_0.193 emissions_flow_0.193;90.00;flow_0.193;0;632.42;1.03;0.00;42.90;car;;1;27.00;256113.163368;5424.590395;30.566820;104.716992;5.873693;0;81707.720592
19439.00;E2J1_0;100.00;11.54;19356.00;0.62;A2A3_0;4.60;0.00;tripinfo_flow_0.194 emissions_flow_0.194;83.00;flow_0.194;0;632.42;0.87;0.00;29.60;car;;1;13.00;214767.428369;3925.450093;22.961277;86.856671;4.442346;0;68518.065675
19525.00;E2J1_0;100.00;13.63;19456.00;0.85;A2A3_0;4.60;0.00;tripinfo_flow_0.195 emissions_flow_0.195;69.00;flow_0.195;0;632.42;1.06;0.00;22.79;car;;1;8.00;212798.910609;3389.245857;20.597760;88.353754;4.431860;0;67890.221443
19623.00;E2J1_0;100.00;10.60;19555.00;0.08;A2A3_0;4.60;0.00;tripinfo_flow_0.196 emissions_flow_0.196;68.00;flow_0.196;0;632.42;0.83;0.00;11.31;car;;0;0.00;165262.544009;2115.746567;13.632609;66.141481;2.873980;0;52725.698111
19716.00;E2J1_0;100.00;13.14;19655.00;0.31;A2A3_0;4.60;0.00;tripinfo_flow_0.197 emissions_flow_0.197;61.00;flow_0.197;0;632.42;0.95;0.00;11.95;car;;0;0.00;164723.885826;1932.326785;12.836637;66.749234;2.913338;0;52554.013870
19819.00;E2J1_0;100.00;11.14;19755.00;0.54;A2A3_0;4.60;0.00;tripinfo_flow_0.198 emissions_flow_0.198;64.00;flow_0.198;0;632.42;0.87;0.00;11.15;car;;0;0.00;165082.640181;1955.587667;12.870353;65.360052;2.760262;0;52668.795002
19976.00;E2J1_0;100.00;13.16;19855.00;0.77;A2A3_0;4.60;0.00;tripinfo_flow_0.199 emissions_flow_0.199;121.00;flow_0.199;0;632.42;1.03;0.00;74.34;car;;1;59.00;332998.977506;9120.435383;49.094119;137.043158;8.746200;0;106233.444554
20065.00;E2J1_0;100.00;13.72;19954.00;0.00;A2A3_0;4.60;0.00;tripinfo_flow_0.200 emissions_flow_0.200;111.00;flow_0.200;0;632.42;1.11;0.00;65.41;car;;1;49.00;310206.521362;8109.358940;44.057116;128.591116;8.031149;0;98962.418123
20155.00;E2J1_0;100.00;12.60;20054.00;0.23;A2A3_0;4.60;0.00;tripinfo_flow_0.201 emissions_flow_0.201;101.00;flow_0.201;0;632.42;1.07;0.00;55.35;car;;1;39.00;280027.389916;6862.494256;37.735388;115.834069;7.008552;0;89335.342451
20246.00;E2J1_0;100.00;13.14;20154.00;0.46;A2A3_0;4.60;0.00;tripinfo_flow_0.202 emissions_flow_0.202;92.00;flow_0.202;0;632.42;1.02;0.00;45.20;car;;1;29.00;263928.527996;5841.680323;32.754308;109.058506;6.261519;0;84200.291000
20336.00;E2J1_0;100.00;12.63;20254.00;0.69;A2A3_0;4.60;0.00;tripinfo_flow_0.203 emissions_flow_0.203;82.00;flow_0.203;0;632.42;1.00;0.00;35.53;car;;1;20.00;237958.589888;4672.810746;26.874149;98.019351;5.331376;0;75916.112457
20426.00;E2J1_0;100.00;13.05;20354.00;0.92;A2A3_0;4.60;0.00;tripinfo_flow_0.204 emissions_flow_0.204;72.00;flow_0.204;0;632.42;0.97;0.00;24.92;car;;1;10.00;214646.656273;3533.978525;21.229450;87.621735;4.371949;0;68479.980838
20515.00;E2J1_0;100.00;13.11;20453.00;0.15;A2A3_0;4.60;0.00;tripinfo_flow_0.205 emissions_flow_0.205;62.00;flow_0.205;0;632.42;0.96;0.00;13.27;car;;0;0.00;176096.335434;2171.120805;14.174579;71.473785;3.172379;0;56182.139971
20612.00;E2J1_0;100.00;12.96;20553.00;0.38;A2A3_0;4.60;0.00;tripinfo_flow_0.206 emissions_flow_0.206;59.00;flow_0.206;0;632.42;0.98;0.00;11.29;car;;0;0.00;170457.748648;1947.970859;12.961021;68.353062;2.947527;0;54383.749439
20711.00;E2J1_0;100.00;12.83;20653.00;0.61;A2A3_0;4.60;0.00;tripinfo_flow_0.207 emissions_flow_0.207;58.00;flow_0.207;0;632.42;1.10;0.00;11.84;car;;0;0.00;166928.921143;1872.885611;12.456752;66.791764;2.863806;0;53258.044287
20810.00;E2J1_0;100.00;13.57;20753.00;0.84;A2A3_0;4.60;0.00;tripinfo_flow_0.208 emissions_flow_0.208;57.00;flow_0.208;0;632.42;1.04;0.00;10.44;car;;0;0.00;171250.464229;1932.012951;12.913007;69.655226;3.055041;0;54636.443577
20966.00;E2J1_0;100.00;13.20;20852.00;0.07;A2A3_0;4.60;0.00;tripinfo_flow_0.209 emissions_flow_0.209;114.00;flow_0.209;0;632.42;1.00;0.00;67.20;car;;1;51.00;314459.718964;8310.564333;45.054566;129.787333;8.138316;0;100319.320872
21056.00;E2J1_0;100.00;12.99;20952.00;0.30;A2A3_0;4.60;0.00;tripinfo_flow_0.210 emissions_flow_0.210;104.00;flow_0.210;0;632.42;1.10;0.00;57.19;car;;1;40.00;292531.256201;7267.433494;39.857920;120.908997;7.340211;0;93324.222177
21150.00;E2J1_0;100.00;10.80;21052.00;0.53;A2A3_0;4.60;0.00;tripinfo_flow_0.211 emissions_flow_0.211;98.00;flow_0.211;0;632.42;0.83;0.00;41.46;car;;1;27.00;246970.656100;5546.511175;31.016109;100.431282;5.686085;0;78790.409442
21235.00;E2J1_0;100.00;13.05;21152.00;0.76;A2A3_0;4.60;0.00;tripinfo_flow_0.212 emissions_flow_0.212;83.00;flow_0.212;0;632.42;1.09;0.00;37.37;car;;1;21.00;243176.202695;4981.480532;28.414777;100.392700;5.559480;0;77580.314364
21326.00;E2J1_0;100.00;12.78;21252.00;0.99;A2A3_0;4.60;0.00;tripinfo_flow_0.213 emissions_flow_0.213;74.00;flow_0.213;0;632.42;0.97;0.00;26.28;car;;1;9.00;221461.581883;3728.659371;22.199959;90.725519;4.596221;0;70654.007058
21416.00;E2J1_0;100.00;12.71;21351.00;0.22;A2A3_0;4.60;0.00;tripinfo_flow_0.214 emissions_flow_0.214;65.00;flow_0.214;0;632.42;1.07;0.00;18.34;car;;1;2.00;193546.728873;2884.797544;17.763767;80.142914;3.909658;0;61748.475115
21508.00;E2J1_0;100.00;12.87;21451.00;0.45;A2A3_0;4.60;0.00;tripinfo_flow_0.215 emissions_flow_0.215;57.00;flow_0.215;0;632.42;1.07;0.00;10.70;car;;0;0.00;170982.992686;1858.184835;12.535117;68.786058;2.946965;0;54551.468303
21614.00;E2J1_0;100.00;12.54;21551.00;0.68;A2A3_0;4.60;0.00;tripinfo_flow_0.216 emissions_flow_0.216;63.00;flow_0.216;0;632.42;0.91;0.00;11.36;car;;0;0.00;168269.365284;1973.792350;12.986699;66.647706;2.821738;0;53685.604453
21708.00;E2J1_0;100.00;13.14;21651.00;0.91;A2A3_0;4.60;0.00;tripinfo_flow_0.217 emissions_flow_0.217;57.00;flow_0.217;0;632.42;1.15;0.00;11.00;car;;0;0.00;170459.539734;1882.525997;12.717158;68.686641;2.959733;0;54384.340690
21761.00;E2J1_0;100.00;9.62;21600.00;0.00;A2A1_0;10.10;0.00;tripinfo_flow_1.3 emissions_flow_1.3;161.00;flow_1.3;0;632.08;1.00;60.00;36.90;bus;;2;8.00;385729.348448;11909.255070;62.872248;158.539513;10.611400;0;123053.181015
21870.00;E2J1_0;100.00;10.47;21750.00;0.14;A2A3_0;4.60;0.00;tripinfo_flow_0.218 emissions_flow_0.218;120.00;flow_0.218;0;632.42;0.84;0.00;64.26;car;;1;50.00;293068.341585;8063.536046;43.378501;119.287972;7.509663;0;93494.830350
21955.00;E2J1_0;100.00;13.86;21850.00;0.37;A2A3_0;4.60;0.00;tripinfo_flow_0.219 emissions_flow_0.219;105.00;flow_0.219;0;632.42;1.06;0.00;59.19;car;;1;43.00;292608.312670;7294.656988;39.786306;119.759837;7.261060;0;93349.217760
22046.00;E2J1_0;100.00;12.86;21950.00;0.60;A2A3_0;4.60;0.00;tripinfo_flow_0.220 emissions_flow_0.220;96.00;flow_0.220;0;632.42;1.02;0.00;49.75;car;;1;35.00;281485.630519;6550.068387;36.289822;116.462726;6.873321;0;89801.057541
22136.00;E2J1_0;100.00;12.87;22050.00;0.83;A2A3_0;4.60;0.00;tripinfo_flow_0.221 emissions_flow_0.221;86.00;flow_0.221;0;632.42;0.97;0.00;37.71;car;;1;21.00;245637.520025;4969.992725;28.392126;100.732859;5.524375;0;78365.818878
22226.00;E2J1_0;100.00;13.12;22149.00;0.06;A2A3_0;4.60;0.00;tripinfo_flow_0.222 emissions_flow_0.222;77.00;flow_0.222;0;632.42;1.24;0.00;30.81;car;;1;16.00;234594.458091;4408.210790;25.740884;97.685067;5.258949;0;74842.779325
22316.00;E2J1_0;100.00;13.38;22249.00;0.29;A2A3_0;4.60;0.00;tripinfo_flow_0.223 emissions_flow_0.223;67.00;flow_0.223;0;632.42;1.11;0.00;20.16;car;;1;5.00;204166.434415;2923.427102;18.188294;83.334460;3.944977;0;65137.075516
22406.00;E2J1_0;100.00;12.92;22349.00;0.52;A2A3_0;4.60;0.00;tripinfo_flow_0.224 emissions_flow_0.224;57.00;flow_0.224;0;632.42;1.09;0.00;11.10;car;;0;0.00;167198.322894;1818.099792;12.139500;66.235808;2.787982;0;53344.308549
22508.00;E2J1_0;100.00;12.78;22449.00;0.75;A2A3_0;4.60;0.00;tripinfo_flow_0.225 emissions_flow_0.225;59.00;flow_0.225;0;632.42;0.99;0.00;12.11;car;;0;0.00;172506.858740;2041.154468;13.420893;69.976265;3.079139;0;55037.166193
22605.00;E2J1_0;100.00;13.90;22549.00;0.98;A2A3_0;4.60;0.00;tripinfo_flow_0.226 emissions_flow_0.226;56.00;flow_0.226;0;632.42;1.04;0.00;10.07;car;;0;0.00;172967.189763;1990.663682;13.313894;71.086534;3.165180;0;55183.855441
22765.00;E2J1_0;100.00;13.08;22648.00;0.21;A2A3_0;4.60;0.00;tripinfo_flow_0.227 emissions_flow_0.227;117.00;flow_0.227;0;632.42;1.14;0.00;71.22;car;;1;55.00;319352.024696;8594.945470;46.384016;131.110412;8.269399;0;101880.079096
22856.00;E2J1_0;100.00;13.06;22748.00;0.44;A2A3_0;4.60;0.00;tripinfo_flow_0.228 emissions_flow_0.228;108.00;flow_0.228;0;632.42;0.97;0.00;60.14;car;;1;44.00;283194.583169;7471.131327;40.492607;116.618390;7.270259;0;90345.107947
22946.00;E2J1_0;100.00;12.97;22848.00;0.67;A2A3_0;4.60;0.00;tripinfo_flow_0.229 emissions_flow_0.229;98.00;flow_0.229;0;632.42;1.15;0.00;52.05;car;;1;35.00;277167.604271;6545.714292;36.216579;114.043948;6.737947;0;88423.504285
23038.00;E2J1_0;100.00;12.61;22948.00;0.90;A2A3_0;4.60;0.00;tripinfo_flow_0.230 emissions_flow_0.230;90.00;flow_0.230;0;632.42;0.91;0.00;39.90;car;;1;22.00;235684.195593;5029.924665;28.460135;96.907899;5.419661;0;75189.847574
23127.00;E2J1_0;100.00;12.12;23047.00;0.13;A2A3_0;4.60;0.00;tripinfo_flow_0.231 emissions_flow_0.231;80.00;flow_0.231;0;632.42;0.96;0.00;31.05;car;;1;14.00;219157.503697;4169.901011;24.140236;90.025886;4.787601;0;69918.140441
23216.00;E2J1_0;100.00;13.20;23147.00;0.36;A2A3_0;4.60;0.00;tripinfo_flow_0.232 emissions_flow_0.232;69.00;flow_0.232;0;632.42;1.04;0.00;22.77;car;;1;6.00;205123.662298;3109.659298;18.955176;83.543150;4.029202;0;65442.307005
23311.00;E2J1_0;100.00;11.30;23247.00;0.59;A2A3_0;4.60;0.00;tripinfo_flow_0.233 emissions_flow_0.233;64.00;flow_0.233;0;632.42;0.88;0.00;11.22;car;;0;0.00;160977.890434;2004.639282;13.049655;64.883662;2.843764;0;51358.732330
23403.00;E2J1_0;100.00;13.05;23347.00;0.82;A2A3_0;4.60;0.00;tripinfo_flow_0.234 emissions_flow_0.234;56.00;flow_0.234;0;632.42;1.10;0.00;9.91;car;;0;0.00;162536.840584;1836.077749;12.332506;66.403308;2.921128;0;51856.305093
23503.00;E2J1_0;100.00;13.63;23446.00;0.05;A2A3_0;4.60;0.00;tripinfo_flow_0.235 emissions_flow_0.235;57.00;flow_0.235;0;632.42;1.13;0.00;10.03;car;;0;0.00;169047.681931;1856.628374;12.468548;68.192199;2.940850;0;53933.937682
23667.00;E2J1_0;100.00;12.45;23546.00;0.28;A2A3_0;4.60;0.00;tripinfo_flow_0.236 emissions_flow_0.236;121.00;flow_0.236;0;632.42;0.95;0.00;72.61;car;;1;56.00;319315.012250;8798.370981;47.258763;130.807321;8.330294;0;101868.014575
23756.00;E2J1_0;100.00;13.05;23646.00;0.51;A2A3_0;4.60;0.00;tripinfo_flow_0.237 emissions_flow_0.237;110.00;flow_0.237;0;632.42;1.01;0.00;63.23;car;;1;46.00;302301.980093;7844.661607;42.644439;124.402092;7.708722;0;96441.027481
23846.00;E2J1_0;100.00;12.63;23746.00;0.74;A2A3_0;4.60;0.00;tripinfo_flow_0.238 emissions_flow_0.238;100.00;flow_0.238;0;632.42;0.97;0.00;51.88;car;;1;36.00;278256.484652;6697.109427;36.882126;115.132508;6.893918;0;88770.508551
23935.00;E2J1_0;100.00;13.60;23846.00;0.97;A2A3_0;4.60;0.00;tripinfo_flow_0.239 emissions_flow_0.239;89.00;flow_0.239;0;632.42;0.99;0.00;42.87;car;;1;26.00;250076.925115;5404.618041;30.508189;103.461503;5.882976;0;79781.379256
24025.00;E2J1_0;100.00;13.34;23945.00;0.20;A2A3_0;4.60;0.00;tripinfo_flow_0.240 emissions_flow_0.240;80.00;flow_0.240;0;632.42;1.02;0.00;33.63;car;;1;17.00;235818.942065;4480.737205;25.902565;96.932318;5.193370;0;75233.801277
24116.00;E2J1_0;100.00;13.67;24045.00;0.43;A2A3_0;4.60;0.00;tripinfo_flow_0.241 emissions_flow_0.241;71.00;flow_0.241;0;632.42;1.01;0.00;24.98;car;;1;7.00;215861.984312;3364.866832;20.441780;87.483854;4.262657;0;68868.230106
24205.00;E2J1_0;100.00;12.42;24145.00;0.66;A2A3_0;4.60;0.00;tripinfo_flow_0.242 emissions_flow_0.242;60.00;flow_0.242;0;632.42;0.97;0.00;12.17;car;;0;0.00;169343.141508;1968.539987;12.928309;68.206538;2.960910;0;54027.994861
24304.00;E2J1_0;100.00;12.64;24245.00;0.89;A2A3_0;4.60;0.00;tripinfo_flow_0.243 emissions_flow_0.243;59.00;flow_0.243;0;632.42;1.04;0.00;12.65;car;;0;0.00;173344.896291;2042.647554;13.472647;69.834047;3.054635;0;55304.685417
24399.00;E2J1_0;100.00;13.53;24344.00;0.12;A2A3_0;4.60;0.00;tripinfo_flow_0.244 emissions_flow_0.244;55.00;flow_0.244;0;632.42;1.14;0.00;9.45;car;;0;0.00;170118.142975;1814.594559;12.365362;68.606968;2.926418;0;54275.522832
24500.00;E2J1_0;100.00;13.07;24444.00;0.35;A2A3_0;4.60;0.00;tripinfo_flow_0.245 emissions_flow_0.245;56.00;flow_0.245;0;632.42;1.11;0.00;9.82;car;;0;0.00;162388.585077;1753.693963;11.953864;65.367130;2.796791;0;51809.416885
24657.00;E2J1_0;100.00;12.66;24544.00;0.58;A2A3_0;4.60;0.00;tripinfo_flow_0.246 emissions_flow_0.246;113.00;flow_0.246;0;632.42;0.93;0.00;63.48;car;;1;47.00;294976.408837;7674.699843;41.712377;121.025028;7.474087;0;94103.994719
24749.00;E2J1_0;100.00;11.56;24644.00;0.81;A2A3_0;4.60;0.00;tripinfo_flow_0.247 emissions_flow_0.247;105.00;flow_0.247;0;632.42;0.88;0.00;51.94;car;;1;35.00;266256.184333;6626.168641;36.336987;109.198100;6.557341;0;84941.939385
24836.00;E2J1_0;100.00;13.67;24743.00;0.04;A2A3_0;4.60;0.00;tripinfo_flow_0.248 emissions_flow_0.248;93.00;flow_0.248;0;632.42;0.99;0.00;46.65;car;;1;31.00;270771.223799;6064.316564;33.899466;111.950116;6.477572;0;86383.200585
24926.00;E2J1_0;100.00;12.61;24843.00;0.27;A2A3_0;4.60;0.00;tripinfo_flow_0.249 emissions_flow_0.249;83.00;flow_0.249;0;632.42;0.98;0.00;35.02;car;;1;19.00;236701.994765;4717.727459;27.021013;96.873863;5.259193;0;75515.247428
25019.00;E2J1_0;100.00;11.78;24943.00;0.50;A2A3_0;4.60;0.00;tripinfo_flow_0.250 emissions_flow_0.250;76.00;flow_0.250;0;632.42;0.88;0.00;23.08;car;;1;8.00;200520.017050;3228.238791;19.484899;80.350119;3.850973;0;63973.455521
25121.00;E2J1_0;100.00;9.81;25043.00;0.73;A2A3_0;4.60;0.00;tripinfo_flow_0.251 emissions_flow_0.251;78.00;flow_0.251;0;632.42;0.71;0.00;12.45;car;;0;0.00;164089.663788;2439.774334;14.956506;64.279336;2.822130;0;52351.250099
25203.00;E2J1_0;100.00;12.57;25143.00;0.96;A2A3_0;4.60;0.00;tripinfo_flow_0.252 emissions_flow_0.252;60.00;flow_0.252;0;632.42;0.96;0.00;11.11;car;;0;0.00;163101.147032;1878.307196;12.529652;66.109813;2.877330;0;52036.373763
25297.00;E2J1_0;100.00;13.29;25242.00;0.19;A2A3_0;4.60;0.00;tripinfo_flow_0.253 emissions_flow_0.253;55.00;flow_0.253;0;632.42;1.30;0.00;9.13;car;;0;0.00;162570.292247;1764.830332;11.899629;65.611929;2.828351;0;51867.398341
25466.00;E2J1_0;100.00;13.48;25342.00;0.42;A2A3_0;4.60;0.00;tripinfo_flow_0.254 emissions_flow_0.254;124.00;flow_0.254;0;632.42;1.01;0.00;76.93;car;;1;61.00;340331.260641;9469.980464;50.826148;140.180082;9.013853;0;108572.333388
25560.00;E2J1_0;100.00;11.61;25442.00;0.65;A2A3_0;4.60;0.00;tripinfo_flow_0.255 emissions_flow_0.255;118.00;flow_0.255;0;632.42;0.84;0.00;62.48;car;;1;46.00;290084.250289;7702.663318;41.686141;117.667761;7.242692;0;92543.314113
25653.00;E2J1_0;100.00;10.20;25542.00;0.88;A2A3_0;4.60;0.00;tripinfo_flow_0.256 emissions_flow_0.256;111.00;flow_0.256;0;632.42;0.75;0.00;49.07;car;;1;36.00;255737.336590;6609.445739;35.942912;104.039944;6.286510;0;81585.935219
25736.00;E2J1_0;100.00;13.34;25641.00;0.11;A2A3_0;4.60;0.00;tripinfo_flow_0.257 emissions_flow_0.257;95.00;flow_0.257;0;632.42;1.13;0.00;49.10;car;;1;33.00;269806.352001;6244.181709;34.658451;111.239300;6.528493;0;86075.222266
25826.00;E2J1_0;100.00;13.11;25741.00;0.34;A2A3_0;4.60;0.00;tripinfo_flow_0.258 emissions_flow_0.258;85.00;flow_0.258;0;632.42;1.04;0.00;38.18;car;;1;23.00;253593.223130;5051.392036;28.829960;103.492646;5.629034;0;80904.266153
25917.00;E2J1_0;100.00;13.29;25841.00;0.57;A2A3_0;4.60;0.00;tripinfo_flow_0.259 emissions_flow_0.259;76.00;flow_0.259;0;632.42;0.96;0.00;27.50;car;;1;9.00;213899.137984;3658.227374;21.631449;87.246058;4.425561;0;68241.348178
26006.00;E2J1_0;100.00;12.89;25941.00;0.80;A2A3_0;4.60;0.00;tripinfo_flow_0.260 emissions_flow_0.260;65.00;flow_0.260;0;632.42;1.13;0.00;18.17;car;;1;3.00;202899.282205;2888.719505;18.011184;83.515813;3.993082;0;64732.626234
26100.00;E2J1_0;100.00;13.36;26040.00;0.03;A2A3_0;4.60;0.00;tripinfo_flow_0.261 emissions_flow_0.261;60.00;flow_0.261;0;632.42;0.96;0.00;11.20;car;;0;0.00;174867.789653;2036.282314;13.457058;70.775869;3.099904;0;55790.499387
26199.00;E2J1_0;100.00;13.45;26140.00;0.26;A2A3_0;4.60;0.00;tripinfo_flow_0.262 emissions_flow_0.262;59.00;flow_0.262;0;632.42;0.98;0.00;11.50;car;;0;0.00;179513.288623;2007.956333;13.466907;72.212572;3.102916;0;57272.881855
26301.00;E2J1_0;100.00;12.01;26240.00;0.49;A2A3_0;4.60;0.00;tripinfo_flow_0.263 emissions_flow_0.263;61.00;flow_0.263;0;632.42;0.92;0.00;10.92;car;;0;0.00;167444.418762;1863.772264;12.416939;66.268387;2.769256;0;53422.605360
26457.00;E2J1_0;100.00;12.70;26340.00;0.72;A2A3_0;4.60;0.00;tripinfo_flow_0.264 emissions_flow_0.264;117.00;flow_0.264;0;632.42;0.96;0.00;68.35;car;;1;50.00;308908.922265;8371.311024;45.219821;128.131033;8.132595;0;98547.943113
26546.00;E2J1_0;100.00;12.87;26440.00;0.95;A2A3_0;4.60;0.00;tripinfo_flow_0.265 emissions_flow_0.265;106.00;flow_0.265;0;632.42;1.26;0.00;59.91;car;;1;45.00;293372.754634;7495.101905;40.730531;120.687547;7.427452;0;93592.672485
26636.00;E2J1_0;100.00;12.38;26539.00;0.18;A2A3_0;4.60;0.00;tripinfo_flow_0.266 emissions_flow_0.266;97.00;flow_0.266;0;632.42;0.97;0.00;49.60;car;;1;32.00;261666.893130;6240.492763;34.483787;108.259879;6.445739;0;83478.089571
26729.00;E2J1_0;100.00;11.05;26639.00;0.41;A2A3_0;4.60;0.00;tripinfo_flow_0.267 emissions_flow_0.267;90.00;flow_0.267;0;632.42;0.87;0.00;35.83;car;;1;20.00;234051.277157;4863.597279;27.606240;94.771371;5.153850;0;74669.432125
26816.00;E2J1_0;100.00;12.96;26739.00;0.64;A2A3_0;4.60;0.00;tripinfo_flow_0.268 emissions_flow_0.268;77.00;flow_0.268;0;632.42;1.05;0.00;30.79;car;;1;13.00;229811.908226;4183.617774;24.492800;94.652810;4.973247;0;73317.491471
26906.00;E2J1_0;100.00;12.54;26839.00;0.87;A2A3_0;4.60;0.00;tripinfo_flow_0.269 emissions_flow_0.269;67.00;flow_0.269;0;632.42;0.98;0.00;19.66;car;;1;3.00;203314.937249;3045.225615;18.885871;84.697587;4.145230;0;64864.622423
27004.00;E2J1_0;100.00;11.05;26938.00;0.10;A2A3_0;4.60;0.00;tripinfo_flow_0.270 emissions_flow_0.270;66.00;flow_0.270;0;632.42;0.85;0.00;11.10;car;;0;0.00;161621.346826;2035.256489;13.209358;65.319078;2.874255;0;51563.901445
27097.00;E2J1_0;100.00;13.15;27038.00;0.33;A2A3_0;4.60;0.00;tripinfo_flow_0.271 emissions_flow_0.271;59.00;flow_0.271;0;632.42;0.97;0.00;11.24;car;;0;0.00;171548.019113;2036.262685;13.478189;69.892912;3.092868;0;54731.104574
27202.00;E2J1_0;100.00;11.50;27138.00;0.56;A2A3_0;4.60;0.00;tripinfo_flow_0.272 emissions_flow_0.272;64.00;flow_0.272;0;632.42;0.87;0.00;10.74;car;;0;0.00;157979.095538;1964.954665;12.758071;63.498925;2.778411;0;50402.036054
27356.00;E2J1_0;100.00;13.15;27238.00;0.79;A2A3_0;4.60;0.00;tripinfo_flow_0.273 emissions_flow_0.273;118.00;flow_0.273;0;632.42;1.21;0.00;72.25;car;;1;56.00;329207.358618;8995.907573;48.483329;136.462695;8.716234;0;105023.569092
27447.00;E2J1_0;100.00;13.45;27337.00;0.02;A2A3_0;4.60;0.00;tripinfo_flow_0.274 emissions_flow_0.274;110.00;flow_0.274;0;632.42;0.99;0.00;63.14;car;;1;45.00;298745.712482;7602.523915;41.375118;122.098656;7.455262;0;95306.974447
27536.00;E2J1_0;100.00;12.19;27437.00;0.25;A2A3_0;4.60;0.00;tripinfo_flow_0.275 emissions_flow_0.275;99.00;flow_0.275;0;632.42;0.97;0.00;51.73;car;;1;36.00;269398.651176;6523.481037;35.879109;110.878264;6.619862;0;85944.751119
27626.00;E2J1_0;100.00;13.68;27537.00;0.48;A2A3_0;4.60;0.00;tripinfo_flow_0.276 emissions_flow_0.276;89.00;flow_0.276;0;632.42;0.99;0.00;41.40;car;;1;24.00;250012.702905;5311.716687;30.052154;102.989356;5.798215;0;79761.162855
27716.00;E2J1_0;100.00;13.75;27637.00;0.71;A2A3_0;4.60;0.00;tripinfo_flow_0.277 emissions_flow_0.277;79.00;flow_0.277;0;632.42;1.08;0.00;32.45;car;;1;17.00;235227.881581;4304.593350;25.191602;96.457566;5.062689;0;75045.469279
27807.00;E2J1_0;100.00;12.79;27737.00;0.94;A2A3_0;4.60;0.00;tripinfo_flow_0.278 emissions_flow_0.278;70.00;flow_0.278;0;632.42;0.95;0.00;21.32;car;;1;6.00;208887.009773;3049.048247;18.838637;84.254325;3.952314;0;66643.267804
27894.00;E2J1_0;100.00;13.67;27836.00;0.17;A2A3_0;4.60;0.00;tripinfo_flow_0.279 emissions_flow_0.279;58.00;flow_0.279;0;632.42;1.02;0.00;11.56;car;;0;0.00;174739.419817;2028.327655;13.502486;70.906196;3.119364;0;55749.508949
28009.00;E2J1_0;100.00;10.10;27936.00;0.40;A2A3_0;4.60;0.00;tripinfo_flow_0.280 emissions_flow_0.280;73.00;flow_0.280;0;632.42;0.76;0.00;11.89;car;;0;0.00;158495.927595;2153.767516;13.549722;61.864661;2.628050;0;50567.034115
28093.00;E2J1_0;100.00;12.68;28036.00;0.63;A2A3_0;4.60;0.00;tripinfo_flow_0.281 emissions_flow_0.281;57.00;flow_0.281;0;632.42;1.04;0.00;11.08;car;;0;0.00;162676.575914;1939.787612;12.731969;66.617158;2.997852;0;51900.730205
28257.00;E2J1_0;100.00;13.24;28136.00;0.86;A2A3_0;4.60;0.00;tripinfo_flow_0.282 emissions_flow_0.282;121.00;flow_0.282;0;632.42;0.98;0.00;72.84;car;;1;56.00;322393.511341;8826.462111;47.466412;132.224622;8.396675;0;102850.154200
28349.00;E2J1_0;100.00;12.30;28235.00;0.09;A2A3_0;4.60;0.00;tripinfo_flow_0.283 emissions_flow_0.283;114.00;flow_0.283;0;632.42;0.89;0.00;61.38;car;;1;44.00;293139.926752;7581.460232;41.125618;118.584473;7.232340;0;93518.631231
28436.00;E2J1_0;100.00;13.22;28335.00;0.32;A2A3_0;4.60;0.00;tripinfo_flow_0.284 emissions_flow_0.284;101.00;flow_0.284;0;632.42;1.10;0.00;54.33;car;;1;38.00;282725.209255;6843.401840;37.738848;117.098560;7.028909;0;90196.042315
28525.00;E2J1_0;100.00;13.01;28435.00;0.55;A2A3_0;4.60;0.00;tripinfo_flow_0.285 emissions_flow_0.285;90.00;flow_0.285;0;632.42;1.19;0.00;44.42;car;;1;29.00;262211.618127;5763.099923;32.233349;107.460039;6.144075;0;83652.955410
28616.00;E2J1_0;100.00;12.85;28535.00;0.78;A2A3_0;4.60;0.00;tripinfo_flow_0.286 emissions_flow_0.286;81.00;flow_0.286;0;632.42;0.97;0.00;33.50;car;;1;19.00;228351.966077;4452.075299;25.690518;94.207875;5.110174;0;72851.267891
28707.00;E2J1_0;100.00;12.69;28634.00;0.01;A2A3_0;4.60;0.00;tripinfo_flow_0.287 emissions_flow_0.287;73.00;flow_0.287;0;632.42;0.97;0.00;25.34;car;;1;10.00;215807.564006;3680.138032;21.979094;89.746078;4.621092;0;68849.681772
28793.00;E2J1_0;100.00;13.25;28734.00;0.24;A2A3_0;4.60;0.00;tripinfo_flow_0.288 emissions_flow_0.288;59.00;flow_0.288;0;632.42;1.09;0.00;12.90;car;;0;0.00;180637.222348;2201.694821;14.409021;74.183044;3.346350;0;57630.735481
28892.00;E2J1_0;100.00;13.46;28834.00;0.47;A2A3_0;4.60;0.00;tripinfo_flow_0.289 emissions_flow_0.289;58.00;flow_0.289;0;632.42;1.05;0.00;11.51;car;;0;0.00;172028.638114;1979.960319;13.145955;69.553443;3.042755;0;54884.784505
28964.00;E2J1_0;100.00;9.70;28800.00;0.00;A2A1_0;10.10;0.00;tripinfo_flow_1.4 emissions_flow_1.4;164.00;flow_1.4;0;632.08;1.14;60.00;39.96;bus;;3;11.00;380103.416470;11984.394698;63.086322;156.806827;10.652126;0;121257.962398
28993.00;E2J1_0;100.00;12.46;28934.00;0.70;A2A3_0;4.60;0.00;tripinfo_flow_0.290 emissions_flow_0.290;59.00;flow_0.290;0;632.42;0.96;0.00;10.89;car;;0;0.00;168229.082386;1915.799455;12.729598;67.357198;2.892312;0;53672.723944
29091.00;E2J1_0;100.00;12.93;29034.00;0.93;A2A3_0;4.60;0.00;tripinfo_flow_0.291 emissions_flow_0.291;57.00;flow_0.291;0;632.42;1.10;0.00;10.61;car;;0;0.00;170576.042073;1835.220595;12.437222;68.397718;2.888408;0;54421.675208
29246.00;E2J1_0;100.00;13.66;29133.00;0.16;A2A3_0;4.60;0.00;tripinfo_flow_0.292 emissions_flow_0.292;113.00;flow_0.292;0;632.42;0.98;0.00;65.81;car;;1;48.00;304510.552285;8006.676519;43.454293;126.223246;7.896502;0;97145.184136
29336.00;E2J1_0;100.00;13.65;29233.00;0.39;A2A3_0;4.60;0.00;tripinfo_flow_0.293 emissions_flow_0.293;103.00;flow_0.293;0;632.42;0.98;0.00;55.75;car;;1;40.00;283250.959117;6946.032854;38.132696;116.476778;7.003476;0;90363.892006
29426.00;E2J1_0;100.00;13.26;29333.00;0.62;A2A3_0;4.60;0.00;tripinfo_flow_0.294 emissions_flow_0.294;93.00;flow_0.294;0;632.42;1.16;0.00;46.61;car;;1;31.00;260955.826555;5831.730355;32.670986;107.380845;6.188681;0;83251.995479
29515.00;E2J1_0;100.00;12.99;29433.00;0.85;A2A3_0;4.60;0.00;tripinfo_flow_0.295 emissions_flow_0.295;82.00;flow_0.295;0;632.42;1.07;0.00;36.21;car;;1;21.00;242593.763960;4825.422749;27.666407;99.803549;5.455670;0;77394.834373
29607.00;E2J1_0;100.00;11.82;29532.00;0.08;A2A3_0;4.60;0.00;tripinfo_flow_0.296 emissions_flow_0.296;75.00;flow_0.296;0;632.42;0.94;0.00;25.80;car;;1;10.00;208984.239316;3506.296273;20.928278;85.643298;4.323246;0;66673.255284
29696.00;E2J1_0;100.00;12.88;29632.00;0.31;A2A3_0;4.60;0.00;tripinfo_flow_0.297 emissions_flow_0.297;64.00;flow_0.297;0;632.42;0.98;0.00;16.72;car;;0;0.00;188667.206869;2547.735084;16.183356;77.268346;3.580314;0;60192.261403
29791.00;E2J1_0;100.00;13.87;29732.00;0.54;A2A3_0;4.60;0.00;tripinfo_flow_0.298 emissions_flow_0.298;59.00;flow_0.298;0;632.42;1.04;0.00;12.02;car;;0;0.00;177545.099465;1959.735382;13.082991;70.638589;2.993487;0;56645.252864
29891.00;E2J1_0;100.00;12.96;29832.00;0.77;A2A3_0;4.60;0.00;tripinfo_flow_0.299 emissions_flow_0.299;59.00;flow_0.299;0;632.42;0.98;0.00;11.72;car;;0;0.00;169960.440775;1893.154228;12.631769;67.999965;2.898137;0;54225.221661
29990.00;E2J1_0;100.00;12.55;29931.00;0.00;A2A3_0;4.60;0.00;tripinfo_flow_0.300 emissions_flow_0.300;59.00;flow_0.300;0;632.42;0.96;0.00;10.37;car;;0;0.00;170412.091649;1850.399600;12.418710;67.635395;2.826192;0;54369.531035
30146.00;E2J1_0;100.00;13.56;30031.00;0.23;A2A3_0;4.60;0.00;tripinfo_flow_0.301 emissions_flow_0.301;115.00;flow_0.301;0;632.42;1.06;0.00;68.10;car;;1;51.00;320694.320469;8484.743232;45.989215;132.624743;8.323311;0;102308.196304
30236.00;E2J1_0;100.00;12.75;30131.00;0.46;A2A3_0;4.60;0.00;tripinfo_flow_0.302 emissions_flow_0.302;105.00;flow_0.302;0;632.42;0.99;0.00;58.45;car;;1;42.00;294684.097612;7362.216934;40.355580;121.986363;7.447116;0;94010.937408
30326.00;E2J1_0;100.00;13.29;30231.00;0.69;A2A3_0;4.60;0.00;tripinfo_flow_0.303 emissions_flow_0.303;95.00;flow_0.303;0;632.42;0.99;0.00;48.14;car;;1;31.00;262699.380773;5946.075849;33.150809;107.906663;6.232277;0;83808.165175
30415.00;E2J1_0;100.00;13.34;30331.00;0.92;A2A3_0;4.60;0.00;tripinfo_flow_0.304 emissions_flow_0.304;84.00;flow_0.304;0;632.42;1.05;0.00;37.56;car;;1;21.00;243606.009352;4811.991365;27.528188;99.343200;5.395144;0;77718.138197
30508.00;E2J1_0;100.00;12.29;30430.00;0.15;A2A3_0;4.60;0.00;tripinfo_flow_0.305 emissions_flow_0.305;78.00;flow_0.305;0;632.42;0.90;0.00;26.77;car;;1;12.00;218295.437436;3884.425417;22.852000;89.272888;4.584935;0;69643.547771
30595.00;E2J1_0;100.00;13.32;30530.00;0.38;A2A3_0;4.60;0.00;tripinfo_flow_0.306 emissions_flow_0.306;65.00;flow_0.306;0;632.42;1.09;0.00;19.39;car;;1;4.00;208056.689849;2929.504540;18.303401;85.563795;4.070961;0;66378.136093
30686.00;E2J1_0;100.00;13.48;30630.00;0.61;A2A3_0;4.60;0.00;tripinfo_flow_0.307 emissions_flow_0.307;56.00;flow_0.307;0;632.42;1.11;0.00;10.17;car;;0;0.00;165661.280940;1745.054591;11.882051;66.194120;2.792853;0;52853.820516
30786.00;E2J1_0;100.00;12.68;30730.00;0.84;A2A3_0;4.60;0.00;tripinfo_flow_0.308 emissions_flow_0.308;56.00;flow_0.308;0;632.42;1.07;0.00;10.06;car;;0;0.00;168995.815828;1919.590584;12.816109;68.886288;3.033185;0;53917.049804
30885.00;E2J1_0;100.00;13.32;30829.00;0.07;A2A3_0;4.60;0.00;tripinfo_flow_0.309 emissions_flow_0.309;56.00;flow_0.309;0;632.42;1.21;0.00;10.41;car;;0;0.00;166047.745424;1786.118699;12.067405;66.153596;2.807785;0;52977.144955
31046.00;E2J1_0;100.00;13.77;30929.00;0.30;A2A3_0;4.60;0.00;tripinfo_flow_0.310 emissions_flow_0.310;117.00;flow_0.310;0;632.42;1.15;0.00;70.79;car;;1;52.00;321547.403741;8648.761192;46.716683;132.967258;8.424594;0;102580.186339
31136.00;E2J1_0;100.00;13.68;31029.00;0.53;A2A3_0;4.60;0.00;tripinfo_flow_0.311 emissions_flow_0.311;107.00;flow_0.311;0;632.42;1.13;0.00;60.28;car;;1;44.00;304421.310059;7528.314976;41.209092;124.853917;7.572150;0;97117.888410
31226.00;E2J1_0;100.00;13.21;31129.00;0.76;A2A3_0;4.60;0.00;tripinfo_flow_0.312 emissions_flow_0.312;97.00;flow_0.312;0;632.42;0.98;0.00;49.42;car;;1;32.00;266082.808034;6157.784142;34.139699;109.268564;6.393220;0;84887.401882
31316.00;E2J1_0;100.00;13.65;31229.00;0.99;A2A3_0;4.60;0.00;tripinfo_flow_0.313 emissions_flow_0.313;87.00;flow_0.313;0;632.42;1.18;0.00;40.21;car;;1;24.00;254456.191560;5338.147921;30.297065;105.535745;5.933623;0;81178.648465
31405.00;E2J1_0;100.00;13.36;31328.00;0.22;A2A3_0;4.60;0.00;tripinfo_flow_0.314 emissions_flow_0.314;77.00;flow_0.314;0;632.42;1.13;0.00;31.26;car;;1;16.00;238752.893058;4394.721977;25.708629;98.169605;5.188493;0;76169.956944
31496.00;E2J1_0;100.00;12.69;31428.00;0.45;A2A3_0;4.60;0.00;tripinfo_flow_0.315 emissions_flow_0.315;68.00;flow_0.315;0;632.42;1.16;0.00;21.75;car;;1;6.00;204761.433684;3106.427891;19.046886;83.710836;4.059523;0;65326.597640
31592.00;E2J1_0;100.00;11.24;31528.00;0.68;A2A3_0;4.60;0.00;tripinfo_flow_0.316 emissions_flow_0.316;64.00;flow_0.316;0;632.42;0.87;0.00;10.91;car;;0;0.00;168068.217005;2000.880870;13.175645;66.755093;2.825375;0;53621.260682
31694.00;E2J1_0;100.00;10.88;31628.00;0.91;A2A3_0;4.60;0.00;tripinfo_flow_0.317 emissions_flow_0.317;66.00;flow_0.317;0;632.42;0.87;0.00;12.00;car;;0;0.00;161324.505567;1981.272209;12.909894;64.065602;2.728171;0;51469.588354
31795.00;E2J1_0;100.00;11.13;31727.00;0.14;A2A3_0;4.60;0.00;tripinfo_flow_0.318 emissions_flow_0.318;68.00;flow_0.318;0;632.42;0.82;0.00;11.41;car;;0;0.00;165679.666823;2147.213756;13.785309;66.398868;2.907409;0;52858.709456
31947.00;E2J1_0;100.00;11.95;31827.00;0.37;A2A3_0;4.60;0.00;tripinfo_flow_0.319 emissions_flow_0.319;120.00;flow_0.319;0;632.42;0.94;0.00;70.77;car;;1;54.00;320011.110000;8586.255275;46.294213;131.040528;8.233781;0;102090.411831
32035.00;E2J1_0;100.00;13.39;31927.00;0.60;A2A3_0;4.60;0.00;tripinfo_flow_0.320 emissions_flow_0.320;108.00;flow_0.320;0;632.42;1.01;0.00;62.28;car;;1;45.00;296939.054667;7699.760668;41.766411;122.397854;7.604359;0;94730.165296
32127.00;E2J1_0;100.00;12.09;32027.00;0.83;A2A3_0;4.60;0.00;tripinfo_flow_0.321 emissions_flow_0.321;100.00;flow_0.321;0;632.42;0.93;0.00;49.76;car;;1;35.00;266736.750833;6355.737124;35.109532;109.756183;6.502544;0;85095.645275
32217.00;E2J1_0;100.00;12.60;32126.00;0.06;A2A3_0;4.60;0.00;tripinfo_flow_0.322 emissions_flow_0.322;91.00;flow_0.322;0;632.42;0.95;0.00;40.80;car;;1;24.00;246380.121914;5297.019673;29.864567;101.413309;5.735006;0;78602.179434
32305.00;E2J1_0;100.00;13.55;32226.00;0.29;A2A3_0;4.60;0.00;tripinfo_flow_0.323 emissions_flow_0.323;79.00;flow_0.323;0;632.42;1.00;0.00;32.49;car;;1;17.00;234942.708949;4455.985809;25.726401;95.919920;5.120154;0;74954.492056
32398.00;E2J1_0;100.00;11.31;32326.00;0.52;A2A3_0;4.60;0.00;tripinfo_flow_0.324 emissions_flow_0.324;72.00;flow_0.324;0;632.42;0.90;0.00;21.12;car;;1;5.00;193212.182380;3020.825993;18.330578;78.411601;3.793955;0;61641.882548
32486.00;E2J1_0;100.00;13.21;32426.00;0.75;A2A3_0;4.60;0.00;tripinfo_flow_0.325 emissions_flow_0.325;60.00;flow_0.325;0;632.42;0.96;0.00;10.71;car;;0;0.00;175722.048852;2073.188783;13.649354;71.010188;3.114922;0;56063.012730
32583.00;E2J1_0;100.00;13.49;32526.00;0.98;A2A3_0;4.60;0.00;tripinfo_flow_0.326 emissions_flow_0.326;57.00;flow_0.326;0;632.42;1.02;0.00;11.22;car;;0;0.00;175826.661412;1962.069627;13.097655;70.890180;3.069505;0;56096.701677
32683.00;E2J1_0;100.00;13.30;32625.00;0.21;A2A3_0;4.60;0.00;tripinfo_flow_0.327 emissions_flow_0.327;58.00;flow_0.327;0;632.42;1.01;0.00;11.57;car;;0;0.00;175742.462572;2033.503411;13.561656;71.922720;3.182378;0;56069.337161
32847.00;E2J1_0;100.00;12.44;32725.00;0.44;A2A3_0;4.60;0.00;tripinfo_flow_0.328 emissions_flow_0.328;122.00;flow_0.328;0;632.42;0.93;0.00;71.28;car;;1;55.00;315409.467926;8795.419017;47.214629;129.954928;8.344947;0;100621.650464
32936.00;E2J1_0;100.00;12.86;32825.00;0.67;A2A3_0;4.60;0.00;tripinfo_flow_0.329 emissions_flow_0.329;111.00;flow_0.329;0;632.42;1.18;0.00;64.61;car;;1;51.00;310382.753146;8161.939182;44.293192;128.689993;8.084287;0;99018.608108
33029.00;E2J1_0;100.00;11.45;32925.00;0.90;A2A3_0;4.60;0.00;tripinfo_flow_0.330 emissions_flow_0.330;104.00;flow_0.330;0;632.42;0.89;0.00;51.45;car;;1;35.00;274197.861256;6600.232843;36.438783;112.691373;6.672579;0;87475.770995
33116.00;E2J1_0;100.00;13.81;33024.00;0.13;A2A3_0;4.60;0.00;tripinfo_flow_0.331 emissions_flow_0.331;92.00;flow_0.331;0;632.42;1.16;0.00;46.20;car;;1;30.00;260958.172959;5845.640941;32.715465;107.998659;6.244532;0;83252.519958
33206.00;E2J1_0;100.00;13.79;33124.00;0.36;A2A3_0;4.60;0.00;tripinfo_flow_0.332 emissions_flow_0.332;82.00;flow_0.332;0;632.42;1.02;0.00;35.24;car;;1;20.00;242852.518865;4702.551606;27.091709;99.459130;5.355357;0;77477.695635
33296.00;E2J1_0;100.00;12.24;33224.00;0.59;A2A3_0;4.60;0.00;tripinfo_flow_0.333 emissions_flow_0.333;72.00;flow_0.333;0;632.42;0.96;0.00;23.72;car;;1;8.00;209800.939436;3386.795020;20.478482;86.519729;4.326352;0;66933.858033
33385.00;E2J1_0;100.00;12.97;33324.00;0.82;A2A3_0;4.60;0.00;tripinfo_flow_0.334 emissions_flow_0.334;61.00;flow_0.334;0;632.42;1.17;0.00;15.43;car;;0;0.00;191497.291607;2520.210197;16.075618;78.566638;3.641804;0;61095.317703
33480.00;E2J1_0;100.00;13.07;33423.00;0.05;A2A3_0;4.60;0.00;tripinfo_flow_0.335 emissions_flow_0.335;57.00;flow_0.335;0;632.42;1.11;0.00;11.19;car;;0;0.00;165632.650535;1813.121890;12.299486;66.458095;2.829054;0;52844.418349
33588.00;E2J1_0;100.00;10.71;33523.00;0.28;A2A3_0;4.60;0.00;tripinfo_flow_0.336 emissions_flow_0.336;65.00;flow_0.336;0;632.42;0.86;0.00;10.82;car;;0;0.00;161882.293695;1918.876732;12.629557;64.370041;2.726687;0;51647.663479
33679.00;E2J1_0;100.00;13.80;33623.00;0.51;A2A3_0;4.60;0.00;tripinfo_flow_0.337 emissions_flow_0.337;56.00;flow_0.337;0;632.42;1.00;0.00;10.25;car;;0;0.00;173698.825352;1944.220247;13.074781;70.777285;3.093451;0;55417.549763
33836.00;E2J1_0;100.00;12.71;33723.00;0.74;A2A3_0;4.60;0.00;tripinfo_flow_0.338 emissions_flow_0.338;113.00;flow_0.338;0;632.42;0.95;0.00;64.21;car;;1;49.00;300348.230743;7896.792891;42.644991;122.827290;7.650493;0;95817.847796
33927.00;E2J1_0;100.00;12.50;33823.00;0.97;A2A3_0;4.60;0.00;tripinfo_flow_0.339 emissions_flow_0.339;104.00;flow_0.339;0;632.42;0.98;0.00;56.15;car;;1;40.00;285297.815443;7115.398801;38.866547;117.094935;7.103641;0;91016.832574
34017.00;E2J1_0;100.00;13.03;33922.00;0.20;A2A3_0;4.60;0.00;tripinfo_flow_0.340 emissions_flow_0.340;95.00;flow_0.340;0;632.42;0.94;0.00;46.13;car;;1;29.00;256097.374323;5785.323571;32.258418;104.818317;6.029926;0;81702.015293
34106.00;E2J1_0;100.00;13.26;34022.00;0.43;A2A3_0;4.60;0.00;tripinfo_flow_0.341 emissions_flow_0.341;84.00;flow_0.341;0;632.42;1.11;0.00;37.24;car;;1;21.00;240868.036849;4901.890668;27.963380;99.176890;5.475521;0;76844.094879
34201.00;E2J1_0;100.00;10.38;34122.00;0.66;A2A3_0;4.60;0.00;tripinfo_flow_0.342 emissions_flow_0.342;79.00;flow_0.342;0;632.42;0.82;0.00;21.98;car;;1;8.00;198363.127485;3324.367842;19.873813;80.231544;3.928025;0;63284.863880
34285.00;E2J1_0;100.00;12.88;34222.00;0.89;A2A3_0;4.60;0.00;tripinfo_flow_0.343 emissions_flow_0.343;63.00;flow_0.343;0;632.42;1.13;0.00;16.43;car;;0;0.00;194100.159890;2430.471008;15.811509;79.563331;3.617072;0;61925.914942
34384.00;E2J1_0;100.00;11.79;34321.00;0.12;A2A3_0;4.60;0.00;tripinfo_flow_0.344 emissions_flow_0.344;63.00;flow_0.344;0;632.42;0.90;0.00;11.29;car;;0;0.00;161747.553868;1907.764398;12.633594;65.012638;2.791501;0;51604.507692
34479.00;E2J1_0;100.00;13.62;34421.00;0.35;A2A3_0;4.60;0.00;tripinfo_flow_0.345 emissions_flow_0.345;58.00;flow_0.345;0;632.42;1.02;0.00;11.32;car;;0;0.00;166785.539291;1948.857263;12.951424;68.245588;3.054643;0;53211.710634
34651.00;E2J1_0;100.00;10.95;34521.00;0.58;A2A3_0;4.60;0.00;tripinfo_flow_0.346 emissions_flow_0.346;130.00;flow_0.346;0;632.42;0.82;0.00;72.44;car;;1;59.00;318861.989502;9100.700623;48.657527;130.046027;8.357877;0;101723.003420
34736.00;E2J1_0;100.00;12.49;34621.00;0.81;A2A3_0;4.60;0.00;tripinfo_flow_0.347 emissions_flow_0.347;115.00;flow_0.347;0;632.42;0.97;0.00;66.97;car;;1;51.00;309050.286851;8170.170283;44.224466;127.197164;7.959495;0;98593.677640
34826.00;E2J1_0;100.00;13.85;34720.00;0.04;A2A3_0;4.60;0.00;tripinfo_flow_0.348 emissions_flow_0.348;106.00;flow_0.348;0;632.42;1.03;0.00;59.72;car;;1;45.00;302720.732600;7595.024797;41.403265;124.471566;7.596219;0;96575.122941
34916.00;E2J1_0;100.00;12.63;34820.00;0.27;A2A3_0;4.60;0.00;tripinfo_flow_0.349 emissions_flow_0.349;96.00;flow_0.349;0;632.42;0.98;0.00;48.95;car;;1;32.00;257593.008622;6114.181144;33.803998;106.488145;6.320250;0;82178.482037
35006.00;E2J1_0;100.00;12.92;34920.00;0.50;A2A3_0;4.60;0.00;tripinfo_flow_0.350 emissions_flow_0.350;86.00;flow_0.350;0;632.42;1.03;0.00;38.87;car;;1;22.00;247524.612793;5103.528978;29.044289;101.290112;5.589997;0;78967.783836
35097.00;E2J1_0;100.00;12.35;35020.00;0.73;A2A3_0;4.60;0.00;tripinfo_flow_0.351 emissions_flow_0.351;77.00;flow_0.351;0;632.42;0.96;0.00;28.10;car;;1;12.00;221100.930350;3935.859882;23.169425;90.963915;4.706560;0;70538.507871
35187.00;E2J1_0;100.00;12.78;35120.00;0.96;A2A3_0;4.60;0.00;tripinfo_flow_0.352 emissions_flow_0.352;67.00;flow_0.352;0;632.42;0.95;0.00;17.97;car;;1;1.00;191067.770239;2580.120807;16.384333;78.130347;3.617726;0;60958.178097
35276.00;E2J1_0;100.00;13.53;35219.00;0.19;A2A3_0;4.60;0.00;tripinfo_flow_0.353 emissions_flow_0.353;57.00;flow_0.353;0;632.42;1.08;0.00;10.92;car;;0;0.00;171635.267214;1922.859633;12.743610;68.901944;2.978203;0;54759.568259
35385.00;E2J1_0;100.00;11.01;35319.00;0.42;A2A3_0;4.60;0.00;tripinfo_flow_0.354 emissions_flow_0.354;66.00;flow_0.354;0;632.42;0.86;0.00;11.67;car;;0;0.00;163316.628321;2111.842726;13.593414;65.935961;2.925080;0;52104.716392
35475.00;E2J1_0;100.00;13.23;35419.00;0.65;A2A3_0;4.60;0.00;tripinfo_flow_0.355 emissions_flow_0.355;56.00;flow_0.355;0;632.42;1.19;0.00;9.95;car;;0;0.00;167606.668624;1818.907200;12.189329;67.156209;2.855079;0;53474.383818
35637.00;E2J1_0;100.00;12.79;35519.00;0.88;A2A3_0;4.60;0.00;tripinfo_flow_0.356 emissions_flow_0.356;118.00;flow_0.356;0;632.42;0.95;0.00;68.82;car;;1;52.00;308906.285411;8400.854605;45.270810;127.110799;8.052215;0;98547.373019
35726.00;E2J1_0;100.00;12.82;35618.00;0.11;A2A3_0;4.60;0.00;tripinfo_flow_0.357 emissions_flow_0.357;108.00;flow_0.357;0;632.42;1.20;0.00;61.29;car;;1;44.00;297482.839371;7624.953787;41.533077;123.131093;7.611965;0;94903.564827
35818.00;E2J1_0;100.00;11.78;35718.00;0.34;A2A3_0;4.60;0.00;tripinfo_flow_0.358 emissions_flow_0.358;100.00;flow_0.358;0;632.42;0.90;0.00;48.72;car;;1;33.00;266355.928122;6330.329427;34.983709;109.193788;6.424393;0;84974.220045
35906.00;E2J1_0;100.00;12.99;35818.00;0.57;A2A3_0;4.60;0.00;tripinfo_flow_0.359 emissions_flow_0.359;88.00;flow_0.359;0;632.42;0.99;0.00;40.66;car;;1;25.00;254425.167245;5273.853599;29.913513;104.529461;5.814900;0;81169.180871
35996.00;E2J1_0;100.00;12.66;35918.00;0.80;A2A3_0;4.60;0.00;tripinfo_flow_0.360 emissions_flow_0.360;78.00;flow_0.360;0;632.42;1.12;0.00;32.10;car;;1;16.00;227220.107650;4204.427320;24.575832;93.782789;4.964854;0;72490.463834
36086.00;E2J1_0;100.00;13.74;36017.00;0.03;A2A3_0;4.60;0.00;tripinfo_flow_0.361 emissions_flow_0.361;69.00;flow_0.361;0;632.42;1.00;0.00;22.15;car;;1;6.00;214668.458879;3231.303511;19.852865;87.791827;4.245331;0;68487.358924
36165.00;E2J1_0;100.00;9.02;36000.00;0.00;A2A1_0;10.10;0.00;tripinfo_flow_1.5 emissions_flow_1.5;165.00;flow_1.5;0;632.08;1.11;60.00;41.00;bus;;1;12.00;390699.968346;12366.388509;65.057447;161.180955;10.973464;0;124638.335508
36173.00;E2J1_0;100.00;12.89;36117.00;0.26;A2A3_0;4.60;0.00;tripinfo_flow_0.362 emissions_flow_0.362;56.00;flow_0.362;0;632.42;1.14;0.00;10.40;car;;0;0.00;172024.875561;1934.261654;12.874743;69.679232;3.041205;0;54883.645991
36275.00;E2J1_0;100.00;12.70;36217.00;0.49;A2A3_0;4.60;0.00;tripinfo_flow_0.363 emissions_flow_0.363;58.00;flow_0.363;0;632.42;1.02;0.00;12.28;car;;0;0.00;169865.709259;1976.947877;13.081763;68.938417;3.037941;0;54194.567107
36374.00;E2J1_0;100.00;12.72;36317.00;0.72;A2A3_0;4.60;0.00;tripinfo_flow_0.364 emissions_flow_0.364;57.00;flow_0.364;0;632.42;1.11;0.00;10.05;car;;0;0.00;167070.901639;1900.154849;12.608721;67.411147;2.937326;0;53303.146863
36537.00;E2J1_0;100.00;12.47;36417.00;0.95;A2A3_0;4.60;0.00;tripinfo_flow_0.365 emissions_flow_0.365;120.00;flow_0.365;0;632.42;0.94;0.00;70.41;car;;1;55.00;311188.050335;8663.564410;46.452345;127.840606;8.195084;0;99275.072790
36626.00;E2J1_0;100.00;12.89;36516.00;0.18;A2A3_0;4.60;0.00;tripinfo_flow_0.366 emissions_flow_0.366;110.00;flow_0.366;0;632.42;1.01;0.00;63.46;car;;1;48.00;309414.999927;8073.579419;43.942763;129.245521;8.110683;0;98709.634696
36718.00;E2J1_0;100.00;12.50;36616.00;0.41;A2A3_0;4.60;0.00;tripinfo_flow_0.367 emissions_flow_0.367;102.00;flow_0.367;0;632.42;0.91;0.00;50.05;car;;1;35.00;268722.399510;6441.596728;35.554022;110.430207;6.538081;0;85729.034607
36807.00;E2J1_0;100.00;12.02;36716.00;0.64;A2A3_0;4.60;0.00;tripinfo_flow_0.368 emissions_flow_0.368;91.00;flow_0.368;0;632.42;0.93;0.00;41.38;car;;1;25.00;246752.114962;5241.962714;29.580415;100.269808;5.568876;0;78721.271874
36901.00;E2J1_0;100.00;10.67;36816.00;0.87;A2A3_0;4.60;0.00;tripinfo_flow_0.369 emissions_flow_0.369;85.00;flow_0.369;0;632.42;0.81;0.00;27.64;car;;1;11.00;207408.826945;3971.877172;22.995674;84.348546;4.402606;0;66169.956275
36986.00;E2J1_0;100.00;13.52;36915.00;0.10;A2A3_0;4.60;0.00;tripinfo_flow_0.370 emissions_flow_0.370;71.00;flow_0.370;0;632.42;1.10;0.00;25.24;car;;1;10.00;216864.339485;3675.784385;21.961849;89.554068;4.590605;0;69187.100870
37074.00;E2J1_0;100.00;13.00;37015.00;0.33;A2A3_0;4.60;0.00;tripinfo_flow_0.371 emissions_flow_0.371;59.00;flow_0.371;0;632.42;1.08;0.00;12.84;car;;0;0.00;184813.880981;2186.456523;14.416960;75.699820;3.385964;0;58963.452147
37177.00;E2J1_0;100.00;11.62;37115.00;0.56;A2A3_0;4.60;0.00;tripinfo_flow_0.372 emissions_flow_0.372;62.00;flow_0.372;0;632.42;0.92;0.00;11.16;car;;0;0.00;167850.309262;2057.294450;13.398971;68.135688;3.031047;0;53551.324207
37281.00;E2J1_0;100.00;10.94;37215.00;0.79;A2A3_0;4.60;0.00;tripinfo_flow_0.373 emissions_flow_0.373;66.00;flow_0.373;0;632.42;0.84;0.00;10.81;car;;0;0.00;157648.032476;1937.133682;12.639366;62.887017;2.687857;0;50296.535393
37440.00;E2J1_0;100.00;10.82;37314.00;0.02;A2A3_0;4.60;0.00;tripinfo_flow_0.374 emissions_flow_0.374;126.00;flow_0.374;0;632.42;0.85;0.00;71.03;car;;1;56.00;306893.803134;8736.764795;46.718681;125.520454;8.084318;0;97904.896672
37526.00;E2J1_0;100.00;13.18;37414.00;0.25;A2A3_0;4.60;0.00;tripinfo_flow_0.375 emissions_flow_0.375;112.00;flow_0.375;0;632.42;0.96;0.00;64.26;car;;1;49.00;300528.776914;7996.458283;43.362542;124.231165;7.798776;0;95874.840900
37619.00;E2J1_0;100.00;11.04;37514.00;0.48;A2A3_0;4.60;0.00;tripinfo_flow_0.376 emissions_flow_0.376;105.00;flow_0.376;0;632.42;0.85;0.00;50.65;car;;1;35.00;265299.830604;6493.084388;35.666752;108.084940;6.411424;0;84637.176506
37705.00;E2J1_0;100.00;13.58;37614.00;0.71;A2A3_0;4.60;0.00;tripinfo_flow_0.377 emissions_flow_0.377;91.00;flow_0.377;0;632.42;1.14;0.00;45.41;car;;1;30.00;268686.148750;6007.066899;33.663527;111.692955;6.478615;0;85717.835528
37796.00;E2J1_0;100.00;13.18;37714.00;0.94;A2A3_0;4.60;0.00;tripinfo_flow_0.378 emissions_flow_0.378;82.00;flow_0.378;0;632.42;1.10;0.00;36.21;car;;1;22.00;240227.963957;4875.287629;27.836181;99.114012;5.469345;0;76639.845513
37885.00;E2J1_0;100.00;13.39;37813.00;0.17;A2A3_0;4.60;0.00;tripinfo_flow_0.379 emissions_flow_0.379;72.00;flow_0.379;0;632.42;1.06;0.00;25.75;car;;1;7.00;209567.367071;3435.137948;20.524159;85.829664;4.296406;0;66859.526148
37976.00;E2J1_0;100.00;13.42;37913.00;0.40;A2A3_0;4.60;0.00;tripinfo_flow_0.380 emissions_flow_0.380;63.00;flow_0.380;0;632.42;0.99;0.00;15.65;car;;1;1.00;203674.480793;2719.289295;17.238201;83.564709;3.888739;0;64980.276342
38077.00;E2J1_0;100.00;11.35;38013.00;0.63;A2A3_0;4.60;0.00;tripinfo_flow_0.381 emissions_flow_0.381;64.00;flow_0.381;0;632.42;0.90;0.00;11.88;car;;0;0.00;157741.707000;1881.706230;12.292223;62.580889;2.676355;0;50326.719166
38170.00;E2J1_0;100.00;12.95;38113.00;0.86;A2A3_0;4.60;0.00;tripinfo_flow_0.382 emissions_flow_0.382;57.00;flow_0.382;0;632.42;1.19;0.00;10.56;car;;0;0.00;165171.336476;1834.640849;12.287659;66.485403;2.871550;0;52697.193188
38338.00;E2J1_0;100.00;11.81;38212.00;0.09;A2A3_0;4.60;0.00;tripinfo_flow_0.383 emissions_flow_0.383;126.00;flow_0.383;0;632.42;0.93;0.00;75.30;car;;1;59.00;322820.974866;9176.918348;49.057122;132.850315;8.617841;0;102985.883468
38425.00;E2J1_0;100.00;12.82;38312.00;0.32;A2A3_0;4.60;0.00;tripinfo_flow_0.384 emissions_flow_0.384;113.00;flow_0.384;0;632.42;1.07;0.00;66.72;car;;1;51.00;310589.731268;8128.043573;44.139901;127.729880;7.958671;0;99084.963228
38516.00;E2J1_0;100.00;13.00;38412.00;0.55;A2A3_0;4.60;0.00;tripinfo_flow_0.385 emissions_flow_0.385;104.00;flow_0.385;0;632.42;1.11;0.00;57.86;car;;1;42.00;285618.099305;7088.334238;38.849548;117.694339;7.142251;0;91118.916042
38606.00;E2J1_0;100.00;13.65;38512.00;0.78;A2A3_0;4.60;0.00;tripinfo_flow_0.386 emissions_flow_0.386;94.00;flow_0.386;0;632.42;1.00;0.00;47.33;car;;1;31.00;269915.111196;6055.120029;33.867598;111.557800;6.460970;0;86110.066548
38696.00;E2J1_0;100.00;13.39;38611.00;0.01;A2A3_0;4.60;0.00;tripinfo_flow_0.387 emissions_flow_0.387;85.00;flow_0.387;0;632.42;1.12;0.00;39.10;car;;1;22.00;250358.077623;5144.295273;29.308955;103.349080;5.731382;0;79871.532890
38786.00;E2J1_0;100.00;13.07;38711.00;0.24;A2A3_0;4.60;0.00;tripinfo_flow_0.388 emissions_flow_0.388;75.00;flow_0.388;0;632.42;1.19;0.00;28.99;car;;1;12.00;223457.783164;3985.560923;23.387896;91.407019;4.742206;0;71290.651264
38876.00;E2J1_0;100.00;12.94;38811.00;0.47;A2A3_0;4.60;0.00;tripinfo_flow_0.389 emissions_flow_0.389;65.00;flow_0.389;0;632.42;1.14;0.00;18.91;car;;1;4.00;204100.757934;2912.980636;18.159899;84.053236;4.016476;0;65115.932555
38970.00;E2J1_0;100.00;13.40;38911.00;0.70;A2A3_0;4.60;0.00;tripinfo_flow_0.390 emissions_flow_0.390;59.00;flow_0.390;0;632.42;0.98;0.00;11.03;car;;0;0.00;173564.409975;1979.618268;13.099673;70.285880;3.047932;0;55374.743041
39067.00;E2J1_0;100.00;12.99;39011.00;0.93;A2A3_0;4.60;0.00;tripinfo_flow_0.391 emissions_flow_0.391;56.00;flow_0.391;0;632.42;1.12;0.00;10.41;car;;0;0.00;164343.319143;1854.687203;12.365243;66.419540;2.898058;0;52432.897048
39167.00;E2J1_0;100.00;13.75;39110.00;0.16;A2A3_0;4.60;0.00;tripinfo_flow_0.392 emissions_flow_0.392;57.00;flow_0.392;0;632.42;1.26;0.00;10.87;car;;0;0.00;166633.453496;1840.202640;12.389566;67.147289;2.891818;0;53163.656170
39326.00;E2J1_0;100.00;13.77;39210.00;0.39;A2A3_0;4.60;0.00;tripinfo_flow_0.393 emissions_flow_0.393;116.00;flow_0.393;0;632.42;1.07;0.00;68.92;car;;1;52.00;323664.852239;8577.407248;46.394266;133.242889;8.358215;0;103256.061588
39417.00;E2J1_0;100.00;12.70;39310.00;0.62;A2A3_0;4.60;0.00;tripinfo_flow_0.394 emissions_flow_0.394;107.00;flow_0.394;0;632.42;0.98;0.00;59.28;car;;1;42.00;292862.986248;7289.952545;39.839301;119.503737;7.212634;0;93430.501436
39506.00;E2J1_0;100.00;13.04;39410.00;0.85;A2A3_0;4.60;0.00;tripinfo_flow_0.395 emissions_flow_0.395;96.00;flow_0.395;0;632.42;1.03;0.00;48.98;car;;1;34.00;275270.613517;6390.364395;35.505320;114.507563;6.768915;0;87818.117727
39596.00;E2J1_0;100.00;13.77;39509.00;0.08;A2A3_0;4.60;0.00;tripinfo_flow_0.396 emissions_flow_0.396;87.00;flow_0.396;0;632.42;1.02;0.00;40.44;car;;1;26.00;258937.192196;5376.968211;30.636860;107.055012;5.981563;0;82608.387395
39686.00;E2J1_0;100.00;12.95;39609.00;0.31;A2A3_0;4.60;0.00;tripinfo_flow_0.397 emissions_flow_0.397;77.00;flow_0.397;0;632.42;1.09;0.00;30.18;car;;1;13.00;224101.882388;3941.191947;23.160977;91.784406;4.745342;0;71496.232186
39776.00;E2J1_0;100.00;13.03;39709.00;0.54;A2A3_0;4.60;0.00;tripinfo_flow_0.398 emissions_flow_0.398;67.00;flow_0.398;0;632.42;1.10;0.00;20.95;car;;1;4.00;204737.488338;2967.376183;18.370705;83.657157;3.991078;0;65319.203926
39867.00;E2J1_0;100.00;12.99;39809.00;0.77;A2A3_0;4.60;0.00;tripinfo_flow_0.399 emissions_flow_0.399;58.00;flow_0.399;0;632.42;0.95;0.00;9.73;car;;0;0.00;163697.949556;1870.579612;12.528201;66.623166;2.912120;0;52226.719807
39966.00;E2J1_0;100.00;13.07;39908.00;0.00;A2A3_0;4.60;0.00;tripinfo_flow_0.400 emissions_flow_0.400;58.00;flow_0.400;0;632.42;0.96;0.00;9.66;car;;0;0.00;169929.850449;1831.346228;12.443099;68.214266;2.886266;0;54215.436502
40140.00;E2J1_0;100.00;11.16;40008.00;0.23;A2A3_0;4.60;0.00;tripinfo_flow_0.401 emissions_flow_0.401;132.00;flow_0.401;0;632.42;0.86;0.00;76.85;car;;1;59.00;326397.543552;9388.157319;50.143999;133.831221;8.679867;0;104126.720949
40226.00;E2J1_0;100.00;13.68;40108.00;0.46;A2A3_0;4.60;0.00;tripinfo_flow_0.402 emissions_flow_0.402;118.00;flow_0.402;0;632.42;1.01;0.00;70.93;car;;1;54.00;325468.582778;8746.521199;47.075100;133.521711;8.440375;0;103831.501418
40316.00;E2J1_0;100.00;13.03;40208.00;0.69;A2A3_0;4.60;0.00;tripinfo_flow_0.403 emissions_flow_0.403;108.00;flow_0.403;0;632.42;0.99;0.00;60.10;car;;1;44.00;297433.977561;7447.091320;40.721653;122.213081;7.445074;0;94888.508122
40406.00;E2J1_0;100.00;13.08;40308.00;0.92;A2A3_0;4.60;0.00;tripinfo_flow_0.404 emissions_flow_0.404;98.00;flow_0.404;0;632.42;1.10;0.00;51.32;car;;1;34.00;279820.612370;6503.966318;36.158563;115.414706;6.795749;0;89269.954425
40496.00;E2J1_0;100.00;12.81;40407.00;0.15;A2A3_0;4.60;0.00;tripinfo_flow_0.405 emissions_flow_0.405;89.00;flow_0.405;0;632.42;0.98;0.00;41.28;car;;1;24.00;253970.803158;5366.911891;30.329840;104.039882;5.817275;0;81024.133927
40587.00;E2J1_0;100.00;12.44;40507.00;0.38;A2A3_0;4.60;0.00;tripinfo_flow_0.406 emissions_flow_0.406;80.00;flow_0.406;0;632.42;0.97;0.00;31.32;car;;1;15.00;228361.105827;4234.996012;24.708805;93.163576;4.877859;0;72854.728982
40681.00;E2J1_0;100.00;10.93;40607.00;0.61;A2A3_0;4.60;0.00;tripinfo_flow_0.407 emissions_flow_0.407;74.00;flow_0.407;0;632.42;0.80;0.00;15.76;car;;1;1.00;176711.262928;2607.621129;16.119179;71.190225;3.278693;0;56377.674368
40764.00;E2J1_0;100.00;13.85;40707.00;0.84;A2A3_0;4.60;0.00;tripinfo_flow_0.408 emissions_flow_0.408;57.00;flow_0.408;0;632.42;1.00;0.00;10.35;car;;0;0.00;171750.254719;1869.471225;12.588745;69.189568;2.965412;0;54796.214289
40862.00;E2J1_0;100.00;13.36;40806.00;0.07;A2A3_0;4.60;0.00;tripinfo_flow_0.409 emissions_flow_0.409;56.00;flow_0.409;0;632.42;1.07;0.00;9.91;car;;0;0.00;167815.224400;1887.755233;12.580763;67.968419;2.966239;0;53540.582023
40962.00;E2J1_0;100.00;13.82;40906.00;0.30;A2A3_0;4.60;0.00;tripinfo_flow_0.410 emissions_flow_0.410;56.00;flow_0.410;0;632.42;1.13;0.00;10.27;car;;0;0.00;163544.566064;1828.939628;12.281590;66.276105;2.879261;0;52178.014159
41126.00;E2J1_0;100.00;12.94;41006.00;0.53;A2A3_0;4.60;0.00;tripinfo_flow_0.411 emissions_flow_0.411;120.00;flow_0.411;0;632.42;1.11;0.00;73.73;car;;1;58.00;329944.637613;8970.909678;48.201627;135.337801;8.603575;0;105259.331162
41218.00;E2J1_0;100.00;11.65;41106.00;0.76;A2A3_0;4.60;0.00;tripinfo_flow_0.412 emissions_flow_0.412;112.00;flow_0.412;0;632.42;0.92;0.00;61.92;car;;1;45.00;291842.609220;7523.058421;40.820353;118.802628;7.276579;0;93104.645655
41306.00;E2J1_0;100.00;13.58;41206.00;0.99;A2A3_0;4.60;0.00;tripinfo_flow_0.413 emissions_flow_0.413;100.00;flow_0.413;0;632.42;1.03;0.00;52.46;car;;1;35.00;275384.956980;6549.746866;36.158768;113.798242;6.752186;0;87854.587849
41396.00;E2J1_0;100.00;12.53;41305.00;0.22;A2A3_0;4.60;0.00;tripinfo_flow_0.414 emissions_flow_0.414;91.00;flow_0.414;0;632.42;0.94;0.00;42.52;car;;1;27.00;254830.313392;5465.973331;30.746999;103.930626;5.817535;0;81298.317192
41485.00;E2J1_0;100.00;13.70;41405.00;0.45;A2A3_0;4.60;0.00;tripinfo_flow_0.415 emissions_flow_0.415;80.00;flow_0.415;0;632.42;1.05;0.00;34.12;car;;1;19.00;236268.616097;4629.879904;26.657852;97.437392;5.298562;0;75376.940530
41576.00;E2J1_0;100.00;12.95;41505.00;0.68;A2A3_0;4.60;0.00;tripinfo_flow_0.416 emissions_flow_0.416;71.00;flow_0.416;0;632.42;0.97;0.00;23.42;car;;1;8.00;211124.037634;3325.634807;20.099373;85.581524;4.178862;0;67356.584714
41665.00;E2J1_0;100.00;13.62;41605.00;0.91;A2A3_0;4.60;0.00;tripinfo_flow_0.417 emissions_flow_0.417;60.00;flow_0.417;0;632.42;1.01;0.00;13.85;car;;0;0.00;192220.297713;2309.957596;15.096582;78.693543;3.534574;0;61326.383576
41762.00;E2J1_0;100.00;13.76;41704.00;0.14;A2A3_0;4.60;0.00;tripinfo_flow_0.418 emissions_flow_0.418;58.00;flow_0.418;0;632.42;1.01;0.00;11.65;car;;0;0.00;169891.189274;1930.017255;12.742213;68.435092;2.978026;0;54203.010019
41868.00;E2J1_0;100.00;11.47;41804.00;0.37;A2A3_0;4.60;0.00;tripinfo_flow_0.419 emissions_flow_0.419;64.00;flow_0.419;0;632.42;0.88;0.00;11.73;car;;0;0.00;168476.966099;2029.244888;13.275678;66.740496;2.830257;0;53751.687368
42026.00;E2J1_0;100.00;13.35;41904.00;0.60;A2A3_0;4.60;0.00;tripinfo_flow_0.420 emissions_flow_0.420;122.00;flow_0.420;0;632.42;1.05;0.00;74.57;car;;1;59.00;328506.264069;9020.503062;48.329469;133.956767;8.546656;0;104800.602439
42116.00;E2J1_0;100.00;13.81;42004.00;0.83;A2A3_0;4.60;0.00;tripinfo_flow_0.421 emissions_flow_0.421;112.00;flow_0.421;0;632.42;1.05;0.00;65.24;car;;1;47.00;310314.088105;7971.341824;43.359368;127.294238;7.838265;0;98997.350920
42206.00;E2J1_0;100.00;12.40;42103.00;0.06;A2A3_0;4.60;0.00;tripinfo_flow_0.422 emissions_flow_0.422;103.00;flow_0.422;0;632.42;0.97;0.00;54.38;car;;1;39.00;277819.034255;6890.610476;37.685682;114.452694;6.938555;0;88630.835884
42296.00;E2J1_0;100.00;13.06;42203.00;0.29;A2A3_0;4.60;0.00;tripinfo_flow_0.423 emissions_flow_0.423;93.00;flow_0.423;0;632.42;1.23;0.00;46.00;car;;1;30.00;267818.844457;5941.522663;33.229063;109.816122;6.297539;0;85441.690055
42386.00;E2J1_0;100.00;13.35;42303.00;0.52;A2A3_0;4.60;0.00;tripinfo_flow_0.424 emissions_flow_0.424;83.00;flow_0.424;0;632.42;1.32;0.00;36.39;car;;1;21.00;239642.450372;4789.175834;27.258805;97.292631;5.277669;0;76453.679095
42480.00;E2J1_0;100.00;10.57;42403.00;0.75;A2A3_0;4.60;0.00;tripinfo_flow_0.425 emissions_flow_0.425;77.00;flow_0.425;0;632.42;0.83;0.00;20.94;car;;1;7.00;195748.911620;3219.622995;19.331044;79.088967;3.849398;0;62450.965065
42566.00;E2J1_0;100.00;13.64;42503.00;0.98;A2A3_0;4.60;0.00;tripinfo_flow_0.426 emissions_flow_0.426;63.00;flow_0.426;0;632.42;1.05;0.00;16.01;car;;0;0.00;201665.556759;2629.615507;16.802786;82.692941;3.826890;0;64339.488254
42659.00;E2J1_0;100.00;13.56;42602.00;0.21;A2A3_0;4.60;0.00;tripinfo_flow_0.427 emissions_flow_0.427;57.00;flow_0.427;0;632.42;1.05;0.00;11.31;car;;0;0.00;171573.712358;1938.480260;12.888038;68.987376;2.989809;0;54739.828074
42775.00;E2J1_0;100.00;10.46;42702.00;0.44;A2A3_0;4.60;0.00;tripinfo_flow_0.428 emissions_flow_0.428;73.00;flow_0.428;0;632.42;0.76;0.00;11.60;car;;0;0.00;158197.439157;2140.039001;13.520858;62.707600;2.716942;0;50471.556390
42859.00;E2J1_0;100.00;12.98;42802.00;0.67;A2A3_0;4.60;0.00;tripinfo_flow_0.429 emissions_flow_0.429;57.00;flow_0.429;0;632.42;1.06;0.00;10.71;car;;0;0.00;169128.987537;1941.740142;12.823529;68.186152;2.975732;0;53959.747822
43019.00;E2J1_0;100.00;11.01;42902.00;0.90;A2A3_0;4.60;0.00;tripinfo_flow_0.430 emissions_flow_0.430;117.00;flow_0.430;0;632.42;0.88;0.00;64.31;car;;1;47.00;298546.856559;7972.812064;43.165377;122.548637;7.639406;0;95242.659385
43105.00;E2J1_0;100.00;13.85;43001.00;0.13;A2A3_0;4.60;0.00;tripinfo_flow_0.431 emissions_flow_0.431;104.00;flow_0.431;0;632.42;1.04;0.00;58.33;car;;1;43.00;289923.568367;7312.582899;40.030373;120.310429;7.383587;0;92492.028138
43196.00;E2J1_0;100.00;13.10;43101.00;0.36;A2A3_0;4.60;0.00;tripinfo_flow_0.432 emissions_flow_0.432;95.00;flow_0.432;0;632.42;1.17;0.00;48.10;car;;1;32.00;265302.247082;6080.833249;33.734808;108.921300;6.347249;0;84638.531121
43288.00;E2J1_0;100.00;11.61;43201.00;0.59;A2A3_0;4.60;0.00;tripinfo_flow_0.433 emissions_flow_0.433;87.00;flow_0.433;0;632.42;0.89;0.00;35.68;car;;1;20.00;227713.337677;4663.763975;26.531976;92.739644;5.056870;0;72647.443653
43363.00;E2J1_0;100.00;9.28;43200.00;0.00;A2A1_0;10.10;0.00;tripinfo_flow_1.6 emissions_flow_1.6;163.00;flow_1.6;0;632.08;0.93;60.00;39.32;bus;;1;10.00;385559.913767;12100.062843;63.726122;158.747062;10.736965;0;122998.795710
43377.00;E2J1_0;100.00;12.17;43301.00;0.82;A2A3_0;4.60;0.00;tripinfo_flow_0.434 emissions_flow_0.434;76.00;flow_0.434;0;632.42;0.93;0.00;25.79;car;;1;10.00;213745.336012;3673.402164;21.780556;87.308022;4.421284;0;68192.158051
43466.00;E2J1_0;100.00;13.67;43400.00;0.05;A2A3_0;4.60;0.00;tripinfo_flow_0.435 emissions_flow_0.435;66.00;flow_0.435;0;632.42;1.11;0.00;19.68;car;;1;4.00;200370.478014;2801.419454;17.532735;82.160412;3.895554;0;63926.037450
43556.00;E2J1_0;100.00;12.76;43500.00;0.28;A2A3_0;4.60;0.00;tripinfo_flow_0.436 emissions_flow_0.436;56.00;flow_0.436;0;632.42;1.24;0.00;10.10;car;;0;0.00;165166.030085;1811.724223;12.106475;66.317778;2.855106;0;52695.649124
43660.00;E2J1_0;100.00;12.66;43600.00;0.51;A2A3_0;4.60;0.00;tripinfo_flow_0.437 emissions_flow_0.437;60.00;flow_0.437;0;632.42;0.96;0.00;10.39;car;;0;0.00;174993.530734;2048.621152;13.560299;70.918561;3.107842;0;55830.536873
43760.00;E2J1_0;100.00;12.82;43700.00;0.74;A2A3_0;4.60;0.00;tripinfo_flow_0.438 emissions_flow_0.438;60.00;flow_0.438;0;632.42;0.97;0.00;11.85;car;;0;0.00;168582.695427;1952.665404;12.916269;67.576715;2.911390;0;53785.470691
43916.00;E2J1_0;100.00;13.86;43800.00;0.97;A2A3_0;4.60;0.00;tripinfo_flow_0.439 emissions_flow_0.439;116.00;flow_0.439;0;632.42;1.02;0.00;70.05;car;;1;54.00;324863.602687;8673.683536;46.902112;134.259532;8.469007;0;103638.225097
44006.00;E2J1_0;100.00;13.80;43899.00;0.20;A2A3_0;4.60;0.00;tripinfo_flow_0.440 emissions_flow_0.440;107.00;flow_0.440;0;632.42;1.20;0.00;60.72;car;;1;45.00;300922.744685;7617.047426;41.598980;124.318423;7.639832;0;96001.197862
44099.00;E2J1_0;100.00;11.65;43999.00;0.43;A2A3_0;4.60;0.00;tripinfo_flow_0.441 emissions_flow_0.441;100.00;flow_0.441;0;632.42;0.88;0.00;46.07;car;;1;31.00;255862.069962;5861.823071;32.587948;102.996377;5.864804;0;81627.220684
44186.00;E2J1_0;100.00;13.15;44099.00;0.66;A2A3_0;4.60;0.00;tripinfo_flow_0.442 emissions_flow_0.442;87.00;flow_0.442;0;632.42;1.12;0.00;40.64;car;;1;24.00;252226.108739;5231.172351;29.636879;103.418487;5.757696;0;80467.704971
44276.00;E2J1_0;100.00;13.35;44199.00;0.89;A2A3_0;4.60;0.00;tripinfo_flow_0.443 emissions_flow_0.443;77.00;flow_0.443;0;632.42;1.07;0.00;30.50;car;;1;16.00;227128.469114;4131.432257;24.076711;93.194937;4.900141;0;72461.588400
44369.00;E2J1_0;100.00;11.71;44298.00;0.12;A2A3_0;4.60;0.00;tripinfo_flow_0.444 emissions_flow_0.444;71.00;flow_0.444;0;632.42;0.89;0.00;18.20;car;;1;2.00;188036.182969;2765.766944;17.110594;76.276422;3.581356;0;59990.744922
44456.00;E2J1_0;100.00;13.40;44398.00;0.35;A2A3_0;4.60;0.00;tripinfo_flow_0.445 emissions_flow_0.445;58.00;flow_0.445;0;632.42;0.98;0.00;10.79;car;;0;0.00;166454.397771;1879.331863;12.660323;67.564879;2.934541;0;53106.242018
44558.00;E2J1_0;100.00;12.69;44498.00;0.58;A2A3_0;4.60;0.00;tripinfo_flow_0.446 emissions_flow_0.446;60.00;flow_0.446;0;632.42;0.99;0.00;11.76;car;;0;0.00;172214.429636;2175.165523;14.124729;70.718029;3.222135;0;54943.369919
44664.00;E2J1_0;100.00;11.65;44598.00;0.81;A2A3_0;4.60;0.00;tripinfo_flow_0.447 emissions_flow_0.447;66.00;flow_0.447;0;632.42;0.86;0.00;11.62;car;;0;0.00;164901.818872;1982.362919;12.988135;65.593109;2.798053;0;52610.975003
44819.00;E2J1_0;100.00;11.75;44697.00;0.04;A2A3_0;4.60;0.00;tripinfo_flow_0.448 emissions_flow_0.448;122.00;flow_0.448;0;632.42;0.89;0.00;68.98;car;;1;52.00;305631.137211;8538.069198;45.764452;125.007232;7.989425;0;97502.365013
44906.00;E2J1_0;100.00;12.64;44797.00;0.27;A2A3_0;4.60;0.00;tripinfo_flow_0.449 emissions_flow_0.449;109.00;flow_0.449;0;632.42;1.08;0.00;62.40;car;;1;46.00;304296.049590;7789.993817;42.429281;125.421156;7.735472;0;97077.292401
44996.00;E2J1_0;100.00;13.67;44897.00;0.50;A2A3_0;4.60;0.00;tripinfo_flow_0.450 emissions_flow_0.450;99.00;flow_0.450;0;632.42;1.11;0.00;51.95;car;;1;36.00;287548.022540;6649.174419;36.869407;118.187482;6.925352;0;91735.440226
45091.00;E2J1_0;100.00;10.93;44997.00;0.73;A2A3_0;4.60;0.00;tripinfo_flow_0.451 emissions_flow_0.451;94.00;flow_0.451;0;632.42;0.80;0.00;35.89;car;;1;21.00;225773.204495;4926.427343;27.726901;92.369486;5.151825;0;72027.805875
45183.00;E2J1_0;100.00;9.85;45097.00;0.96;A2A3_0;4.60;0.00;tripinfo_flow_0.452 emissions_flow_0.452;86.00;flow_0.452;0;632.42;0.77;0.00;25.38;car;;1;11.00;194772.030254;3651.171930;21.209637;78.551269;4.004340;0;62138.643913
45265.00;E2J1_0;100.00;12.77;45196.00;0.19;A2A3_0;4.60;0.00;tripinfo_flow_0.453 emissions_flow_0.453;69.00;flow_0.453;0;632.42;1.12;0.00;23.47;car;;1;6.00;211198.873933;3257.090533;19.930638;86.583434;4.229003;0;67380.235318
45357.00;E2J1_0;100.00;12.62;45296.00;0.42;A2A3_0;4.60;0.00;tripinfo_flow_0.454 emissions_flow_0.454;61.00;flow_0.454;0;632.42;0.92;0.00;9.85;car;;0;0.00;165868.377285;1955.423199;12.897922;66.821292;2.895432;0;52919.247954
45455.00;E2J1_0;100.00;12.88;45396.00;0.65;A2A3_0;4.60;0.00;tripinfo_flow_0.455 emissions_flow_0.455;59.00;flow_0.455;0;632.42;1.01;0.00;13.15;car;;0;0.00;171928.448197;2009.853649;13.273116;69.118788;3.013448;0;54852.859909
45553.00;E2J1_0;100.00;13.24;45496.00;0.88;A2A3_0;4.60;0.00;tripinfo_flow_0.456 emissions_flow_0.456;57.00;flow_0.456;0;632.42;1.16;0.00;10.28;car;;0;0.00;166047.790445;1804.305837;12.198190;66.798386;2.852417;0;52976.887303
45716.00;E2J1_0;100.00;13.60;45595.00;0.11;A2A3_0;4.60;0.00;tripinfo_flow_0.457 emissions_flow_0.457;121.00;flow_0.457;0;632.42;1.21;0.00;73.60;car;;1;59.00;330594.679097;9106.681703;49.049873;137.029341;8.798279;0;105466.046289
45806.00;E2J1_0;100.00;12.82;45695.00;0.34;A2A3_0;4.60;0.00;tripinfo_flow_0.458 emissions_flow_0.458;111.00;flow_0.458;0;632.42;1.06;0.00;63.95;car;;1;47.00;305141.389365;8011.055408;43.365131;125.830783;7.861282;0;97346.731549
45896.00;E2J1_0;100.00;13.02;45795.00;0.57;A2A3_0;4.60;0.00;tripinfo_flow_0.459 emissions_flow_0.459;101.00;flow_0.459;0;632.42;0.99;0.00;53.98;car;;1;37.00;274455.404138;6755.692476;37.035097;113.253109;6.837454;0;87557.762002
45985.00;E2J1_0;100.00;13.80;45895.00;0.80;A2A3_0;4.60;0.00;tripinfo_flow_0.460 emissions_flow_0.460;90.00;flow_0.460;0;632.42;1.00;0.00;42.95;car;;1;26.00;256670.781699;5422.875696;30.629267;105.055614;5.870486;0;81885.552088
46076.00;E2J1_0;100.00;13.24;45994.00;0.03;A2A3_0;4.60;0.00;tripinfo_flow_0.461 emissions_flow_0.461;82.00;flow_0.461;0;632.42;1.06;0.00;35.42;car;;1;20.00;240289.933797;4776.310673;27.442080;99.036887;5.409028;0;76659.748831
46169.00;E2J1_0;100.00;11.95;46094.00;0.26;A2A3_0;4.60;0.00;tripinfo_flow_0.462 emissions_flow_0.462;75.00;flow_0.462;0;632.42;0.87;0.00;21.83;car;;1;7.00;191459.162474;3010.215394;18.289637;77.441919;3.722023;0;61082.604800
46256.00;E2J1_0;100.00;13.45;46194.00;0.49;A2A3_0;4.60;0.00;tripinfo_flow_0.463 emissions_flow_0.463;62.00;flow_0.463;0;632.42;1.04;0.00;15.71;car;;0;0.00;201829.670738;2578.235568;16.589860;82.977182;3.817044;0;64391.835306
46354.00;E2J1_0;100.00;12.91;46294.00;0.72;A2A3_0;4.60;0.00;tripinfo_flow_0.464 emissions_flow_0.464;60.00;flow_0.464;0;632.42;0.94;0.00;11.31;car;;0;0.00;168951.057337;1919.804540;12.832085;67.775274;2.903037;0;53902.984990
46452.00;E2J1_0;100.00;13.60;46394.00;0.95;A2A3_0;4.60;0.00;tripinfo_flow_0.465 emissions_flow_0.465;58.00;flow_0.465;0;632.42;1.04;0.00;10.84;car;;0;0.00;171946.644544;1965.011861;13.049889;69.483148;3.032289;0;54858.664364
46550.00;E2J1_0;100.00;13.15;46493.00;0.18;A2A3_0;4.60;0.00;tripinfo_flow_0.466 emissions_flow_0.466;57.00;flow_0.466;0;632.42;1.02;0.00;10.18;car;;0;0.00;168715.814652;1848.787414;12.553670;68.403192;2.951666;0;53827.889380
46705.00;E2J1_0;100.00;12.95;46593.00;0.41;A2A3_0;4.60;0.00;tripinfo_flow_0.467 emissions_flow_0.467;112.00;flow_0.467;0;632.42;1.04;0.00;65.62;car;;1;49.00;302347.371644;7893.051973;42.779454;123.853335;7.691011;0;96455.671245
46797.00;E2J1_0;100.00;12.10;46693.00;0.64;A2A3_0;4.60;0.00;tripinfo_flow_0.468 emissions_flow_0.468;104.00;flow_0.468;0;632.42;0.96;0.00;55.01;car;;1;37.00;279812.545932;6851.723369;37.598065;114.597273;6.863144;0;89267.072185
46886.00;E2J1_0;100.00;13.46;46793.00;0.87;A2A3_0;4.60;0.00;tripinfo_flow_0.469 emissions_flow_0.469;93.00;flow_0.469;0;632.42;0.98;0.00;45.65;car;;1;30.00;265872.434160;5944.538613;33.186634;109.266417;6.298271;0;84820.578305
46976.00;E2J1_0;100.00;13.64;46892.00;0.10;A2A3_0;4.60;0.00;tripinfo_flow_0.470 emissions_flow_0.470;84.00;flow_0.470;0;632.42;0.99;0.00;36.60;car;;1;20.00;241637.200648;4830.198082;27.724292;99.510667;5.439865;0;77089.536505
47069.00;E2J1_0;100.00;11.94;46992.00;0.33;A2A3_0;4.60;0.00;tripinfo_flow_0.471 emissions_flow_0.471;77.00;flow_0.471;0;632.42;0.88;0.00;23.66;car;;1;9.00;203719.261986;3416.256850;20.418643;83.082459;4.141835;0;64993.563583
47156.00;E2J1_0;100.00;12.55;47092.00;0.56;A2A3_0;4.60;0.00;tripinfo_flow_0.472 emissions_flow_0.472;64.00;flow_0.472;0;632.42;0.94;0.00;14.34;car;;0;0.00;189178.856041;2424.003672;15.569272;77.307772;3.521308;0;60355.733228
47250.00;E2J1_0;100.00;13.54;47192.00;0.79;A2A3_0;4.60;0.00;tripinfo_flow_0.473 emissions_flow_0.473;58.00;flow_0.473;0;632.42;1.03;0.00;11.48;car;;0;0.00;173034.551822;2001.492075;13.364499;70.668509;3.118859;0;55205.433216
47348.00;E2J1_0;100.00;13.86;47291.00;0.02;A2A3_0;4.60;0.00;tripinfo_flow_0.474 emissions_flow_0.474;57.00;flow_0.474;0;632.42;1.04;0.00;10.73;car;;0;0.00;169158.032334;1936.258704;12.820683;68.444995;2.985749;0;53968.945812
47447.00;E2J1_0;100.00;13.03;47391.00;0.25;A2A3_0;4.60;0.00;tripinfo_flow_0.475 emissions_flow_0.475;56.00;flow_0.475;0;632.42;1.08;0.00;10.01;car;;0;0.00;165559.371511;1856.696737;12.368875;66.881058;2.914374;0;52820.938672
47606.00;E2J1_0;100.00;13.26;47491.00;0.48;A2A3_0;4.60;0.00;tripinfo_flow_0.476 emissions_flow_0.476;115.00;flow_0.476;0;632.42;0.99;0.00;68.25;car;;1;52.00;317971.926681;8454.490184;45.715091;131.346589;8.268627;0;101439.698158
47696.00;E2J1_0;100.00;12.89;47591.00;0.71;A2A3_0;4.60;0.00;tripinfo_flow_0.477 emissions_flow_0.477;105.00;flow_0.477;0;632.42;0.98;0.00;57.62;car;;1;42.00;286843.417667;7149.603121;39.079400;118.123565;7.166456;0;91509.791024
47785.00;E2J1_0;100.00;13.83;47691.00;0.94;A2A3_0;4.60;0.00;tripinfo_flow_0.478 emissions_flow_0.478;94.00;flow_0.478;0;632.42;1.08;0.00;48.35;car;;1;32.00;270132.202553;6147.972661;34.186230;110.689673;6.425962;0;86179.529121
47876.00;E2J1_0;100.00;13.52;47790.00;0.17;A2A3_0;4.60;0.00;tripinfo_flow_0.479 emissions_flow_0.479;86.00;flow_0.479;0;632.42;1.24;0.00;39.18;car;;1;23.00;248413.774873;5115.041989;29.053542;101.617638;5.598133;0;79251.515730
47965.00;E2J1_0;100.00;13.83;47890.00;0.40;A2A3_0;4.60;0.00;tripinfo_flow_0.480 emissions_flow_0.480;75.00;flow_0.480;0;632.42;1.06;0.00;29.40;car;;1;14.00;228430.345291;3944.209806;23.267966;92.697941;4.713190;0;72877.504942
48056.00;E2J1_0;100.00;13.00;47990.00;0.63;A2A3_0;4.60;0.00;tripinfo_flow_0.481 emissions_flow_0.481;66.00;flow_0.481;0;632.42;1.09;0.00;19.56;car;;1;2.00;204913.713428;2978.993317;18.526793;84.637042;4.087250;0;65375.104845
48150.00;E2J1_0;100.00;12.83;48090.00;0.86;A2A3_0;4.60;0.00;tripinfo_flow_0.482 emissions_flow_0.482;60.00;flow_0.482;0;632.42;0.94;0.00;11.52;car;;0;0.00;167792.543312;1961.743658;12.909935;67.821866;2.975495;0;53533.173324
48246.00;E2J1_0;100.00;13.80;48189.00;0.09;A2A3_0;4.60;0.00;tripinfo_flow_0.483 emissions_flow_0.483;57.00;flow_0.483;0;632.42;1.08;0.00;10.54;car;;0;0.00;170760.701650;1904.272556;12.743703;68.748994;2.983474;0;54480.485888
48346.00;E2J1_0;100.00;13.19;48289.00;0.32;A2A3_0;4.60;0.00;tripinfo_flow_0.484 emissions_flow_0.484;57.00;flow_0.484;0;632.42;1.04;0.00;11.06;car;;0;0.00;170610.879719;1914.507724;12.767468;68.768113;2.984989;0;54432.615557
48505.00;E2J1_0;100.00;13.03;48389.00;0.55;A2A3_0;4.60;0.00;tripinfo_flow_0.485 emissions_flow_0.485;116.00;flow_0.485;0;632.42;1.16;0.00;69.76;car;;1;53.00;319336.210029;8651.724153;46.660934;132.001589;8.382647;0;101874.692662
48595.00;E2J1_0;100.00;13.74;48489.00;0.78;A2A3_0;4.60;0.00;tripinfo_flow_0.486 emissions_flow_0.486;106.00;flow_0.486;0;632.42;1.13;0.00;60.29;car;;1;46.00;301247.526188;7603.962563;41.530098;123.857947;7.593713;0;96105.046424
48686.00;E2J1_0;100.00;13.30;48588.00;0.01;A2A3_0;4.60;0.00;tripinfo_flow_0.487 emissions_flow_0.487;98.00;flow_0.487;0;632.42;1.18;0.00;51.14;car;;1;36.00;277576.347264;6483.609901;35.992216;114.109715;6.711577;0;88554.031610
48779.00;E2J1_0;100.00;11.05;48688.00;0.24;A2A3_0;4.60;0.00;tripinfo_flow_0.488 emissions_flow_0.488;91.00;flow_0.488;0;632.42;0.85;0.00;36.67;car;;1;21.00;221091.006634;4707.543727;26.622498;90.272780;4.996271;0;70534.326793
48866.00;E2J1_0;100.00;13.87;48788.00;0.47;A2A3_0;4.60;0.00;tripinfo_flow_0.489 emissions_flow_0.489;78.00;flow_0.489;0;632.42;1.11;0.00;31.49;car;;1;16.00;234304.444734;4326.149383;25.174501;95.733966;5.038714;0;74750.964597
48957.00;E2J1_0;100.00;12.15;48888.00;0.70;A2A3_0;4.60;0.00;tripinfo_flow_0.490 emissions_flow_0.490;69.00;flow_0.490;0;632.42;0.93;0.00;18.95;car;;1;2.00;195328.786155;2803.006330;17.491436;79.982176;3.776769;0;62317.311584
49044.00;E2J1_0;100.00;13.72;48988.00;0.93;A2A3_0;4.60;0.00;tripinfo_flow_0.491 emissions_flow_0.491;56.00;flow_0.491;0;632.42;1.17;0.00;9.89;car;;0;0.00;168948.118063;1772.160411;12.007768;67.129673;2.808481;0;53902.630308
49143.00;E2J1_0;100.00;13.10;49087.00;0.16;A2A3_0;4.60;0.00;tripinfo_flow_0.492 emissions_flow_0.492;56.00;flow_0.492;0;632.42;1.24;0.00;10.28;car;;0;0.00;163547.593144;1801.866225;12.176280;66.258855;2.860949;0;52179.013778
49243.00;E2J1_0;100.00;13.32;49187.00;0.39;A2A3_0;4.60;0.00;tripinfo_flow_0.493 emissions_flow_0.493;56.00;flow_0.493;0;632.42;1.07;0.00;9.67;car;;0;0.00;164182.415279;1780.318236;12.028902;66.445423;2.851247;0;52381.638741
49407.00;E2J1_0;100.00;11.98;49287.00;0.62;A2A3_0;4.60;0.00;tripinfo_flow_0.494 emissions_flow_0.494;120.00;flow_0.494;0;632.42;0.92;0.00;69.95;car;;1;55.00;313933.163889;8583.210548;46.221641;128.398712;8.126971;0;100151.187958
49497.00;E2J1_0;100.00;12.74;49387.00;0.85;A2A3_0;4.60;0.00;tripinfo_flow_0.495 emissions_flow_0.495;110.00;flow_0.495;0;632.42;0.93;0.00;59.19;car;;1;44.00;292724.135437;7541.946191;41.019248;120.346277;7.396630;0;93385.494404
49587.00;E2J1_0;100.00;13.11;49486.00;0.08;A2A3_0;4.60;0.00;tripinfo_flow_0.496 emissions_flow_0.496;101.00;flow_0.496;0;632.42;0.96;0.00;52.26;car;;1;35.00;271193.204078;6423.898877;35.472933;110.789569;6.514210;0;86517.667286
49676.00;E2J1_0;100.00;13.25;49586.00;0.31;A2A3_0;4.60;0.00;tripinfo_flow_0.497 emissions_flow_0.497;90.00;flow_0.497;0;632.42;1.11;0.00;44.14;car;;1;29.00;259280.926121;5595.976380;31.451905;106.191725;6.010730;0;82718.111054
49765.00;E2J1_0;100.00;12.72;49686.00;0.54;A2A3_0;4.60;0.00;tripinfo_flow_0.498 emissions_flow_0.498;79.00;flow_0.498;0;632.42;1.02;0.00;33.13;car;;1;19.00;236065.583999;4496.099752;26.042351;97.377045;5.231818;0;75312.337248
49856.00;E2J1_0;100.00;12.85;49786.00;0.77;A2A3_0;4.60;0.00;tripinfo_flow_0.499 emissions_flow_0.499;70.00;flow_0.499;0;632.42;1.01;0.00;23.52;car;;1;7.00;214187.471374;3445.386750;20.822391;88.300971;4.412912;0;68333.359110
49964.00;E2J1_0;100.00;8.31;49885.00;0.00;A2A3_0;4.60;0.00;tripinfo_flow_0.500 emissions_flow_0.500;79.00;flow_0.500;0;632.42;0.69;0.00;11.95;car;;0;0.00;158315.580347;2376.133203;14.508948;61.629031;2.684847;0;50509.133643
50043.00;E2J1_0;100.00;12.94;49985.00;0.23;A2A3_0;4.60;0.00;tripinfo_flow_0.501 emissions_flow_0.501;58.00;flow_0.501;0;632.42;1.05;0.00;11.19;car;;0;0.00;174038.218689;2072.419882;13.569133;70.849858;3.163128;0;55525.717911
50142.00;E2J1_0;100.00;13.73;50085.00;0.46;A2A3_0;4.60;0.00;tripinfo_flow_0.502 emissions_flow_0.502;57.00;flow_0.502;0;632.42;1.12;0.00;10.62;car;;0;0.00;167068.265983;1828.641698;12.249975;66.724624;2.827023;0;53302.620886
50306.00;E2J1_0;100.00;12.63;50185.00;0.69;A2A3_0;4.60;0.00;tripinfo_flow_0.503 emissions_flow_0.503;121.00;flow_0.503;0;632.42;1.01;0.00;74.69;car;;1;58.00;328571.256168;9117.484030;48.970318;135.879604;8.748409;0;104820.546194
50396.00;E2J1_0;100.00;13.27;50285.00;0.92;A2A3_0;4.60;0.00;tripinfo_flow_0.504 emissions_flow_0.504;111.00;flow_0.504;0;632.42;1.01;0.00;63.35;car;;1;47.00;305088.341858;7876.360582;42.821347;125.617422;7.780283;0;97330.017104
50486.00;E2J1_0;100.00;13.79;50384.00;0.15;A2A3_0;4.60;0.00;tripinfo_flow_0.505 emissions_flow_0.505;102.00;flow_0.505;0;632.42;1.09;0.00;55.95;car;;1;38.00;282496.117442;6934.875050;38.084917;116.840051;7.061176;0;90122.900147
50564.00;E2J1_0;100.00;8.76;50400.00;0.00;A2A1_0;10.10;0.00;tripinfo_flow_1.7 emissions_flow_1.7;164.00;flow_1.7;0;632.08;1.07;60.00;39.71;bus;;2;11.00;372641.589478;11770.686805;61.958151;154.156900;10.492368;0;118877.376780
50575.00;E2J1_0;100.00;13.08;50484.00;0.38;A2A3_0;4.60;0.00;tripinfo_flow_0.506 emissions_flow_0.506;91.00;flow_0.506;0;632.42;1.08;0.00;45.32;car;;1;27.00;260940.508446;5680.832788;31.911096;107.112339;6.087568;0;83247.411421
50668.00;E2J1_0;100.00;11.46;50584.00;0.61;A2A3_0;4.60;0.00;tripinfo_flow_0.507 emissions_flow_0.507;84.00;flow_0.507;0;632.42;0.91;0.00;32.93;car;;1;16.00;230119.600286;4550.274868;26.112043;94.126368;5.071139;0;73415.229928
50758.00;E2J1_0;100.00;12.06;50684.00;0.84;A2A3_0;4.60;0.00;tripinfo_flow_0.508 emissions_flow_0.508;74.00;flow_0.508;0;632.42;0.91;0.00;23.20;car;;1;6.00;205515.274257;3307.407985;19.994018;83.660718;4.093921;0;65566.805478
50846.00;E2J1_0;100.00;12.49;50783.00;0.07;A2A3_0;4.60;0.00;tripinfo_flow_0.509 emissions_flow_0.509;63.00;flow_0.509;0;632.42;0.92;0.00;12.29;car;;0;0.00;172898.478114;2116.340738;13.819148;69.781087;3.060892;0;55161.988962
50942.00;E2J1_0;100.00;13.10;50883.00;0.30;A2A3_0;4.60;0.00;tripinfo_flow_0.510 emissions_flow_0.510;59.00;flow_0.510;0;632.42;1.03;0.00;12.23;car;;0;0.00;168862.245215;1987.444345;13.029705;68.192501;3.000126;0;53874.524500
51041.00;E2J1_0;100.00;13.35;50983.00;0.53;A2A3_0;4.60;0.00;tripinfo_flow_0.511 emissions_flow_0.511;58.00;flow_0.511;0;632.42;1.05;0.00;12.25;car;;0;0.00;167892.256121;1999.033526;13.119919;68.329070;3.039323;0;53564.846738
51140.00;E2J1_0;100.00;13.57;51083.00;0.76;A2A3_0;4.60;0.00;tripinfo_flow_0.512 emissions_flow_0.512;57.00;flow_0.512;0;632.42;1.03;0.00;10.57;car;;0;0.00;175092.304277;1969.776269;13.150580;70.826116;3.095514;0;55862.328360
51296.00;E2J1_0;100.00;12.66;51183.00;0.99;A2A3_0;4.60;0.00;tripinfo_flow_0.513 emissions_flow_0.513;113.00;flow_0.513;0;632.42;1.11;0.00;65.94;car;;1;50.00;312024.622672;8169.538239;44.356407;128.453971;7.991572;0;99542.668560
51389.00;E2J1_0;100.00;11.75;51282.00;0.22;A2A3_0;4.60;0.00;tripinfo_flow_0.514 emissions_flow_0.514;107.00;flow_0.514;0;632.42;0.86;0.00;53.26;car;;1;37.00;270054.841346;6737.393038;36.918355;110.589788;6.646397;0;86153.817970
51477.00;E2J1_0;100.00;12.90;51382.00;0.45;A2A3_0;4.60;0.00;tripinfo_flow_0.515 emissions_flow_0.515;95.00;flow_0.515;0;632.42;0.98;0.00;46.46;car;;1;30.00;258409.784819;6034.310040;33.504577;107.591126;6.355870;0;82438.930018
51567.00;E2J1_0;100.00;12.21;51482.00;0.68;A2A3_0;4.60;0.00;tripinfo_flow_0.516 emissions_flow_0.516;85.00;flow_0.516;0;632.42;0.97;0.00;36.48;car;;1;21.00;234136.138433;4817.626761;27.435032;96.728442;5.354514;0;74696.166868
51656.00;E2J1_0;100.00;13.12;51582.00;0.91;A2A3_0;4.60;0.00;tripinfo_flow_0.517 emissions_flow_0.517;74.00;flow_0.517;0;632.42;1.02;0.00;27.52;car;;1;12.00;220655.263770;3832.586184;22.739771;91.551407;4.747194;0;70396.270366
51746.00;E2J1_0;100.00;12.54;51681.00;0.14;A2A3_0;4.60;0.00;tripinfo_flow_0.518 emissions_flow_0.518;65.00;flow_0.518;0;632.42;0.99;0.00;18.77;car;;1;2.00;196558.874135;2632.190521;16.668356;80.011601;3.690714;0;62710.269504
51838.00;E2J1_0;100.00;13.37;51781.00;0.37;A2A3_0;4.60;0.00;tripinfo_flow_0.519 emissions_flow_0.519;57.00;flow_0.519;0;632.42;1.01;0.00;10.77;car;;0;0.00;165601.837966;1957.675502;12.882509;67.494269;3.000883;0;52834.095166
51937.00;E2J1_0;100.00;13.61;51881.00;0.60;A2A3_0;4.60;0.00;tripinfo_flow_0.520 emissions_flow_0.520;56.00;flow_0.520;0;632.42;1.02;0.00;9.77;car;;0;0.00;169482.404606;1987.281646;13.217116;70.315613;3.179197;0;54071.815030
52040.00;E2J1_0;100.00;13.36;51981.00;0.83;A2A3_0;4.60;0.00;tripinfo_flow_0.521 emissions_flow_0.521;59.00;flow_0.521;0;632.42;0.99;0.00;11.50;car;;0;0.00;175889.809471;2056.137797;13.556263;70.890378;3.115515;0;56116.700058
52196.00;E2J1_0;100.00;13.18;52080.00;0.06;A2A3_0;4.60;0.00;tripinfo_flow_0.522 emissions_flow_0.522;116.00;flow_0.522;0;632.42;1.21;0.00;70.31;car;;1;54.00;316017.012970;8638.425909;46.612383;130.837820;8.355866;0;100815.587449
52285.00;E2J1_0;100.00;13.88;52180.00;0.29;A2A3_0;4.60;0.00;tripinfo_flow_0.523 emissions_flow_0.523;105.00;flow_0.523;0;632.42;1.02;0.00;57.99;car;;1;43.00;298813.198791;7401.324925;40.596514;122.770671;7.431869;0;95328.603937
52376.00;E2J1_0;100.00;12.22;52280.00;0.52;A2A3_0;4.60;0.00;tripinfo_flow_0.524 emissions_flow_0.524;96.00;flow_0.524;0;632.42;0.97;0.00;48.51;car;;1;33.00;263354.598048;6173.937630;34.248743;108.633533;6.403959;0;84016.746555
52466.00;E2J1_0;100.00;13.67;52380.00;0.75;A2A3_0;4.60;0.00;tripinfo_flow_0.525 emissions_flow_0.525;86.00;flow_0.525;0;632.42;0.99;0.00;39.87;car;;1;21.00;250302.244475;5083.962711;28.880646;102.387098;5.622368;0;79854.120874
52556.00;E2J1_0;100.00;12.92;52480.00;0.98;A2A3_0;4.60;0.00;tripinfo_flow_0.526 emissions_flow_0.526;76.00;flow_0.526;0;632.42;1.04;0.00;30.07;car;;1;12.00;222200.354850;4032.126231;23.645635;91.781726;4.835986;0;70889.101273
52649.00;E2J1_0;100.00;11.59;52579.00;0.21;A2A3_0;4.60;0.00;tripinfo_flow_0.527 emissions_flow_0.527;70.00;flow_0.527;0;632.42;0.86;0.00;15.86;car;;0;0.00;181844.593301;2590.343251;16.160629;73.536995;3.398253;0;58015.538304
52739.00;E2J1_0;100.00;12.84;52679.00;0.44;A2A3_0;4.60;0.00;tripinfo_flow_0.528 emissions_flow_0.528;60.00;flow_0.528;0;632.42;0.95;0.00;11.70;car;;0;0.00;169021.598791;1915.094995;12.679738;67.480352;2.877550;0;53925.633989
52844.00;E2J1_0;100.00;11.44;52779.00;0.67;A2A3_0;4.60;0.00;tripinfo_flow_0.529 emissions_flow_0.529;65.00;flow_0.529;0;632.42;0.85;0.00;10.40;car;;0;0.00;160759.999324;1975.234575;12.887672;64.057736;2.736468;0;51289.422442
52940.00;E2J1_0;100.00;12.89;52879.00;0.90;A2A3_0;4.60;0.00;tripinfo_flow_0.530 emissions_flow_0.530;61.00;flow_0.530;0;632.42;0.93;0.00;11.24;car;;0;0.00;163574.055192;1874.137533;12.507003;66.122103;2.858537;0;52187.287001
53096.00;E2J1_0;100.00;13.43;52978.00;0.13;A2A3_0;4.60;0.00;tripinfo_flow_0.531 emissions_flow_0.531;118.00;flow_0.531;0;632.42;1.10;0.00;71.69;car;;1;57.00;328064.507075;8972.166268;48.444747;136.260686;8.716582;0;104658.838423
53186.00;E2J1_0;100.00;12.71;53078.00;0.36;A2A3_0;4.60;0.00;tripinfo_flow_0.532 emissions_flow_0.532;108.00;flow_0.532;0;632.42;1.17;0.00;61.90;car;;1;46.00;302116.051679;7667.303996;41.857644;124.962297;7.690051;0;96381.809177
53275.00;E2J1_0;100.00;13.55;53178.00;0.59;A2A3_0;4.60;0.00;tripinfo_flow_0.533 emissions_flow_0.533;97.00;flow_0.533;0;632.42;1.12;0.00;51.39;car;;1;35.00;273730.686944;6445.069367;35.730118;113.080878;6.705199;0;87326.955763
53366.00;E2J1_0;100.00;13.54;53278.00;0.82;A2A3_0;4.60;0.00;tripinfo_flow_0.534 emissions_flow_0.534;88.00;flow_0.534;0;632.42;1.02;0.00;41.39;car;;1;26.00;254129.904939;5373.391730;30.439018;104.400480;5.841121;0;81074.779549
53458.00;E2J1_0;100.00;11.91;53377.00;0.05;A2A3_0;4.60;0.00;tripinfo_flow_0.535 emissions_flow_0.535;81.00;flow_0.535;0;632.42;0.90;0.00;29.70;car;;1;12.00;217659.465855;3912.490550;22.916612;88.233598;4.520768;0;69440.832180
53546.00;E2J1_0;100.00;12.82;53477.00;0.28;A2A3_0;4.60;0.00;tripinfo_flow_0.536 emissions_flow_0.536;69.00;flow_0.536;0;632.42;1.01;0.00;21.76;car;;1;5.00;205014.532184;3168.861817;19.301534;84.484322;4.148073;0;65407.073363
53634.00;E2J1_0;100.00;13.16;53577.00;0.51;A2A3_0;4.60;0.00;tripinfo_flow_0.537 emissions_flow_0.537;57.00;flow_0.537;0;632.42;1.04;0.00;10.26;car;;0;0.00;168128.986339;1845.608581;12.367209;67.456695;2.915116;0;53640.976257
53735.00;E2J1_0;100.00;12.68;53677.00;0.74;A2A3_0;4.60;0.00;tripinfo_flow_0.538 emissions_flow_0.538;58.00;flow_0.538;0;632.42;0.98;0.00;11.21;car;;0;0.00;161346.034445;1832.360148;12.295009;65.484863;2.840171;0;51476.430282
53835.00;E2J1_0;100.00;13.75;53777.00;0.97;A2A3_0;4.60;0.00;tripinfo_flow_0.539 emissions_flow_0.539;58.00;flow_0.539;0;632.42;1.00;0.00;11.59;car;;0;0.00;177752.194772;2038.940758;13.606904;71.999171;3.141346;0;56710.789436
53995.00;E2J1_0;100.00;12.81;53876.00;0.20;A2A3_0;4.60;0.00;tripinfo_flow_0.540 emissions_flow_0.540;119.00;flow_0.540;0;632.42;1.17;0.00;72.83;car;;1;58.00;327038.808802;8938.217468;48.192083;135.193391;8.623927;0;104331.836312
54087.00;E2J1_0;100.00;13.20;53976.00;0.43;A2A3_0;4.60;0.00;tripinfo_flow_0.541 emissions_flow_0.541;111.00;flow_0.541;0;632.42;0.96;0.00;62.54;car;;1;46.00;295902.066622;7629.175993;41.549116;121.583564;7.482408;0;94399.359599
54177.00;E2J1_0;100.00;12.74;54076.00;0.66;A2A3_0;4.60;0.00;tripinfo_flow_0.542 emissions_flow_0.542;101.00;flow_0.542;0;632.42;0.97;0.00;52.95;car;;1;36.00;271176.787449;6652.673391;36.548483;112.172045;6.761218;0;86511.727384
54269.00;E2J1_0;100.00;12.28;54176.00;0.89;A2A3_0;4.60;0.00;tripinfo_flow_0.543 emissions_flow_0.543;93.00;flow_0.543;0;632.42;0.89;0.00;40.64;car;;1;26.00;245340.164607;5432.534750;30.467081;100.672404;5.719155;0;78270.144480
54356.00;E2J1_0;100.00;12.90;54275.00;0.12;A2A3_0;4.60;0.00;tripinfo_flow_0.544 emissions_flow_0.544;81.00;flow_0.544;0;632.42;1.02;0.00;34.94;car;;1;18.00;238079.764274;4685.207932;26.897833;98.640021;5.389120;0;75954.591251
54450.00;E2J1_0;100.00;10.97;54375.00;0.35;A2A3_0;4.60;0.00;tripinfo_flow_0.545 emissions_flow_0.545;75.00;flow_0.545;0;632.42;0.84;0.00;19.29;car;;1;6.00;194302.381909;3065.186032;18.568643;77.913469;3.706211;0;61989.823023
54538.00;E2J1_0;100.00;11.58;54475.00;0.58;A2A3_0;4.60;0.00;tripinfo_flow_0.546 emissions_flow_0.546;63.00;flow_0.546;0;632.42;0.90;0.00;11.44;car;;0;0.00;173332.427609;2111.379054;13.799758;69.751235;3.043454;0;55300.491264
54633.00;E2J1_0;100.00;12.92;54575.00;0.81;A2A3_0;4.60;0.00;tripinfo_flow_0.547 emissions_flow_0.547;58.00;flow_0.547;0;632.42;1.13;0.00;12.06;car;;0;0.00;165358.800098;1839.383960;12.335604;66.090849;2.814557;0;52757.108343
54731.00;E2J1_0;100.00;13.07;54674.00;0.04;A2A3_0;4.60;0.00;tripinfo_flow_0.548 emissions_flow_0.548;57.00;flow_0.548;0;632.42;1.00;0.00;10.95;car;;0;0.00;171412.169712;1920.783163;12.837694;69.119973;2.995001;0;54688.261331
54897.00;E2J1_0;100.00;12.67;54774.00;0.27;A2A3_0;4.60;0.00;tripinfo_flow_0.549 emissions_flow_0.549;123.00;flow_0.549;0;632.42;0.96;0.00;74.88;car;;1;59.00;325699.325251;9052.247524;48.535386;134.025542;8.608785;0;103904.495588
54986.00;E2J1_0;100.00;12.69;54874.00;0.50;A2A3_0;4.60;0.00;tripinfo_flow_0.550 emissions_flow_0.550;112.00;flow_0.550;0;632.42;0.99;0.00;64.60;car;;1;50.00;304812.443000;8035.482069;43.529608;125.566438;7.847435;0;97241.721566
55078.00;E2J1_0;100.00;11.93;54974.00;0.73;A2A3_0;4.60;0.00;tripinfo_flow_0.551 emissions_flow_0.551;104.00;flow_0.551;0;632.42;0.93;0.00;53.99;car;;1;36.00;266572.859239;6573.879665;35.917004;108.519181;6.504633;0;85043.399537
55165.00;E2J1_0;100.00;13.61;55074.00;0.96;A2A3_0;4.60;0.00;tripinfo_flow_0.552 emissions_flow_0.552;91.00;flow_0.552;0;632.42;1.13;0.00;45.10;car;;1;30.00;265797.986238;5788.080960;32.527650;108.654456;6.154281;0;84797.211406
55257.00;E2J1_0;100.00;12.16;55173.00;0.19;A2A3_0;4.60;0.00;tripinfo_flow_0.553 emissions_flow_0.553;84.00;flow_0.553;0;632.42;0.95;0.00;35.88;car;;1;18.00;223878.272662;4447.623207;25.481151;91.796663;4.971185;0;71424.022438
55346.00;E2J1_0;100.00;13.52;55273.00;0.42;A2A3_0;4.60;0.00;tripinfo_flow_0.554 emissions_flow_0.554;73.00;flow_0.554;0;632.42;0.99;0.00;26.63;car;;1;10.00;218200.007803;3730.152422;22.068018;89.672781;4.581256;0;69613.351140
55435.00;E2J1_0;100.00;12.63;55373.00;0.65;A2A3_0;4.60;0.00;tripinfo_flow_0.555 emissions_flow_0.555;62.00;flow_0.555;0;632.42;1.00;0.00;15.65;car;;0;0.00;196449.148990;2356.922435;15.381002;79.917496;3.548531;0;62675.698884
55539.00;E2J1_0;100.00;10.90;55473.00;0.88;A2A3_0;4.60;0.00;tripinfo_flow_0.556 emissions_flow_0.556;66.00;flow_0.556;0;632.42;0.83;0.00;10.50;car;;0;0.00;157349.769786;2035.825490;13.105257;63.686922;2.831434;0;50200.976969
55630.00;E2J1_0;100.00;12.67;55572.00;0.11;A2A3_0;4.60;0.00;tripinfo_flow_0.557 emissions_flow_0.557;58.00;flow_0.557;0;632.42;0.98;0.00;10.98;car;;0;0.00;172971.522512;1943.102317;12.975022;69.709110;3.005810;0;55185.710913
55797.00;E2J1_0;100.00;12.09;55672.00;0.34;A2A3_0;4.60;0.00;tripinfo_flow_0.558 emissions_flow_0.558;125.00;flow_0.558;0;632.42;0.93;0.00;74.67;car;;1;60.00;320375.734661;9202.327180;49.207429;132.358408;8.641278;0;102205.498513
55885.00;E2J1_0;100.00;13.84;55772.00;0.57;A2A3_0;4.60;0.00;tripinfo_flow_0.559 emissions_flow_0.559;113.00;flow_0.559;0;632.42;1.07;0.00;66.47;car;;1;52.00;313724.177722;8329.078999;45.047534;129.376152;8.153878;0;100084.717645
55979.00;E2J1_0;100.00;11.70;55872.00;0.80;A2A3_0;4.60;0.00;tripinfo_flow_0.560 emissions_flow_0.560;107.00;flow_0.560;0;632.42;0.86;0.00;52.84;car;;1;38.00;268161.859920;6635.297973;36.395342;109.092880;6.500192;0;85550.175469
56070.00;E2J1_0;100.00;11.58;55971.00;0.03;A2A3_0;4.60;0.00;tripinfo_flow_0.561 emissions_flow_0.561;99.00;flow_0.561;0;632.42;0.86;0.00;45.22;car;;1;29.00;251550.094662;5793.690303;32.217455;102.009751;5.851678;0;80251.308762
56156.00;E2J1_0;100.00;13.75;56071.00;0.26;A2A3_0;4.60;0.00;tripinfo_flow_0.562 emissions_flow_0.562;85.00;flow_0.562;0;632.42;1.24;0.00;38.73;car;;1;22.00;243924.898956;4955.907808;28.307461;100.417563;5.530823;0;77819.313013
56246.00;E2J1_0;100.00;13.14;56171.00;0.49;A2A3_0;4.60;0.00;tripinfo_flow_0.563 emissions_flow_0.563;75.00;flow_0.563;0;632.42;1.03;0.00;28.09;car;;1;12.00;225740.034051;3868.602185;22.905303;92.208740;4.699559;0;72019.031518
56337.00;E2J1_0;100.00;13.54;56271.00;0.72;A2A3_0;4.60;0.00;tripinfo_flow_0.564 emissions_flow_0.564;66.00;flow_0.564;0;632.42;1.06;0.00;18.87;car;;1;4.00;206172.423787;2932.910391;18.270257;84.500739;4.015404;0;65777.000818
56433.00;E2J1_0;100.00;11.68;56371.00;0.95;A2A3_0;4.60;0.00;tripinfo_flow_0.565 emissions_flow_0.565;62.00;flow_0.565;0;632.42;0.93;0.00;11.83;car;;0;0.00;168348.941050;2011.798285;13.242326;67.983462;2.970689;0;53710.586675
56532.00;E2J1_0;100.00;11.18;56470.00;0.18;A2A3_0;4.60;0.00;tripinfo_flow_0.566 emissions_flow_0.566;62.00;flow_0.566;0;632.42;0.90;0.00;10.86;car;;0;0.00;160004.936828;1869.909505;12.416241;64.416990;2.765517;0;51048.535399
56628.00;E2J1_0;100.00;13.01;56570.00;0.41;A2A3_0;4.60;0.00;tripinfo_flow_0.567 emissions_flow_0.567;58.00;flow_0.567;0;632.42;0.97;0.00;10.56;car;;0;0.00;166205.044694;1904.376226;12.604893;67.414844;2.952033;0;53026.726651
56786.00;E2J1_0;100.00;13.63;56670.00;0.64;A2A3_0;4.60;0.00;tripinfo_flow_0.568 emissions_flow_0.568;116.00;flow_0.568;0;632.42;1.02;0.00;69.73;car;;1;53.00;326183.809191;8776.453745;47.416025;135.301746;8.585666;0;104059.152990
56876.00;E2J1_0;100.00;13.14;56770.00;0.87;A2A3_0;4.60;0.00;tripinfo_flow_0.569 emissions_flow_0.569;106.00;flow_0.569;0;632.42;0.97;0.00;58.62;car;;1;42.00;289730.581683;7250.183048;39.620758;118.587152;7.186375;0;92431.017940
56966.00;E2J1_0;100.00;13.03;56869.00;0.10;A2A3_0;4.60;0.00;tripinfo_flow_0.570 emissions_flow_0.570;97.00;flow_0.570;0;632.42;0.98;0.00;50.33;car;;1;34.00;268198.106210;6414.520886;35.432584;110.936995;6.611696;0;85561.692267
57057.00;E2J1_0;100.00;11.79;56969.00;0.33;A2A3_0;4.60;0.00;tripinfo_flow_0.571 emissions_flow_0.571;88.00;flow_0.571;0;632.42;0.93;0.00;38.13;car;;1;21.00;234642.580189;4880.458011;27.712269;96.618024;5.359442;0;74857.725180
57147.00;E2J1_0;100.00;12.55;57069.00;0.56;A2A3_0;4.60;0.00;tripinfo_flow_0.572 emissions_flow_0.572;78.00;flow_0.572;0;632.42;0.95;0.00;28.22;car;;1;11.00;220974.170182;3954.647740;23.241910;90.717751;4.706166;0;70498.080827
57236.00;E2J1_0;100.00;12.82;57169.00;0.79;A2A3_0;4.60;0.00;tripinfo_flow_0.573 emissions_flow_0.573;67.00;flow_0.573;0;632.42;0.98;0.00;19.41;car;;1;3.00;197885.316711;2900.520075;18.002073;81.133094;3.880535;0;63132.893784
57330.00;E2J1_0;100.00;12.08;57268.00;0.02;A2A3_0;4.60;0.00;tripinfo_flow_0.574 emissions_flow_0.574;62.00;flow_0.574;0;632.42;0.92;0.00;12.09;car;;0;0.00;169114.949842;1933.220858;12.856293;67.250815;2.832265;0;53955.359469
57425.00;E2J1_0;100.00;12.82;57368.00;0.25;A2A3_0;4.60;0.00;tripinfo_flow_0.575 emissions_flow_0.575;57.00;flow_0.575;0;632.42;1.07;0.00;11.14;car;;0;0.00;171757.983642;1956.379589;12.991307;69.598090;3.054166;0;54798.451704
57524.00;E2J1_0;100.00;13.21;57468.00;0.48;A2A3_0;4.60;0.00;tripinfo_flow_0.576 emissions_flow_0.576;56.00;flow_0.576;0;632.42;1.12;0.00;10.25;car;;0;0.00;168085.239224;1878.507886;12.684887;68.456828;2.986969;0;53626.555585
57686.00;E2J1_0;100.00;12.74;57568.00;0.71;A2A3_0;4.60;0.00;tripinfo_flow_0.577 emissions_flow_0.577;118.00;flow_0.577;0;632.42;1.00;0.00;71.47;car;;1;56.00;325292.658412;8802.807906;47.564361;134.461438;8.533756;0;103774.891851
57764.00;E2J1_0;100.00;9.82;57600.00;0.00;A2A1_0;10.10;0.00;tripinfo_flow_1.8 emissions_flow_1.8;164.00;flow_1.8;0;632.08;1.09;60.00;39.31;bus;;2;11.00;396974.741287;12342.077824;65.059265;162.530026;10.898611;0;126640.681109
57776.00;E2J1_0;100.00;13.19;57668.00;0.94;A2A3_0;4.60;0.00;tripinfo_flow_0.578 emissions_flow_0.578;108.00;flow_0.578;0;632.42;1.01;0.00;61.50;car;;1;45.00;303406.286619;7596.700649;41.562980;124.915034;7.600841;0;96793.715964
57867.00;E2J1_0;100.00;12.97;57767.00;0.17;A2A3_0;4.60;0.00;tripinfo_flow_0.579 emissions_flow_0.579;100.00;flow_0.579;0;632.42;0.95;0.00;51.72;car;;1;36.00;273820.194349;6536.058187;36.083822;112.438878;6.663674;0;87355.499327
57958.00;E2J1_0;100.00;11.67;57867.00;0.40;A2A3_0;4.60;0.00;tripinfo_flow_0.580 emissions_flow_0.580;91.00;flow_0.580;0;632.42;0.93;0.00;40.74;car;;1;24.00;238896.378741;5140.592664;28.919265;96.623640;5.372972;0;76215.076976
58045.00;E2J1_0;100.00;13.01;57967.00;0.63;A2A3_0;4.60;0.00;tripinfo_flow_0.581 emissions_flow_0.581;78.00;flow_0.581;0;632.42;1.06;0.00;32.35;car;;1;17.00;230907.331325;4344.650848;25.254593;95.110391;5.065204;0;73666.784444
58136.00;E2J1_0;100.00;13.56;58067.00;0.86;A2A3_0;4.60;0.00;tripinfo_flow_0.582 emissions_flow_0.582;69.00;flow_0.582;0;632.42;1.06;0.00;22.80;car;;1;6.00;214071.950791;3314.581773;20.163659;87.550094;4.302310;0;68296.986400
58224.00;E2J1_0;100.00;13.67;58166.00;0.09;A2A3_0;4.60;0.00;tripinfo_flow_0.583 emissions_flow_0.583;58.00;flow_0.583;0;632.42;1.25;0.00;11.70;car;;0;0.00;183460.229884;1986.106727;13.337246;73.557715;3.125542;0;58532.362812
58324.00;E2J1_0;100.00;13.56;58266.00;0.32;A2A3_0;4.60;0.00;tripinfo_flow_0.584 emissions_flow_0.584;58.00;flow_0.584;0;632.42;1.06;0.00;11.66;car;;0;0.00;173958.222091;2066.207041;13.664008;71.186785;3.182105;0;55500.014122
58422.00;E2J1_0;100.00;13.30;58366.00;0.55;A2A3_0;4.60;0.00;tripinfo_flow_0.585 emissions_flow_0.585;56.00;flow_0.585;0;632.42;1.05;0.00;10.24;car;;0;0.00;167101.099796;1894.223364;12.695794;68.306792;3.008599;0;53312.472465
58586.00;E2J1_0;100.00;13.51;58466.00;0.78;A2A3_0;4.60;0.00;tripinfo_flow_0.586 emissions_flow_0.586;120.00;flow_0.586;0;632.42;1.12;0.00;73.31;car;;1;55.00;328815.952422;9008.930911;48.538271;136.137224;8.710205;0;104898.688031
58676.00;E2J1_0;100.00;12.73;58565.00;0.01;A2A3_0;4.60;0.00;tripinfo_flow_0.587 emissions_flow_0.587;111.00;flow_0.587;0;632.42;0.97;0.00;63.64;car;;1;50.00;299645.818897;7955.960534;42.966732;123.611432;7.775236;0;95593.358928
58767.00;E2J1_0;100.00;11.84;58665.00;0.24;A2A3_0;4.60;0.00;tripinfo_flow_0.588 emissions_flow_0.588;102.00;flow_0.588;0;632.42;0.93;0.00;51.90;car;;1;34.00;273979.300531;6457.225379;35.656945;111.406283;6.508035;0;87406.661004
58856.00;E2J1_0;100.00;13.02;58765.00;0.47;A2A3_0;4.60;0.00;tripinfo_flow_0.589 emissions_flow_0.589;91.00;flow_0.589;0;632.42;1.11;0.00;44.57;car;;1;28.00;261951.925294;5682.132083;31.959024;107.520031;6.106432;0;83570.123936
58949.00;E2J1_0;100.00;11.51;58865.00;0.70;A2A3_0;4.60;0.00;tripinfo_flow_0.590 emissions_flow_0.590;84.00;flow_0.590;0;632.42;0.87;0.00;30.75;car;;1;15.00;216767.580484;4189.888020;24.174999;87.944962;4.639252;0;69155.791076
59036.00;E2J1_0;100.00;12.67;58965.00;0.93;A2A3_0;4.60;0.00;tripinfo_flow_0.591 emissions_flow_0.591;71.00;flow_0.591;0;632.42;1.00;0.00;24.47;car;;1;4.00;203245.093805;3182.434906;19.372398;83.482230;4.116452;0;64842.560120
59124.00;E2J1_0;100.00;13.42;59064.00;0.16;A2A3_0;4.60;0.00;tripinfo_flow_0.592 emissions_flow_0.592;60.00;flow_0.592;0;632.42;0.99;0.00;13.42;car;;0;0.00;189305.862785;2224.586813;14.698365;77.287463;3.424659;0;60396.652576
59222.00;E2J1_0;100.00;12.72;59164.00;0.39;A2A3_0;4.60;0.00;tripinfo_flow_0.593 emissions_flow_0.593;58.00;flow_0.593;0;632.42;1.05;0.00;11.65;car;;0;0.00;168598.353142;1955.937125;12.987050;68.561093;3.030660;0;53790.209750
59321.00;E2J1_0;100.00;13.76;59264.00;0.62;A2A3_0;4.60;0.00;tripinfo_flow_0.594 emissions_flow_0.594;57.00;flow_0.594;0;632.42;1.00;0.00;11.01;car;;0;0.00;173683.966948;2039.754933;13.480256;71.200854;3.185484;0;55412.557826
59488.00;E2J1_0;100.00;11.48;59364.00;0.85;A2A3_0;4.60;0.00;tripinfo_flow_0.595 emissions_flow_0.595;124.00;flow_0.595;0;632.42;0.90;0.00;72.35;car;;1;55.00;312616.780071;8795.270500;47.161996;127.798600;8.186423;0;99730.843369
59578.00;E2J1_0;100.00;12.00;59463.00;0.08;A2A3_0;4.60;0.00;tripinfo_flow_0.596 emissions_flow_0.596;115.00;flow_0.596;0;632.42;0.92;0.00;64.56;car;;1;48.00;298378.803208;7722.108913;41.977870;121.599010;7.453376;0;95189.722459
59667.00;E2J1_0;100.00;12.18;59563.00;0.31;A2A3_0;4.60;0.00;tripinfo_flow_0.597 emissions_flow_0.597;104.00;flow_0.597;0;632.42;0.95;0.00;55.00;car;;1;38.00;273765.737572;6709.711116;36.848699;112.384192;6.754658;0;87337.924931
59757.00;E2J1_0;100.00;12.04;59663.00;0.54;A2A3_0;4.60;0.00;tripinfo_flow_0.598 emissions_flow_0.598;94.00;flow_0.598;0;632.42;0.94;0.00;44.88;car;;1;29.00;252572.101653;5607.688785;31.213894;102.067831;5.774400;0;80577.921505
59847.00;E2J1_0;100.00;11.86;59763.00;0.77;A2A3_0;4.60;0.00;tripinfo_flow_0.599 emissions_flow_0.599;84.00;flow_0.599;0;632.42;0.93;0.00;34.19;car;;1;19.00;230931.072957;4502.379074;25.915812;93.975784;5.024686;0;73674.414058
59936.00;E2J1_0;100.00;13.49;59862.00;0.00;A2A3_0;4.60;0.00;tripinfo_flow_0.600 emissions_flow_0.600;74.00;flow_0.600;0;632.42;1.06;0.00;28.16;car;;1;12.00;224748.454789;3868.584718;22.991559;92.633624;4.760077;0;71702.370485
60025.00;E2J1_0;100.00;13.52;59962.00;0.23;A2A3_0;4.60;0.00;tripinfo_flow_0.601 emissions_flow_0.601;63.00;flow_0.601;0;632.42;1.05;0.00;16.96;car;;1;1.00;197380.088604;2621.399821;16.770634;81.365997;3.806887;0;62972.011262
60118.00;E2J1_0;100.00;13.59;60062.00;0.46;A2A3_0;4.60;0.00;tripinfo_flow_0.602 emissions_flow_0.602;56.00;flow_0.602;0;632.42;1.13;0.00;9.88;car;;0;0.00;162591.174334;1755.136599;11.798403;65.100009;2.781408;0;51874.224007
60220.00;E2J1_0;100.00;13.88;60162.00;0.69;A2A3_0;4.60;0.00;tripinfo_flow_0.603 emissions_flow_0.603;58.00;flow_0.603;0;632.42;1.02;0.00;11.72;car;;0;0.00;175470.371373;2053.311007;13.712880;71.871258;3.196922;0;55982.454080
60321.00;E2J1_0;100.00;12.93;60262.00;0.92;A2A3_0;4.60;0.00;tripinfo_flow_0.604 emissions_flow_0.604;59.00;flow_0.604;0;632.42;0.96;0.00;10.54;car;;0;0.00;173078.419570;1984.890430;13.258557;70.443396;3.089677;0;55219.510277
60476.00;E2J1_0;100.00;12.94;60361.00;0.15;A2A3_0;4.60;0.00;tripinfo_flow_0.605 emissions_flow_0.605;115.00;flow_0.605;0;632.42;1.14;0.00;69.20;car;;1;52.00;316262.478959;8503.942296;45.870037;130.305698;8.241294;0;100894.361841
60566.00;E2J1_0;100.00;13.26;60461.00;0.38;A2A3_0;4.60;0.00;tripinfo_flow_0.606 emissions_flow_0.606;105.00;flow_0.606;0;632.42;1.00;0.00;58.58;car;;1;42.00;294731.309052;7283.611326;39.837513;121.239268;7.326600;0;94026.394334
60656.00;E2J1_0;100.00;13.47;60561.00;0.61;A2A3_0;4.60;0.00;tripinfo_flow_0.607 emissions_flow_0.607;95.00;flow_0.607;0;632.42;1.01;0.00;48.09;car;;1;33.00;273311.764682;6222.439133;34.738453;113.106541;6.590628;0;87193.508197
60746.00;E2J1_0;100.00;13.63;60661.00;0.84;A2A3_0;4.60;0.00;tripinfo_flow_0.608 emissions_flow_0.608;85.00;flow_0.608;0;632.42;1.11;0.00;38.54;car;;1;22.00;245231.847501;4871.297686;27.837753;100.506580;5.468036;0;78236.608227
60836.00;E2J1_0;100.00;12.68;60760.00;0.07;A2A3_0;4.60;0.00;tripinfo_flow_0.609 emissions_flow_0.609;76.00;flow_0.609;0;632.42;1.00;0.00;29.60;car;;1;14.00;226587.281352;4008.086907;23.605754;92.889929;4.800973;0;72289.029543
60928.00;E2J1_0;100.00;11.58;60860.00;0.30;A2A3_0;4.60;0.00;tripinfo_flow_0.610 emissions_flow_0.610;68.00;flow_0.610;0;632.42;0.90;0.00;16.72;car;;1;1.00;190013.059857;2544.149029;16.191403;77.254724;3.517380;0;60621.760213
61017.00;E2J1_0;100.00;12.77;60960.00;0.53;A2A3_0;4.60;0.00;tripinfo_flow_0.611 emissions_flow_0.611;57.00;flow_0.611;0;632.42;1.18;0.00;10.82;car;;0;0.00;169356.094637;1925.853386;12.878915;69.057001;3.028915;0;54031.972661
61117.00;E2J1_0;100.00;13.00;61060.00;0.76;A2A3_0;4.60;0.00;tripinfo_flow_0.612 emissions_flow_0.612;57.00;flow_0.612;0;632.42;1.02;0.00;11.17;car;;0;0.00;165673.902162;1921.730954;12.771781;67.191896;2.959727;0;52857.231493
61218.00;E2J1_0;100.00;13.88;61160.00;0.99;A2A3_0;4.60;0.00;tripinfo_flow_0.613 emissions_flow_0.613;58.00;flow_0.613;0;632.42;1.02;0.00;11.40;car;;0;0.00;180802.235642;2093.604754;13.862445;73.392304;3.240849;0;57683.862232
61376.00;E2J1_0;100.00;13.39;61259.00;0.22;A2A3_0;4.60;0.00;tripinfo_flow_0.614 emissions_flow_0.614;117.00;flow_0.614;0;632.42;1.13;0.00;71.07;car;;1;54.00;322655.087476;8649.953380;46.766425;132.737299;8.362575;0;102933.764631
61466.00;E2J1_0;100.00;13.14;61359.00;0.45;A2A3_0;4.60;0.00;tripinfo_flow_0.615 emissions_flow_0.615;107.00;flow_0.615;0;632.42;1.10;0.00;61.11;car;;1;42.00;295379.116894;7364.843931;40.199777;121.174804;7.363353;0;94233.068650
61555.00;E2J1_0;100.00;12.64;61459.00;0.68;A2A3_0;4.60;0.00;tripinfo_flow_0.616 emissions_flow_0.616;96.00;flow_0.616;0;632.42;1.08;0.00;49.71;car;;1;33.00;276466.884803;6378.289502;35.420081;114.208897;6.698865;0;88200.057391
61645.00;E2J1_0;100.00;13.60;61559.00;0.91;A2A3_0;4.60;0.00;tripinfo_flow_0.617 emissions_flow_0.617;86.00;flow_0.617;0;632.42;1.05;0.00;40.36;car;;1;25.00;252314.264872;5242.471651;29.741201;103.219133;5.744109;0;80495.871568
61738.00;E2J1_0;100.00;11.33;61658.00;0.14;A2A3_0;4.60;0.00;tripinfo_flow_0.618 emissions_flow_0.618;80.00;flow_0.618;0;632.42;0.90;0.00;28.43;car;;1;13.00;218276.795523;4025.398807;23.397762;88.680302;4.618305;0;69637.602263
61827.00;E2J1_0;100.00;12.26;61758.00;0.37;A2A3_0;4.60;0.00;tripinfo_flow_0.619 emissions_flow_0.619;69.00;flow_0.619;0;632.42;0.93;0.00;18.93;car;;1;2.00;187917.637338;2739.485786;16.967200;76.595152;3.618348;0;59952.902706
61922.00;E2J1_0;100.00;11.45;61858.00;0.60;A2A3_0;4.60;0.00;tripinfo_flow_0.620 emissions_flow_0.620;64.00;flow_0.620;0;632.42;0.90;0.00;11.73;car;;0;0.00;163975.124207;2052.599572;13.308510;66.528795;2.959258;0;52314.861519
62016.00;E2J1_0;100.00;13.27;61958.00;0.83;A2A3_0;4.60;0.00;tripinfo_flow_0.621 emissions_flow_0.621;58.00;flow_0.621;0;632.42;1.03;0.00;10.93;car;;0;0.00;168104.718087;1966.813069;12.806433;67.365520;2.958362;0;53633.116901
62114.00;E2J1_0;100.00;13.18;62057.00;0.06;A2A3_0;4.60;0.00;tripinfo_flow_0.622 emissions_flow_0.622;57.00;flow_0.622;0;632.42;1.05;0.00;10.52;car;;0;0.00;167279.307071;1914.380938;12.744033;67.889667;2.968064;0;53369.450848
62276.00;E2J1_0;100.00;12.76;62157.00;0.29;A2A3_0;4.60;0.00;tripinfo_flow_0.623 emissions_flow_0.623;119.00;flow_0.623;0;632.42;1.22;0.00;73.05;car;;1;58.00;322945.661345;8984.703835;48.221230;133.393589;8.594287;0;103025.888439
62366.00;E2J1_0;100.00;13.84;62257.00;0.52;A2A3_0;4.60;0.00;tripinfo_flow_0.624 emissions_flow_0.624;109.00;flow_0.624;0;632.42;1.01;0.00;62.28;car;;1;45.00;303639.468425;7619.110732;41.713076;125.129506;7.626885;0;96868.015882
62456.00;E2J1_0;100.00;13.56;62357.00;0.75;A2A3_0;4.60;0.00;tripinfo_flow_0.625 emissions_flow_0.625;99.00;flow_0.625;0;632.42;1.03;0.00;52.02;car;;1;37.00;276934.803504;6653.579231;36.670205;114.393292;6.843037;0;88348.968468
62546.00;E2J1_0;100.00;12.62;62457.00;0.98;A2A3_0;4.60;0.00;tripinfo_flow_0.626 emissions_flow_0.626;89.00;flow_0.626;0;632.42;1.13;0.00;42.72;car;;1;28.00;253519.408903;5508.373046;31.058852;104.860236;5.990649;0;80879.622285
62636.00;E2J1_0;100.00;13.60;62556.00;0.21;A2A3_0;4.60;0.00;tripinfo_flow_0.627 emissions_flow_0.627;80.00;flow_0.627;0;632.42;1.02;0.00;34.07;car;;1;17.00;234631.188498;4436.480832;25.675157;96.363536;5.146911;0;74854.909241
62726.00;E2J1_0;100.00;13.49;62656.00;0.44;A2A3_0;4.60;0.00;tripinfo_flow_0.628 emissions_flow_0.628;70.00;flow_0.628;0;632.42;0.99;0.00;22.66;car;;1;7.00;213796.895265;3431.412756;20.710373;88.039364;4.389423;0;68208.820614
62814.00;E2J1_0;100.00;13.07;62756.00;0.67;A2A3_0;4.60;0.00;tripinfo_flow_0.629 emissions_flow_0.629;58.00;flow_0.629;0;632.42;1.05;0.00;11.57;car;;0;0.00;173774.806593;1987.640593;13.261082;70.699952;3.094756;0;55441.731842
62917.00;E2J1_0;100.00;12.69;62856.00;0.90;A2A3_0;4.60;0.00;tripinfo_flow_0.630 emissions_flow_0.630;61.00;flow_0.630;0;632.42;0.98;0.00;12.37;car;;0;0.00;167744.970709;2006.156491;13.192423;68.109906;3.020893;0;53517.844784
63016.00;E2J1_0;100.00;11.98;62955.00;0.13;A2A3_0;4.60;0.00;tripinfo_flow_0.631 emissions_flow_0.631;61.00;flow_0.631;0;632.42;0.93;0.00;10.58;car;;0;0.00;164400.360905;1877.700015;12.534444;66.250024;2.848758;0;52450.981161
63175.00;E2J1_0;100.00;13.21;63055.00;0.36;A2A3_0;4.60;0.00;tripinfo_flow_0.632 emissions_flow_0.632;120.00;flow_0.632;0;632.42;1.06;0.00;74.05;car;;1;59.00;334412.296141;9176.092500;49.362438;138.526017;8.879883;0;106684.053240
63266.00;E2J1_0;100.00;12.84;63155.00;0.59;A2A3_0;4.60;0.00;tripinfo_flow_0.633 emissions_flow_0.633;111.00;flow_0.633;0;632.42;1.10;0.00;63.89;car;;1;47.00;308854.181555;7904.215321;42.977883;127.013138;7.842601;0;98531.597687
63357.00;E2J1_0;100.00;12.61;63255.00;0.82;A2A3_0;4.60;0.00;tripinfo_flow_0.634 emissions_flow_0.634;102.00;flow_0.634;0;632.42;0.95;0.00;53.91;car;;1;39.00;283549.377715;6898.594181;37.953119;116.865394;6.997988;0;90459.057128
63448.00;E2J1_0;100.00;11.76;63354.00;0.05;A2A3_0;4.60;0.00;tripinfo_flow_0.635 emissions_flow_0.635;94.00;flow_0.635;0;632.42;0.91;0.00;42.73;car;;1;27.00;255591.389942;5606.824326;31.470907;104.362307;5.902847;0;81540.858229
63539.00;E2J1_0;100.00;11.18;63454.00;0.28;A2A3_0;4.60;0.00;tripinfo_flow_0.636 emissions_flow_0.636;85.00;flow_0.636;0;632.42;0.84;0.00;30.16;car;;1;17.00;210869.710809;4202.008137;24.099473;85.598545;4.568951;0;67273.981534
63626.00;E2J1_0;100.00;13.10;63554.00;0.51;A2A3_0;4.60;0.00;tripinfo_flow_0.637 emissions_flow_0.637;72.00;flow_0.637;0;632.42;1.04;0.00;26.30;car;;1;8.00;215099.262639;3581.003776;21.342154;87.805978;4.415550;0;68624.391138
63715.00;E2J1_0;100.00;12.30;63654.00;0.74;A2A3_0;4.60;0.00;tripinfo_flow_0.638 emissions_flow_0.638;61.00;flow_0.638;0;632.42;0.97;0.00;12.90;car;;0;0.00;174341.604205;2111.881360;13.839958;70.804862;3.140580;0;55622.370267
63815.00;E2J1_0;100.00;12.83;63754.00;0.97;A2A3_0;4.60;0.00;tripinfo_flow_0.639 emissions_flow_0.639;61.00;flow_0.639;0;632.42;0.96;0.00;11.20;car;;0;0.00;164420.148369;1933.394784;12.669849;65.696849;2.831414;0;52457.447440
63921.00;E2J1_0;100.00;10.13;63853.00;0.20;A2A3_0;4.60;0.00;tripinfo_flow_0.640 emissions_flow_0.640;68.00;flow_0.640;0;632.42;0.81;0.00;10.24;car;;0;0.00;163608.215264;2027.298642;13.147911;64.247621;2.683365;0;52198.327499
64010.00;E2J1_0;100.00;13.49;63953.00;0.43;A2A3_0;4.60;0.00;tripinfo_flow_0.641 emissions_flow_0.641;57.00;flow_0.641;0;632.42;1.04;0.00;11.11;car;;0;0.00;169313.863094;1911.974634;12.791933;68.517392;2.979880;0;54018.662960
64165.00;E2J1_0;100.00;13.32;64053.00;0.66;A2A3_0;4.60;0.00;tripinfo_flow_0.642 emissions_flow_0.642;112.00;flow_0.642;0;632.42;1.01;0.00;65.64;car;;1;51.00;312974.998526;8167.266076;44.212921;128.517588;7.992940;0;99846.065342
64256.00;E2J1_0;100.00;13.51;64153.00;0.89;A2A3_0;4.60;0.00;tripinfo_flow_0.643 emissions_flow_0.643;103.00;flow_0.643;0;632.42;0.97;0.00;55.42;car;;1;39.00;286981.407757;7018.099400;38.498971;117.475616;7.036861;0;91554.190232
64349.00;E2J1_0;100.00;11.94;64252.00;0.12;A2A3_0;4.60;0.00;tripinfo_flow_0.644 emissions_flow_0.644;97.00;flow_0.644;0;632.42;0.87;0.00;43.29;car;;1;28.00;252296.887307;5657.581933;31.589976;102.317482;5.796618;0;80489.795447
64436.00;E2J1_0;100.00;13.56;64352.00;0.35;A2A3_0;4.60;0.00;tripinfo_flow_0.645 emissions_flow_0.645;84.00;flow_0.645;0;632.42;1.00;0.00;36.95;car;;1;19.00;235459.863942;4700.374110;27.001143;96.765749;5.275770;0;75118.847304
64525.00;E2J1_0;100.00;13.17;64452.00;0.58;A2A3_0;4.60;0.00;tripinfo_flow_0.646 emissions_flow_0.646;73.00;flow_0.646;0;632.42;1.00;0.00;26.04;car;;1;9.00;219452.892213;3541.227922;21.237570;88.808742;4.375980;0;70013.768074
64616.00;E2J1_0;100.00;13.34;64552.00;0.81;A2A3_0;4.60;0.00;tripinfo_flow_0.647 emissions_flow_0.647;64.00;flow_0.647;0;632.42;1.10;0.00;17.96;car;;1;3.00;204898.748299;2792.926113;17.646558;83.649202;3.904593;0;65370.924461
64707.00;E2J1_0;100.00;13.84;64651.00;0.04;A2A3_0;4.60;0.00;tripinfo_flow_0.648 emissions_flow_0.648;56.00;flow_0.648;0;632.42;1.03;0.00;9.95;car;;0;0.00;175531.517347;2066.916604;13.738536;72.626756;3.285036;0;56001.780448
64814.00;E2J1_0;100.00;11.01;64751.00;0.27;A2A3_0;4.60;0.00;tripinfo_flow_0.649 emissions_flow_0.649;63.00;flow_0.649;0;632.42;0.88;0.00;10.52;car;;0;0.00;158780.648020;1882.455990;12.379242;63.393609;2.715185;0;50658.045293
64910.00;E2J1_0;100.00;13.07;64851.00;0.50;A2A3_0;4.60;0.00;tripinfo_flow_0.650 emissions_flow_0.650;59.00;flow_0.650;0;632.42;0.98;0.00;11.23;car;;0;0.00;174332.187194;2042.989860;13.474236;70.753871;3.115356;0;55619.563614
64964.00;E2J1_0;100.00;9.04;64800.00;0.00;A2A1_0;10.10;0.00;tripinfo_flow_1.9 emissions_flow_1.9;164.00;flow_1.9;0;632.08;0.83;60.00;39.22;bus;;1;9.00;387107.078830;12128.166125;63.894885;159.516332;10.779762;0;123492.342145
65066.00;E2J1_0;100.00;13.15;64951.00;0.73;A2A3_0;4.60;0.00;tripinfo_flow_0.651 emissions_flow_0.651;115.00;flow_0.651;0;632.42;1.06;0.00;67.96;car;;1;52.00;315611.544572;8401.230464;45.467120;130.466444;8.217461;0;100686.637274
65159.00;E2J1_0;100.00;11.65;65051.00;0.96;A2A3_0;4.60;0.00;tripinfo_flow_0.652 emissions_flow_0.652;108.00;flow_0.652;0;632.42;0.88;0.00;55.06;car;;1;39.00;274503.577912;6954.106291;37.956222;112.376871;6.820561;0;87572.965148
65245.00;E2J1_0;100.00;13.06;65150.00;0.19;A2A3_0;4.60;0.00;tripinfo_flow_0.653 emissions_flow_0.653;95.00;flow_0.653;0;632.42;1.19;0.00;49.27;car;;1;35.00;274359.858123;6378.164994;35.446909;113.808597;6.724274;0;87527.640712
65336.00;E2J1_0;100.00;12.85;65250.00;0.42;A2A3_0;4.60;0.00;tripinfo_flow_0.654 emissions_flow_0.654;86.00;flow_0.654;0;632.42;1.05;0.00;39.63;car;;1;24.00;244521.717071;5149.838171;29.201344;101.299485;5.691357;0;78009.271812
65425.00;E2J1_0;100.00;13.70;65350.00;0.65;A2A3_0;4.60;0.00;tripinfo_flow_0.655 emissions_flow_0.655;75.00;flow_0.655;0;632.42;1.00;0.00;28.37;car;;1;11.00;219749.889158;3827.052158;22.724746;90.849631;4.703912;0;70107.509996
65515.00;E2J1_0;100.00;13.72;65450.00;0.88;A2A3_0;4.60;0.00;tripinfo_flow_0.656 emissions_flow_0.656;65.00;flow_0.656;0;632.42;1.06;0.00;19.24;car;;1;3.00;204595.985175;2854.837438;17.896940;83.937240;3.964624;0;65274.101707
65607.00;E2J1_0;100.00;13.37;65549.00;0.11;A2A3_0;4.60;0.00;tripinfo_flow_0.657 emissions_flow_0.657;58.00;flow_0.657;0;632.42;1.07;0.00;11.44;car;;0;0.00;166446.486017;1934.837806;12.797488;67.256976;2.952482;0;53103.812977
65709.00;E2J1_0;100.00;11.77;65649.00;0.34;A2A3_0;4.60;0.00;tripinfo_flow_0.658 emissions_flow_0.658;60.00;flow_0.658;0;632.42;0.94;0.00;10.64;car;;0;0.00;155307.536277;1794.838936;11.918966;62.783043;2.724634;0;49549.895279
65805.00;E2J1_0;100.00;13.65;65749.00;0.57;A2A3_0;4.60;0.00;tripinfo_flow_0.659 emissions_flow_0.659;56.00;flow_0.659;0;632.42;1.00;0.00;10.35;car;;0;0.00;177437.232902;1989.374722;13.393390;72.280266;3.164230;0;56610.258767
65966.00;E2J1_0;100.00;13.70;65849.00;0.80;A2A3_0;4.60;0.00;tripinfo_flow_0.660 emissions_flow_0.660;117.00;flow_0.660;0;632.42;1.07;0.00;70.01;car;;1;54.00;324144.947756;8649.991407;46.726051;133.547272;8.411968;0;103409.125184
66056.00;E2J1_0;100.00;12.65;65948.00;0.03;A2A3_0;4.60;0.00;tripinfo_flow_0.661 emissions_flow_0.661;108.00;flow_0.661;0;632.42;1.14;0.00;61.76;car;;1;45.00;297475.981047;7666.161712;41.691672;122.631284;7.583774;0;94901.477811
66148.00;E2J1_0;100.00;11.12;66048.00;0.26;A2A3_0;4.60;0.00;tripinfo_flow_0.662 emissions_flow_0.662;100.00;flow_0.662;0;632.42;0.88;0.00;47.65;car;;1;32.00;252497.175498;6126.112215;33.762418;104.520446;6.245807;0;80552.436704
66235.00;E2J1_0;100.00;13.83;66148.00;0.49;A2A3_0;4.60;0.00;tripinfo_flow_0.663 emissions_flow_0.663;87.00;flow_0.663;0;632.42;1.02;0.00;41.00;car;;1;26.00;257341.669107;5327.536432;30.268603;105.653582;5.874997;0;82099.659272
66329.00;E2J1_0;100.00;11.17;66248.00;0.72;A2A3_0;4.60;0.00;tripinfo_flow_0.664 emissions_flow_0.664;81.00;flow_0.664;0;632.42;0.89;0.00;28.08;car;;1;12.00;208122.398763;3779.274808;22.167310;85.180660;4.398947;0;66397.821802
66416.00;E2J1_0;100.00;13.85;66348.00;0.95;A2A3_0;4.60;0.00;tripinfo_flow_0.665 emissions_flow_0.665;68.00;flow_0.665;0;632.42;1.18;0.00;21.69;car;;1;6.00;211384.509918;3270.359347;19.920165;87.122000;4.303170;0;67439.376183
66503.00;E2J1_0;100.00;13.24;66447.00;0.18;A2A3_0;4.60;0.00;tripinfo_flow_0.666 emissions_flow_0.666;56.00;flow_0.666;0;632.42;1.13;0.00;10.47;car;;0;0.00;174560.718854;1888.090813;12.856873;70.520283;3.030513;0;55692.811475
66605.00;E2J1_0;100.00;13.13;66547.00;0.41;A2A3_0;4.60;0.00;tripinfo_flow_0.667 emissions_flow_0.667;58.00;flow_0.667;0;632.42;1.02;0.00;10.55;car;;0;0.00;168861.432437;1939.862292;12.773726;68.036121;2.948163;0;53874.406920
66706.00;E2J1_0;100.00;12.92;66647.00;0.64;A2A3_0;4.60;0.00;tripinfo_flow_0.668 emissions_flow_0.668;59.00;flow_0.668;0;632.42;0.99;0.00;11.63;car;;0;0.00;175174.695113;1938.049073;12.903747;69.520858;2.937684;0;55889.045940
66866.00;E2J1_0;100.00;13.15;66747.00;0.87;A2A3_0;4.60;0.00;tripinfo_flow_0.669 emissions_flow_0.669;119.00;flow_0.669;0;632.42;0.99;0.00;71.72;car;;1;56.00;326336.028381;8895.979032;47.934157;134.573953;8.571866;0;104107.765213
66956.00;E2J1_0;100.00;13.57;66846.00;0.10;A2A3_0;4.60;0.00;tripinfo_flow_0.670 emissions_flow_0.670;110.00;flow_0.670;0;632.42;1.02;0.00;62.94;car;;1;45.00;307471.497082;7821.503477;42.593243;126.300444;7.755666;0;98090.564353
67046.00;E2J1_0;100.00;13.66;66946.00;0.33;A2A3_0;4.60;0.00;tripinfo_flow_0.671 emissions_flow_0.671;100.00;flow_0.671;0;632.42;1.13;0.00;53.79;car;;1;37.00;279651.824794;6630.638180;36.583551;114.933649;6.810620;0;89216.097147
67136.00;E2J1_0;100.00;12.34;67046.00;0.56;A2A3_0;4.60;0.00;tripinfo_flow_0.672 emissions_flow_0.672;90.00;flow_0.672;0;632.42;0.97;0.00;42.63;car;;1;28.00;257610.826622;5627.203607;31.658333;106.443474;6.072748;0;82184.852656
67227.00;E2J1_0;100.00;13.16;67146.00;0.79;A2A3_0;4.60;0.00;tripinfo_flow_0.673 emissions_flow_0.673;81.00;flow_0.673;0;632.42;0.97;0.00;33.11;car;;1;18.00;234334.310691;4439.680414;25.714154;95.593831;5.050084;0;74760.290537
67318.00;E2J1_0;100.00;11.84;67245.00;0.02;A2A3_0;4.60;0.00;tripinfo_flow_0.674 emissions_flow_0.674;73.00;flow_0.674;0;632.42;0.92;0.00;22.58;car;;1;6.00;196178.657275;3182.070453;19.123763;79.942560;3.946316;0;62588.078472
67406.00;E2J1_0;100.00;13.55;67345.00;0.25;A2A3_0;4.60;0.00;tripinfo_flow_0.675 emissions_flow_0.675;61.00;flow_0.675;0;632.42;1.10;0.00;14.76;car;;0;0.00;195386.342555;2378.887103;15.488361;79.964158;3.607265;0;62336.450632
67508.00;E2J1_0;100.00;12.14;67445.00;0.48;A2A3_0;4.60;0.00;tripinfo_flow_0.676 emissions_flow_0.676;63.00;flow_0.676;0;632.42;0.89;0.00;11.12;car;;0;0.00;164291.890426;1984.306995;12.973578;65.723466;2.843650;0;52416.313061
67602.00;E2J1_0;100.00;12.88;67545.00;0.71;A2A3_0;4.60;0.00;tripinfo_flow_0.677 emissions_flow_0.677;57.00;flow_0.677;0;632.42;1.11;0.00;11.08;car;;0;0.00;163629.326873;1810.426077;12.108460;65.995195;2.847996;0;52205.200726
67773.00;E2J1_0;100.00;10.52;67645.00;0.94;A2A3_0;4.60;0.00;tripinfo_flow_0.678 emissions_flow_0.678;128.00;flow_0.678;0;632.42;0.79;0.00;68.48;car;;1;52.00;290984.180424;8341.227000;44.508538;117.461900;7.499329;0;92829.679782
67856.00;E2J1_0;100.00;13.16;67744.00;0.17;A2A3_0;4.60;0.00;tripinfo_flow_0.679 emissions_flow_0.679;112.00;flow_0.679;0;632.42;1.22;0.00;65.82;car;;1;50.00;308250.174430;8053.125435;43.657781;126.781567;7.885286;0;98338.628731
67948.00;E2J1_0;100.00;11.74;67844.00;0.40;A2A3_0;4.60;0.00;tripinfo_flow_0.680 emissions_flow_0.680;104.00;flow_0.680;0;632.42;0.90;0.00;52.36;car;;1;37.00;267066.760029;6503.983360;35.823015;109.284748;6.491858;0;85200.824887
68036.00;E2J1_0;100.00;13.12;67944.00;0.63;A2A3_0;4.60;0.00;tripinfo_flow_0.681 emissions_flow_0.681;92.00;flow_0.681;0;632.42;1.10;0.00;46.04;car;;1;30.00;261807.374864;5874.506132;32.714863;107.276221;6.177506;0;83523.804863
68126.00;E2J1_0;100.00;13.89;68044.00;0.86;A2A3_0;4.60;0.00;tripinfo_flow_0.682 emissions_flow_0.682;82.00;flow_0.682;0;632.42;1.09;0.00;34.86;car;;1;18.00;238789.361531;4671.649170;26.819613;98.089258;5.304480;0;76181.272734
68217.00;E2J1_0;100.00;12.00;68143.00;0.09;A2A3_0;4.60;0.00;tripinfo_flow_0.683 emissions_flow_0.683;74.00;flow_0.683;0;632.42;0.93;0.00;24.32;car;;1;8.00;207917.767615;3503.393087;20.932879;85.274966;4.288300;0;66332.914775
68305.00;E2J1_0;100.00;12.46;68243.00;0.32;A2A3_0;4.60;0.00;tripinfo_flow_0.684 emissions_flow_0.684;62.00;flow_0.684;0;632.42;0.95;0.00;13.55;car;;0;0.00;184620.954683;2313.613597;15.042336;75.555700;3.415640;0;58901.619364
68400.00;E2J1_0;100.00;13.57;68343.00;0.55;A2A3_0;4.60;0.00;tripinfo_flow_0.685 emissions_flow_0.685;57.00;flow_0.685;0;632.42;1.06;0.00;10.44;car;;0;0.00;169713.946206;1890.899261;12.671794;68.346630;2.946021;0;54146.468201
68501.00;E2J1_0;100.00;13.46;68443.00;0.78;A2A3_0;4.60;0.00;tripinfo_flow_0.686 emissions_flow_0.686;58.00;flow_0.686;0;632.42;1.10;0.00;11.49;car;;0;0.00;167955.012178;1929.499972;12.842729;67.684535;2.948124;0;53585.165287
68601.00;E2J1_0;100.00;13.32;68542.00;0.01;A2A3_0;4.60;0.00;tripinfo_flow_0.687 emissions_flow_0.687;59.00;flow_0.687;0;632.42;0.98;0.00;10.80;car;;0;0.00;174330.402065;1979.664519;13.184308;70.137510;3.023827;0;55619.249840
68756.00;E2J1_0;100.00;13.76;68642.00;0.24;A2A3_0;4.60;0.00;tripinfo_flow_0.688 emissions_flow_0.688;114.00;flow_0.688;0;632.42;1.19;0.00;66.72;car;;1;50.00;312944.983497;8315.001328;44.888973;128.503298;8.058789;0;99836.272867
68846.00;E2J1_0;100.00;13.42;68742.00;0.47;A2A3_0;4.60;0.00;tripinfo_flow_0.689 emissions_flow_0.689;104.00;flow_0.689;0;632.42;1.10;0.00;57.93;car;;1;42.00;290948.661051;7169.162645;39.214295;119.060693;7.180858;0;92819.873378
68936.00;E2J1_0;100.00;13.37;68842.00;0.70;A2A3_0;4.60;0.00;tripinfo_flow_0.690 emissions_flow_0.690;94.00;flow_0.690;0;632.42;1.00;0.00;46.99;car;;1;32.00;269524.405998;6143.861954;34.190345;111.162880;6.492158;0;85985.419750
69027.00;E2J1_0;100.00;11.68;68942.00;0.93;A2A3_0;4.60;0.00;tripinfo_flow_0.691 emissions_flow_0.691;85.00;flow_0.691;0;632.42;0.93;0.00;35.71;car;;1;20.00;231715.759088;4722.749674;26.979873;94.829646;5.176122;0;73924.254213
69117.00;E2J1_0;100.00;12.88;69041.00;0.16;A2A3_0;4.60;0.00;tripinfo_flow_0.692 emissions_flow_0.692;76.00;flow_0.692;0;632.42;0.94;0.00;26.25;car;;1;11.00;216634.710357;3706.519403;21.981499;88.351178;4.464703;0;69114.053220
69206.00;E2J1_0;100.00;13.12;69141.00;0.39;A2A3_0;4.60;0.00;tripinfo_flow_0.693 emissions_flow_0.693;65.00;flow_0.693;0;632.42;0.98;0.00;17.70;car;;1;1.00;197580.023453;2729.294644;17.195146;80.944387;3.792787;0;63035.760696
69302.00;E2J1_0;100.00;12.55;69241.00;0.62;A2A3_0;4.60;0.00;tripinfo_flow_0.694 emissions_flow_0.694;61.00;flow_0.694;0;632.42;0.96;0.00;12.47;car;;0;0.00;175458.147514;2033.329049;13.362164;70.451550;3.071296;0;55979.069428
69400.00;E2J1_0;100.00;12.77;69341.00;0.85;A2A3_0;4.60;0.00;tripinfo_flow_0.695 emissions_flow_0.695;59.00;flow_0.695;0;632.42;1.00;0.00;11.90;car;;0;0.00;172525.840839;1900.745415;12.683966;69.069328;2.947830;0;55043.765311
69498.00;E2J1_0;100.00;13.51;69440.00;0.08;A2A3_0;4.60;0.00;tripinfo_flow_0.696 emissions_flow_0.696;58.00;flow_0.696;0;632.42;1.00;0.00;12.36;car;;0;0.00;171034.475229;1940.574192;12.877203;68.546544;2.939353;0;54567.806195
69656.00;E2J1_0;100.00;13.08;69540.00;0.31;A2A3_0;4.60;0.00;tripinfo_flow_0.697 emissions_flow_0.697;116.00;flow_0.697;0;632.42;0.99;0.00;69.21;car;;1;52.00;316196.081680;8460.323888;45.600728;129.743847;8.160335;0;100873.372996
69746.00;E2J1_0;100.00;12.83;69640.00;0.54;A2A3_0;4.60;0.00;tripinfo_flow_0.698 emissions_flow_0.698;106.00;flow_0.698;0;632.42;1.09;0.00;60.02;car;;1;44.00;293162.505002;7413.590815;40.495906;121.086068;7.432174;0;93525.498466
69842.00;E2J1_0;100.00;9.96;69740.00;0.77;A2A3_0;4.60;0.00;tripinfo_flow_0.699 emissions_flow_0.699;102.00;flow_0.699;0;632.42;0.79;0.00;43.52;car;;1;27.00;238457.170578;5664.669265;31.307313;96.974408;5.618415;0;76073.878573
69926.00;E2J1_0;100.00;13.10;69839.00;0.00;A2A3_0;4.60;0.00;tripinfo_flow_0.700 emissions_flow_0.700;87.00;flow_0.700;0;632.42;1.05;0.00;40.12;car;;1;25.00;247218.440324;5213.725394;29.538708;102.042387;5.734324;0;78869.728432
70016.00;E2J1_0;100.00;13.38;69939.00;0.23;A2A3_0;4.60;0.00;tripinfo_flow_0.701 emissions_flow_0.701;77.00;flow_0.701;0;632.42;1.14;0.00;30.81;car;;1;16.00;235733.879520;4198.024183;24.638457;96.391126;5.003896;0;75207.202893
70106.00;E2J1_0;100.00;13.64;70039.00;0.46;A2A3_0;4.60;0.00;tripinfo_flow_0.702 emissions_flow_0.702;67.00;flow_0.702;0;632.42;1.01;0.00;20.65;car;;1;3.00;202155.370257;2973.010562;18.367031;83.095986;4.013267;0;64495.182060
70198.00;E2J1_0;100.00;12.97;70139.00;0.69;A2A3_0;4.60;0.00;tripinfo_flow_0.703 emissions_flow_0.703;59.00;flow_0.703;0;632.42;1.08;0.00;12.16;car;;0;0.00;172932.643805;1984.059608;13.178016;68.963642;2.966314;0;55173.468347
70295.00;E2J1_0;100.00;12.84;70239.00;0.92;A2A3_0;4.60;0.00;tripinfo_flow_0.704 emissions_flow_0.704;56.00;flow_0.704;0;632.42;0.99;0.00;9.59;car;;0;0.00;169417.498181;1847.273733;12.509756;68.440820;2.938591;0;54051.860309
70395.00;E2J1_0;100.00;13.67;70338.00;0.15;A2A3_0;4.60;0.00;tripinfo_flow_0.705 emissions_flow_0.705;57.00;flow_0.705;0;632.42;1.14;0.00;10.40;car;;0;0.00;167001.496696;1913.575313;12.688373;67.701213;2.964405;0;53280.873959
70556.00;E2J1_0;100.00;13.73;70438.00;0.38;A2A3_0;4.60;0.00;tripinfo_flow_0.706 emissions_flow_0.706;118.00;flow_0.706;0;632.42;0.99;0.00;71.04;car;;1;55.00;324510.424784;8752.070310;47.271546;133.734064;8.463193;0;103525.521876
70646.00;E2J1_0;100.00;12.83;70538.00;0.61;A2A3_0;4.60;0.00;tripinfo_flow_0.707 emissions_flow_0.707;108.00;flow_0.707;0;632.42;1.18;0.00;61.75;car;;1;45.00;300443.398214;7590.614402;41.423824;123.544019;7.565957;0;95848.464607
70735.00;E2J1_0;100.00;13.33;70638.00;0.84;A2A3_0;4.60;0.00;tripinfo_flow_0.708 emissions_flow_0.708;97.00;flow_0.708;0;632.42;1.14;0.00;50.20;car;;1;35.00;275480.558685;6305.672861;34.872051;111.920981;6.480817;0;87886.100660
70828.00;E2J1_0;100.00;12.56;70737.00;0.07;A2A3_0;4.60;0.00;tripinfo_flow_0.709 emissions_flow_0.709;91.00;flow_0.709;0;632.42;0.91;0.00;40.14;car;;1;24.00;242458.495889;5256.151847;29.650959;99.587396;5.596945;0;77350.940271
70916.00;E2J1_0;100.00;13.69;70837.00;0.30;A2A3_0;4.60;0.00;tripinfo_flow_0.710 emissions_flow_0.710;79.00;flow_0.710;0;632.42;1.01;0.00;32.45;car;;1;18.00;239513.586991;4524.225613;26.153240;98.055635;5.240611;0;76412.710947
71008.00;E2J1_0;100.00;12.45;70937.00;0.53;A2A3_0;4.60;0.00;tripinfo_flow_0.711 emissions_flow_0.711;71.00;flow_0.711;0;632.42;0.93;0.00;20.32;car;;1;3.00;194741.060795;2888.611309;17.843937;79.408904;3.773426;0;62129.744433
71101.00;E2J1_0;100.00;11.30;71037.00;0.76;A2A3_0;4.60;0.00;tripinfo_flow_0.712 emissions_flow_0.712;64.00;flow_0.712;0;632.42;0.87;0.00;11.12;car;;0;0.00;159793.829363;1881.846067;12.430826;63.410640;2.670771;0;50981.383036
71194.00;E2J1_0;100.00;13.80;71137.00;0.99;A2A3_0;4.60;0.00;tripinfo_flow_0.713 emissions_flow_0.713;57.00;flow_0.713;0;632.42;1.07;0.00;10.13;car;;0;0.00;174454.629059;1937.742840;12.922952;70.443987;3.050699;0;55658.978608
71293.00;E2J1_0;100.00;13.50;71236.00;0.22;A2A3_0;4.60;0.00;tripinfo_flow_0.714 emissions_flow_0.714;57.00;flow_0.714;0;632.42;1.11;0.00;10.44;car;;0;0.00;174412.703424;1919.440649;12.857615;70.163239;3.023740;0;55645.683038
71459.00;E2J1_0;100.00;11.82;71336.00;0.45;A2A3_0;4.60;0.00;tripinfo_flow_0.715 emissions_flow_0.715;123.00;flow_0.715;0;632.42;0.86;0.00;68.97;car;;1;53.00;309771.524280;8603.004860;46.210040;126.318930;8.010762;0;98823.348284
71545.00;E2J1_0;100.00;13.82;71436.00;0.68;A2A3_0;4.60;0.00;tripinfo_flow_0.716 emissions_flow_0.716;109.00;flow_0.716;0;632.42;1.00;0.00;63.12;car;;1;46.00;302828.611328;7725.547363;42.077237;125.123439;7.710353;0;96609.121902
71640.00;E2J1_0;100.00;10.28;71536.00;0.91;A2A3_0;4.60;0.00;tripinfo_flow_0.717 emissions_flow_0.717;104.00;flow_0.717;0;632.42;0.82;0.00;47.45;car;;1;31.00;246868.712320;6105.430435;33.472067;100.078765;5.929668;0;78757.186515
71726.00;E2J1_0;100.00;12.93;71635.00;0.14;A2A3_0;4.60;0.00;tripinfo_flow_0.718 emissions_flow_0.718;91.00;flow_0.718;0;632.42;1.01;0.00;44.36;car;;1;28.00;252974.903642;5629.005471;31.563542;104.347033;5.994244;0;80705.781365
71815.00;E2J1_0;100.00;13.23;71735.00;0.37;A2A3_0;4.60;0.00;tripinfo_flow_0.719 emissions_flow_0.719;80.00;flow_0.719;0;632.42;1.09;0.00;34.34;car;;1;16.00;229599.369058;4440.208241;25.666621;95.002654;5.140355;0;73249.194291
71906.00;E2J1_0;100.00;13.32;71835.00;0.60;A2A3_0;4.60;0.00;tripinfo_flow_0.720 emissions_flow_0.720;71.00;flow_0.720;0;632.42;1.01;0.00;23.80;car;;1;5.00;213833.355568;3369.462764;20.406184;87.873321;4.367808;0;68220.639026
71995.00;E2J1_0;100.00;12.75;71935.00;0.83;A2A3_0;4.60;0.00;tripinfo_flow_0.721 emissions_flow_0.721;60.00;flow_0.721;0;632.42;1.31;0.00;14.31;car;;0;0.00;188353.767950;2455.158401;15.812219;78.146943;3.644436;0;60092.148201
72094.00;E2J1_0;100.00;12.96;72034.00;0.06;A2A3_0;4.60;0.00;tripinfo_flow_0.722 emissions_flow_0.722;60.00;flow_0.722;0;632.42;0.95;0.00;10.97;car;;0;0.00;167325.809108;1925.395530;12.740343;67.031179;2.878202;0;53384.470848
72164.00;E2J1_0;100.00;9.89;72000.00;0.00;A2A1_0;10.10;0.00;tripinfo_flow_1.10 emissions_flow_1.10;164.00;flow_1.10;0;632.08;1.03;60.00;39.38;bus;;4;13.00;393930.357149;12310.429116;64.884541;162.325778;10.960831;0;125669.124269
72192.00;E2J1_0;100.00;12.94;72134.00;0.29;A2A3_0;4.60;0.00;tripinfo_flow_0.723 emissions_flow_0.723;58.00;flow_0.723;0;632.42;1.01;0.00;11.44;car;;0;0.00;176084.551991;2006.678478;13.448522;71.272055;3.094872;0;56178.734725
72356.00;E2J1_0;100.00;13.19;72234.00;0.52;A2A3_0;4.60;0.00;tripinfo_flow_0.724 emissions_flow_0.724;122.00;flow_0.724;0;632.42;0.99;0.00;74.55;car;;1;58.00;330323.447369;9079.823986;48.876573;135.878968;8.673327;0;105379.818366
72447.00;E2J1_0;100.00;11.85;72334.00;0.75;A2A3_0;4.60;0.00;tripinfo_flow_0.725 emissions_flow_0.725;113.00;flow_0.725;0;632.42;0.94;0.00;63.25;car;;1;48.00;296737.000505;7818.004761;42.348879;121.750629;7.579126;0;94665.558135
72535.00;E2J1_0;100.00;13.50;72434.00;0.98;A2A3_0;4.60;0.00;tripinfo_flow_0.726 emissions_flow_0.726;101.00;flow_0.726;0;632.42;1.12;0.00;54.84;car;;1;38.00;285517.408166;6877.441991;37.743543;116.853389;6.982436;0;91087.419408
72626.00;E2J1_0;100.00;13.88;72533.00;0.21;A2A3_0;4.60;0.00;tripinfo_flow_0.727 emissions_flow_0.727;93.00;flow_0.727;0;632.42;1.08;0.00;45.81;car;;1;31.00;265617.181566;6025.037583;33.468833;109.191620;6.343626;0;84739.072629
72719.00;E2J1_0;100.00;11.71;72633.00;0.44;A2A3_0;4.60;0.00;tripinfo_flow_0.728 emissions_flow_0.728;86.00;flow_0.728;0;632.42;0.87;0.00;32.45;car;;1;18.00;225451.625799;4395.242366;25.249381;91.057093;4.814743;0;71926.394645
72806.00;E2J1_0;100.00;12.97;72733.00;0.67;A2A3_0;4.60;0.00;tripinfo_flow_0.729 emissions_flow_0.729;73.00;flow_0.729;0;632.42;0.99;0.00;25.52;car;;1;10.00;213232.224621;3553.646018;21.218561;87.135324;4.399851;0;68028.725253
72895.00;E2J1_0;100.00;13.26;72833.00;0.90;A2A3_0;4.60;0.00;tripinfo_flow_0.730 emissions_flow_0.730;62.00;flow_0.730;0;632.42;1.10;0.00;15.36;car;;0;0.00;188046.074237;2316.616900;15.081468;76.415797;3.417010;0;59994.657989
72989.00;E2J1_0;100.00;13.77;72932.00;0.13;A2A3_0;4.60;0.00;tripinfo_flow_0.731 emissions_flow_0.731;57.00;flow_0.731;0;632.42;1.04;0.00;11.22;car;;0;0.00;173250.023042;1977.364520;13.188452;70.359511;3.086557;0;55274.388600
73090.00;E2J1_0;100.00;12.85;73032.00;0.36;A2A3_0;4.60;0.00;tripinfo_flow_0.732 emissions_flow_0.732;58.00;flow_0.732;0;632.42;1.00;0.00;11.46;car;;0;0.00;174111.611022;1996.397255;13.310743;70.859443;3.114683;0;55549.178821
73258.00;E2J1_0;100.00;11.47;73132.00;0.59;A2A3_0;4.60;0.00;tripinfo_flow_0.733 emissions_flow_0.733;126.00;flow_0.733;0;632.42;0.92;0.00;75.35;car;;1;58.00;318901.347356;9162.382083;48.807739;130.820562;8.531893;0;101735.449109
73346.00;E2J1_0;100.00;13.43;73232.00;0.82;A2A3_0;4.60;0.00;tripinfo_flow_0.734 emissions_flow_0.734;114.00;flow_0.734;0;632.42;1.05;0.00;67.52;car;;1;49.00;313754.030803;8129.427653;44.222074;129.427826;8.016989;0;100094.427990
73437.00;E2J1_0;100.00;13.02;73331.00;0.05;A2A3_0;4.60;0.00;tripinfo_flow_0.735 emissions_flow_0.735;106.00;flow_0.735;0;632.42;0.95;0.00;56.98;car;;1;42.00;287313.664171;7114.499132;38.951359;117.761096;7.111700;0;91660.033636
73526.00;E2J1_0;100.00;13.53;73431.00;0.28;A2A3_0;4.60;0.00;tripinfo_flow_0.736 emissions_flow_0.736;95.00;flow_0.736;0;632.42;0.98;0.00;47.47;car;;1;30.00;265497.940437;6089.507454;33.927682;109.777460;6.403729;0;84700.610201
73615.00;E2J1_0;100.00;13.75;73531.00;0.51;A2A3_0;4.60;0.00;tripinfo_flow_0.737 emissions_flow_0.737;84.00;flow_0.737;0;632.42;1.12;0.00;37.43;car;;1;22.00;241564.191871;5043.553227;28.530415;99.428967;5.564358;0;77066.053460
73707.00;E2J1_0;100.00;12.26;73631.00;0.74;A2A3_0;4.60;0.00;tripinfo_flow_0.738 emissions_flow_0.738;76.00;flow_0.738;0;632.42;0.95;0.00;27.67;car;;1;11.00;222123.180879;3794.206152;22.523754;90.631031;4.590964;0;70865.095201
73796.00;E2J1_0;100.00;13.41;73731.00;0.97;A2A3_0;4.60;0.00;tripinfo_flow_0.739 emissions_flow_0.739;65.00;flow_0.739;0;632.42;1.14;0.00;18.19;car;;1;3.00;199303.739718;2865.048817;17.803450;81.865862;3.912641;0;63585.522631
73887.00;E2J1_0;100.00;13.02;73830.00;0.20;A2A3_0;4.60;0.00;tripinfo_flow_0.740 emissions_flow_0.740;57.00;flow_0.740;0;632.42;1.06;0.00;10.46;car;;0;0.00;165634.903810;1887.995218;12.529384;66.818853;2.906361;0;52844.965021
73993.00;E2J1_0;100.00;11.43;73930.00;0.43;A2A3_0;4.60;0.00;tripinfo_flow_0.741 emissions_flow_0.741;63.00;flow_0.741;0;632.42;0.88;0.00;10.64;car;;0;0.00;160487.456770;1864.494698;12.288205;63.817194;2.705228;0;51202.749759
74086.00;E2J1_0;100.00;13.13;74030.00;0.66;A2A3_0;4.60;0.00;tripinfo_flow_0.742 emissions_flow_0.742;56.00;flow_0.742;0;632.42;1.03;0.00;10.08;car;;0;0.00;164437.284248;1850.512182;12.343350;66.973396;2.929226;0;52462.729867
74247.00;E2J1_0;100.00;12.33;74130.00;0.89;A2A3_0;4.60;0.00;tripinfo_flow_0.743 emissions_flow_0.743;117.00;flow_0.743;0;632.42;0.97;0.00;68.71;car;;1;54.00;315282.595935;8490.054166;45.856421;129.776214;8.191933;0;100581.680058
74339.00;E2J1_0;100.00;12.36;74229.00;0.12;A2A3_0;4.60;0.00;tripinfo_flow_0.744 emissions_flow_0.744;110.00;flow_0.744;0;632.42;0.90;0.00;57.60;car;;1;42.00;287861.946211;7253.553819;39.587753;117.453922;7.108482;0;91834.813032
74428.00;E2J1_0;100.00;11.65;74329.00;0.35;A2A3_0;4.60;0.00;tripinfo_flow_0.745 emissions_flow_0.745;99.00;flow_0.745;0;632.42;0.93;0.00;49.46;car;;1;33.00;257924.703402;6152.731486;33.959293;105.559850;6.221674;0;82284.496483
74515.00;E2J1_0;100.00;12.65;74429.00;0.58;A2A3_0;4.60;0.00;tripinfo_flow_0.746 emissions_flow_0.746;86.00;flow_0.746;0;632.42;1.04;0.00;40.12;car;;1;23.00;243559.477663;5033.951021;28.626621;100.322009;5.592074;0;77702.642380
74606.00;E2J1_0;100.00;13.02;74529.00;0.81;A2A3_0;4.60;0.00;tripinfo_flow_0.747 emissions_flow_0.747;77.00;flow_0.747;0;632.42;1.00;0.00;30.57;car;;1;14.00;230332.412787;4145.955925;24.195293;94.430957;4.925614;0;73483.816087
74697.00;E2J1_0;100.00;12.00;74628.00;0.04;A2A3_0;4.60;0.00;tripinfo_flow_0.748 emissions_flow_0.748;69.00;flow_0.748;0;632.42;0.95;0.00;20.27;car;;1;3.00;192642.555159;2891.496523;17.850085;79.469560;3.839530;0;61459.945956
74785.00;E2J1_0;100.00;12.69;74728.00;0.27;A2A3_0;4.60;0.00;tripinfo_flow_0.749 emissions_flow_0.749;57.00;flow_0.749;0;632.42;1.05;0.00;10.98;car;;0;0.00;173320.544777;1850.311103;12.615982;69.344177;2.925130;0;55297.378772
74885.00;E2J1_0;100.00;13.55;74828.00;0.50;A2A3_0;4.60;0.00;tripinfo_flow_0.750 emissions_flow_0.750;57.00;flow_0.750;0;632.42;1.13;0.00;10.91;car;;0;0.00;169282.522545;1855.476343;12.443590;67.774163;2.893117;0;54009.014507
74985.00;E2J1_0;100.00;13.29;74928.00;0.73;A2A3_0;4.60;0.00;tripinfo_flow_0.751 emissions_flow_0.751;57.00;flow_0.751;0;632.42;0.99;0.00;10.71;car;;0;0.00;167699.552613;1837.806038;12.325307;67.313309;2.873244;0;53503.916740
75146.00;E2J1_0;100.00;13.58;75028.00;0.96;A2A3_0;4.60;0.00;tripinfo_flow_0.752 emissions_flow_0.752;118.00;flow_0.752;0;632.42;1.05;0.00;71.77;car;;1;55.00;327672.107757;8851.817615;47.863986;135.615222;8.608389;0;104533.954630
75236.00;E2J1_0;100.00;13.63;75127.00;0.19;A2A3_0;4.60;0.00;tripinfo_flow_0.753 emissions_flow_0.753;109.00;flow_0.753;0;632.42;1.06;0.00;63.09;car;;1;49.00;299595.673234;7921.461256;42.938408;124.545939;7.840673;0;95577.119757
75327.00;E2J1_0;100.00;12.70;75227.00;0.42;A2A3_0;4.60;0.00;tripinfo_flow_0.754 emissions_flow_0.754;100.00;flow_0.754;0;632.42;0.94;0.00;50.86;car;;1;34.00;276577.118871;6492.637113;35.910541;113.280845;6.653138;0;88235.292800
75416.00;E2J1_0;100.00;13.50;75327.00;0.65;A2A3_0;4.60;0.00;tripinfo_flow_0.755 emissions_flow_0.755;89.00;flow_0.755;0;632.42;1.02;0.00;41.81;car;;1;26.00;261846.580422;5536.186777;31.345845;107.845233;6.052681;0;83536.560305
75506.00;E2J1_0;100.00;12.67;75427.00;0.88;A2A3_0;4.60;0.00;tripinfo_flow_0.756 emissions_flow_0.756;79.00;flow_0.756;0;632.42;1.14;0.00;32.21;car;;1;17.00;231981.698383;4349.603294;25.200616;94.977566;5.031697;0;74009.785887
75596.00;E2J1_0;100.00;12.72;75526.00;0.11;A2A3_0;4.60;0.00;tripinfo_flow_0.757 emissions_flow_0.757;70.00;flow_0.757;0;632.42;1.01;0.00;23.09;car;;1;7.00;214901.081054;3386.480781;20.523818;88.164285;4.347729;0;68561.290260
75686.00;E2J1_0;100.00;12.08;75626.00;0.34;A2A3_0;4.60;0.00;tripinfo_flow_0.758 emissions_flow_0.758;60.00;flow_0.758;0;632.42;0.96;0.00;10.81;car;;0;0.00;164863.749634;2013.641519;13.161419;67.434238;3.022424;0;52598.373834
75787.00;E2J1_0;100.00;12.96;75726.00;0.57;A2A3_0;4.60;0.00;tripinfo_flow_0.759 emissions_flow_0.759;61.00;flow_0.759;0;632.42;0.94;0.00;11.01;car;;0;0.00;174224.898219;1893.154260;12.788757;69.282302;2.891591;0;55585.887350
75886.00;E2J1_0;100.00;12.78;75826.00;0.80;A2A3_0;4.60;0.00;tripinfo_flow_0.760 emissions_flow_0.760;60.00;flow_0.760;0;632.42;0.97;0.00;11.37;car;;0;0.00;173952.610609;2046.319470;13.315423;69.005385;2.979838;0;55498.950306
76048.00;E2J1_0;100.00;11.58;75925.00;0.03;A2A3_0;4.60;0.00;tripinfo_flow_0.761 emissions_flow_0.761;123.00;flow_0.761;0;632.42;0.89;0.00;70.89;car;;1;56.00;310003.690760;8654.698372;46.436094;126.644565;8.081550;0;98897.340216
76136.00;E2J1_0;100.00;13.66;76025.00;0.26;A2A3_0;4.60;0.00;tripinfo_flow_0.762 emissions_flow_0.762;111.00;flow_0.762;0;632.42;1.14;0.00;65.06;car;;1;47.00;310096.576390;7933.851227;43.121203;126.350911;7.745874;0;98928.265123
76229.00;E2J1_0;100.00;11.39;76125.00;0.49;A2A3_0;4.60;0.00;tripinfo_flow_0.763 emissions_flow_0.763;104.00;flow_0.763;0;632.42;0.85;0.00;49.93;car;;1;32.00;258960.015420;6211.835031;34.280548;105.338213;6.160844;0;82614.811190
76315.00;E2J1_0;100.00;12.76;76225.00;0.72;A2A3_0;4.60;0.00;tripinfo_flow_0.764 emissions_flow_0.764;90.00;flow_0.764;0;632.42;1.14;0.00;44.18;car;;1;27.00;256470.419749;5627.767116;31.608055;105.533188;6.037724;0;81821.185709
76405.00;E2J1_0;100.00;12.91;76325.00;0.95;A2A3_0;4.60;0.00;tripinfo_flow_0.765 emissions_flow_0.765;80.00;flow_0.765;0;632.42;1.03;0.00;33.52;car;;1;17.00;234179.031814;4413.673123;25.671608;96.698902;5.175702;0;74710.485180
76496.00;E2J1_0;100.00;13.83;76424.00;0.18;A2A3_0;4.60;0.00;tripinfo_flow_0.766 emissions_flow_0.766;72.00;flow_0.766;0;632.42;1.03;0.00;26.04;car;;1;9.00;221219.387182;3623.882199;21.738145;90.574956;4.536227;0;70576.937034
76596.00;E2J1_0;100.00;10.05;76524.00;0.41;A2A3_0;4.60;0.00;tripinfo_flow_0.767 emissions_flow_0.767;72.00;flow_0.767;0;632.42;0.76;0.00;11.49;car;;0;0.00;161305.820483;2137.638383;13.555089;63.108460;2.662002;0;51463.543693
76683.00;E2J1_0;100.00;13.11;76624.00;0.64;A2A3_0;4.60;0.00;tripinfo_flow_0.768 emissions_flow_0.768;59.00;flow_0.768;0;632.42;0.98;0.00;11.56;car;;0;0.00;165641.838060;1891.979982;12.592720;66.415020;2.850050;0;52847.230784
76780.00;E2J1_0;100.00;12.89;76724.00;0.87;A2A3_0;4.60;0.00;tripinfo_flow_0.769 emissions_flow_0.769;56.00;flow_0.769;0;632.42;1.07;0.00;9.71;car;;0;0.00;173313.574514;1922.905463;12.922939;70.525459;3.068866;0;55294.713519
76946.00;E2J1_0;100.00;12.99;76823.00;0.10;A2A3_0;4.60;0.00;tripinfo_flow_0.770 emissions_flow_0.770;123.00;flow_0.770;0;632.42;1.00;0.00;75.37;car;;1;59.00;331277.546771;9243.699692;49.652886;137.658562;8.898300;0;105683.594250
77042.00;E2J1_0;100.00;10.59;76923.00;0.33;A2A3_0;4.60;0.00;tripinfo_flow_0.771 emissions_flow_0.771;119.00;flow_0.771;0;632.42;0.77;0.00;58.53;car;;1;42.00;280485.669425;7640.350959;41.175408;114.497493;7.140946;0;89480.597007
77129.00;E2J1_0;100.00;12.06;77023.00;0.56;A2A3_0;4.60;0.00;tripinfo_flow_0.772 emissions_flow_0.772;106.00;flow_0.772;0;632.42;0.88;0.00;52.87;car;;1;37.00;274070.697572;6694.701016;36.778975;111.740603;6.633408;0;87435.340171
77216.00;E2J1_0;100.00;13.67;77123.00;0.79;A2A3_0;4.60;0.00;tripinfo_flow_0.773 emissions_flow_0.773;93.00;flow_0.773;0;632.42;1.04;0.00;46.53;car;;1;29.00;265790.817579;5898.936815;32.946336;108.893373;6.231218;0;84794.701533
77313.00;E2J1_0;100.00;9.25;77222.00;0.02;A2A3_0;4.60;0.00;tripinfo_flow_0.774 emissions_flow_0.774;91.00;flow_0.774;0;632.42;0.75;0.00;28.75;car;;1;12.00;201093.591860;4121.097591;23.466913;81.436336;4.338810;0;64154.843661
77396.00;E2J1_0;100.00;13.85;77322.00;0.25;A2A3_0;4.60;0.00;tripinfo_flow_0.775 emissions_flow_0.775;74.00;flow_0.775;0;632.42;1.03;0.00;27.39;car;;1;12.00;224163.029437;3914.836612;23.252268;93.531900;4.883305;0;71515.172027
77486.00;E2J1_0;100.00;13.30;77422.00;0.48;A2A3_0;4.60;0.00;tripinfo_flow_0.776 emissions_flow_0.776;64.00;flow_0.776;0;632.42;0.96;0.00;15.50;car;;0;0.00;192271.131539;2538.581271;16.274165;79.412203;3.680750;0;61341.930611
77580.00;E2J1_0;100.00;12.43;77522.00;0.71;A2A3_0;4.60;0.00;tripinfo_flow_0.777 emissions_flow_0.777;58.00;flow_0.777;0;632.42;0.98;0.00;10.90;car;;0;0.00;166996.958024;1838.987374;12.311324;66.565181;2.817309;0;53279.837064
77679.00;E2J1_0;100.00;13.68;77622.00;0.94;A2A3_0;4.60;0.00;tripinfo_flow_0.778 emissions_flow_0.778;57.00;flow_0.778;0;632.42;1.00;0.00;10.01;car;;0;0.00;176049.229487;1922.826442;12.703189;69.720612;2.943825;0;56168.240473
77779.00;E2J1_0;100.00;12.53;77721.00;0.17;A2A3_0;4.60;0.00;tripinfo_flow_0.779 emissions_flow_0.779;58.00;flow_0.779;0;632.42;0.97;0.00;10.83;car;;0;0.00;172950.237414;1944.850651;13.021908;69.751499;3.006572;0;55178.874120
77936.00;E2J1_0;100.00;13.02;77821.00;0.40;A2A3_0;4.60;0.00;tripinfo_flow_0.780 emissions_flow_0.780;115.00;flow_0.780;0;632.42;1.04;0.00;67.63;car;;1;50.00;314284.401549;8237.998123;44.600290;128.798617;7.998070;0;100263.762908
78026.00;E2J1_0;100.00;13.52;77921.00;0.63;A2A3_0;4.60;0.00;tripinfo_flow_0.781 emissions_flow_0.781;105.00;flow_0.781;0;632.42;0.99;0.00;58.04;car;;1;43.00;290421.145959;7167.281846;39.168692;118.808635;7.174802;0;92651.588477
78116.00;E2J1_0;100.00;13.02;78021.00;0.86;A2A3_0;4.60;0.00;tripinfo_flow_0.782 emissions_flow_0.782;95.00;flow_0.782;0;632.42;0.97;0.00;47.45;car;;1;32.00;262066.942705;5985.358740;33.275563;107.121833;6.213675;0;83606.511119
78206.00;E2J1_0;100.00;13.06;78120.00;0.09;A2A3_0;4.60;0.00;tripinfo_flow_0.783 emissions_flow_0.783;86.00;flow_0.783;0;632.42;1.01;0.00;39.37;car;;1;23.00;248713.575097;5212.388592;29.596065;103.311299;5.804677;0;79346.540197
78297.00;E2J1_0;100.00;12.19;78220.00;0.32;A2A3_0;4.60;0.00;tripinfo_flow_0.784 emissions_flow_0.784;77.00;flow_0.784;0;632.42;0.95;0.00;27.69;car;;1;11.00;215755.736866;3915.990638;22.984311;89.451311;4.688775;0;68832.855777
78389.00;E2J1_0;100.00;11.48;78320.00;0.55;A2A3_0;4.60;0.00;tripinfo_flow_0.785 emissions_flow_0.785;69.00;flow_0.785;0;632.42;0.89;0.00;15.99;car;;0;0.00;174665.324579;2306.756452;14.724142;70.824923;3.187343;0;55725.281469
78478.00;E2J1_0;100.00;13.51;78420.00;0.78;A2A3_0;4.60;0.00;tripinfo_flow_0.786 emissions_flow_0.786;58.00;flow_0.786;0;632.42;1.10;0.00;11.48;car;;0;0.00;172483.485269;2000.216883;13.265606;69.576018;3.040126;0;55029.902116
78579.00;E2J1_0;100.00;12.91;78519.00;0.01;A2A3_0;4.60;0.00;tripinfo_flow_0.787 emissions_flow_0.787;60.00;flow_0.787;0;632.42;0.95;0.00;11.44;car;;0;0.00;167397.250025;1879.235497;12.476122;66.700184;2.822902;0;53407.448870
78680.00;E2J1_0;100.00;12.73;78619.00;0.24;A2A3_0;4.60;0.00;tripinfo_flow_0.788 emissions_flow_0.788;61.00;flow_0.788;0;632.42;0.93;0.00;10.45;car;;0;0.00;168262.994230;1938.266722;12.808915;66.761069;2.828743;0;53683.626714
78837.00;E2J1_0;100.00;12.82;78719.00;0.47;A2A3_0;4.60;0.00;tripinfo_flow_0.789 emissions_flow_0.789;118.00;flow_0.789;0;632.42;0.97;0.00;69.58;car;;1;53.00;312384.059366;8447.808175;45.546347;128.662944;8.142542;0;99656.920742
78925.00;E2J1_0;100.00;13.77;78819.00;0.70;A2A3_0;4.60;0.00;tripinfo_flow_0.790 emissions_flow_0.790;106.00;flow_0.790;0;632.42;1.04;0.00;59.75;car;;1;44.00;296437.405012;7475.376946;40.787847;122.383589;7.500712;0;94570.330546
79017.00;E2J1_0;100.00;12.96;78919.00;0.93;A2A3_0;4.60;0.00;tripinfo_flow_0.791 emissions_flow_0.791;98.00;flow_0.791;0;632.42;0.95;0.00;48.87;car;;1;33.00;263717.318972;6085.923366;33.686133;107.061240;6.188595;0;84133.118045
79109.00;E2J1_0;100.00;11.62;79018.00;0.16;A2A3_0;4.60;0.00;tripinfo_flow_0.792 emissions_flow_0.792;91.00;flow_0.792;0;632.42;0.87;0.00;37.62;car;;1;21.00;236340.203758;5081.913277;28.713798;96.904550;5.406081;0;75399.101024
79196.00;E2J1_0;100.00;12.78;79118.00;0.39;A2A3_0;4.60;0.00;tripinfo_flow_0.793 emissions_flow_0.793;78.00;flow_0.793;0;632.42;1.00;0.00;31.83;car;;1;16.00;225833.598404;4201.709013;24.461998;92.855109;4.922768;0;72048.225882
79286.00;E2J1_0;100.00;13.88;79218.00;0.62;A2A3_0;4.60;0.00;tripinfo_flow_0.794 emissions_flow_0.794;68.00;flow_0.794;0;632.42;1.01;0.00;21.84;car;;1;4.00;210864.162040;3208.241866;19.628406;86.835783;4.252913;0;67273.433318
79362.00;E2J1_0;100.00;9.88;79200.00;0.00;A2A1_0;10.10;0.00;tripinfo_flow_1.11 emissions_flow_1.11;162.00;flow_1.11;0;632.08;1.08;60.00;37.44;bus;;2;9.00;373131.592499;11684.915358;61.576414;153.956794;10.417757;0;119033.955124
79374.00;E2J1_0;100.00;12.61;79318.00;0.85;A2A3_0;4.60;0.00;tripinfo_flow_0.795 emissions_flow_0.795;56.00;flow_0.795;0;632.42;1.16;0.00;10.13;car;;0;0.00;169734.083859;1814.255338;12.257284;67.905632;2.869479;0;54153.160161
79476.00;E2J1_0;100.00;12.61;79417.00;0.08;A2A3_0;4.60;0.00;tripinfo_flow_0.796 emissions_flow_0.796;59.00;flow_0.796;0;632.42;0.98;0.00;10.83;car;;0;0.00;169550.155715;1986.316452;13.153674;68.308059;2.983088;0;54094.003621
79573.00;E2J1_0;100.00;13.49;79517.00;0.31;A2A3_0;4.60;0.00;tripinfo_flow_0.797 emissions_flow_0.797;56.00;flow_0.797;0;632.42;1.14;0.00;10.46;car;;0;0.00;167660.024562;1860.772526;12.435221;67.807643;2.942611;0;53491.149736
79738.00;E2J1_0;100.00;12.47;79617.00;0.54;A2A3_0;4.60;0.00;tripinfo_flow_0.798 emissions_flow_0.798;121.00;flow_0.798;0;632.42;0.91;0.00;69.22;car;;1;53.00;313463.798942;8496.117311;45.739502;128.069201;8.068938;0;100001.595327
79830.00;E2J1_0;100.00;11.12;79717.00;0.77;A2A3_0;4.60;0.00;tripinfo_flow_0.799 emissions_flow_0.799;113.00;flow_0.799;0;632.42;0.84;0.00;57.22;car;;1;40.00;270465.189153;7135.832600;38.686655;110.757475;6.841234;0;86284.159873
79916.00;E2J1_0;100.00;12.78;79816.00;0.00;A2A3_0;4.60;0.00;tripinfo_flow_0.800 emissions_flow_0.800;100.00;flow_0.800;0;632.42;1.12;0.00;53.73;car;;1;38.00;278612.071658;6732.941834;37.079301;114.456536;6.850620;0;88884.190427
80010.00;E2J1_0;100.00;11.81;79916.00;0.23;A2A3_0;4.60;0.00;tripinfo_flow_0.801 emissions_flow_0.801;94.00;flow_0.801;0;632.42;0.87;0.00;40.36;car;;1;26.00;238737.844231;5194.104789;29.208880;96.328434;5.343410;0;76164.390693
80096.00;E2J1_0;100.00;12.89;80016.00;0.46;A2A3_0;4.60;0.00;tripinfo_flow_0.802 emissions_flow_0.802;80.00;flow_0.802;0;632.42;1.19;0.00;33.13;car;;1;18.00;237209.468968;4557.329210;26.363145;97.769029;5.258067;0;75677.221211
80186.00;E2J1_0;100.00;13.03;80116.00;0.69;A2A3_0;4.60;0.00;tripinfo_flow_0.803 emissions_flow_0.803;70.00;flow_0.803;0;632.42;1.14;0.00;23.82;car;;1;7.00;215123.485866;3236.978597;19.771373;87.077512;4.185301;0;68632.871447
80274.00;E2J1_0;100.00;13.17;80216.00;0.92;A2A3_0;4.60;0.00;tripinfo_flow_0.804 emissions_flow_0.804;58.00;flow_0.804;0;632.42;1.03;0.00;10.84;car;;0;0.00;182655.236898;2101.760386;14.033846;74.858496;3.309666;0;58274.799293
80372.00;E2J1_0;100.00;13.17;80315.00;0.15;A2A3_0;4.60;0.00;tripinfo_flow_0.805 emissions_flow_0.805;57.00;flow_0.805;0;632.42;1.05;0.00;11.21;car;;0;0.00;164598.305960;1964.142611;12.934753;67.322001;3.013069;0;52513.822653
80471.00;E2J1_0;100.00;13.61;80415.00;0.38;A2A3_0;4.60;0.00;tripinfo_flow_0.806 emissions_flow_0.806;56.00;flow_0.806;0;632.42;1.10;0.00;10.28;car;;0;0.00;170733.646176;1964.880035;13.075423;69.775186;3.081377;0;54471.387255
80636.00;E2J1_0;100.00;13.71;80515.00;0.61;A2A3_0;4.60;0.00;tripinfo_flow_0.807 emissions_flow_0.807;121.00;flow_0.807;0;632.42;1.09;0.00;74.05;car;;1;57.00;322872.652191;8865.233312;47.514790;131.795646;8.391386;0;103003.264068
80727.00;E2J1_0;100.00;12.22;80615.00;0.84;A2A3_0;4.60;0.00;tripinfo_flow_0.808 emissions_flow_0.808;112.00;flow_0.808;0;632.42;0.95;0.00;62.59;car;;1;46.00;291523.658660;7704.091797;41.711919;120.007352;7.484983;0;93002.237248
80818.00;E2J1_0;100.00;12.55;80714.00;0.07;A2A3_0;4.60;0.00;tripinfo_flow_0.809 emissions_flow_0.809;104.00;flow_0.809;0;632.42;0.92;0.00;52.84;car;;1;35.00;275774.069948;6570.447687;36.223337;112.373132;6.613996;0;87979.085865
80906.00;E2J1_0;100.00;13.47;80814.00;0.30;A2A3_0;4.60;0.00;tripinfo_flow_0.810 emissions_flow_0.810;92.00;flow_0.810;0;632.42;1.03;0.00;45.32;car;;1;27.00;259743.739599;5806.797497;32.501120;107.398384;6.199992;0;82865.130411
80997.00;E2J1_0;100.00;12.00;80914.00;0.53;A2A3_0;4.60;0.00;tripinfo_flow_0.811 emissions_flow_0.811;83.00;flow_0.811;0;632.42;0.95;0.00;34.36;car;;1;18.00;233679.231700;4590.195329;26.386177;95.610528;5.154013;0;74550.973222
81085.00;E2J1_0;100.00;13.86;81014.00;0.76;A2A3_0;4.60;0.00;tripinfo_flow_0.812 emissions_flow_0.812;71.00;flow_0.812;0;632.42;1.06;0.00;24.66;car;;1;9.00;217590.186672;3549.511247;21.301555;89.326591;4.475105;0;69419.058074
81175.00;E2J1_0;100.00;12.84;81114.00;0.99;A2A3_0;4.60;0.00;tripinfo_flow_0.813 emissions_flow_0.813;61.00;flow_0.813;0;632.42;1.11;0.00;14.38;car;;0;0.00;188991.487635;2415.057006;15.687707;78.700374;3.647412;0;60295.546997
81270.00;E2J1_0;100.00;13.53;81213.00;0.22;A2A3_0;4.60;0.00;tripinfo_flow_0.814 emissions_flow_0.814;57.00;flow_0.814;0;632.42;1.10;0.00;11.05;car;;0;0.00;168489.597745;1944.694018;12.886768;68.427203;3.031507;0;53755.593212
81376.00;E2J1_0;100.00;11.95;81313.00;0.45;A2A3_0;4.60;0.00;tripinfo_flow_0.815 emissions_flow_0.815;63.00;flow_0.815;0;632.42;0.88;0.00;10.34;car;;0;0.00;159890.806493;1900.474976;12.551784;64.200964;2.757285;0;51012.108532
81541.00;E2J1_0;100.00;10.07;81413.00;0.68;A2A3_0;4.60;0.00;tripinfo_flow_0.816 emissions_flow_0.816;128.00;flow_0.816;0;632.42;0.81;0.00;71.09;car;;1;56.00;300663.554874;8732.795559;46.549984;122.626480;7.944843;0;95917.117785
81626.00;E2J1_0;100.00;13.27;81513.00;0.91;A2A3_0;4.60;0.00;tripinfo_flow_0.817 emissions_flow_0.817;113.00;flow_0.817;0;632.42;0.99;0.00;66.35;car;;1;51.00;312967.135594;8138.832234;44.110859;128.219788;7.942874;0;99843.664493
81716.00;E2J1_0;100.00;12.59;81612.00;0.14;A2A3_0;4.60;0.00;tripinfo_flow_0.818 emissions_flow_0.818;104.00;flow_0.818;0;632.42;0.99;0.00;56.54;car;;1;42.00;289056.966071;7132.134286;39.072659;118.723266;7.172719;0;92216.199296
81805.00;E2J1_0;100.00;13.47;81712.00;0.37;A2A3_0;4.60;0.00;tripinfo_flow_0.819 emissions_flow_0.819;93.00;flow_0.819;0;632.42;1.00;0.00;46.37;car;;1;30.00;264304.666997;6014.928942;33.631079;109.817641;6.412904;0;84319.860448
81896.00;E2J1_0;100.00;12.87;81812.00;0.60;A2A3_0;4.60;0.00;tripinfo_flow_0.820 emissions_flow_0.820;84.00;flow_0.820;0;632.42;0.99;0.00;36.97;car;;1;22.00;247968.853228;5050.557938;28.708895;102.030650;5.649341;0;79109.529460
81986.00;E2J1_0;100.00;12.77;81912.00;0.83;A2A3_0;4.60;0.00;tripinfo_flow_0.821 emissions_flow_0.821;74.00;flow_0.821;0;632.42;1.00;0.00;28.04;car;;1;12.00;220112.854189;3880.734495;22.812408;90.491261;4.706540;0;70223.457303
82075.00;E2J1_0;100.00;13.43;82011.00;0.06;A2A3_0;4.60;0.00;tripinfo_flow_0.822 emissions_flow_0.822;64.00;flow_0.822;0;632.42;1.02;0.00;18.20;car;;1;1.00;199031.307847;2720.817397;17.219122;81.794626;3.835535;0;63498.761546
82182.00;E2J1_0;100.00;9.42;82111.00;0.29;A2A3_0;4.60;0.00;tripinfo_flow_0.823 emissions_flow_0.823;71.00;flow_0.823;0;632.42;0.76;0.00;10.20;car;;0;0.00;160985.267125;2088.957647;13.338078;63.110391;2.649612;0;51361.310023
82268.00;E2J1_0;100.00;13.03;82211.00;0.52;A2A3_0;4.60;0.00;tripinfo_flow_0.824 emissions_flow_0.824;57.00;flow_0.824;0;632.42;1.04;0.00;11.07;car;;0;0.00;166411.170368;1937.641072;12.815970;67.725259;3.010896;0;53092.427574
82368.00;E2J1_0;100.00;12.96;82311.00;0.75;A2A3_0;4.60;0.00;tripinfo_flow_0.825 emissions_flow_0.825;57.00;flow_0.825;0;632.42;1.18;0.00;10.84;car;;0;0.00;165080.665232;1770.043258;11.919877;65.489643;2.746798;0;52668.659193
82526.00;E2J1_0;100.00;13.00;82411.00;0.98;A2A3_0;4.60;0.00;tripinfo_flow_0.826 emissions_flow_0.826;115.00;flow_0.826;0;632.42;1.00;0.00;68.01;car;;1;51.00;316719.160183;8401.202611;45.312133;130.009278;8.170125;0;101040.408786
82616.00;E2J1_0;100.00;12.95;82510.00;0.21;A2A3_0;4.60;0.00;tripinfo_flow_0.827 emissions_flow_0.827;106.00;flow_0.827;0;632.42;1.15;0.00;59.61;car;;1;43.00;290109.956056;7244.863582;39.614982;119.193383;7.227359;0;92551.960712
82706.00;E2J1_0;100.00;13.76;82610.00;0.44;A2A3_0;4.60;0.00;tripinfo_flow_0.828 emissions_flow_0.828;96.00;flow_0.828;0;632.42;1.00;0.00;49.48;car;;1;35.00;281778.576574;6410.239476;35.817086;116.374126;6.784813;0;89894.738684
82796.00;E2J1_0;100.00;13.65;82710.00;0.67;A2A3_0;4.60;0.00;tripinfo_flow_0.829 emissions_flow_0.829;86.00;flow_0.829;0;632.42;1.01;0.00;39.54;car;;1;22.00;251647.208977;5132.695966;29.154723;102.774158;5.649534;0;80283.235858
82892.00;E2J1_0;100.00;10.40;82810.00;0.90;A2A3_0;4.60;0.00;tripinfo_flow_0.830 emissions_flow_0.830;82.00;flow_0.830;0;632.42;0.79;0.00;22.57;car;;1;7.00;193256.402967;3397.781107;20.059693;78.172047;3.890327;0;61655.370008
82975.00;E2J1_0;100.00;13.78;82909.00;0.13;A2A3_0;4.60;0.00;tripinfo_flow_0.831 emissions_flow_0.831;66.00;flow_0.831;0;632.42;1.08;0.00;20.29;car;;1;4.00;201349.799691;2850.390284;17.773411;82.671002;3.932845;0;64238.404355
83069.00;E2J1_0;100.00;12.28;83009.00;0.36;A2A3_0;4.60;0.00;tripinfo_flow_0.832 emissions_flow_0.832;60.00;flow_0.832;0;632.42;0.97;0.00;12.27;car;;0;0.00;168038.346597;1919.830811;12.696857;67.196507;2.892999;0;53611.931029
83167.00;E2J1_0;100.00;13.00;83109.00;0.59;A2A3_0;4.60;0.00;tripinfo_flow_0.833 emissions_flow_0.833;58.00;flow_0.833;0;632.42;1.09;0.00;11.48;car;;0;0.00;173129.521724;1969.597762;13.112727;70.020254;3.060127;0;55236.046152
83343.00;E2J1_0;100.00;9.28;83209.00;0.82;A2A3_0;4.60;0.00;tripinfo_flow_0.834 emissions_flow_0.834;134.00;flow_0.834;0;632.42;0.76;0.00;71.70;car;;1;58.00;304645.764249;8992.746912;47.765587;123.446841;8.017252;0;97187.487025
83429.00;E2J1_0;100.00;11.91;83308.00;0.05;A2A3_0;4.60;0.00;tripinfo_flow_0.835 emissions_flow_0.835;121.00;flow_0.835;0;632.42;0.90;0.00;68.67;car;;1;51.00;308278.596067;8396.475144;45.279708;126.456453;7.982949;0;98347.145890
83516.00;E2J1_0;100.00;12.96;83408.00;0.28;A2A3_0;4.60;0.00;tripinfo_flow_0.836 emissions_flow_0.836;108.00;flow_0.836;0;632.42;0.97;0.00;60.17;car;;1;43.00;289806.374258;7376.716009;40.227859;118.905018;7.268547;0;92454.902290
83609.00;E2J1_0;100.00;12.01;83508.00;0.51;A2A3_0;4.60;0.00;tripinfo_flow_0.837 emissions_flow_0.837;101.00;flow_0.837;0;632.42;0.86;0.00;47.09;car;;1;30.00;253416.632420;5919.453797;32.762117;102.497326;5.921627;0;80846.774531
83696.00;E2J1_0;100.00;13.33;83608.00;0.74;A2A3_0;4.60;0.00;tripinfo_flow_0.838 emissions_flow_0.838;88.00;flow_0.838;0;632.42;1.10;0.00;41.28;car;;1;26.00;255661.256127;5544.982495;31.204240;105.865305;6.035866;0;81562.921570
83787.00;E2J1_0;100.00;13.19;83708.00;0.97;A2A3_0;4.60;0.00;tripinfo_flow_0.839 emissions_flow_0.839;79.00;flow_0.839;0;632.42;0.96;0.00;30.11;car;;1;14.00;225309.496445;3955.061421;23.298161;91.262777;4.646565;0;71881.702366
83877.00;E2J1_0;100.00;12.80;83807.00;0.20;A2A3_0;4.60;0.00;tripinfo_flow_0.840 emissions_flow_0.840;70.00;flow_0.840;0;632.42;0.96;0.00;21.60;car;;1;5.00;205256.179435;3096.906795;19.023309;83.784309;4.033125;0;65484.448364
83970.00;E2J1_0;100.00;12.61;83907.00;0.43;A2A3_0;4.60;0.00;tripinfo_flow_0.841 emissions_flow_0.841;63.00;flow_0.841;0;632.42;0.91;0.00;11.80;car;;0;0.00;171922.089827;2051.511908;13.480421;69.469654;3.039822;0;54850.540422
84065.00;E2J1_0;100.00;13.62;84007.00;0.66;A2A3_0;4.60;0.00;tripinfo_flow_0.842 emissions_flow_0.842;58.00;flow_0.842;0;632.42;0.99;0.00;10.54;car;;0;0.00;171181.602457;1968.023878;13.042098;68.947550;3.006445;0;54614.606672
84164.00;E2J1_0;100.00;13.55;84107.00;0.89;A2A3_0;4.60;0.00;tripinfo_flow_0.843 emissions_flow_0.843;57.00;flow_0.843;0;632.42;1.03;0.00;10.19;car;;0;0.00;170573.877049;1870.752019;12.456203;68.032650;2.906177;0;54421.147172
84325.00;E2J1_0;100.00;13.60;84206.00;0.12;A2A3_0;4.60;0.00;tripinfo_flow_0.844 emissions_flow_0.844;119.00;flow_0.844;0;632.42;1.07;0.00;72.56;car;;1;57.00;327661.355274;8914.637722;48.099138;135.137888;8.597248;0;104530.601325
84415.00;E2J1_0;100.00;13.42;84306.00;0.35;A2A3_0;4.60;0.00;tripinfo_flow_0.845 emissions_flow_0.845;109.00;flow_0.845;0;632.42;1.17;0.00;63.39;car;;1;46.00;299294.315652;7771.332935;42.239284;123.152582;7.632494;0;95481.523787
84510.00;E2J1_0;100.00;11.55;84406.00;0.58;A2A3_0;4.60;0.00;tripinfo_flow_0.846 emissions_flow_0.846;104.00;flow_0.846;0;632.42;0.84;0.00;48.61;car;;1;35.00;265603.947244;6416.448765;35.374636;108.420068;6.378425;0;84734.219040
84602.00;E2J1_0;100.00;9.81;84506.00;0.81;A2A3_0;4.60;0.00;tripinfo_flow_0.847 emissions_flow_0.847;96.00;flow_0.847;0;632.42;0.79;0.00;36.98;car;;1;22.00;234462.744284;5075.692364;28.567064;94.786702;5.208950;0;74800.360388
84688.00;E2J1_0;100.00;11.65;84605.00;0.04;A2A3_0;4.60;0.00;tripinfo_flow_0.848 emissions_flow_0.848;83.00;flow_0.848;0;632.42;0.92;0.00;31.56;car;;1;17.00;230956.102983;4539.271784;26.093759;94.678148;5.102107;0;73682.104832
84777.00;E2J1_0;100.00;12.78;84705.00;0.27;A2A3_0;4.60;0.00;tripinfo_flow_0.849 emissions_flow_0.849;72.00;flow_0.849;0;632.42;0.96;0.00;23.84;car;;1;7.00;207330.021975;3315.435570;19.934414;84.238521;4.135367;0;66145.982097
84864.00;E2J1_0;100.00;13.11;84805.00;0.50;A2A3_0;4.60;0.00;tripinfo_flow_0.850 emissions_flow_0.850;59.00;flow_0.850;0;632.42;1.07;0.00;12.74;car;;0;0.00;183598.247382;2119.103953;14.044043;74.522726;3.261162;0;58575.875085
84964.00;E2J1_0;100.00;13.14;84905.00;0.73;A2A3_0;4.60;0.00;tripinfo_flow_0.851 emissions_flow_0.851;59.00;flow_0.851;0;632.42;0.99;0.00;11.47;car;;0;0.00;175365.214987;1905.918787;12.714173;69.218928;2.895355;0;55950.030758
85061.00;E2J1_0;100.00;12.74;85005.00;0.96;A2A3_0;4.60;0.00;tripinfo_flow_0.852 emissions_flow_0.852;56.00;flow_0.852;0;632.42;1.17;0.00;9.68;car;;0;0.00;160813.409113;1695.023488;11.561388;64.482207;2.726925;0;51307.042508
85160.00;E2J1_0;100.00;13.07;85104.00;0.19;A2A3_0;4.60;0.00;tripinfo_flow_0.853 emissions_flow_0.853;56.00;flow_0.853;0;632.42;1.17;0.00;10.51;car;;0;0.00;162723.124754;1841.926505;12.386869;66.256858;2.904553;0;51915.780393
85316.00;E2J1_0;100.00;13.02;85204.00;0.42;A2A3_0;4.60;0.00;tripinfo_flow_0.854 emissions_flow_0.854;112.00;flow_0.854;0;632.42;0.98;0.00;64.97;car;;1;48.00;299431.696828;8070.229640;43.576853;124.051095;7.854964;0;95524.676109
85413.00;E2J1_0;100.00;9.89;85304.00;0.65;A2A3_0;4.60;0.00;tripinfo_flow_0.855 emissions_flow_0.855;109.00;flow_0.855;0;632.42;0.75;0.00;47.25;car;;1;31.00;245788.559765;6196.068795;33.847350;99.968833;5.953706;0;78412.245663
85499.00;E2J1_0;100.00;11.11;85404.00;0.88;A2A3_0;4.60;0.00;tripinfo_flow_0.856 emissions_flow_0.856;95.00;flow_0.856;0;632.42;0.88;0.00;41.88;car;;1;27.00;237188.296237;5455.362997;30.335900;97.024648;5.600790;0;75669.297359
85585.00;E2J1_0;100.00;13.01;85503.00;0.11;A2A3_0;4.60;0.00;tripinfo_flow_0.857 emissions_flow_0.857;82.00;flow_0.857;0;632.42;1.01;0.00;35.67;car;;1;18.00;234984.722317;4676.652683;26.871676;97.324758;5.330899;0;74967.063686
85677.00;E2J1_0;100.00;11.95;85603.00;0.34;A2A3_0;4.60;0.00;tripinfo_flow_0.858 emissions_flow_0.858;74.00;flow_0.858;0;632.42;0.94;0.00;23.71;car;;1;7.00;204811.462029;3401.475376;20.422922;84.154860;4.227699;0;65341.950129
85766.00;E2J1_0;100.00;13.19;85703.00;0.57;A2A3_0;4.60;0.00;tripinfo_flow_0.859 emissions_flow_0.859;63.00;flow_0.859;0;632.42;1.01;0.00;16.59;car;;0;0.00;190698.339109;2346.248620;15.212572;77.630181;3.488352;0;60840.835263
85868.00;E2J1_0;100.00;10.76;85803.00;0.80;A2A3_0;4.60;0.00;tripinfo_flow_0.860 emissions_flow_0.860;65.00;flow_0.860;0;632.42;0.86;0.00;11.05;car;;0;0.00;159494.814629;1959.624687;12.744469;63.932112;2.771362;0;50885.693691
85959.00;E2J1_0;100.00;12.65;85902.00;0.03;A2A3_0;4.60;0.00;tripinfo_flow_0.861 emissions_flow_0.861;57.00;flow_0.861;0;632.42;1.05;0.00;10.90;car;;0;0.00;165012.192987;1961.120636;12.977006;68.006433;3.070974;0;52645.736262
86060.00;E2J1_0;100.00;13.29;86002.00;0.26;A2A3_0;4.60;0.00;tripinfo_flow_0.862 emissions_flow_0.862;58.00;flow_0.862;0;632.42;1.07;0.00;11.20;car;;0;0.00;168496.514203;1944.447331;12.979584;68.254404;2.983379;0;53757.782405
86216.00;E2J1_0;100.00;13.77;86102.00;0.49;A2A3_0;4.60;0.00;tripinfo_flow_0.863 emissions_flow_0.863;114.00;flow_0.863;0;632.42;1.12;0.00;67.76;car;;1;51.00;321397.820656;8500.512225;46.019721;132.866514;8.349299;0;102532.698224
86306.00;E2J1_0;100.00;13.16;86202.00;0.72;A2A3_0;4.60;0.00;tripinfo_flow_0.864 emissions_flow_0.864;104.00;flow_0.864;0;632.42;1.13;0.00;58.34;car;;1;42.00;294741.237167;7237.546780;39.802653;121.505099;7.343039;0;94029.501054
86398.00;E2J1_0;100.00;11.86;86302.00;0.95;A2A3_0;4.60;0.00;tripinfo_flow_0.865 emissions_flow_0.865;96.00;flow_0.865;0;632.42;0.91;0.00;44.80;car;;1;31.00;256086.860407;5862.509585;32.678188;104.820290;6.048068;0;81698.481097
