tripinfo_arrival;tripinfo_arrivalLane;tripinfo_arrivalPos;tripinfo_arrivalSpeed;tripinfo_depart;tripinfo_departDelay;tripinfo_departLane;tripinfo_departPos;tripinfo_departSpeed;tripinfo_devices;tripinfo_duration;tripinfo_id;tripinfo_rerouteNo;tripinfo_routeLength;tripinfo_speedFactor;tripinfo_stopTime;tripinfo_timeLoss;tripinfo_vType;tripinfo_vaporized;tripinfo_waitingCount;tripinfo_waitingTime;emissions_CO2_abs;emissions_CO_abs;emissions_HC_abs;emissions_NOx_abs;emissions_PMx_abs;emissions_electricity_abs;emissions_fuel_abs
86.00;E2J1_0;100.00;13.39;0.00;0.00;A2A3_0;4.60;0.00;tripinfo_flow_0.0 emissions_flow_0.0;86.00;flow_0.0;0;632.42;1.06;0.00;38.91;car;;1;23.00;242224.952847;5114.243572;28.915085;99.905087;5.621984;0;77276.694761
162.00;E2J1_0;100.00;9.37;0.00;0.00;A2A1_0;10.10;0.00;tripinfo_flow_1.0 emissions_flow_1.0;162.00;flow_1.0;0;632.08;0.94;60.00;37.96;bus;;1;8.00;386936.728716;12041.071591;63.508907;159.542592;10.745306;0;123438.086602
173.00;E2J1_0;100.00;13.60;115.00;0.11;A2A3_0;4.60;0.00;tripinfo_flow_0.1 emissions_flow_0.1;58.00;flow_0.1;0;632.42;1.01;0.00;11.65;car;;0;0.00;188150.741614;2222.110444;14.693087;76.948637;3.435555;0;60028.098660
286.00;E2J1_0;100.00;13.08;230.00;0.22;A2A3_0;4.60;0.00;tripinfo_flow_0.2 emissions_flow_0.2;56.00;flow_0.2;0;632.42;1.08;0.00;9.81;car;;0;0.00;171666.992098;1848.856043;12.481089;68.789564;2.917515;0;54769.812412
445.00;E2J1_0;100.00;13.79;345.00;0.33;A2A3_0;4.60;0.00;tripinfo_flow_0.3 emissions_flow_0.3;100.00;flow_0.3;0;632.42;1.03;0.00;53.54;car;;1;36.00;284415.093064;6691.493399;36.960015;116.360870;6.848551;0;90735.936060
540.00;E2J1_0;100.00;11.22;460.00;0.44;A2A3_0;4.60;0.00;tripinfo_flow_0.4 emissions_flow_0.4;80.00;flow_0.4;0;632.42;0.83;0.00;23.61;car;;1;6.00;200125.223920;3307.990444;19.819726;80.175489;3.867430;0;63847.336439
632.00;E2J1_0;100.00;13.77;575.00;0.55;A2A3_0;4.60;0.00;tripinfo_flow_0.5 emissions_flow_0.5;57.00;flow_0.5;0;632.42;1.05;0.00;11.35;car;;0;0.00;170843.774520;2032.240670;13.266671;69.586175;3.116407;0;54506.567241
809.00;E2J1_0;100.00;11.58;690.00;0.66;A2A3_0;4.60;0.00;tripinfo_flow_0.6 emissions_flow_0.6;119.00;flow_0.6;0;632.42;0.89;0.00;66.18;car;;1;51.00;304826.861122;8242.371458;44.470472;124.440746;7.803375;0;97246.207326
897.00;E2J1_0;100.00;11.85;805.00;0.77;A2A3_0;4.60;0.00;tripinfo_flow_0.7 emissions_flow_0.7;92.00;flow_0.7;0;632.42;0.94;0.00;42.79;car;;1;24.00;246277.543130;5397.413840;30.258052;100.565404;5.691119;0;78569.511614
989.00;E2J1_0;100.00;11.64;920.00;0.88;A2A3_0;4.60;0.00;tripinfo_flow_0.8 emissions_flow_0.8;69.00;flow_0.8;0;632.42;0.86;0.00;14.63;car;;0;0.00;182975.464469;2430.833841;15.486695;73.276624;3.245278;0;58376.764903
1093.00;E2J1_0;100.00;13.42;1035.00;0.99;A2A3_0;4.60;0.00;tripinfo_flow_0.9 emissions_flow_0.9;58.00;flow_0.9;0;632.42;1.09;0.00;11.99;car;;0;0.00;168882.831275;1952.779413;12.908803;68.350871;3.000269;0;53881.112363
1256.00;E2J1_0;100.00;13.15;1149.00;0.10;A2A3_0;4.60;0.00;tripinfo_flow_0.10 emissions_flow_0.10;107.00;flow_0.10;0;632.42;1.03;0.00;60.31;car;;1;45.00;290918.800997;7397.267372;40.265193;119.454015;7.331427;0;92809.900419
1345.00;E2J1_0;100.00;13.37;1264.00;0.21;A2A3_0;4.60;0.00;tripinfo_flow_0.11 emissions_flow_0.11;81.00;flow_0.11;0;632.42;1.05;0.00;35.39;car;;1;17.00;234040.092216;4504.531281;25.996204;96.248561;5.175819;0;74666.156423
1436.00;E2J1_0;100.00;12.67;1379.00;0.32;A2A3_0;4.60;0.00;tripinfo_flow_0.12 emissions_flow_0.12;57.00;flow_0.12;0;632.42;1.12;0.00;10.43;car;;0;0.00;166806.732996;1865.828042;12.496060;67.524066;2.929129;0;53218.820611
1616.00;E2J1_0;100.00;13.45;1494.00;0.43;A2A3_0;4.60;0.00;tripinfo_flow_0.13 emissions_flow_0.13;122.00;flow_0.13;0;632.42;0.99;0.00;74.75;car;;1;58.00;331183.591380;9051.537849;48.772924;136.737509;8.718739;0;105654.151855
1708.00;E2J1_0;100.00;11.94;1609.00;0.54;A2A3_0;4.60;0.00;tripinfo_flow_0.14 emissions_flow_0.14;99.00;flow_0.14;0;632.42;0.93;0.00;48.56;car;;1;33.00;267925.557979;6196.481223;34.341851;108.510199;6.253985;0;85475.641687
1799.00;E2J1_0;100.00;11.07;1724.00;0.65;A2A3_0;4.60;0.00;tripinfo_flow_0.15 emissions_flow_0.15;75.00;flow_0.15;0;632.42;0.88;0.00;22.40;car;;1;7.00;196330.555577;3200.867471;19.285355;80.233410;3.954620;0;62636.361688
1900.00;E2J1_0;100.00;12.63;1839.00;0.76;A2A3_0;4.60;0.00;tripinfo_flow_0.16 emissions_flow_0.16;61.00;flow_0.16;0;632.42;0.94;0.00;11.19;car;;0;0.00;163428.065177;1957.608963;12.916752;66.514140;2.934212;0;52140.436353
2067.00;E2J1_0;100.00;12.61;1954.00;0.87;A2A3_0;4.60;0.00;tripinfo_flow_0.17 emissions_flow_0.17;113.00;flow_0.17;0;632.42;0.94;0.00;63.09;car;;1;47.00;292965.594171;7700.810729;41.760318;120.930926;7.538760;0;93462.195968
2156.00;E2J1_0;100.00;12.93;2069.00;0.98;A2A3_0;4.60;0.00;tripinfo_flow_0.18 emissions_flow_0.18;87.00;flow_0.18;0;632.42;1.16;0.00;40.61;car;;1;24.00;245329.997884;5118.067641;28.919668;100.700116;5.626357;0;78267.562644
2245.00;E2J1_0;100.00;13.17;2183.00;0.09;A2A3_0;4.60;0.00;tripinfo_flow_0.19 emissions_flow_0.19;62.00;flow_0.19;0;632.42;1.02;0.00;16.29;car;;0;0.00;198013.394499;2561.180133;16.350026;80.934084;3.725468;0;63174.420983
2356.00;E2J1_0;100.00;13.37;2298.00;0.20;A2A3_0;4.60;0.00;tripinfo_flow_0.20 emissions_flow_0.20;58.00;flow_0.20;0;632.42;1.01;0.00;11.94;car;;0;0.00;168999.784688;1953.609908;12.941624;68.497732;2.998110;0;53918.350877
2517.00;E2J1_0;100.00;12.69;2413.00;0.31;A2A3_0;4.60;0.00;tripinfo_flow_0.21 emissions_flow_0.21;104.00;flow_0.21;0;632.42;0.97;0.00;56.59;car;;1;40.00;285796.702567;7051.021823;38.657322;117.258390;7.057312;0;91176.066639
2608.00;E2J1_0;100.00;11.61;2528.00;0.42;A2A3_0;4.60;0.00;tripinfo_flow_0.22 emissions_flow_0.22;80.00;flow_0.22;0;632.42;0.89;0.00;27.89;car;;1;11.00;209018.322426;3842.825032;22.468960;85.913359;4.485535;0;66683.498659
2710.00;E2J1_0;100.00;10.82;2643.00;0.53;A2A3_0;4.60;0.00;tripinfo_flow_0.23 emissions_flow_0.23;67.00;flow_0.23;0;632.42;0.83;0.00;11.52;car;;0;0.00;157125.577067;1942.231559;12.613620;62.197845;2.645006;0;50129.950692
2879.00;E2J1_0;100.00;11.54;2758.00;0.64;A2A3_0;4.60;0.00;tripinfo_flow_0.24 emissions_flow_0.24;121.00;flow_0.24;0;632.42;0.87;0.00;68.05;car;;1;53.00;303782.582243;8369.647182;45.039286;124.218942;7.868854;0;96912.771294
2968.00;E2J1_0;100.00;12.65;2873.00;0.75;A2A3_0;4.60;0.00;tripinfo_flow_0.25 emissions_flow_0.25;95.00;flow_0.25;0;632.42;0.92;0.00;43.18;car;;1;26.00;250821.536275;5438.533493;30.577982;101.964683;5.710728;0;80019.344879
3057.00;E2J1_0;100.00;13.08;2988.00;0.86;A2A3_0;4.60;0.00;tripinfo_flow_0.26 emissions_flow_0.26;69.00;flow_0.26;0;632.42;0.95;0.00;20.82;car;;1;4.00;200153.309600;2978.225079;18.328317;81.844828;3.926841;0;63856.453519
3160.00;E2J1_0;100.00;12.67;3103.00;0.97;A2A3_0;4.60;0.00;tripinfo_flow_0.27 emissions_flow_0.27;57.00;flow_0.27;0;632.42;1.13;0.00;11.24;car;;0;0.00;166391.731602;1845.872188;12.453016;67.367769;2.904703;0;53086.397226
3327.00;E2J1_0;100.00;12.46;3217.00;0.08;A2A3_0;4.60;0.00;tripinfo_flow_0.28 emissions_flow_0.28;110.00;flow_0.28;0;632.42;0.93;0.00;59.39;car;;1;45.00;289421.332265;7410.080173;40.345694;117.568577;7.154571;0;92332.308367
3416.00;E2J1_0;100.00;13.13;3332.00;0.19;A2A3_0;4.60;0.00;tripinfo_flow_0.29 emissions_flow_0.29;84.00;flow_0.29;0;632.42;1.18;0.00;37.61;car;;1;23.00;243697.161051;4947.742496;28.180403;99.998497;5.489419;0;77746.786805
3504.00;E2J1_0;100.00;13.16;3447.00;0.30;A2A3_0;4.60;0.00;tripinfo_flow_0.30 emissions_flow_0.30;57.00;flow_0.30;0;632.42;1.15;0.00;11.03;car;;0;0.00;163618.492999;1750.991837;11.795369;64.779498;2.698911;0;52202.205205
3621.00;E2J1_0;100.00;12.64;3562.00;0.41;A2A3_0;4.60;0.00;tripinfo_flow_0.31 emissions_flow_0.31;59.00;flow_0.31;0;632.42;1.01;0.00;11.85;car;;0;0.00;171653.102458;2087.259062;13.594441;69.883829;3.131266;0;54764.664253
3775.00;E2J1_0;100.00;13.25;3677.00;0.52;A2A3_0;4.60;0.00;tripinfo_flow_0.32 emissions_flow_0.32;98.00;flow_0.32;0;632.42;1.17;0.00;52.45;car;;1;38.00;276642.169502;6626.496886;36.540715;113.566975;6.757602;0;88255.877640
3866.00;E2J1_0;100.00;12.78;3792.00;0.63;A2A3_0;4.60;0.00;tripinfo_flow_0.33 emissions_flow_0.33;74.00;flow_0.33;0;632.42;0.99;0.00;27.29;car;;1;11.00;213180.270586;3749.928246;21.999530;87.464014;4.518106;0;68011.775795
3966.00;E2J1_0;100.00;13.14;3907.00;0.74;A2A3_0;4.60;0.00;tripinfo_flow_0.34 emissions_flow_0.34;59.00;flow_0.34;0;632.42;1.02;0.00;11.87;car;;0;0.00;173339.913931;1966.017923;13.079881;69.622008;2.993480;0;55303.297034
4136.00;E2J1_0;100.00;13.35;4022.00;0.85;A2A3_0;4.60;0.00;tripinfo_flow_0.35 emissions_flow_0.35;114.00;flow_0.35;0;632.42;0.97;0.00;65.93;car;;1;50.00;313316.937863;8254.374680;44.711732;128.922525;8.064762;0;99954.911945
4225.00;E2J1_0;100.00;13.36;4137.00;0.96;A2A3_0;4.60;0.00;tripinfo_flow_0.36 emissions_flow_0.36;88.00;flow_0.36;0;632.42;1.18;0.00;41.94;car;;1;24.00;255666.573722;5414.811587;30.540023;104.790800;5.888929;0;81565.159678
4316.00;E2J1_0;100.00;13.68;4251.00;0.07;A2A3_0;4.60;0.00;tripinfo_flow_0.37 emissions_flow_0.37;65.00;flow_0.37;0;632.42;1.10;0.00;18.46;car;;1;1.00;198423.399550;2784.641048;17.532086;82.190290;3.927417;0;63304.507840
4429.00;E2J1_0;100.00;11.47;4366.00;0.18;A2A3_0;4.60;0.00;tripinfo_flow_0.38 emissions_flow_0.38;63.00;flow_0.38;0;632.42;0.90;0.00;11.44;car;;0;0.00;158835.325667;1943.668929;12.689961;64.011293;2.802221;0;50675.245603
4586.00;E2J1_0;100.00;13.44;4481.00;0.29;A2A3_0;4.60;0.00;tripinfo_flow_0.39 emissions_flow_0.39;105.00;flow_0.39;0;632.42;1.03;0.00;58.64;car;;1;43.00;291064.202039;7330.006971;40.040822;120.543774;7.373361;0;92856.029461
4677.00;E2J1_0;100.00;13.03;4596.00;0.40;A2A3_0;4.60;0.00;tripinfo_flow_0.40 emissions_flow_0.40;81.00;flow_0.40;0;632.42;0.96;0.00;31.34;car;;1;14.00;228384.763432;4198.109935;24.553186;93.418334;4.875910;0;72862.238460
4769.00;E2J1_0;100.00;13.58;4711.00;0.51;A2A3_0;4.60;0.00;tripinfo_flow_0.41 emissions_flow_0.41;58.00;flow_0.41;0;632.42;1.09;0.00;11.56;car;;0;0.00;177388.121794;2028.130698;13.562449;72.074635;3.159967;0;56594.580474
4946.00;E2J1_0;100.00;12.64;4826.00;0.62;A2A3_0;4.60;0.00;tripinfo_flow_0.42 emissions_flow_0.42;120.00;flow_0.42;0;632.42;1.04;0.00;73.73;car;;1;57.00;329734.488612;8993.512925;48.486465;136.483729;8.700629;0;105191.792498
5036.00;E2J1_0;100.00;13.68;4941.00;0.73;A2A3_0;4.60;0.00;tripinfo_flow_0.43 emissions_flow_0.43;95.00;flow_0.43;0;632.42;1.04;0.00;48.73;car;;1;32.00;267969.867915;6227.320676;34.620458;111.489885;6.596120;0;85488.977356
5126.00;E2J1_0;100.00;13.80;5056.00;0.84;A2A3_0;4.60;0.00;tripinfo_flow_0.44 emissions_flow_0.44;70.00;flow_0.44;0;632.42;1.09;0.00;23.60;car;;1;9.00;223794.446874;3618.386514;21.885058;92.786384;4.685319;0;71398.188711
5228.00;E2J1_0;100.00;12.78;5171.00;0.95;A2A3_0;4.60;0.00;tripinfo_flow_0.45 emissions_flow_0.45;57.00;flow_0.45;0;632.42;1.00;0.00;9.97;car;;0;0.00;170671.915651;1908.276021;12.853440;69.103612;2.991521;0;54451.953302
5399.00;E2J1_0;100.00;11.58;5285.00;0.06;A2A3_0;4.60;0.00;tripinfo_flow_0.46 emissions_flow_0.46;114.00;flow_0.46;0;632.42;0.90;0.00;62.76;car;;1;46.00;293206.883238;7734.373467;41.914754;120.174016;7.457492;0;93539.329039
5489.00;E2J1_0;100.00;11.83;5400.00;0.17;A2A3_0;4.60;0.00;tripinfo_flow_0.47 emissions_flow_0.47;89.00;flow_0.47;0;632.42;0.88;0.00;36.10;car;;1;20.00;224923.864170;4646.867498;26.421042;90.995659;4.942982;0;71757.604084
5580.00;E2J1_0;100.00;10.84;5515.00;0.28;A2A3_0;4.60;0.00;tripinfo_flow_0.48 emissions_flow_0.48;65.00;flow_0.48;0;632.42;0.85;0.00;10.03;car;;0;0.00;161644.237412;1928.190633;12.698121;64.578073;2.754351;0;51571.589666
5760.00;E2J1_0;100.00;11.02;5630.00;0.39;A2A3_0;4.60;0.00;tripinfo_flow_0.49 emissions_flow_0.49;130.00;flow_0.49;0;632.42;0.85;0.00;74.72;car;;1;60.00;322200.516164;9313.042961;49.710039;132.052037;8.583188;0;102787.757163
5846.00;E2J1_0;100.00;13.21;5745.00;0.50;A2A3_0;4.60;0.00;tripinfo_flow_0.50 emissions_flow_0.50;101.00;flow_0.50;0;632.42;1.17;0.00;53.99;car;;1;38.00;291234.847500;6975.684805;38.425026;119.945213;7.167620;0;92911.200345
5935.00;E2J1_0;100.00;13.07;5860.00;0.61;A2A3_0;4.60;0.00;tripinfo_flow_0.51 emissions_flow_0.51;75.00;flow_0.51;0;632.42;1.02;0.00;29.38;car;;1;14.00;226396.625064;4045.271321;23.621642;92.425698;4.798007;0;72228.362815
6032.00;E2J1_0;100.00;13.30;5975.00;0.72;A2A3_0;4.60;0.00;tripinfo_flow_0.52 emissions_flow_0.52;57.00;flow_0.52;0;632.42;1.10;0.00;10.62;car;;0;0.00;169327.084221;1895.834584;12.676355;68.437724;2.967257;0;54022.963490
6206.00;E2J1_0;100.00;13.50;6090.00;0.83;A2A3_0;4.60;0.00;tripinfo_flow_0.53 emissions_flow_0.53;116.00;flow_0.53;0;632.42;1.00;0.00;69.63;car;;1;52.00;320730.333022;8520.183383;46.020262;131.775049;8.276793;0;102319.973629
6296.00;E2J1_0;100.00;13.41;6205.00;0.94;A2A3_0;4.60;0.00;tripinfo_flow_0.54 emissions_flow_0.54;91.00;flow_0.54;0;632.42;1.00;0.00;44.69;car;;1;27.00;256763.727957;5615.092527;31.496883;105.708914;6.031250;0;81914.757922
6388.00;E2J1_0;100.00;11.28;6319.00;0.05;A2A3_0;4.60;0.00;tripinfo_flow_0.55 emissions_flow_0.55;69.00;flow_0.55;0;632.42;0.90;0.00;17.82;car;;1;3.00;191439.165843;2755.702589;17.073467;77.659061;3.643555;0;61076.575067
6491.00;E2J1_0;100.00;12.89;6434.00;0.16;A2A3_0;4.60;0.00;tripinfo_flow_0.56 emissions_flow_0.56;57.00;flow_0.56;0;632.42;1.14;0.00;10.58;car;;0;0.00;169107.716556;1898.577839;12.708321;68.321747;2.978078;0;53952.990789
6656.00;E2J1_0;100.00;12.99;6549.00;0.27;A2A3_0;4.60;0.00;tripinfo_flow_0.57 emissions_flow_0.57;107.00;flow_0.57;0;632.42;1.02;0.00;60.84;car;;1;43.00;290830.809446;7514.905585;40.897726;120.778083;7.510375;0;92781.210820
6747.00;E2J1_0;100.00;12.65;6664.00;0.38;A2A3_0;4.60;0.00;tripinfo_flow_0.58 emissions_flow_0.58;83.00;flow_0.58;0;632.42;0.97;0.00;35.37;car;;1;17.00;233886.928834;4534.099103;26.114650;96.333556;5.203296;0;74617.168074
6836.00;E2J1_0;100.00;13.37;6779.00;0.49;A2A3_0;4.60;0.00;tripinfo_flow_0.59 emissions_flow_0.59;57.00;flow_0.59;0;632.42;1.08;0.00;11.23;car;;0;0.00;161796.388042;1838.401775;12.179430;65.270582;2.823781;0;51620.321691
6951.00;E2J1_0;100.00;13.83;6894.00;0.60;A2A3_0;4.60;0.00;tripinfo_flow_0.60 emissions_flow_0.60;57.00;flow_0.60;0;632.42;1.12;0.00;10.73;car;;0;0.00;171372.745622;1891.937093;12.631585;68.476978;2.925460;0;54675.933878
7106.00;E2J1_0;100.00;13.02;7009.00;0.71;A2A3_0;4.60;0.00;tripinfo_flow_0.61 emissions_flow_0.61;97.00;flow_0.61;0;632.42;1.02;0.00;49.86;car;;1;34.00;275702.381016;6461.632812;35.756326;113.735401;6.722496;0;87956.077067
7196.00;E2J1_0;100.00;12.73;7124.00;0.82;A2A3_0;4.60;0.00;tripinfo_flow_0.62 emissions_flow_0.62;72.00;flow_0.62;0;632.42;0.99;0.00;24.43;car;;1;9.00;215399.732528;3455.015399;20.843427;88.230483;4.381194;0;68720.340611
7303.00;E2J1_0;100.00;11.65;7239.00;0.93;A2A3_0;4.60;0.00;tripinfo_flow_0.63 emissions_flow_0.63;64.00;flow_0.63;0;632.42;0.88;0.00;10.85;car;;0;0.00;164717.874853;1961.037776;12.893116;65.677344;2.807177;0;52552.293469
7364.00;E2J1_0;100.00;9.32;7200.00;0.00;A2A1_0;10.10;0.00;tripinfo_flow_1.1 emissions_flow_1.1;164.00;flow_1.1;0;632.08;0.94;60.00;39.39;bus;;3;11.00;391409.664277;12193.483292;64.308889;161.518607;10.894066;0;124864.972605
7468.00;E2J1_0;100.00;11.77;7353.00;0.04;A2A3_0;4.60;0.00;tripinfo_flow_0.64 emissions_flow_0.64;115.00;flow_0.64;0;632.42;0.91;0.00;63.81;car;;1;48.00;300494.541551;8010.246025;43.246624;123.054638;7.693831;0;95864.208191
7558.00;E2J1_0;100.00;11.68;7468.00;0.15;A2A3_0;4.60;0.00;tripinfo_flow_0.65 emissions_flow_0.65;90.00;flow_0.65;0;632.42;0.91;0.00;39.30;car;;1;23.00;231928.768047;5049.021477;28.434494;95.522824;5.399023;0;73991.578298
7645.00;E2J1_0;100.00;12.99;7583.00;0.26;A2A3_0;4.60;0.00;tripinfo_flow_0.66 emissions_flow_0.66;62.00;flow_0.66;0;632.42;1.04;0.00;15.58;car;;0;0.00;195577.039997;2517.345959;16.215164;80.702439;3.722759;0;62396.831992
7756.00;E2J1_0;100.00;13.76;7698.00;0.37;A2A3_0;4.60;0.00;tripinfo_flow_0.67 emissions_flow_0.67;58.00;flow_0.67;0;632.42;1.02;0.00;11.57;car;;0;0.00;175540.747561;1985.280737;13.385579;71.477981;3.126206;0;56005.145230
7915.00;E2J1_0;100.00;13.53;7813.00;0.48;A2A3_0;4.60;0.00;tripinfo_flow_0.68 emissions_flow_0.68;102.00;flow_0.68;0;632.42;1.02;0.00;55.79;car;;1;38.00;281080.133046;6867.383470;37.676445;115.773074;6.974362;0;89671.394023
8006.00;E2J1_0;100.00;13.26;7928.00;0.59;A2A3_0;4.60;0.00;tripinfo_flow_0.69 emissions_flow_0.69;78.00;flow_0.69;0;632.42;0.97;0.00;31.01;car;;1;14.00;218308.667227;3960.214284;23.188669;89.165599;4.632344;0;69647.798580
8105.00;E2J1_0;100.00;11.96;8043.00;0.70;A2A3_0;4.60;0.00;tripinfo_flow_0.70 emissions_flow_0.70;62.00;flow_0.70;0;632.42;0.94;0.00;12.10;car;;0;0.00;169084.800460;2055.030314;13.402128;68.371869;3.023322;0;53945.302725
8276.00;E2J1_0;100.00;13.41;8158.00;0.81;A2A3_0;4.60;0.00;tripinfo_flow_0.71 emissions_flow_0.71;118.00;flow_0.71;0;632.42;1.06;0.00;71.19;car;;1;56.00;325014.023956;8804.082417;47.527166;134.347572;8.522807;0;103685.990576
8367.00;E2J1_0;100.00;12.96;8273.00;0.92;A2A3_0;4.60;0.00;tripinfo_flow_0.72 emissions_flow_0.72;94.00;flow_0.72;0;632.42;0.96;0.00;45.59;car;;1;27.00;253083.643259;5688.188798;31.799837;104.099178;5.985232;0;80740.430619
8456.00;E2J1_0;100.00;12.93;8387.00;0.03;A2A3_0;4.60;0.00;tripinfo_flow_0.73 emissions_flow_0.73;69.00;flow_0.73;0;632.42;0.98;0.00;21.96;car;;1;6.00;205483.171626;3227.907374;19.591284;84.267805;4.152813;0;65556.630492
8558.00;E2J1_0;100.00;12.91;8502.00;0.14;A2A3_0;4.60;0.00;tripinfo_flow_0.74 emissions_flow_0.74;56.00;flow_0.74;0;632.42;1.03;0.00;9.97;car;;0;0.00;172556.177664;1816.243541;12.337724;68.865735;2.890464;0;55053.649804
8727.00;E2J1_0;100.00;13.54;8617.00;0.25;A2A3_0;4.60;0.00;tripinfo_flow_0.75 emissions_flow_0.75;110.00;flow_0.75;0;632.42;0.98;0.00;62.23;car;;1;45.00;297091.856401;7598.482012;41.342515;122.447350;7.539471;0;94778.989155
8817.00;E2J1_0;100.00;12.83;8732.00;0.36;A2A3_0;4.60;0.00;tripinfo_flow_0.76 emissions_flow_0.76;85.00;flow_0.76;0;632.42;1.01;0.00;38.15;car;;1;21.00;242795.405047;5042.799870;28.629939;100.104253;5.574944;0;77458.767555
8904.00;E2J1_0;100.00;12.69;8847.00;0.47;A2A3_0;4.60;0.00;tripinfo_flow_0.77 emissions_flow_0.77;57.00;flow_0.77;0;632.42;1.09;0.00;10.70;car;;0;0.00;166466.896668;1920.548593;12.741384;67.734809;3.002247;0;53110.231800
9019.00;E2J1_0;100.00;13.57;8962.00;0.58;A2A3_0;4.60;0.00;tripinfo_flow_0.78 emissions_flow_0.78;57.00;flow_0.78;0;632.42;1.03;0.00;11.07;car;;0;0.00;172630.357157;1920.812912;12.969863;70.003876;3.041669;0;55076.766894
9175.00;E2J1_0;100.00;13.38;9077.00;0.69;A2A3_0;4.60;0.00;tripinfo_flow_0.79 emissions_flow_0.79;98.00;flow_0.79;0;632.42;1.00;0.00;51.49;car;;1;36.00;275542.932014;6549.979063;36.179631;113.816209;6.781742;0;87905.035645
9266.00;E2J1_0;100.00;12.94;9192.00;0.80;A2A3_0;4.60;0.00;tripinfo_flow_0.80 emissions_flow_0.80;74.00;flow_0.80;0;632.42;1.02;0.00;27.95;car;;1;12.00;219473.699478;3885.348610;22.910340;90.573263;4.711279;0;70019.364055
9365.00;E2J1_0;100.00;12.17;9307.00;0.91;A2A3_0;4.60;0.00;tripinfo_flow_0.81 emissions_flow_0.81;58.00;flow_0.81;0;632.42;0.97;0.00;9.81;car;;0;0.00;165594.081108;1860.805683;12.551254;67.392848;2.938541;0;52831.738702
9536.00;E2J1_0;100.00;12.92;9421.00;0.02;A2A3_0;4.60;0.00;tripinfo_flow_0.82 emissions_flow_0.82;115.00;flow_0.82;0;632.42;1.15;0.00;68.66;car;;1;53.00;314997.963279;8526.871663;46.051278;130.350766;8.299543;0;100490.679394
9626.00;E2J1_0;100.00;12.43;9536.00;0.13;A2A3_0;4.60;0.00;tripinfo_flow_0.83 emissions_flow_0.83;90.00;flow_0.83;0;632.42;0.98;0.00;42.66;car;;1;25.00;251392.699461;5465.753329;30.653517;103.055679;5.839993;0;80201.421135
9716.00;E2J1_0;100.00;12.86;9651.00;0.24;A2A3_0;4.60;0.00;tripinfo_flow_0.84 emissions_flow_0.84;65.00;flow_0.84;0;632.42;1.00;0.00;17.87;car;;1;1.00;199737.584742;2768.981766;17.394796;81.992158;3.849632;0;63724.044155
9823.00;E2J1_0;100.00;13.51;9766.00;0.35;A2A3_0;4.60;0.00;tripinfo_flow_0.85 emissions_flow_0.85;57.00;flow_0.85;0;632.42;1.04;0.00;10.59;car;;0;0.00;170365.713549;1887.616806;12.714908;68.655175;2.963111;0;54354.400423
9986.00;E2J1_0;100.00;13.17;9881.00;0.46;A2A3_0;4.60;0.00;tripinfo_flow_0.86 emissions_flow_0.86;105.00;flow_0.86;0;632.42;1.01;0.00;58.53;car;;1;42.00;292000.310155;7220.022120;39.515990;119.603750;7.244657;0;93155.316574
10076.00;E2J1_0;100.00;13.49;9996.00;0.57;A2A3_0;4.60;0.00;tripinfo_flow_0.87 emissions_flow_0.87;80.00;flow_0.87;0;632.42;1.02;0.00;34.16;car;;1;17.00;242007.120679;4625.894016;26.773489;100.031892;5.383568;0;77207.781651
10168.00;E2J1_0;100.00;13.74;10111.00;0.68;A2A3_0;4.60;0.00;tripinfo_flow_0.88 emissions_flow_0.88;57.00;flow_0.88;0;632.42;1.02;0.00;10.56;car;;0;0.00;172959.096138;1943.525122;12.912397;69.543255;3.030380;0;55181.892585
10349.00;E2J1_0;100.00;11.99;10226.00;0.79;A2A3_0;4.60;0.00;tripinfo_flow_0.89 emissions_flow_0.89;123.00;flow_0.89;0;632.42;0.89;0.00;70.25;car;;1;55.00;306647.230631;8599.363068;46.087551;125.580381;8.042262;0;97826.419805
10441.00;E2J1_0;100.00;11.21;10341.00;0.90;A2A3_0;4.60;0.00;tripinfo_flow_0.90 emissions_flow_0.90;100.00;flow_0.90;0;632.42;0.83;0.00;43.75;car;;1;27.00;245888.392387;5636.745598;31.366701;99.656647;5.675610;0;78445.045038
10528.00;E2J1_0;100.00;12.57;10455.00;0.01;A2A3_0;4.60;0.00;tripinfo_flow_0.91 emissions_flow_0.91;73.00;flow_0.91;0;632.42;0.92;0.00;22.48;car;;1;7.00;202970.577574;3240.505898;19.581069;82.292039;4.015697;0;64755.142144
10628.00;E2J1_0;100.00;12.68;10570.00;0.12;A2A3_0;4.60;0.00;tripinfo_flow_0.92 emissions_flow_0.92;58.00;flow_0.92;0;632.42;1.09;0.00;12.14;car;;0;0.00;169192.389317;2021.804086;13.330516;69.205514;3.106706;0;53979.531814
10796.00;E2J1_0;100.00;13.66;10685.00;0.23;A2A3_0;4.60;0.00;tripinfo_flow_0.93 emissions_flow_0.93;111.00;flow_0.93;0;632.42;1.06;0.00;65.01;car;;1;48.00;301360.866854;8015.267755;43.467736;125.625929;7.937174;0;96140.030426
10886.00;E2J1_0;100.00;13.88;10800.00;0.34;A2A3_0;4.60;0.00;tripinfo_flow_0.94 emissions_flow_0.94;86.00;flow_0.94;0;632.42;1.01;0.00;39.07;car;;1;23.00;253099.544854;5168.823666;29.538233;104.927960;5.821454;0;80746.028794
10978.00;E2J1_0;100.00;11.53;10915.00;0.45;A2A3_0;4.60;0.00;tripinfo_flow_0.95 emissions_flow_0.95;63.00;flow_0.95;0;632.42;0.91;0.00;11.12;car;;0;0.00;165636.554893;1969.070594;12.941134;66.268979;2.850742;0;52845.374435
11086.00;E2J1_0;100.00;13.06;11030.00;0.56;A2A3_0;4.60;0.00;tripinfo_flow_0.96 emissions_flow_0.96;56.00;flow_0.96;0;632.42;1.12;0.00;9.81;car;;0;0.00;168585.469611;1826.332068;12.324503;67.884500;2.915854;0;53786.561417
11246.00;E2J1_0;100.00;13.62;11145.00;0.67;A2A3_0;4.60;0.00;tripinfo_flow_0.97 emissions_flow_0.97;101.00;flow_0.97;0;632.42;1.10;0.00;54.61;car;;1;38.00;285069.857621;6777.572821;37.332980;116.823822;6.915251;0;90944.660819
11336.00;E2J1_0;100.00;12.95;11260.00;0.78;A2A3_0;4.60;0.00;tripinfo_flow_0.98 emissions_flow_0.98;76.00;flow_0.98;0;632.42;1.06;0.00;28.95;car;;1;13.00;224215.486466;4047.256301;23.688797;92.150254;4.819677;0;71532.182631
11436.00;E2J1_0;100.00;12.55;11375.00;0.89;A2A3_0;4.60;0.00;tripinfo_flow_0.99 emissions_flow_0.99;61.00;flow_0.99;0;632.42;0.96;0.00;12.43;car;;0;0.00;174692.900107;2104.746730;13.672428;70.081485;3.085088;0;55734.780966
11607.00;E2J1_0;100.00;13.34;11489.00;0.00;A2A3_0;4.60;0.00;tripinfo_flow_0.100 emissions_flow_0.100;118.00;flow_0.100;0;632.42;0.97;0.00;69.17;car;;1;53.00;316119.352397;8474.548293;45.804110;129.871372;8.158746;0;100848.737200
11696.00;E2J1_0;100.00;13.02;11604.00;0.11;A2A3_0;4.60;0.00;tripinfo_flow_0.101 emissions_flow_0.101;92.00;flow_0.101;0;632.42;0.95;0.00;43.45;car;;1;28.00;258328.848199;5696.216366;31.928809;105.590417;5.998113;0;82414.175765
11788.00;E2J1_0;100.00;11.15;11719.00;0.22;A2A3_0;4.60;0.00;tripinfo_flow_0.102 emissions_flow_0.102;69.00;flow_0.102;0;632.42;0.89;0.00;17.37;car;;1;2.00;187535.741266;2614.246667;16.348181;75.715187;3.482641;0;59831.428408
11892.00;E2J1_0;100.00;13.15;11834.00;0.33;A2A3_0;4.60;0.00;tripinfo_flow_0.103 emissions_flow_0.103;58.00;flow_0.103;0;632.42;1.07;0.00;11.49;car;;0;0.00;164947.483855;1852.398898;12.322363;65.902675;2.808983;0;52625.882416
12056.00;E2J1_0;100.00;13.87;11949.00;0.44;A2A3_0;4.60;0.00;tripinfo_flow_0.104 emissions_flow_0.104;107.00;flow_0.104;0;632.42;1.01;0.00;60.01;car;;1;41.00;292449.212604;7292.066608;39.972617;120.659477;7.330302;0;93298.067800
12145.00;E2J1_0;100.00;13.07;12064.00;0.55;A2A3_0;4.60;0.00;tripinfo_flow_0.105 emissions_flow_0.105;81.00;flow_0.105;0;632.42;1.03;0.00;34.68;car;;1;20.00;233850.064549;4656.254186;26.750750;97.240603;5.346229;0;74604.982858
12235.00;E2J1_0;100.00;13.40;12179.00;0.66;A2A3_0;4.60;0.00;tripinfo_flow_0.106 emissions_flow_0.106;56.00;flow_0.106;0;632.42;1.06;0.00;10.19;car;;0;0.00;166262.868768;1916.000963;12.638829;67.624808;2.987629;0;53045.159028
12417.00;E2J1_0;100.00;13.29;12294.00;0.77;A2A3_0;4.60;0.00;tripinfo_flow_0.107 emissions_flow_0.107;123.00;flow_0.107;0;632.42;0.96;0.00;74.85;car;;1;59.00;328890.530657;9181.212709;49.197985;135.237371;8.691252;0;104922.490573
12508.00;E2J1_0;100.00;11.60;12409.00;0.88;A2A3_0;4.60;0.00;tripinfo_flow_0.108 emissions_flow_0.108;99.00;flow_0.108;0;632.42;0.93;0.00;49.05;car;;1;33.00;263592.518361;6101.899520;33.821308;106.473935;6.129078;0;84093.325008
12600.00;E2J1_0;100.00;11.60;12524.00;0.99;A2A3_0;4.60;0.00;tripinfo_flow_0.109 emissions_flow_0.109;76.00;flow_0.109;0;632.42;0.87;0.00;22.74;car;;1;7.00;200272.851099;3329.771546;19.963725;81.233245;3.995369;0;63894.155735
12695.00;E2J1_0;100.00;13.83;12638.00;0.10;A2A3_0;4.60;0.00;tripinfo_flow_0.110 emissions_flow_0.110;57.00;flow_0.110;0;632.42;1.10;0.00;10.57;car;;0;0.00;170410.410463;1906.635723;12.807808;68.712981;2.975694;0;54368.618555
12866.00;E2J1_0;100.00;13.77;12753.00;0.21;A2A3_0;4.60;0.00;tripinfo_flow_0.111 emissions_flow_0.111;113.00;flow_0.111;0;632.42;1.01;0.00;66.70;car;;1;50.00;313659.196110;8180.084768;44.381604;129.139207;8.033313;0;100064.217279
12956.00;E2J1_0;100.00;13.62;12868.00;0.32;A2A3_0;4.60;0.00;tripinfo_flow_0.112 emissions_flow_0.112;88.00;flow_0.112;0;632.42;1.10;0.00;41.93;car;;1;26.00;256410.877134;5436.968060;30.714759;105.746738;5.961985;0;81802.379182
13046.00;E2J1_0;100.00;12.07;12983.00;0.43;A2A3_0;4.60;0.00;tripinfo_flow_0.113 emissions_flow_0.113;63.00;flow_0.113;0;632.42;0.92;0.00;13.09;car;;0;0.00;182201.955234;2159.729030;14.282156;73.761427;3.211106;0;58130.225752
13154.00;E2J1_0;100.00;13.87;13098.00;0.54;A2A3_0;4.60;0.00;tripinfo_flow_0.114 emissions_flow_0.114;56.00;flow_0.114;0;632.42;1.18;0.00;10.38;car;;0;0.00;168548.792770;1864.241679;12.515980;67.971237;2.942950;0;53774.754878
13315.00;E2J1_0;100.00;12.64;13213.00;0.65;A2A3_0;4.60;0.00;tripinfo_flow_0.115 emissions_flow_0.115;102.00;flow_0.115;0;632.42;1.00;0.00;55.73;car;;1;39.00;282901.771108;7115.131379;38.917885;117.559038;7.225915;0;90251.945715
13406.00;E2J1_0;100.00;12.78;13328.00;0.76;A2A3_0;4.60;0.00;tripinfo_flow_0.116 emissions_flow_0.116;78.00;flow_0.116;0;632.42;0.99;0.00;30.91;car;;1;12.00;229353.544231;4089.522186;24.000284;94.313745;4.907081;0;73171.425245
13500.00;E2J1_0;100.00;13.06;13443.00;0.87;A2A3_0;4.60;0.00;tripinfo_flow_0.117 emissions_flow_0.117;57.00;flow_0.117;0;632.42;1.07;0.00;11.15;car;;0;0.00;168733.197619;1918.856451;12.787236;68.200131;2.977221;0;53833.448157
13677.00;E2J1_0;100.00;12.12;13558.00;0.98;A2A3_0;4.60;0.00;tripinfo_flow_0.118 emissions_flow_0.118;119.00;flow_0.118;0;632.42;0.94;0.00;69.13;car;;1;54.00;312510.010553;8624.429091;46.353971;128.591670;8.210690;0;99696.858167
13766.00;E2J1_0;100.00;13.50;13672.00;0.09;A2A3_0;4.60;0.00;tripinfo_flow_0.119 emissions_flow_0.119;94.00;flow_0.119;0;632.42;1.10;0.00;47.71;car;;1;32.00;265373.454868;6145.380888;34.180411;109.948623;6.468290;0;84660.806675
13856.00;E2J1_0;100.00;12.87;13787.00;0.20;A2A3_0;4.60;0.00;tripinfo_flow_0.120 emissions_flow_0.120;69.00;flow_0.120;0;632.42;1.03;0.00;22.09;car;;1;5.00;206174.062052;3013.238245;18.599478;84.624373;4.067905;0;65777.389355
13959.00;E2J1_0;100.00;13.08;13902.00;0.31;A2A3_0;4.60;0.00;tripinfo_flow_0.121 emissions_flow_0.121;57.00;flow_0.121;0;632.42;1.02;0.00;10.73;car;;0;0.00;167249.667446;1829.953978;12.327597;67.178753;2.863861;0;53360.330694
14125.00;E2J1_0;100.00;13.88;14017.00;0.42;A2A3_0;4.60;0.00;tripinfo_flow_0.122 emissions_flow_0.122;108.00;flow_0.122;0;632.42;1.06;0.00;62.12;car;;1;48.00;304512.988943;7791.206999;42.408395;125.909961;7.799311;0;97146.461512
14216.00;E2J1_0;100.00;12.98;14132.00;0.53;A2A3_0;4.60;0.00;tripinfo_flow_0.123 emissions_flow_0.123;84.00;flow_0.123;0;632.42;1.15;0.00;37.84;car;;1;23.00;247326.436915;5016.454492;28.595377;101.423686;5.583112;0;78904.690116
14305.00;E2J1_0;100.00;13.79;14247.00;0.64;A2A3_0;4.60;0.00;tripinfo_flow_0.124 emissions_flow_0.124;58.00;flow_0.124;0;632.42;1.03;0.00;10.87;car;;0;0.00;175341.775655;2009.979819;13.240476;70.512624;3.064960;0;55941.984693
14490.00;E2J1_0;100.00;10.74;14362.00;0.75;A2A3_0;4.60;0.00;tripinfo_flow_0.125 emissions_flow_0.125;128.00;flow_0.125;0;632.42;0.82;0.00;71.49;car;;1;57.00;307103.413047;8889.727249;47.414041;125.184408;8.104982;0;97971.643715
14564.00;E2J1_0;100.00;9.42;14400.00;0.00;A2A1_0;10.10;0.00;tripinfo_flow_1.2 emissions_flow_1.2;164.00;flow_1.2;0;632.08;1.12;60.00;39.67;bus;;3;10.00;387840.662637;12114.861558;63.857259;159.736157;10.785648;0;123726.474270
14576.00;E2J1_0;100.00;13.34;14477.00;0.86;A2A3_0;4.60;0.00;tripinfo_flow_0.126 emissions_flow_0.126;99.00;flow_0.126;0;632.42;1.01;0.00;52.19;car;;1;36.00;280643.158920;6538.922445;36.035081;114.385866;6.686958;0;89532.840045
14667.00;E2J1_0;100.00;12.76;14592.00;0.97;A2A3_0;4.60;0.00;tripinfo_flow_0.127 emissions_flow_0.127;75.00;flow_0.127;0;632.42;1.03;0.00;28.01;car;;1;9.00;215325.692762;3613.064730;21.487592;88.203957;4.472391;0;68696.512907
14764.00;E2J1_0;100.00;12.64;14706.00;0.08;A2A3_0;4.60;0.00;tripinfo_flow_0.128 emissions_flow_0.128;58.00;flow_0.128;0;632.42;1.07;0.00;11.29;car;;0;0.00;166189.319681;1877.499440;12.383883;66.396431;2.850282;0;53022.127550
14937.00;E2J1_0;100.00;12.86;14821.00;0.19;A2A3_0;4.60;0.00;tripinfo_flow_0.129 emissions_flow_0.129;116.00;flow_0.129;0;632.42;0.96;0.00;67.60;car;;1;53.00;312357.204526;8379.619615;45.303161;129.056307;8.154396;0;99648.327790
15026.00;E2J1_0;100.00;12.79;14936.00;0.30;A2A3_0;4.60;0.00;tripinfo_flow_0.130 emissions_flow_0.130;90.00;flow_0.130;0;632.42;1.04;0.00;42.92;car;;1;27.00;262393.843563;5629.736391;31.734533;107.918684;6.102299;0;83711.124125
15116.00;E2J1_0;100.00;12.73;15051.00;0.41;A2A3_0;4.60;0.00;tripinfo_flow_0.131 emissions_flow_0.131;65.00;flow_0.131;0;632.42;1.23;0.00;17.85;car;;1;3.00;200639.629564;2843.239712;17.814844;82.436423;3.927293;0;64011.760061
15225.00;E2J1_0;100.00;13.40;15166.00;0.52;A2A3_0;4.60;0.00;tripinfo_flow_0.132 emissions_flow_0.132;59.00;flow_0.132;0;632.42;1.01;0.00;11.60;car;;0;0.00;173653.630851;2022.891201;13.399595;70.387316;3.100380;0;55403.128925
15386.00;E2J1_0;100.00;12.81;15281.00;0.63;A2A3_0;4.60;0.00;tripinfo_flow_0.133 emissions_flow_0.133;105.00;flow_0.133;0;632.42;1.12;0.00;57.92;car;;1;43.00;293320.889449;7222.160172;39.486808;119.979846;7.207996;0;93576.670850
15476.00;E2J1_0;100.00;12.62;15396.00;0.74;A2A3_0;4.60;0.00;tripinfo_flow_0.134 emissions_flow_0.134;80.00;flow_0.134;0;632.42;1.02;0.00;33.98;car;;1;18.00;231462.945032;4517.227315;26.129651;96.522666;5.270976;0;73843.434478
15568.00;E2J1_0;100.00;13.30;15511.00;0.85;A2A3_0;4.60;0.00;tripinfo_flow_0.135 emissions_flow_0.135;57.00;flow_0.135;0;632.42;1.00;0.00;10.43;car;;0;0.00;177063.777223;1962.904554;13.081686;71.119651;3.066214;0;56491.536910
15747.00;E2J1_0;100.00;12.72;15626.00;0.96;A2A3_0;4.60;0.00;tripinfo_flow_0.136 emissions_flow_0.136;121.00;flow_0.136;0;632.42;0.95;0.00;71.89;car;;1;56.00;320248.571540;8860.058146;47.613662;132.126662;8.457405;0;102165.507418
15836.00;E2J1_0;100.00;13.53;15740.00;0.07;A2A3_0;4.60;0.00;tripinfo_flow_0.137 emissions_flow_0.137;96.00;flow_0.137;0;632.42;1.11;0.00;50.02;car;;1;35.00;272721.997631;6242.937761;34.736045;111.735249;6.491559;0;87005.685065
15926.00;E2J1_0;100.00;13.55;15855.00;0.18;A2A3_0;4.60;0.00;tripinfo_flow_0.138 emissions_flow_0.138;71.00;flow_0.138;0;632.42;1.16;0.00;24.54;car;;1;10.00;225141.003548;3689.930639;22.236037;92.961034;4.691898;0;71827.832524
16031.00;E2J1_0;100.00;12.54;15970.00;0.29;A2A3_0;4.60;0.00;tripinfo_flow_0.139 emissions_flow_0.139;61.00;flow_0.139;0;632.42;0.94;0.00;9.98;car;;0;0.00;170496.494571;1948.830736;12.918848;68.274044;2.911952;0;54396.068928
16196.00;E2J1_0;100.00;12.76;16085.00;0.40;A2A3_0;4.60;0.00;tripinfo_flow_0.140 emissions_flow_0.140;111.00;flow_0.140;0;632.42;1.13;0.00;64.46;car;;1;48.00;304550.676855;7940.500828;43.051794;125.488120;7.805418;0;97158.358817
16294.00;E2J1_0;100.00;10.02;16200.00;0.51;A2A3_0;4.60;0.00;tripinfo_flow_0.141 emissions_flow_0.141;94.00;flow_0.141;0;632.42;0.73;0.00;30.63;car;;1;15.00;205468.526460;4445.609976;25.037601;83.671337;4.600144;0;65550.134576
16375.00;E2J1_0;100.00;13.39;16315.00;0.62;A2A3_0;4.60;0.00;tripinfo_flow_0.142 emissions_flow_0.142;60.00;flow_0.142;0;632.42;1.14;0.00;14.11;car;;0;0.00;187469.059361;2238.698599;14.700060;76.517096;3.407912;0;59810.585101
16494.00;E2J1_0;100.00;11.04;16430.00;0.73;A2A3_0;4.60;0.00;tripinfo_flow_0.143 emissions_flow_0.143;64.00;flow_0.143;0;632.42;0.89;0.00;11.57;car;;0;0.00;171362.629574;2066.166833;13.565767;68.574253;2.946795;0;54672.156752
16646.00;E2J1_0;100.00;13.29;16545.00;0.84;A2A3_0;4.60;0.00;tripinfo_flow_0.144 emissions_flow_0.144;101.00;flow_0.144;0;632.42;1.00;0.00;54.03;car;;1;37.00;280402.903360;6790.997138;37.300090;115.327475;6.917932;0;89455.484152
16736.00;E2J1_0;100.00;13.23;16660.00;0.95;A2A3_0;4.60;0.00;tripinfo_flow_0.145 emissions_flow_0.145;76.00;flow_0.145;0;632.42;0.97;0.00;28.00;car;;1;12.00;218804.775138;3912.588073;22.967547;90.108044;4.694027;0;69805.941735
16832.00;E2J1_0;100.00;12.63;16774.00;0.06;A2A3_0;4.60;0.00;tripinfo_flow_0.146 emissions_flow_0.146;58.00;flow_0.146;0;632.42;1.04;0.00;11.63;car;;0;0.00;171158.953344;1966.810203;13.093733;69.434640;3.048787;0;54607.237214
17007.00;E2J1_0;100.00;12.28;16889.00;0.17;A2A3_0;4.60;0.00;tripinfo_flow_0.147 emissions_flow_0.147;118.00;flow_0.147;0;632.42;0.96;0.00;70.12;car;;1;55.00;319564.381937;8653.946314;46.696012;131.942262;8.367596;0;101947.486605
17096.00;E2J1_0;100.00;13.16;17004.00;0.28;A2A3_0;4.60;0.00;tripinfo_flow_0.148 emissions_flow_0.148;92.00;flow_0.148;0;632.42;1.00;0.00;45.89;car;;1;28.00;255535.336161;5595.016798;31.207722;103.945375;5.895530;0;81523.303744
17186.00;E2J1_0;100.00;13.33;17119.00;0.39;A2A3_0;4.60;0.00;tripinfo_flow_0.149 emissions_flow_0.149;67.00;flow_0.149;0;632.42;1.07;0.00;20.11;car;;1;4.00;205930.658302;3040.600381;18.744149;84.576969;4.079164;0;65699.667694
17296.00;E2J1_0;100.00;11.79;17234.00;0.50;A2A3_0;4.60;0.00;tripinfo_flow_0.150 emissions_flow_0.150;62.00;flow_0.150;0;632.42;0.93;0.00;11.33;car;;0;0.00;161449.366141;1856.211894;12.295660;64.125931;2.712481;0;51509.733199
17456.00;E2J1_0;100.00;13.47;17349.00;0.61;A2A3_0;4.60;0.00;tripinfo_flow_0.151 emissions_flow_0.151;107.00;flow_0.151;0;632.42;1.06;0.00;60.90;car;;1;44.00;299394.734670;7568.698953;41.403020;123.916518;7.604578;0;95513.621029
17546.00;E2J1_0;100.00;13.32;17464.00;0.72;A2A3_0;4.60;0.00;tripinfo_flow_0.152 emissions_flow_0.152;82.00;flow_0.152;0;632.42;1.12;0.00;35.98;car;;1;20.00;245138.295236;4838.238710;27.817108;101.277124;5.526592;0;78206.522403
17635.00;E2J1_0;100.00;13.86;17579.00;0.83;A2A3_0;4.60;0.00;tripinfo_flow_0.153 emissions_flow_0.153;56.00;flow_0.153;0;632.42;1.18;0.00;9.84;car;;0;0.00;164488.061549;1800.722767;12.138166;66.331347;2.846914;0;52479.208988
17750.00;E2J1_0;100.00;13.42;17694.00;0.94;A2A3_0;4.60;0.00;tripinfo_flow_0.154 emissions_flow_0.154;56.00;flow_0.154;0;632.42;1.08;0.00;10.20;car;;0;0.00;167699.455771;1848.605037;12.472197;67.935200;2.923921;0;53503.638180
17907.00;E2J1_0;100.00;12.59;17808.00;0.05;A2A3_0;4.60;0.00;tripinfo_flow_0.155 emissions_flow_0.155;99.00;flow_0.155;0;632.42;0.91;0.00;48.61;car;;1;33.00;264541.782770;6322.323836;34.988658;109.634054;6.513369;0;84395.077814
17996.00;E2J1_0;100.00;13.45;17923.00;0.16;A2A3_0;4.60;0.00;tripinfo_flow_0.156 emissions_flow_0.156;73.00;flow_0.156;0;632.42;1.14;0.00;26.04;car;;1;9.00;220289.326803;3578.842906;21.488743;90.124476;4.491312;0;70280.262367
18102.00;E2J1_0;100.00;11.89;18038.00;0.27;A2A3_0;4.60;0.00;tripinfo_flow_0.157 emissions_flow_0.157;64.00;flow_0.157;0;632.42;0.88;0.00;11.37;car;;0;0.00;165330.786334;2027.417103;13.235524;66.340955;2.878806;0;52747.628661
18266.00;E2J1_0;100.00;12.75;18153.00;0.38;A2A3_0;4.60;0.00;tripinfo_flow_0.158 emissions_flow_0.158;113.00;flow_0.158;0;632.42;1.08;0.00;65.94;car;;1;50.00;305923.142426;8142.949526;43.992205;126.441923;7.967753;0;97595.875397
18356.00;E2J1_0;100.00;13.53;18268.00;0.49;A2A3_0;4.60;0.00;tripinfo_flow_0.159 emissions_flow_0.159;88.00;flow_0.159;0;632.42;0.99;0.00;41.39;car;;1;25.00;251013.985222;5209.257715;29.546080;102.457368;5.665299;0;80081.056905
18445.00;E2J1_0;100.00;13.07;18383.00;0.60;A2A3_0;4.60;0.00;tripinfo_flow_0.160 emissions_flow_0.160;62.00;flow_0.160;0;632.42;1.13;0.00;16.46;car;;0;0.00;196020.958485;2495.373270;16.102046;80.294313;3.663577;0;62538.687604
18555.00;E2J1_0;100.00;13.22;18498.00;0.71;A2A3_0;4.60;0.00;tripinfo_flow_0.161 emissions_flow_0.161;57.00;flow_0.161;0;632.42;1.05;0.00;10.27;car;;0;0.00;173673.230560;1918.276915;12.903149;70.137882;3.035307;0;55409.637143
18718.00;E2J1_0;100.00;12.16;18613.00;0.82;A2A3_0;4.60;0.00;tripinfo_flow_0.162 emissions_flow_0.162;105.00;flow_0.162;0;632.42;0.91;0.00;53.48;car;;1;38.00;272367.996930;6707.440726;36.821130;111.633488;6.698809;0;86891.953559
18806.00;E2J1_0;100.00;13.35;18728.00;0.93;A2A3_0;4.60;0.00;tripinfo_flow_0.163 emissions_flow_0.163;78.00;flow_0.163;0;632.42;1.00;0.00;31.58;car;;1;15.00;227951.782744;4173.721025;24.251538;93.146417;4.877677;0;72724.310972
18899.00;E2J1_0;100.00;12.78;18842.00;0.04;A2A3_0;4.60;0.00;tripinfo_flow_0.164 emissions_flow_0.164;57.00;flow_0.164;0;632.42;1.03;0.00;11.26;car;;0;0.00;167987.390638;1929.568516;12.827491;68.485832;3.017924;0;53595.267656
19076.00;E2J1_0;100.00;12.80;18957.00;0.15;A2A3_0;4.60;0.00;tripinfo_flow_0.165 emissions_flow_0.165;119.00;flow_0.165;0;632.42;0.98;0.00;72.04;car;;1;56.00;321269.437731;8849.672124;47.557393;132.705013;8.509755;0;102491.256783
19168.00;E2J1_0;100.00;12.07;19072.00;0.26;A2A3_0;4.60;0.00;tripinfo_flow_0.166 emissions_flow_0.166;96.00;flow_0.166;0;632.42;0.94;0.00;46.73;car;;1;28.00;258767.285292;5828.957179;32.620977;106.182377;6.090573;0;82553.678141
19256.00;E2J1_0;100.00;13.87;19187.00;0.37;A2A3_0;4.60;0.00;tripinfo_flow_0.167 emissions_flow_0.167;69.00;flow_0.167;0;632.42;1.09;0.00;22.72;car;;1;6.00;213759.741207;3240.697216;19.854095;87.637662;4.266305;0;68197.366804
19365.00;E2J1_0;100.00;11.39;19302.00;0.48;A2A3_0;4.60;0.00;tripinfo_flow_0.168 emissions_flow_0.168;63.00;flow_0.168;0;632.42;0.90;0.00;11.13;car;;0;0.00;160784.454619;1972.013111;12.884528;65.666544;2.931200;0;51296.868441
19528.00;E2J1_0;100.00;11.97;19417.00;0.59;A2A3_0;4.60;0.00;tripinfo_flow_0.169 emissions_flow_0.169;111.00;flow_0.169;0;632.42;0.89;0.00;58.64;car;;1;43.00;279301.139682;7312.122957;39.691885;114.816908;7.106122;0;89103.058381
19616.00;E2J1_0;100.00;13.59;19532.00;0.70;A2A3_0;4.60;0.00;tripinfo_flow_0.170 emissions_flow_0.170;84.00;flow_0.170;0;632.42;1.14;0.00;37.55;car;;1;24.00;249932.317712;5023.473315;28.600095;102.012040;5.564363;0;79736.282940
19705.00;E2J1_0;100.00;12.73;19647.00;0.81;A2A3_0;4.60;0.00;tripinfo_flow_0.171 emissions_flow_0.171;58.00;flow_0.171;0;632.42;0.96;0.00;10.20;car;;0;0.00;169074.544324;1846.154118;12.414686;67.576368;2.851134;0;53942.620252
19823.00;E2J1_0;100.00;12.62;19762.00;0.92;A2A3_0;4.60;0.00;tripinfo_flow_0.172 emissions_flow_0.172;61.00;flow_0.172;0;632.42;0.92;0.00;10.29;car;;0;0.00;169189.727868;1954.949370;12.923514;67.728295;2.906521;0;53979.114913
19976.00;E2J1_0;100.00;13.37;19876.00;0.03;A2A3_0;4.60;0.00;tripinfo_flow_0.173 emissions_flow_0.173;100.00;flow_0.173;0;632.42;1.09;0.00;53.70;car;;1;36.00;285335.750353;6731.147406;37.205442;117.503570;6.943266;0;91029.338227
20066.00;E2J1_0;100.00;13.70;19991.00;0.14;A2A3_0;4.60;0.00;tripinfo_flow_0.174 emissions_flow_0.174;75.00;flow_0.174;0;632.42;1.03;0.00;28.12;car;;1;12.00;225225.471930;3847.610780;22.837350;91.940900;4.679489;0;71854.897106
20165.00;E2J1_0;100.00;13.01;20106.00;0.25;A2A3_0;4.60;0.00;tripinfo_flow_0.175 emissions_flow_0.175;59.00;flow_0.175;0;632.42;1.08;0.00;12.04;car;;0;0.00;171004.652236;1921.395935;12.593220;67.544998;2.875679;0;54558.722997
20336.00;E2J1_0;100.00;13.47;20221.00;0.36;A2A3_0;4.60;0.00;tripinfo_flow_0.176 emissions_flow_0.176;115.00;flow_0.176;0;632.42;1.06;0.00;68.66;car;;1;53.00;322256.721489;8537.537917;46.201045;133.078704;8.350918;0;102806.713223
20425.00;E2J1_0;100.00;12.89;20336.00;0.47;A2A3_0;4.60;0.00;tripinfo_flow_0.177 emissions_flow_0.177;89.00;flow_0.177;0;632.42;1.10;0.00;42.52;car;;1;25.00;257311.432943;5514.938691;31.042269;105.667265;5.959493;0;82089.770578
20516.00;E2J1_0;100.00;13.56;20451.00;0.58;A2A3_0;4.60;0.00;tripinfo_flow_0.178 emissions_flow_0.178;65.00;flow_0.178;0;632.42;1.03;0.00;18.04;car;;1;2.00;205507.928798;2806.403336;17.720628;83.990212;3.917364;0;65565.226574
20625.00;E2J1_0;100.00;13.27;20566.00;0.69;A2A3_0;4.60;0.00;tripinfo_flow_0.179 emissions_flow_0.179;59.00;flow_0.179;0;632.42;1.03;0.00;11.78;car;;0;0.00;167733.270179;1967.166996;12.994693;67.722011;2.958030;0;53514.295113
20786.00;E2J1_0;100.00;13.62;20681.00;0.80;A2A3_0;4.60;0.00;tripinfo_flow_0.180 emissions_flow_0.180;105.00;flow_0.180;0;632.42;1.08;0.00;58.21;car;;1;39.00;290902.916010;7074.675260;38.904305;119.787095;7.190657;0;92805.117841
20877.00;E2J1_0;100.00;12.26;20796.00;0.91;A2A3_0;4.60;0.00;tripinfo_flow_0.181 emissions_flow_0.181;81.00;flow_0.181;0;632.42;0.94;0.00;31.38;car;;1;17.00;226256.339105;4276.736458;24.858509;93.120255;4.958854;0;72182.879698
20972.00;E2J1_0;100.00;12.41;20910.00;0.02;A2A3_0;4.60;0.00;tripinfo_flow_0.182 emissions_flow_0.182;62.00;flow_0.182;0;632.42;0.92;0.00;10.66;car;;0;0.00;172100.864267;1988.640116;13.198832;68.893512;2.948629;0;54907.865980
21146.00;E2J1_0;100.00;13.23;21025.00;0.13;A2A3_0;4.60;0.00;tripinfo_flow_0.183 emissions_flow_0.183;121.00;flow_0.183;0;632.42;1.08;0.00;74.14;car;;1;60.00;333807.496874;9223.623966;49.592641;138.105514;8.877020;0;106491.055045
21238.00;E2J1_0;100.00;11.21;21140.00;0.24;A2A3_0;4.60;0.00;tripinfo_flow_0.184 emissions_flow_0.184;98.00;flow_0.184;0;632.42;0.89;0.00;45.83;car;;1;31.00;244341.270773;5746.058267;31.818332;99.669106;5.807465;0;77951.196938
21327.00;E2J1_0;100.00;12.58;21255.00;0.35;A2A3_0;4.60;0.00;tripinfo_flow_0.185 emissions_flow_0.185;72.00;flow_0.185;0;632.42;0.97;0.00;24.30;car;;1;5.00;203737.137257;3227.228532;19.556477;83.308385;4.101218;0;64999.574851
21429.00;E2J1_0;100.00;13.02;21370.00;0.46;A2A3_0;4.60;0.00;tripinfo_flow_0.186 emissions_flow_0.186;59.00;flow_0.186;0;632.42;0.97;0.00;11.16;car;;0;0.00;173702.126304;2051.493059;13.530866;70.050591;3.062584;0;55418.609908
21598.00;E2J1_0;100.00;11.97;21485.00;0.57;A2A3_0;4.60;0.00;tripinfo_flow_0.187 emissions_flow_0.187;113.00;flow_0.187;0;632.42;0.90;0.00;61.30;car;;1;46.00;298118.788840;7753.327299;42.176832;122.122959;7.515986;0;95106.504129
21687.00;E2J1_0;100.00;11.71;21600.00;0.68;A2A3_0;4.60;0.00;tripinfo_flow_0.188 emissions_flow_0.188;87.00;flow_0.188;0;632.42;0.93;0.00;37.25;car;;1;21.00;230288.129353;4800.894907;27.246067;94.326192;5.209194;0;73468.632027
21762.00;E2J1_0;100.00;9.42;21600.00;0.00;A2A1_0;10.10;0.00;tripinfo_flow_1.3 emissions_flow_1.3;162.00;flow_1.3;0;632.08;1.10;60.00;38.07;bus;;1;8.00;380779.375212;11939.711004;62.892857;156.837061;10.605297;0;121473.739398
21774.00;E2J1_0;100.00;12.95;21715.00;0.79;A2A3_0;4.60;0.00;tripinfo_flow_0.189 emissions_flow_0.189;59.00;flow_0.189;0;632.42;1.07;0.00;12.15;car;;0;0.00;187115.463268;2172.645787;14.362321;76.162914;3.360426;0;59697.960281
21888.00;E2J1_0;100.00;12.74;21830.00;0.90;A2A3_0;4.60;0.00;tripinfo_flow_0.190 emissions_flow_0.190;58.00;flow_0.190;0;632.42;1.00;0.00;11.03;car;;0;0.00;172589.099897;1994.749789;13.297169;70.711871;3.130794;0;55063.260833
22049.00;E2J1_0;100.00;11.67;21944.00;0.01;A2A3_0;4.60;0.00;tripinfo_flow_0.191 emissions_flow_0.191;105.00;flow_0.191;0;632.42;0.84;0.00;49.85;car;;1;34.00;264372.308358;6444.549655;35.421658;107.345975;6.340199;0;84341.403978
22136.00;E2J1_0;100.00;13.00;22059.00;0.12;A2A3_0;4.60;0.00;tripinfo_flow_0.192 emissions_flow_0.192;77.00;flow_0.192;0;632.42;1.03;0.00;30.75;car;;1;16.00;232349.352547;4190.295528;24.610223;95.489287;4.999072;0;74127.152489
22238.00;E2J1_0;100.00;10.88;22174.00;0.23;A2A3_0;4.60;0.00;tripinfo_flow_0.193 emissions_flow_0.193;64.00;flow_0.193;0;632.42;0.87;0.00;10.73;car;;0;0.00;160118.959940;1959.980504;12.811738;64.692870;2.832640;0;51084.699561
22406.00;E2J1_0;100.00;13.84;22289.00;0.34;A2A3_0;4.60;0.00;tripinfo_flow_0.194 emissions_flow_0.194;117.00;flow_0.194;0;632.42;1.06;0.00;70.77;car;;1;54.00;321716.901069;8669.056972;46.748531;132.512002;8.398789;0;102634.423830
22500.00;E2J1_0;100.00;11.32;22404.00;0.45;A2A3_0;4.60;0.00;tripinfo_flow_0.195 emissions_flow_0.195;96.00;flow_0.195;0;632.42;0.83;0.00;39.77;car;;1;23.00;231913.907575;5051.863560;28.392109;93.457910;5.164614;0;73987.307140
22587.00;E2J1_0;100.00;13.04;22519.00;0.56;A2A3_0;4.60;0.00;tripinfo_flow_0.196 emissions_flow_0.196;68.00;flow_0.196;0;632.42;0.95;0.00;18.89;car;;1;2.00;194956.110825;2793.764915;17.465062;79.796735;3.761553;0;62198.425464
22698.00;E2J1_0;100.00;11.35;22634.00;0.67;A2A3_0;4.60;0.00;tripinfo_flow_0.197 emissions_flow_0.197;64.00;flow_0.197;0;632.42;0.87;0.00;11.24;car;;0;0.00;166191.920036;1974.434486;13.041838;66.662431;2.854728;0;53022.448657
22855.00;E2J1_0;100.00;13.81;22749.00;0.78;A2A3_0;4.60;0.00;tripinfo_flow_0.198 emissions_flow_0.198;106.00;flow_0.198;0;632.42;1.03;0.00;60.14;car;;1;45.00;301545.891026;7560.697716;41.409559;124.828447;7.631212;0;96199.980864
22946.00;E2J1_0;100.00;13.61;22864.00;0.89;A2A3_0;4.60;0.00;tripinfo_flow_0.199 emissions_flow_0.199;82.00;flow_0.199;0;632.42;1.11;0.00;35.53;car;;1;22.00;246007.240464;4853.880307;27.914362;101.367656;5.534787;0;78483.848386
23036.00;E2J1_0;100.00;12.80;22978.00;0.00;A2A3_0;4.60;0.00;tripinfo_flow_0.200 emissions_flow_0.200;58.00;flow_0.200;0;632.42;1.07;0.00;11.52;car;;0;0.00;168328.782532;1958.195953;12.935858;68.398005;3.013118;0;53704.231121
23150.00;E2J1_0;100.00;13.22;23093.00;0.11;A2A3_0;4.60;0.00;tripinfo_flow_0.201 emissions_flow_0.201;57.00;flow_0.201;0;632.42;1.02;0.00;10.80;car;;0;0.00;169311.678588;1821.151756;12.327259;67.728923;2.869196;0;54018.374165
23306.00;E2J1_0;100.00;13.50;23208.00;0.22;A2A3_0;4.60;0.00;tripinfo_flow_0.202 emissions_flow_0.202;98.00;flow_0.202;0;632.42;1.00;0.00;51.56;car;;1;35.00;277510.009975;6497.458912;35.975597;114.129576;6.719596;0;88532.839760
23396.00;E2J1_0;100.00;12.75;23323.00;0.33;A2A3_0;4.60;0.00;tripinfo_flow_0.203 emissions_flow_0.203;73.00;flow_0.203;0;632.42;0.97;0.00;25.24;car;;1;10.00;217663.231666;3691.784951;21.933315;89.747520;4.583658;0;69441.998955
23496.00;E2J1_0;100.00;12.75;23438.00;0.44;A2A3_0;4.60;0.00;tripinfo_flow_0.204 emissions_flow_0.204;58.00;flow_0.204;0;632.42;0.96;0.00;9.64;car;;0;0.00;170165.322356;1795.338476;12.273863;67.969667;2.833015;0;54290.720305
23666.00;E2J1_0;100.00;12.77;23553.00;0.55;A2A3_0;4.60;0.00;tripinfo_flow_0.205 emissions_flow_0.205;113.00;flow_0.205;0;632.42;0.98;0.00;65.79;car;;1;47.00;307330.474837;8074.578830;43.809689;126.276035;7.868595;0;98045.138045
23755.00;E2J1_0;100.00;13.84;23668.00;0.66;A2A3_0;4.60;0.00;tripinfo_flow_0.206 emissions_flow_0.206;87.00;flow_0.206;0;632.42;1.10;0.00;40.60;car;;1;24.00;254123.026719;5332.865657;30.194010;104.232616;5.822194;0;81072.744371
23846.00;E2J1_0;100.00;13.64;23783.00;0.77;A2A3_0;4.60;0.00;tripinfo_flow_0.207 emissions_flow_0.207;63.00;flow_0.207;0;632.42;1.04;0.00;15.92;car;;0;0.00;194922.602638;2398.303487;15.621947;79.599346;3.594827;0;62188.476156
23954.00;E2J1_0;100.00;12.97;23898.00;0.88;A2A3_0;4.60;0.00;tripinfo_flow_0.208 emissions_flow_0.208;56.00;flow_0.208;0;632.42;1.00;0.00;10.18;car;;0;0.00;172845.016961;1958.663378;13.076376;70.410683;3.098560;0;55145.136306
24115.00;E2J1_0;100.00;13.81;24013.00;0.99;A2A3_0;4.60;0.00;tripinfo_flow_0.209 emissions_flow_0.209;102.00;flow_0.209;0;632.42;1.10;0.00;55.76;car;;1;40.00;286110.688161;7067.417979;38.781482;118.666907;7.203494;0;91275.887273
24210.00;E2J1_0;100.00;11.50;24127.00;0.10;A2A3_0;4.60;0.00;tripinfo_flow_0.210 emissions_flow_0.210;83.00;flow_0.210;0;632.42;0.83;0.00;26.70;car;;1;11.00;208549.761017;3804.377302;22.237207;83.736693;4.237808;0;66534.546208
24299.00;E2J1_0;100.00;12.69;24242.00;0.21;A2A3_0;4.60;0.00;tripinfo_flow_0.211 emissions_flow_0.211;57.00;flow_0.211;0;632.42;1.09;0.00;10.60;car;;0;0.00;168902.207341;1921.448210;12.734416;68.012271;2.958759;0;53887.457151
24477.00;E2J1_0;100.00;12.74;24357.00;0.32;A2A3_0;4.60;0.00;tripinfo_flow_0.212 emissions_flow_0.212;120.00;flow_0.212;0;632.42;0.97;0.00;72.33;car;;1;54.00;319984.330842;8699.897403;46.814670;130.858609;8.289590;0;102081.806411
24566.00;E2J1_0;100.00;13.80;24472.00;0.43;A2A3_0;4.60;0.00;tripinfo_flow_0.213 emissions_flow_0.213;94.00;flow_0.213;0;632.42;1.07;0.00;47.22;car;;1;28.00;269487.618951;5937.600014;33.338930;111.159749;6.380850;0;85973.905717
24655.00;E2J1_0;100.00;13.42;24587.00;0.54;A2A3_0;4.60;0.00;tripinfo_flow_0.214 emissions_flow_0.214;68.00;flow_0.214;0;632.42;1.07;0.00;21.70;car;;1;5.00;209304.339204;3137.006492;19.252245;85.438286;4.124483;0;66776.096996
24765.00;E2J1_0;100.00;11.37;24702.00;0.65;A2A3_0;4.60;0.00;tripinfo_flow_0.215 emissions_flow_0.215;63.00;flow_0.215;0;632.42;0.91;0.00;12.39;car;;0;0.00;169320.115492;2172.322499;14.029218;69.109752;3.113993;0;54019.948624
24926.00;E2J1_0;100.00;12.56;24817.00;0.76;A2A3_0;4.60;0.00;tripinfo_flow_0.216 emissions_flow_0.216;109.00;flow_0.216;0;632.42;1.00;0.00;61.76;car;;1;46.00;297193.737590;7668.129677;41.779267;122.914252;7.604434;0;94811.233899
25015.00;E2J1_0;100.00;13.81;24932.00;0.87;A2A3_0;4.60;0.00;tripinfo_flow_0.217 emissions_flow_0.217;83.00;flow_0.217;0;632.42;1.15;0.00;37.26;car;;1;21.00;239873.912119;4813.796976;27.565772;98.835975;5.418371;0;76527.004617
25113.00;E2J1_0;100.00;11.61;25047.00;0.98;A2A3_0;4.60;0.00;tripinfo_flow_0.218 emissions_flow_0.218;66.00;flow_0.218;0;632.42;0.84;0.00;10.44;car;;0;0.00;160209.571245;2012.579689;13.025312;63.918232;2.767407;0;51113.712339
25219.00;E2J1_0;100.00;12.90;25161.00;0.09;A2A3_0;4.60;0.00;tripinfo_flow_0.219 emissions_flow_0.219;58.00;flow_0.219;0;632.42;1.06;0.00;12.22;car;;0;0.00;174741.650183;1975.445900;13.160976;70.261574;3.026437;0;55750.505568
25376.00;E2J1_0;100.00;13.76;25276.00;0.20;A2A3_0;4.60;0.00;tripinfo_flow_0.220 emissions_flow_0.220;100.00;flow_0.220;0;632.42;1.02;0.00;53.60;car;;1;38.00;280671.155482;6747.070887;37.183780;115.898062;6.942761;0;89540.983949
25466.00;E2J1_0;100.00;13.22;25391.00;0.31;A2A3_0;4.60;0.00;tripinfo_flow_0.221 emissions_flow_0.221;75.00;flow_0.221;0;632.42;0.97;0.00;26.78;car;;1;12.00;222938.496053;3892.856226;23.067003;92.213351;4.772084;0;71124.723732
25562.00;E2J1_0;100.00;13.51;25506.00;0.42;A2A3_0;4.60;0.00;tripinfo_flow_0.222 emissions_flow_0.222;56.00;flow_0.222;0;632.42;1.24;0.00;9.79;car;;0;0.00;166352.388621;1756.107626;11.942456;66.494842;2.810208;0;53074.319339
25736.00;E2J1_0;100.00;13.77;25621.00;0.53;A2A3_0;4.60;0.00;tripinfo_flow_0.223 emissions_flow_0.223;115.00;flow_0.223;0;632.42;1.11;0.00;67.98;car;;1;50.00;320821.066541;8460.395980;45.812932;132.075690;8.263791;0;102348.874790
25825.00;E2J1_0;100.00;13.17;25736.00;0.64;A2A3_0;4.60;0.00;tripinfo_flow_0.224 emissions_flow_0.224;89.00;flow_0.224;0;632.42;1.09;0.00;42.55;car;;1;27.00;254506.095168;5476.020585;30.838482;104.692410;5.931078;0;81194.666422
25916.00;E2J1_0;100.00;13.48;25851.00;0.75;A2A3_0;4.60;0.00;tripinfo_flow_0.225 emissions_flow_0.225;65.00;flow_0.225;0;632.42;0.99;0.00;18.01;car;;1;1.00;194152.411399;2719.842338;17.105387;80.245697;3.808453;0;61941.931109
26022.00;E2J1_0;100.00;13.38;25966.00;0.86;A2A3_0;4.60;0.00;tripinfo_flow_0.226 emissions_flow_0.226;56.00;flow_0.226;0;632.42;1.04;0.00;10.08;car;;0;0.00;172597.162920;1912.801194;12.806698;69.910436;3.024130;0;55066.254247
26185.00;E2J1_0;100.00;13.79;26081.00;0.97;A2A3_0;4.60;0.00;tripinfo_flow_0.227 emissions_flow_0.227;104.00;flow_0.227;0;632.42;1.14;0.00;58.49;car;;1;41.00;283338.598854;7063.821236;38.673177;116.628995;7.079621;0;90391.694228
26276.00;E2J1_0;100.00;13.15;26195.00;0.08;A2A3_0;4.60;0.00;tripinfo_flow_0.228 emissions_flow_0.228;81.00;flow_0.228;0;632.42;0.97;0.00;33.16;car;;1;17.00;233364.862257;4455.620011;25.757343;95.476963;5.087606;0;74450.872019
26367.00;E2J1_0;100.00;12.88;26310.00;0.19;A2A3_0;4.60;0.00;tripinfo_flow_0.229 emissions_flow_0.229;57.00;flow_0.229;0;632.42;1.15;0.00;11.01;car;;0;0.00;161582.758704;1839.974155;12.187763;64.892955;2.811409;0;51552.254056
26548.00;E2J1_0;100.00;11.87;26425.00;0.30;A2A3_0;4.60;0.00;tripinfo_flow_0.230 emissions_flow_0.230;123.00;flow_0.230;0;632.42;0.91;0.00;72.91;car;;1;56.00;315775.259767;8801.422869;47.234496;129.404484;8.271755;0;100738.524074
26637.00;E2J1_0;100.00;13.09;26540.00;0.41;A2A3_0;4.60;0.00;tripinfo_flow_0.231 emissions_flow_0.231;97.00;flow_0.231;0;632.42;0.96;0.00;48.20;car;;1;31.00;261101.978096;5963.334511;33.159382;106.582370;6.137050;0;83298.610756
26726.00;E2J1_0;100.00;13.16;26655.00;0.52;A2A3_0;4.60;0.00;tripinfo_flow_0.232 emissions_flow_0.232;71.00;flow_0.232;0;632.42;1.04;0.00;24.60;car;;1;7.00;214515.615059;3519.923156;21.224999;88.571413;4.465830;0;68437.902507
26833.00;E2J1_0;100.00;11.50;26770.00;0.63;A2A3_0;4.60;0.00;tripinfo_flow_0.233 emissions_flow_0.233;63.00;flow_0.233;0;632.42;0.88;0.00;11.06;car;;0;0.00;156216.431579;1960.288744;12.743126;63.699254;2.840250;0;49839.399853
26996.00;E2J1_0;100.00;13.74;26885.00;0.74;A2A3_0;4.60;0.00;tripinfo_flow_0.234 emissions_flow_0.234;111.00;flow_0.234;0;632.42;1.10;0.00;64.48;car;;1;51.00;309361.142991;8112.360501;44.074907;128.212613;8.023267;0;98692.693535
27085.00;E2J1_0;100.00;13.69;27000.00;0.85;A2A3_0;4.60;0.00;tripinfo_flow_0.235 emissions_flow_0.235;85.00;flow_0.235;0;632.42;1.13;0.00;38.87;car;;1;23.00;245636.264037;5041.502109;28.551689;100.336903;5.550593;0;78365.578850
27175.00;E2J1_0;100.00;12.14;27115.00;0.96;A2A3_0;4.60;0.00;tripinfo_flow_0.236 emissions_flow_0.236;60.00;flow_0.236;0;632.42;0.95;0.00;11.05;car;;0;0.00;168503.261825;1950.552843;12.860968;67.852705;2.934720;0;53760.023310
27287.00;E2J1_0;100.00;12.80;27229.00;0.07;A2A3_0;4.60;0.00;tripinfo_flow_0.237 emissions_flow_0.237;58.00;flow_0.237;0;632.42;1.01;0.00;11.73;car;;0;0.00;173421.725637;2052.419544;13.517308;70.631723;3.140113;0;55328.982827
27446.00;E2J1_0;100.00;12.87;27344.00;0.18;A2A3_0;4.60;0.00;tripinfo_flow_0.238 emissions_flow_0.238;102.00;flow_0.238;0;632.42;0.97;0.00;53.48;car;;1;36.00;275379.260259;6691.906430;36.813494;113.380180;6.782768;0;87852.640055
27536.00;E2J1_0;100.00;13.46;27459.00;0.29;A2A3_0;4.60;0.00;tripinfo_flow_0.239 emissions_flow_0.239;77.00;flow_0.239;0;632.42;0.99;0.00;29.61;car;;1;15.00;224476.801196;4114.242882;24.016756;92.157333;4.846802;0;71615.469335
27630.00;E2J1_0;100.00;13.14;27574.00;0.40;A2A3_0;4.60;0.00;tripinfo_flow_0.240 emissions_flow_0.240;56.00;flow_0.240;0;632.42;1.02;0.00;9.96;car;;0;0.00;169783.878236;1800.009800;12.194903;67.839344;2.877293;0;54169.134081
27805.00;E2J1_0;100.00;13.68;27689.00;0.51;A2A3_0;4.60;0.00;tripinfo_flow_0.241 emissions_flow_0.241;116.00;flow_0.241;0;632.42;1.01;0.00;69.60;car;;1;54.00;325324.638366;8672.815918;46.803176;134.132894;8.453608;0;103785.461646
27897.00;E2J1_0;100.00;13.40;27804.00;0.62;A2A3_0;4.60;0.00;tripinfo_flow_0.242 emissions_flow_0.242;93.00;flow_0.242;0;632.42;0.97;0.00;44.54;car;;1;28.00;265061.477064;5781.891814;32.488287;108.544414;6.142658;0;84562.083433
27986.00;E2J1_0;100.00;13.53;27919.00;0.73;A2A3_0;4.60;0.00;tripinfo_flow_0.243 emissions_flow_0.243;67.00;flow_0.243;0;632.42;1.04;0.00;20.33;car;;1;2.00;207744.392497;3039.215791;18.889830;86.012214;4.160983;0;66278.098614
28090.00;E2J1_0;100.00;13.76;28034.00;0.84;A2A3_0;4.60;0.00;tripinfo_flow_0.244 emissions_flow_0.244;56.00;flow_0.244;0;632.42;1.14;0.00;10.02;car;;0;0.00;161267.494983;1747.251168;11.812006;64.843601;2.759651;0;51451.764368
28255.00;E2J1_0;100.00;13.65;28149.00;0.95;A2A3_0;4.60;0.00;tripinfo_flow_0.245 emissions_flow_0.245;106.00;flow_0.245;0;632.42;1.11;0.00;60.41;car;;1;45.00;298888.377292;7618.026282;41.571085;123.428693;7.610708;0;95352.119282
28348.00;E2J1_0;100.00;12.80;28263.00;0.06;A2A3_0;4.60;0.00;tripinfo_flow_0.246 emissions_flow_0.246;85.00;flow_0.246;0;632.42;0.93;0.00;35.43;car;;1;19.00;234059.256503;4689.165089;26.805419;95.480558;5.179173;0;74672.150898
28442.00;E2J1_0;100.00;11.07;28378.00;0.17;A2A3_0;4.60;0.00;tripinfo_flow_0.247 emissions_flow_0.247;64.00;flow_0.247;0;632.42;0.88;0.00;11.25;car;;0;0.00;165288.083741;2070.488507;13.433971;66.426427;2.904914;0;52733.901481
28551.00;E2J1_0;100.00;13.62;28493.00;0.28;A2A3_0;4.60;0.00;tripinfo_flow_0.248 emissions_flow_0.248;58.00;flow_0.248;0;632.42;0.99;0.00;10.80;car;;0;0.00;178238.139909;1967.530267;13.220010;71.811264;3.078551;0;56866.063671
28707.00;E2J1_0;100.00;12.99;28608.00;0.39;A2A3_0;4.60;0.00;tripinfo_flow_0.249 emissions_flow_0.249;99.00;flow_0.249;0;632.42;0.98;0.00;51.30;car;;1;34.00;273283.264937;6406.571225;35.460164;111.624826;6.538136;0;87184.577573
28799.00;E2J1_0;100.00;11.47;28723.00;0.50;A2A3_0;4.60;0.00;tripinfo_flow_0.250 emissions_flow_0.250;76.00;flow_0.250;0;632.42;0.88;0.00;22.88;car;;1;7.00;198558.290412;3273.979866;19.651956;80.554898;3.959534;0;63347.216820
28899.00;E2J1_0;100.00;12.10;28838.00;0.61;A2A3_0;4.60;0.00;tripinfo_flow_0.251 emissions_flow_0.251;61.00;flow_0.251;0;632.42;0.96;0.00;11.93;car;;0;0.00;167980.154413;2072.305848;13.515651;68.137558;3.029319;0;53592.768732
28963.00;E2J1_0;100.00;9.16;28800.00;0.00;A2A1_0;10.10;0.00;tripinfo_flow_1.4 emissions_flow_1.4;163.00;flow_1.4;0;632.08;0.71;60.00;36.40;bus;;2;8.00;377170.126972;11780.539683;62.085832;155.268894;10.464942;0;120322.400510
29065.00;E2J1_0;100.00;13.21;28953.00;0.72;A2A3_0;4.60;0.00;tripinfo_flow_0.252 emissions_flow_0.252;112.00;flow_0.252;0;632.42;1.30;0.00;66.36;car;;1;51.00;304349.726110;8091.549673;43.824738;125.360866;7.883248;0;97094.047015
29155.00;E2J1_0;100.00;13.12;29068.00;0.83;A2A3_0;4.60;0.00;tripinfo_flow_0.253 emissions_flow_0.253;87.00;flow_0.253;0;632.42;1.01;0.00;41.26;car;;1;25.00;252137.956929;5228.484422;29.699616;103.713376;5.771995;0;80439.438163
29251.00;E2J1_0;100.00;10.83;29183.00;0.94;A2A3_0;4.60;0.00;tripinfo_flow_0.254 emissions_flow_0.254;68.00;flow_0.254;0;632.42;0.84;0.00;12.73;car;;0;0.00;163851.642815;2100.248260;13.503819;64.950066;2.789393;0;52275.741678
29433.00;E2J1_0;100.00;10.19;29297.00;0.05;A2A3_0;4.60;0.00;tripinfo_flow_0.255 emissions_flow_0.255;136.00;flow_0.255;0;632.42;0.75;0.00;73.70;car;;1;59.00;309284.030019;9246.843534;49.047766;126.173602;8.288750;0;98666.793085
29516.00;E2J1_0;100.00;13.47;29412.00;0.16;A2A3_0;4.60;0.00;tripinfo_flow_0.256 emissions_flow_0.256;104.00;flow_0.256;0;632.42;1.13;0.00;58.08;car;;1;42.00;293480.901806;7186.560109;39.440694;120.537799;7.260979;0;93627.615301
29606.00;E2J1_0;100.00;12.88;29527.00;0.27;A2A3_0;4.60;0.00;tripinfo_flow_0.257 emissions_flow_0.257;79.00;flow_0.257;0;632.42;1.04;0.00;32.09;car;;1;15.00;235336.920494;4407.643450;25.594435;96.657554;5.153173;0;75080.104218
29701.00;E2J1_0;100.00;13.09;29642.00;0.38;A2A3_0;4.60;0.00;tripinfo_flow_0.258 emissions_flow_0.258;59.00;flow_0.258;0;632.42;0.96;0.00;10.54;car;;0;0.00;174682.264046;1976.664917;13.210120;70.875766;3.081414;0;55731.319209
29876.00;E2J1_0;100.00;13.24;29757.00;0.49;A2A3_0;4.60;0.00;tripinfo_flow_0.259 emissions_flow_0.259;119.00;flow_0.259;0;632.42;1.13;0.00;72.76;car;;1;57.00;328543.355904;8875.547539;47.856916;134.867641;8.540709;0;104812.292593
29967.00;E2J1_0;100.00;12.49;29872.00;0.60;A2A3_0;4.60;0.00;tripinfo_flow_0.260 emissions_flow_0.260;95.00;flow_0.260;0;632.42;0.96;0.00;46.28;car;;1;29.00;265365.273125;5858.169003;32.794648;108.198965;6.150578;0;84659.084996
30056.00;E2J1_0;100.00;12.59;29987.00;0.71;A2A3_0;4.60;0.00;tripinfo_flow_0.261 emissions_flow_0.261;69.00;flow_0.261;0;632.42;0.98;0.00;21.58;car;;1;6.00;208322.269206;3169.476655;19.400302;85.680679;4.186921;0;66462.485789
30163.00;E2J1_0;100.00;11.60;30102.00;0.82;A2A3_0;4.60;0.00;tripinfo_flow_0.262 emissions_flow_0.262;61.00;flow_0.262;0;632.42;0.92;0.00;11.04;car;;0;0.00;165804.330020;1945.997211;12.855410;67.019970;2.916153;0;52898.771431
30327.00;E2J1_0;100.00;13.24;30217.00;0.93;A2A3_0;4.60;0.00;tripinfo_flow_0.263 emissions_flow_0.263;110.00;flow_0.263;0;632.42;0.96;0.00;61.80;car;;1;45.00;294616.387795;7610.554099;41.446436;121.941731;7.552462;0;93988.962043
30416.00;E2J1_0;100.00;13.10;30331.00;0.04;A2A3_0;4.60;0.00;tripinfo_flow_0.264 emissions_flow_0.264;85.00;flow_0.264;0;632.42;1.26;0.00;38.59;car;;1;23.00;247068.455029;5180.824204;29.368301;102.431644;5.758275;0;78821.796186
30505.00;E2J1_0;100.00;13.39;30446.00;0.15;A2A3_0;4.60;0.00;tripinfo_flow_0.265 emissions_flow_0.265;59.00;flow_0.265;0;632.42;0.97;0.00;11.81;car;;0;0.00;168219.975262;1979.932564;13.088354;68.297509;3.004872;0;53669.423603
30689.00;E2J1_0;100.00;10.96;30561.00;0.26;A2A3_0;4.60;0.00;tripinfo_flow_0.266 emissions_flow_0.266;128.00;flow_0.266;0;632.42;0.87;0.00;74.08;car;;1;59.00;319238.645319;9175.224016;49.002547;130.688209;8.475787;0;101843.009158
30776.00;E2J1_0;100.00;13.23;30676.00;0.37;A2A3_0;4.60;0.00;tripinfo_flow_0.267 emissions_flow_0.267;100.00;flow_0.267;0;632.42;1.05;0.00;54.24;car;;1;36.00;279169.203100;6849.354213;37.682826;116.329169;7.055742;0;89061.258376
30867.00;E2J1_0;100.00;12.67;30791.00;0.48;A2A3_0;4.60;0.00;tripinfo_flow_0.268 emissions_flow_0.268;76.00;flow_0.268;0;632.42;0.98;0.00;28.68;car;;1;13.00;225848.251824;4004.153456;23.545086;92.602978;4.790985;0;72053.219087
30972.00;E2J1_0;100.00;11.19;30906.00;0.59;A2A3_0;4.60;0.00;tripinfo_flow_0.269 emissions_flow_0.269;66.00;flow_0.269;0;632.42;0.85;0.00;10.75;car;;0;0.00;162856.294174;2048.754057;13.293496;65.861917;2.902719;0;51957.907393
31137.00;E2J1_0;100.00;12.34;31021.00;0.70;A2A3_0;4.60;0.00;tripinfo_flow_0.270 emissions_flow_0.270;116.00;flow_0.270;0;632.42;0.97;0.00;68.42;car;;1;52.00;317105.991162;8494.179260;45.904233;130.858523;8.245257;0;101163.349910
31229.00;E2J1_0;100.00;10.84;31136.00;0.81;A2A3_0;4.60;0.00;tripinfo_flow_0.271 emissions_flow_0.271;93.00;flow_0.271;0;632.42;0.87;0.00;39.81;car;;1;24.00;238374.674816;5259.494140;29.527863;97.368406;5.479022;0;76048.066513
31316.00;E2J1_0;100.00;13.79;31251.00;0.92;A2A3_0;4.60;0.00;tripinfo_flow_0.272 emissions_flow_0.272;65.00;flow_0.272;0;632.42;1.21;0.00;18.23;car;;1;3.00;200180.080343;2848.023245;17.732330;81.943476;3.886875;0;63865.243122
31422.00;E2J1_0;100.00;13.60;31365.00;0.03;A2A3_0;4.60;0.00;tripinfo_flow_0.273 emissions_flow_0.273;57.00;flow_0.273;0;632.42;0.99;0.00;10.01;car;;0;0.00;171326.199729;1852.534940;12.536021;68.728703;2.929873;0;54661.013914
31586.00;E2J1_0;100.00;13.11;31480.00;0.14;A2A3_0;4.60;0.00;tripinfo_flow_0.274 emissions_flow_0.274;106.00;flow_0.274;0;632.42;0.97;0.00;58.46;car;;1;42.00;290790.593715;7204.562643;39.405230;119.202518;7.190988;0;92769.250385
31676.00;E2J1_0;100.00;13.49;31595.00;0.25;A2A3_0;4.60;0.00;tripinfo_flow_0.275 emissions_flow_0.275;81.00;flow_0.275;0;632.42;0.99;0.00;33.98;car;;1;18.00;238427.391175;4613.681904;26.670738;98.516390;5.318089;0;76065.617990
31766.00;E2J1_0;100.00;13.30;31710.00;0.36;A2A3_0;4.60;0.00;tripinfo_flow_0.276 emissions_flow_0.276;56.00;flow_0.276;0;632.42;1.08;0.00;9.96;car;;0;0.00;165932.322311;1728.046840;11.875751;66.316166;2.781806;0;52940.293135
31947.00;E2J1_0;100.00;11.92;31825.00;0.47;A2A3_0;4.60;0.00;tripinfo_flow_0.277 emissions_flow_0.277;122.00;flow_0.277;0;632.42;0.95;0.00;72.56;car;;1;54.00;311926.409919;8653.795129;46.484897;127.841577;8.160200;0;99510.760281
32036.00;E2J1_0;100.00;13.54;31940.00;0.58;A2A3_0;4.60;0.00;tripinfo_flow_0.278 emissions_flow_0.278;96.00;flow_0.278;0;632.42;1.02;0.00;48.96;car;;1;33.00;269691.650826;6181.410800;34.322011;110.770549;6.461576;0;86038.863239
32133.00;E2J1_0;100.00;10.10;32055.00;0.69;A2A3_0;4.60;0.00;tripinfo_flow_0.279 emissions_flow_0.279;78.00;flow_0.279;0;632.42;0.76;0.00;16.81;car;;1;1.00;170351.318570;2656.374085;16.127425;67.829102;3.124230;0;54348.558263
32227.00;E2J1_0;100.00;13.22;32170.00;0.80;A2A3_0;4.60;0.00;tripinfo_flow_0.280 emissions_flow_0.280;57.00;flow_0.280;0;632.42;1.04;0.00;11.18;car;;0;0.00;174266.203528;1938.112305;12.919175;69.928986;2.992134;0;55598.932512
32396.00;E2J1_0;100.00;12.71;32285.00;0.91;A2A3_0;4.60;0.00;tripinfo_flow_0.281 emissions_flow_0.281;111.00;flow_0.281;0;632.42;0.98;0.00;64.26;car;;1;49.00;304153.623541;7850.237206;42.684050;124.690776;7.690563;0;97031.949460
32489.00;E2J1_0;100.00;11.75;32399.00;0.02;A2A3_0;4.60;0.00;tripinfo_flow_0.282 emissions_flow_0.282;90.00;flow_0.282;0;632.42;0.89;0.00;37.72;car;;1;20.00;230901.080965;4903.536345;27.725460;94.364150;5.236080;0;73664.073680
32575.00;E2J1_0;100.00;12.62;32514.00;0.13;A2A3_0;4.60;0.00;tripinfo_flow_0.283 emissions_flow_0.283;61.00;flow_0.283;0;632.42;1.10;0.00;15.46;car;;0;0.00;191345.484469;2362.207297;15.364191;78.235384;3.526364;0;61047.168714
32685.00;E2J1_0;100.00;13.76;32629.00;0.24;A2A3_0;4.60;0.00;tripinfo_flow_0.284 emissions_flow_0.284;56.00;flow_0.284;0;632.42;1.19;0.00;10.39;car;;0;0.00;163921.611867;1842.120674;12.270260;66.160826;2.871256;0;52298.410068
32846.00;E2J1_0;100.00;13.03;32744.00;0.35;A2A3_0;4.60;0.00;tripinfo_flow_0.285 emissions_flow_0.285;102.00;flow_0.285;0;632.42;0.97;0.00;54.57;car;;1;40.00;283474.489031;6923.518073;38.129708;116.832927;7.019336;0;90435.135977
32937.00;E2J1_0;100.00;13.18;32859.00;0.46;A2A3_0;4.60;0.00;tripinfo_flow_0.286 emissions_flow_0.286;78.00;flow_0.286;0;632.42;0.97;0.00;29.97;car;;1;14.00;230585.143157;4230.928110;24.699428;94.850601;4.986158;0;73564.155676
33031.00;E2J1_0;100.00;13.70;32974.00;0.57;A2A3_0;4.60;0.00;tripinfo_flow_0.287 emissions_flow_0.287;57.00;flow_0.287;0;632.42;1.09;0.00;10.26;car;;0;0.00;171574.556255;1914.697685;12.762262;68.910054;2.965639;0;54740.165076
33206.00;E2J1_0;100.00;13.41;33089.00;0.68;A2A3_0;4.60;0.00;tripinfo_flow_0.288 emissions_flow_0.288;117.00;flow_0.288;0;632.42;1.14;0.00;70.91;car;;1;56.00;322530.030567;8774.507673;47.385349;133.709765;8.523172;0;102893.375309
33296.00;E2J1_0;100.00;13.50;33204.00;0.79;A2A3_0;4.60;0.00;tripinfo_flow_0.289 emissions_flow_0.289;92.00;flow_0.289;0;632.42;1.05;0.00;45.66;car;;1;28.00;264230.764301;5740.109028;32.254377;108.411079;6.155220;0;84297.135731
33387.00;E2J1_0;100.00;12.49;33319.00;0.90;A2A3_0;4.60;0.00;tripinfo_flow_0.290 emissions_flow_0.290;68.00;flow_0.290;0;632.42;0.96;0.00;20.13;car;;1;2.00;197276.782181;2932.393788;18.145960;81.576744;3.943258;0;62938.437164
33490.00;E2J1_0;100.00;12.84;33433.00;0.01;A2A3_0;4.60;0.00;tripinfo_flow_0.291 emissions_flow_0.291;57.00;flow_0.291;0;632.42;1.10;0.00;10.62;car;;0;0.00;166634.006668;1838.997173;12.400959;67.183374;2.885349;0;53163.803640
33656.00;E2J1_0;100.00;12.91;33548.00;0.12;A2A3_0;4.60;0.00;tripinfo_flow_0.292 emissions_flow_0.292;108.00;flow_0.292;0;632.42;0.98;0.00;61.04;car;;1;44.00;299809.145785;7581.961993;41.295201;122.999841;7.521046;0;95646.197317
33746.00;E2J1_0;100.00;12.48;33663.00;0.23;A2A3_0;4.60;0.00;tripinfo_flow_0.293 emissions_flow_0.293;83.00;flow_0.293;0;632.42;0.98;0.00;35.42;car;;1;19.00;236524.527610;4683.680685;26.846986;96.917949;5.260009;0;75458.680335
33835.00;E2J1_0;100.00;13.74;33778.00;0.34;A2A3_0;4.60;0.00;tripinfo_flow_0.294 emissions_flow_0.294;57.00;flow_0.294;0;632.42;1.16;0.00;11.14;car;;0;0.00;164727.199511;1812.723037;12.230868;66.257776;2.834960;0;52555.506390
33950.00;E2J1_0;100.00;13.13;33893.00;0.45;A2A3_0;4.60;0.00;tripinfo_flow_0.295 emissions_flow_0.295;57.00;flow_0.295;0;632.42;1.07;0.00;10.83;car;;0;0.00;171777.586224;1893.224552;12.704771;69.223283;2.979929;0;54804.901666
34107.00;E2J1_0;100.00;12.13;34008.00;0.56;A2A3_0;4.60;0.00;tripinfo_flow_0.296 emissions_flow_0.296;99.00;flow_0.296;0;632.42;0.94;0.00;50.00;car;;1;33.00;260121.994859;6258.242528;34.487610;106.943922;6.353888;0;82985.293962
34196.00;E2J1_0;100.00;12.52;34123.00;0.67;A2A3_0;4.60;0.00;tripinfo_flow_0.297 emissions_flow_0.297;73.00;flow_0.297;0;632.42;0.98;0.00;25.55;car;;1;8.00;214006.366849;3580.234468;21.341550;87.627481;4.416609;0;68275.583436
34297.00;E2J1_0;100.00;13.69;34238.00;0.78;A2A3_0;4.60;0.00;tripinfo_flow_0.298 emissions_flow_0.298;59.00;flow_0.298;0;632.42;1.04;0.00;11.81;car;;0;0.00;177815.262505;1984.991637;13.225859;70.794072;3.006490;0;56731.404429
34466.00;E2J1_0;100.00;13.44;34353.00;0.89;A2A3_0;4.60;0.00;tripinfo_flow_0.299 emissions_flow_0.299;113.00;flow_0.299;0;632.42;0.98;0.00;66.16;car;;1;50.00;308563.665968;8067.896387;43.722725;126.414953;7.853622;0;98438.784243
34556.00;E2J1_0;100.00;12.78;34467.00;0.00;A2A3_0;4.60;0.00;tripinfo_flow_0.300 emissions_flow_0.300;89.00;flow_0.300;0;632.42;0.96;0.00;41.28;car;;1;25.00;254366.867687;5279.373626;29.868879;103.334018;5.681184;0;81150.859141
34646.00;E2J1_0;100.00;13.32;34582.00;0.11;A2A3_0;4.60;0.00;tripinfo_flow_0.301 emissions_flow_0.301;64.00;flow_0.301;0;632.42;1.06;0.00;17.54;car;;0;0.00;199848.282277;2670.943711;16.979801;82.065365;3.820729;0;63759.521463
34755.00;E2J1_0;100.00;13.10;34697.00;0.22;A2A3_0;4.60;0.00;tripinfo_flow_0.302 emissions_flow_0.302;58.00;flow_0.302;0;632.42;0.99;0.00;11.09;car;;0;0.00;173324.778031;2008.244738;13.391437;70.778274;3.137769;0;55298.047181
34916.00;E2J1_0;100.00;13.35;34812.00;0.33;A2A3_0;4.60;0.00;tripinfo_flow_0.303 emissions_flow_0.303;104.00;flow_0.303;0;632.42;0.99;0.00;56.50;car;;1;39.00;291418.438304;7129.510519;39.182543;120.078080;7.240390;0;92969.517367
35006.00;E2J1_0;100.00;13.67;34927.00;0.44;A2A3_0;4.60;0.00;tripinfo_flow_0.304 emissions_flow_0.304;79.00;flow_0.304;0;632.42;1.05;0.00;31.92;car;;1;16.00;240340.682676;4391.020117;25.612509;98.748648;5.211025;0;76676.659004
35105.00;E2J1_0;100.00;11.97;35042.00;0.55;A2A3_0;4.60;0.00;tripinfo_flow_0.305 emissions_flow_0.305;63.00;flow_0.305;0;632.42;0.90;0.00;11.18;car;;0;0.00;168487.106846;2000.584628;13.162366;67.344961;2.891698;0;53754.848061
35276.00;E2J1_0;100.00;13.72;35157.00;0.66;A2A3_0;4.60;0.00;tripinfo_flow_0.306 emissions_flow_0.306;119.00;flow_0.306;0;632.42;1.09;0.00;72.72;car;;1;56.00;327828.959180;8893.323628;47.987542;135.439614;8.608569;0;104584.039526
35366.00;E2J1_0;100.00;12.63;35272.00;0.77;A2A3_0;4.60;0.00;tripinfo_flow_0.307 emissions_flow_0.307;94.00;flow_0.307;0;632.42;1.11;0.00;48.03;car;;1;33.00;268260.236028;6144.527538;34.216411;110.930618;6.482176;0;85581.940492
35456.00;E2J1_0;100.00;13.56;35387.00;0.88;A2A3_0;4.60;0.00;tripinfo_flow_0.308 emissions_flow_0.308;69.00;flow_0.308;0;632.42;1.07;0.00;22.93;car;;1;7.00;213661.309720;3312.233992;20.127114;86.855338;4.245753;0;68166.121148
35559.00;E2J1_0;100.00;13.71;35502.00;0.99;A2A3_0;4.60;0.00;tripinfo_flow_0.309 emissions_flow_0.309;57.00;flow_0.309;0;632.42;1.21;0.00;10.88;car;;0;0.00;165152.035636;1853.615861;12.371451;66.495375;2.875595;0;52691.005492
35726.00;E2J1_0;100.00;13.90;35616.00;0.10;A2A3_0;4.60;0.00;tripinfo_flow_0.310 emissions_flow_0.310;110.00;flow_0.310;0;632.42;1.15;0.00;63.90;car;;1;47.00;304664.201008;7866.817620;42.770780;125.868080;7.810639;0;97194.609327
35816.00;E2J1_0;100.00;13.28;35731.00;0.21;A2A3_0;4.60;0.00;tripinfo_flow_0.311 emissions_flow_0.311;85.00;flow_0.311;0;632.42;1.13;0.00;38.77;car;;1;22.00;250926.678793;5240.666581;29.718008;103.699292;5.828125;0;80052.836104
35906.00;E2J1_0;100.00;12.43;35846.00;0.32;A2A3_0;4.60;0.00;tripinfo_flow_0.312 emissions_flow_0.312;60.00;flow_0.312;0;632.42;0.98;0.00;12.04;car;;0;0.00;170427.380330;2028.800791;13.404846;68.909953;3.017059;0;54373.693858
36018.00;E2J1_0;100.00;12.65;35961.00;0.43;A2A3_0;4.60;0.00;tripinfo_flow_0.313 emissions_flow_0.313;57.00;flow_0.313;0;632.42;1.18;0.00;10.15;car;;0;0.00;165503.830614;1853.696733;12.439088;66.913212;2.917135;0;52803.168401
36163.00;E2J1_0;100.00;8.96;36000.00;0.00;A2A1_0;10.10;0.00;tripinfo_flow_1.5 emissions_flow_1.5;163.00;flow_1.5;0;632.08;1.13;60.00;39.07;bus;;2;10.00;381026.184699;11815.437380;62.320396;156.241302;10.473911;0;121552.847390
36176.00;E2J1_0;100.00;13.28;36076.00;0.54;A2A3_0;4.60;0.00;tripinfo_flow_0.314 emissions_flow_0.314;100.00;flow_0.314;0;632.42;1.16;0.00;53.61;car;;1;39.00;290280.767005;6770.865502;37.486061;118.837032;6.988277;0;92607.308185
36269.00;E2J1_0;100.00;11.24;36191.00;0.65;A2A3_0;4.60;0.00;tripinfo_flow_0.315 emissions_flow_0.315;78.00;flow_0.315;0;632.42;0.87;0.00;24.29;car;;1;10.00;204557.486129;3481.604050;20.732127;83.080310;4.147354;0;65260.999974
36371.00;E2J1_0;100.00;11.95;36306.00;0.76;A2A3_0;4.60;0.00;tripinfo_flow_0.316 emissions_flow_0.316;65.00;flow_0.316;0;632.42;0.87;0.00;11.49;car;;0;0.00;165911.966019;2073.973657;13.474306;66.496585;2.888465;0;52932.983860
36540.00;E2J1_0;100.00;11.33;36421.00;0.87;A2A3_0;4.60;0.00;tripinfo_flow_0.317 emissions_flow_0.317;119.00;flow_0.317;0;632.42;0.82;0.00;62.67;car;;1;48.00;289195.036802;7828.163026;42.194737;116.731595;7.234684;0;92259.583460
36627.00;E2J1_0;100.00;12.00;36536.00;0.98;A2A3_0;4.60;0.00;tripinfo_flow_0.318 emissions_flow_0.318;91.00;flow_0.318;0;632.42;0.94;0.00;41.76;car;;1;27.00;245690.648713;5470.323993;30.566436;100.946505;5.787703;0;78381.982488
36716.00;E2J1_0;100.00;13.23;36650.00;0.09;A2A3_0;4.60;0.00;tripinfo_flow_0.319 emissions_flow_0.319;66.00;flow_0.319;0;632.42;1.01;0.00;19.80;car;;1;5.00;207299.307129;3053.176234;18.798240;84.618702;4.077734;0;66136.523123
36826.00;E2J1_0;100.00;12.44;36765.00;0.20;A2A3_0;4.60;0.00;tripinfo_flow_0.320 emissions_flow_0.320;61.00;flow_0.320;0;632.42;0.93;0.00;10.93;car;;0;0.00;164044.033456;1928.051002;12.746746;66.188411;2.871994;0;52337.190438
36987.00;E2J1_0;100.00;13.12;36880.00;0.31;A2A3_0;4.60;0.00;tripinfo_flow_0.321 emissions_flow_0.321;107.00;flow_0.321;0;632.42;0.95;0.00;58.04;car;;1;44.00;294967.875658;7404.253440;40.522636;121.176542;7.375711;0;94101.671839
37076.00;E2J1_0;100.00;13.01;36995.00;0.42;A2A3_0;4.60;0.00;tripinfo_flow_0.322 emissions_flow_0.322;81.00;flow_0.322;0;632.42;1.00;0.00;34.15;car;;1;18.00;235186.532629;4579.380916;26.408579;96.677438;5.218518;0;75031.817903
37173.00;E2J1_0;100.00;11.90;37110.00;0.53;A2A3_0;4.60;0.00;tripinfo_flow_0.323 emissions_flow_0.323;63.00;flow_0.323;0;632.42;0.90;0.00;11.29;car;;0;0.00;163208.818699;1885.042947;12.505371;64.804762;2.730515;0;52071.023153
37346.00;E2J1_0;100.00;12.06;37225.00;0.64;A2A3_0;4.60;0.00;tripinfo_flow_0.324 emissions_flow_0.324;121.00;flow_0.324;0;632.42;0.96;0.00;73.03;car;;1;58.00;326374.197930;9003.061936;48.392861;134.025738;8.557549;0;104119.934596
37436.00;E2J1_0;100.00;13.46;37340.00;0.75;A2A3_0;4.60;0.00;tripinfo_flow_0.325 emissions_flow_0.325;96.00;flow_0.325;0;632.42;1.02;0.00;50.01;car;;1;32.00;270875.007396;6115.954444;34.186309;111.576595;6.465367;0;86416.343447
37526.00;E2J1_0;100.00;13.44;37455.00;0.86;A2A3_0;4.60;0.00;tripinfo_flow_0.326 emissions_flow_0.326;71.00;flow_0.326;0;632.42;1.01;0.00;24.68;car;;1;8.00;221506.995120;3603.541310;21.638527;91.164426;4.590341;0;70668.618053
37632.00;E2J1_0;100.00;12.95;37570.00;0.97;A2A3_0;4.60;0.00;tripinfo_flow_0.327 emissions_flow_0.327;62.00;flow_0.327;0;632.42;0.93;0.00;11.71;car;;0;0.00;169600.680315;2100.503585;13.720445;69.282114;3.104299;0;54109.588392
37796.00;E2J1_0;100.00;12.73;37684.00;0.08;A2A3_0;4.60;0.00;tripinfo_flow_0.328 emissions_flow_0.328;112.00;flow_0.328;0;632.42;1.18;0.00;65.60;car;;1;50.00;308079.529707;8112.732973;44.080549;127.954057;8.029290;0;98283.681065
37888.00;E2J1_0;100.00;11.76;37799.00;0.19;A2A3_0;4.60;0.00;tripinfo_flow_0.329 emissions_flow_0.329;89.00;flow_0.329;0;632.42;0.89;0.00;37.12;car;;1;21.00;230172.014802;4832.219389;27.408877;93.913679;5.170450;0;73431.596480
37975.00;E2J1_0;100.00;12.92;37914.00;0.30;A2A3_0;4.60;0.00;tripinfo_flow_0.330 emissions_flow_0.330;61.00;flow_0.330;0;632.42;1.16;0.00;15.36;car;;0;0.00;194157.139584;2305.207444;15.194021;78.828679;3.491997;0;61944.508954
38087.00;E2J1_0;100.00;13.21;38029.00;0.41;A2A3_0;4.60;0.00;tripinfo_flow_0.331 emissions_flow_0.331;58.00;flow_0.331;0;632.42;1.02;0.00;11.51;car;;0;0.00;173566.866585;2108.131766;13.839803;71.346142;3.234803;0;55375.007017
38246.00;E2J1_0;100.00;13.08;38144.00;0.52;A2A3_0;4.60;0.00;tripinfo_flow_0.332 emissions_flow_0.332;102.00;flow_0.332;0;632.42;0.96;0.00;53.70;car;;1;37.00;276442.761374;6552.116245;36.119961;112.451542;6.621936;0;88192.613891
38336.00;E2J1_0;100.00;13.63;38259.00;0.63;A2A3_0;4.60;0.00;tripinfo_flow_0.333 emissions_flow_0.333;77.00;flow_0.333;0;632.42;1.17;0.00;30.04;car;;1;14.00;228954.380751;4087.737782;24.072511;94.307973;4.924341;0;73044.044722
38432.00;E2J1_0;100.00;13.37;38374.00;0.74;A2A3_0;4.60;0.00;tripinfo_flow_0.334 emissions_flow_0.334;58.00;flow_0.334;0;632.42;1.11;0.00;11.29;car;;0;0.00;171812.056909;1926.057061;12.847685;68.542170;2.917110;0;54816.039954
38609.00;E2J1_0;100.00;10.77;38489.00;0.85;A2A3_0;4.60;0.00;tripinfo_flow_0.335 emissions_flow_0.335;120.00;flow_0.335;0;632.42;0.86;0.00;65.96;car;;1;51.00;294270.693708;8132.945216;43.732252;120.394932;7.627489;0;93878.208392
38696.00;E2J1_0;100.00;12.84;38604.00;0.96;A2A3_0;4.60;0.00;tripinfo_flow_0.336 emissions_flow_0.336;92.00;flow_0.336;0;632.42;1.00;0.00;45.07;car;;1;29.00;266386.333136;5883.750275;32.932030;109.876239;6.316058;0;84984.529543
38787.00;E2J1_0;100.00;12.32;38718.00;0.07;A2A3_0;4.60;0.00;tripinfo_flow_0.337 emissions_flow_0.337;69.00;flow_0.337;0;632.42;0.95;0.00;20.20;car;;1;4.00;200857.621793;2996.607182;18.461389;81.175812;3.838271;0;64081.392793
38891.00;E2J1_0;100.00;12.94;38833.00;0.18;A2A3_0;4.60;0.00;tripinfo_flow_0.338 emissions_flow_0.338;58.00;flow_0.338;0;632.42;0.98;0.00;10.31;car;;0;0.00;173360.388127;2058.149174;13.531167;70.897302;3.169120;0;55309.317326
39057.00;E2J1_0;100.00;11.99;38948.00;0.29;A2A3_0;4.60;0.00;tripinfo_flow_0.339 emissions_flow_0.339;109.00;flow_0.339;0;632.42;0.94;0.00;60.17;car;;1;44.00;287108.695419;7469.768361;40.584215;118.166976;7.317650;0;91593.932569
39146.00;E2J1_0;100.00;12.99;39063.00;0.40;A2A3_0;4.60;0.00;tripinfo_flow_0.340 emissions_flow_0.340;83.00;flow_0.340;0;632.42;1.11;0.00;36.59;car;;1;20.00;244018.815956;4838.459975;27.851593;101.142378;5.529263;0;77849.193213
39246.00;E2J1_0;100.00;10.19;39178.00;0.51;A2A3_0;4.60;0.00;tripinfo_flow_0.341 emissions_flow_0.341;68.00;flow_0.341;0;632.42;0.82;0.00;11.55;car;;0;0.00;156873.541769;1995.804653;12.879888;62.721232;2.715886;0;50049.270701
39350.00;E2J1_0;100.00;13.83;39293.00;0.62;A2A3_0;4.60;0.00;tripinfo_flow_0.342 emissions_flow_0.342;57.00;flow_0.342;0;632.42;1.13;0.00;10.92;car;;0;0.00;174686.102512;1977.944439;13.273275;71.255374;3.139193;0;55732.491804
39508.00;E2J1_0;100.00;11.26;39408.00;0.73;A2A3_0;4.60;0.00;tripinfo_flow_0.343 emissions_flow_0.343;100.00;flow_0.343;0;632.42;0.90;0.00;47.61;car;;1;32.00;256782.741299;6065.961949;33.555619;105.244517;6.172038;0;81920.184021
39596.00;E2J1_0;100.00;12.65;39523.00;0.84;A2A3_0;4.60;0.00;tripinfo_flow_0.344 emissions_flow_0.344;73.00;flow_0.344;0;632.42;1.02;0.00;26.57;car;;1;10.00;219559.458902;3633.719727;21.805653;90.141210;4.539569;0;70047.214202
39708.00;E2J1_0;100.00;10.25;39638.00;0.95;A2A3_0;4.60;0.00;tripinfo_flow_0.345 emissions_flow_0.345;70.00;flow_0.345;0;632.42;0.82;0.00;12.57;car;;0;0.00;162183.934392;2034.907039;13.152042;63.909027;2.694304;0;51743.807570
39867.00;E2J1_0;100.00;12.27;39752.00;0.06;A2A3_0;4.60;0.00;tripinfo_flow_0.346 emissions_flow_0.346;115.00;flow_0.346;0;632.42;0.97;0.00;66.73;car;;1;51.00;310770.420872;8302.404082;44.920677;128.212972;8.065044;0;99142.205642
39956.00;E2J1_0;100.00;13.38;39867.00;0.17;A2A3_0;4.60;0.00;tripinfo_flow_0.347 emissions_flow_0.347;89.00;flow_0.347;0;632.42;1.03;0.00;42.45;car;;1;26.00;259518.311486;5471.654492;30.919954;106.838529;6.012976;0;82793.888634
40046.00;E2J1_0;100.00;13.37;39982.00;0.28;A2A3_0;4.60;0.00;tripinfo_flow_0.348 emissions_flow_0.348;64.00;flow_0.348;0;632.42;0.98;0.00;17.18;car;;1;2.00;199519.795003;2735.285579;17.215412;81.787126;3.822722;0;63654.659640
40154.00;E2J1_0;100.00;13.75;40097.00;0.39;A2A3_0;4.60;0.00;tripinfo_flow_0.349 emissions_flow_0.349;57.00;flow_0.349;0;632.42;1.03;0.00;11.25;car;;0;0.00;166892.593852;1839.702708;12.357049;67.259067;2.889085;0;53246.341970
40317.00;E2J1_0;100.00;12.88;40212.00;0.50;A2A3_0;4.60;0.00;tripinfo_flow_0.350 emissions_flow_0.350;105.00;flow_0.350;0;632.42;0.96;0.00;56.52;car;;1;40.00;284735.525300;6911.526330;37.979811;115.838804;6.877987;0;90837.938247
40407.00;E2J1_0;100.00;12.99;40327.00;0.61;A2A3_0;4.60;0.00;tripinfo_flow_0.351 emissions_flow_0.351;80.00;flow_0.351;0;632.42;0.95;0.00;30.43;car;;1;13.00;226714.172451;4317.718754;24.979567;93.116229;4.953669;0;72328.968173
40499.00;E2J1_0;100.00;13.75;40442.00;0.72;A2A3_0;4.60;0.00;tripinfo_flow_0.352 emissions_flow_0.352;57.00;flow_0.352;0;632.42;1.08;0.00;10.43;car;;0;0.00;168265.907096;1949.343830;12.969686;68.622972;3.043887;0;53684.107293
40679.00;E2J1_0;100.00;11.24;40557.00;0.83;A2A3_0;4.60;0.00;tripinfo_flow_0.353 emissions_flow_0.353;122.00;flow_0.353;0;632.42;0.86;0.00;68.24;car;;1;53.00;302885.845905;8402.035082;45.163460;123.906709;7.872637;0;96626.585349
40765.00;E2J1_0;100.00;13.44;40672.00;0.94;A2A3_0;4.60;0.00;tripinfo_flow_0.354 emissions_flow_0.354;93.00;flow_0.354;0;632.42;1.19;0.00;46.24;car;;1;32.00;265244.509863;5867.228244;32.669378;107.835416;6.160071;0;84620.809796
40857.00;E2J1_0;100.00;12.70;40786.00;0.05;A2A3_0;4.60;0.00;tripinfo_flow_0.355 emissions_flow_0.355;71.00;flow_0.355;0;632.42;0.95;0.00;21.47;car;;1;4.00;206532.336978;3077.369751;18.897159;84.005144;4.016169;0;65891.764412
40958.00;E2J1_0;100.00;13.73;40901.00;0.16;A2A3_0;4.60;0.00;tripinfo_flow_0.356 emissions_flow_0.356;57.00;flow_0.356;0;632.42;1.20;0.00;10.25;car;;0;0.00;172068.603092;1845.345274;12.437275;68.446397;2.889342;0;54898.111572
41128.00;E2J1_0;100.00;12.03;41016.00;0.27;A2A3_0;4.60;0.00;tripinfo_flow_0.357 emissions_flow_0.357;112.00;flow_0.357;0;632.42;0.90;0.00;61.05;car;;1;45.00;284317.904190;7509.910944;40.739724;116.844607;7.261411;0;90703.441516
41217.00;E2J1_0;100.00;12.53;41131.00;0.38;A2A3_0;4.60;0.00;tripinfo_flow_0.358 emissions_flow_0.358;86.00;flow_0.358;0;632.42;0.99;0.00;38.59;car;;1;20.00;243823.595158;4939.825858;28.106214;100.039365;5.499526;0;77787.155687
41303.00;E2J1_0;100.00;13.00;41246.00;0.49;A2A3_0;4.60;0.00;tripinfo_flow_0.359 emissions_flow_0.359;57.00;flow_0.359;0;632.42;1.12;0.00;11.37;car;;0;0.00;181411.486213;2096.567779;13.839676;73.909940;3.270713;0;57878.189447
41418.00;E2J1_0;100.00;12.70;41361.00;0.60;A2A3_0;4.60;0.00;tripinfo_flow_0.360 emissions_flow_0.360;57.00;flow_0.360;0;632.42;1.11;0.00;10.47;car;;0;0.00;167370.967229;1884.693782;12.553073;67.548180;2.935451;0;53398.889577
41576.00;E2J1_0;100.00;12.79;41476.00;0.71;A2A3_0;4.60;0.00;tripinfo_flow_0.361 emissions_flow_0.361;100.00;flow_0.361;0;632.42;1.00;0.00;53.02;car;;1;36.00;270815.031974;6484.215941;35.886190;111.991681;6.675780;0;86396.529041
41666.00;E2J1_0;100.00;12.96;41591.00;0.82;A2A3_0;4.60;0.00;tripinfo_flow_0.362 emissions_flow_0.362;75.00;flow_0.362;0;632.42;1.14;0.00;29.09;car;;1;13.00;226109.407440;3937.515701;23.246829;92.480241;4.751463;0;72136.752911
41764.00;E2J1_0;100.00;13.82;41706.00;0.93;A2A3_0;4.60;0.00;tripinfo_flow_0.363 emissions_flow_0.363;58.00;flow_0.363;0;632.42;1.02;0.00;12.38;car;;0;0.00;172141.919148;2052.371637;13.508936;69.838939;3.098699;0;54920.710569
41936.00;E2J1_0;100.00;13.33;41820.00;0.04;A2A3_0;4.60;0.00;tripinfo_flow_0.364 emissions_flow_0.364;116.00;flow_0.364;0;632.42;1.11;0.00;69.43;car;;1;54.00;316324.694194;8548.976642;46.088682;130.479678;8.268296;0;100914.070252
42027.00;E2J1_0;100.00;12.27;41935.00;0.15;A2A3_0;4.60;0.00;tripinfo_flow_0.365 emissions_flow_0.365;92.00;flow_0.365;0;632.42;0.94;0.00;42.55;car;;1;27.00;244838.066183;5502.922896;30.744523;100.664148;5.783644;0;78109.865760
42116.00;E2J1_0;100.00;13.18;42050.00;0.26;A2A3_0;4.60;0.00;tripinfo_flow_0.366 emissions_flow_0.366;66.00;flow_0.366;0;632.42;1.01;0.00;18.77;car;;1;2.00;210955.514893;2974.545426;18.516402;86.105118;4.075641;0;67303.188059
42227.00;E2J1_0;100.00;11.40;42165.00;0.37;A2A3_0;4.60;0.00;tripinfo_flow_0.367 emissions_flow_0.367;62.00;flow_0.367;0;632.42;0.91;0.00;11.35;car;;0;0.00;164068.500206;1927.861138;12.695692;65.264493;2.776862;0;52345.226907
42387.00;E2J1_0;100.00;11.80;42280.00;0.48;A2A3_0;4.60;0.00;tripinfo_flow_0.368 emissions_flow_0.368;107.00;flow_0.368;0;632.42;0.93;0.00;56.27;car;;1;41.00;285114.339529;7170.101635;39.234891;117.071852;7.102841;0;90958.079073
42481.00;E2J1_0;100.00;10.88;42395.00;0.59;A2A3_0;4.60;0.00;tripinfo_flow_0.369 emissions_flow_0.369;86.00;flow_0.369;0;632.42;0.81;0.00;28.45;car;;1;14.00;205419.025170;4059.271643;23.350476;84.109641;4.482786;0;65534.814874
42566.00;E2J1_0;100.00;13.56;42510.00;0.70;A2A3_0;4.60;0.00;tripinfo_flow_0.370 emissions_flow_0.370;56.00;flow_0.370;0;632.42;1.10;0.00;10.05;car;;0;0.00;166831.132651;1851.086018;12.543053;67.857424;2.953526;0;53226.482078
42746.00;E2J1_0;100.00;13.20;42625.00;0.81;A2A3_0;4.60;0.00;tripinfo_flow_0.371 emissions_flow_0.371;121.00;flow_0.371;0;632.42;1.08;0.00;73.93;car;;1;59.00;335759.969026;9180.640839;49.409442;138.858441;8.901396;0;107114.124373
42838.00;E2J1_0;100.00;12.69;42740.00;0.92;A2A3_0;4.60;0.00;tripinfo_flow_0.372 emissions_flow_0.372;98.00;flow_0.372;0;632.42;0.92;0.00;47.42;car;;1;33.00;263390.234132;6125.144235;33.957054;107.899379;6.302495;0;84028.363305
42929.00;E2J1_0;100.00;11.32;42854.00;0.03;A2A3_0;4.60;0.00;tripinfo_flow_0.373 emissions_flow_0.373;75.00;flow_0.373;0;632.42;0.84;0.00;20.30;car;;1;5.00;193581.193273;3126.553258;18.900054;78.970475;3.853848;0;61759.254517
43034.00;E2J1_0;100.00;10.62;42969.00;0.14;A2A3_0;4.60;0.00;tripinfo_flow_0.374 emissions_flow_0.374;65.00;flow_0.374;0;632.42;0.85;0.00;10.48;car;;0;0.00;158114.417688;1951.316123;12.733966;63.594323;2.761263;0;50445.190305
43196.00;E2J1_0;100.00;13.13;43084.00;0.25;A2A3_0;4.60;0.00;tripinfo_flow_0.375 emissions_flow_0.375;112.00;flow_0.375;0;632.42;0.96;0.00;63.31;car;;1;46.00;302100.102055;7796.296537;42.353037;123.709321;7.617985;0;96376.861387
43289.00;E2J1_0;100.00;11.05;43199.00;0.36;A2A3_0;4.60;0.00;tripinfo_flow_0.376 emissions_flow_0.376;90.00;flow_0.376;0;632.42;0.85;0.00;35.58;car;;1;20.00;228424.959093;4771.137707;27.033840;92.074023;5.006473;0;72874.558036
43364.00;E2J1_0;100.00;9.95;43200.00;0.00;A2A1_0;10.10;0.00;tripinfo_flow_1.6 emissions_flow_1.6;164.00;flow_1.6;0;632.08;1.14;60.00;40.17;bus;;3;15.00;392404.860433;12455.809713;65.517264;162.339502;11.087061;0;125182.046643
43375.00;E2J1_0;100.00;12.76;43314.00;0.47;A2A3_0;4.60;0.00;tripinfo_flow_0.377 emissions_flow_0.377;61.00;flow_0.377;0;632.42;1.10;0.00;15.31;car;;0;0.00;192529.803897;2463.424387;15.809888;78.875927;3.607752;0;61424.882520
43486.00;E2J1_0;100.00;13.48;43429.00;0.58;A2A3_0;4.60;0.00;tripinfo_flow_0.378 emissions_flow_0.378;57.00;flow_0.378;0;632.42;1.06;0.00;11.25;car;;0;0.00;164014.882133;1860.202390;12.287688;65.939144;2.873936;0;52328.251707
43646.00;E2J1_0;100.00;13.58;43544.00;0.69;A2A3_0;4.60;0.00;tripinfo_flow_0.379 emissions_flow_0.379;102.00;flow_0.379;0;632.42;0.99;0.00;54.55;car;;1;38.00;289733.810449;6974.054638;38.380510;119.025658;7.117305;0;92432.366676
43738.00;E2J1_0;100.00;11.25;43659.00;0.80;A2A3_0;4.60;0.00;tripinfo_flow_0.380 emissions_flow_0.380;79.00;flow_0.380;0;632.42;0.90;0.00;27.19;car;;1;10.00;207472.591815;3729.818749;21.884063;84.477099;4.334190;0;66190.725478
43830.00;E2J1_0;100.00;13.87;43774.00;0.91;A2A3_0;4.60;0.00;tripinfo_flow_0.381 emissions_flow_0.381;56.00;flow_0.381;0;632.42;1.19;0.00;10.42;car;;0;0.00;165267.372754;1884.068372;12.544942;67.126354;2.953618;0;52727.591172
44007.00;E2J1_0;100.00;12.77;43888.00;0.02;A2A3_0;4.60;0.00;tripinfo_flow_0.382 emissions_flow_0.382;119.00;flow_0.382;0;632.42;0.93;0.00;69.00;car;;1;53.00;306421.734548;8534.035438;45.887243;126.810716;8.151639;0;97754.224776
44096.00;E2J1_0;100.00;12.70;44003.00;0.13;A2A3_0;4.60;0.00;tripinfo_flow_0.383 emissions_flow_0.383;93.00;flow_0.383;0;632.42;1.07;0.00;46.69;car;;1;30.00;263512.043060;5812.172525;32.430584;107.331472;6.122408;0;84068.008523
44186.00;E2J1_0;100.00;12.66;44118.00;0.24;A2A3_0;4.60;0.00;tripinfo_flow_0.384 emissions_flow_0.384;68.00;flow_0.384;0;632.42;1.11;0.00;21.59;car;;1;5.00;199721.035058;3075.338977;18.781072;82.446384;4.071027;0;63718.241111
44291.00;E2J1_0;100.00;12.95;44233.00;0.35;A2A3_0;4.60;0.00;tripinfo_flow_0.385 emissions_flow_0.385;58.00;flow_0.385;0;632.42;1.00;0.00;11.28;car;;0;0.00;168499.457340;1860.397275;12.449842;67.485432;2.875876;0;53759.130111
44456.00;E2J1_0;100.00;13.07;44348.00;0.46;A2A3_0;4.60;0.00;tripinfo_flow_0.386 emissions_flow_0.386;108.00;flow_0.386;0;632.42;1.12;0.00;61.56;car;;1;43.00;295034.436734;7482.660683;40.872957;122.062158;7.504940;0;94122.582690
44546.00;E2J1_0;100.00;13.59;44463.00;0.57;A2A3_0;4.60;0.00;tripinfo_flow_0.387 emissions_flow_0.387;83.00;flow_0.387;0;632.42;1.19;0.00;36.14;car;;1;21.00;247337.305706;4826.630855;27.760583;101.640641;5.498497;0;78908.347303
44634.00;E2J1_0;100.00;13.51;44578.00;0.68;A2A3_0;4.60;0.00;tripinfo_flow_0.388 emissions_flow_0.388;56.00;flow_0.388;0;632.42;1.14;0.00;9.92;car;;0;0.00;166221.029861;1753.207598;11.908420;66.447239;2.800919;0;53032.405152
44751.00;E2J1_0;100.00;12.89;44693.00;0.79;A2A3_0;4.60;0.00;tripinfo_flow_0.389 emissions_flow_0.389;58.00;flow_0.389;0;632.42;0.98;0.00;10.32;car;;0;0.00;167440.541626;1954.127798;12.999369;68.653887;3.047871;0;53420.588740
44906.00;E2J1_0;100.00;12.74;44808.00;0.90;A2A3_0;4.60;0.00;tripinfo_flow_0.390 emissions_flow_0.390;98.00;flow_0.390;0;632.42;1.12;0.00;51.59;car;;1;36.00;275442.273457;6573.829216;36.346505;114.443402;6.844706;0;87872.636414
44996.00;E2J1_0;100.00;13.50;44922.00;0.01;A2A3_0;4.60;0.00;tripinfo_flow_0.391 emissions_flow_0.391;74.00;flow_0.391;0;632.42;1.26;0.00;27.37;car;;1;12.00;224753.480907;3857.190924;22.865371;91.520650;4.648180;0;71704.338414
45094.00;E2J1_0;100.00;13.72;45037.00;0.12;A2A3_0;4.60;0.00;tripinfo_flow_0.392 emissions_flow_0.392;57.00;flow_0.392;0;632.42;1.07;0.00;11.08;car;;0;0.00;170420.652210;1898.344896;12.622413;68.350475;2.941610;0;54372.064716
45266.00;E2J1_0;100.00;12.34;45152.00;0.23;A2A3_0;4.60;0.00;tripinfo_flow_0.393 emissions_flow_0.393;114.00;flow_0.393;0;632.42;0.98;0.00;65.85;car;;1;49.00;303002.792476;8088.577464;43.637395;124.351466;7.800049;0;96664.397738
45356.00;E2J1_0;100.00;12.97;45267.00;0.34;A2A3_0;4.60;0.00;tripinfo_flow_0.394 emissions_flow_0.394;89.00;flow_0.394;0;632.42;1.03;0.00;43.00;car;;1;24.00;256678.440313;5358.929315;30.492848;106.084212;5.933024;0;81887.725708
45446.00;E2J1_0;100.00;13.83;45382.00;0.45;A2A3_0;4.60;0.00;tripinfo_flow_0.395 emissions_flow_0.395;64.00;flow_0.395;0;632.42;1.02;0.00;17.51;car;;1;2.00;204363.732938;2726.231351;17.245793;83.499260;3.867265;0;65200.336145
45554.00;E2J1_0;100.00;13.07;45497.00;0.56;A2A3_0;4.60;0.00;tripinfo_flow_0.396 emissions_flow_0.396;57.00;flow_0.396;0;632.42;1.09;0.00;10.34;car;;0;0.00;165354.570506;1802.876143;12.213060;66.304841;2.819365;0;52755.731131
45716.00;E2J1_0;100.00;13.42;45612.00;0.67;A2A3_0;4.60;0.00;tripinfo_flow_0.397 emissions_flow_0.397;104.00;flow_0.397;0;632.42;1.10;0.00;57.70;car;;1;43.00;284024.719542;7177.194000;39.128750;117.597983;7.221609;0;90610.291780
45807.00;E2J1_0;100.00;12.30;45727.00;0.78;A2A3_0;4.60;0.00;tripinfo_flow_0.398 emissions_flow_0.398;80.00;flow_0.398;0;632.42;0.95;0.00;31.66;car;;1;15.00;223587.668827;4151.035990;24.167445;91.164911;4.776207;0;71331.855503
45902.00;E2J1_0;100.00;13.17;45842.00;0.89;A2A3_0;4.60;0.00;tripinfo_flow_0.399 emissions_flow_0.399;60.00;flow_0.399;0;632.42;0.96;0.00;11.51;car;;0;0.00;172322.089130;1958.659434;13.109352;69.517580;3.010894;0;54978.423792
46079.00;E2J1_0;100.00;11.70;45956.00;0.00;A2A3_0;4.60;0.00;tripinfo_flow_0.400 emissions_flow_0.400;123.00;flow_0.400;0;632.42;0.86;0.00;69.80;car;;1;55.00;305882.392574;8590.068187;46.084860;125.310954;8.025215;0;97582.346827
46166.00;E2J1_0;100.00;13.34;46071.00;0.11;A2A3_0;4.60;0.00;tripinfo_flow_0.401 emissions_flow_0.401;95.00;flow_0.401;0;632.42;1.01;0.00;47.88;car;;1;32.00;271257.197849;6011.789589;33.466998;110.356725;6.293153;0;86538.936328
46255.00;E2J1_0;100.00;13.28;46186.00;0.22;A2A3_0;4.60;0.00;tripinfo_flow_0.402 emissions_flow_0.402;69.00;flow_0.402;0;632.42;0.99;0.00;22.73;car;;1;7.00;211569.832590;3352.038239;20.407729;87.725980;4.377143;0;67498.161399
46358.00;E2J1_0;100.00;12.96;46301.00;0.33;A2A3_0;4.60;0.00;tripinfo_flow_0.403 emissions_flow_0.403;57.00;flow_0.403;0;632.42;1.10;0.00;10.52;car;;0;0.00;168218.269117;1821.252057;12.247774;67.213237;2.845918;0;53669.551787
46526.00;E2J1_0;100.00;13.44;46416.00;0.44;A2A3_0;4.60;0.00;tripinfo_flow_0.404 emissions_flow_0.404;110.00;flow_0.404;0;632.42;0.98;0.00;62.97;car;;1;45.00;305432.850882;7831.524159;42.748755;126.356229;7.797917;0;97439.742886
46616.00;E2J1_0;100.00;12.98;46531.00;0.55;A2A3_0;4.60;0.00;tripinfo_flow_0.405 emissions_flow_0.405;85.00;flow_0.405;0;632.42;0.97;0.00;37.15;car;;1;21.00;239324.334328;4951.850048;28.150103;98.465281;5.463721;0;76351.450121
46716.00;E2J1_0;100.00;10.20;46646.00;0.66;A2A3_0;4.60;0.00;tripinfo_flow_0.406 emissions_flow_0.406;70.00;flow_0.406;0;632.42;0.80;0.00;11.64;car;;0;0.00;160874.065574;2130.343738;13.572894;64.251057;2.815332;0;51325.505015
46818.00;E2J1_0;100.00;13.47;46761.00;0.77;A2A3_0;4.60;0.00;tripinfo_flow_0.407 emissions_flow_0.407;57.00;flow_0.407;0;632.42;1.00;0.00;10.42;car;;0;0.00;169584.502468;1962.251840;13.026630;68.989826;3.040429;0;54104.839223
46975.00;E2J1_0;100.00;13.88;46876.00;0.88;A2A3_0;4.60;0.00;tripinfo_flow_0.408 emissions_flow_0.408;99.00;flow_0.408;0;632.42;1.07;0.00;53.23;car;;1;37.00;282249.298690;6710.929983;37.046374;116.032111;6.883214;0;90044.686958
47066.00;E2J1_0;100.00;13.64;46991.00;0.99;A2A3_0;4.60;0.00;tripinfo_flow_0.409 emissions_flow_0.409;75.00;flow_0.409;0;632.42;1.13;0.00;29.01;car;;1;13.00;228536.185920;3944.159287;23.173855;92.952229;4.746027;0;72911.254843
47161.00;E2J1_0;100.00;13.24;47105.00;0.10;A2A3_0;4.60;0.00;tripinfo_flow_0.410 emissions_flow_0.410;56.00;flow_0.410;0;632.42;1.11;0.00;10.19;car;;0;0.00;165418.803564;1744.618993;11.788670;65.552977;2.724143;0;52776.627567
47337.00;E2J1_0;100.00;12.60;47220.00;0.21;A2A3_0;4.60;0.00;tripinfo_flow_0.411 emissions_flow_0.411;117.00;flow_0.411;0;632.42;0.92;0.00;67.60;car;;1;52.00;304960.589957;8294.152040;44.667035;124.686995;7.870805;0;97288.826707
47426.00;E2J1_0;100.00;13.48;47335.00;0.32;A2A3_0;4.60;0.00;tripinfo_flow_0.412 emissions_flow_0.412;91.00;flow_0.412;0;632.42;1.03;0.00;44.47;car;;1;30.00;266265.235917;5877.560815;32.911609;109.541025;6.279599;0;84945.981669
47517.00;E2J1_0;100.00;11.93;47450.00;0.43;A2A3_0;4.60;0.00;tripinfo_flow_0.413 emissions_flow_0.413;67.00;flow_0.413;0;632.42;0.94;0.00;17.80;car;;1;3.00;188654.131115;2675.490910;16.639459;76.657967;3.592540;0;60188.121880
47623.00;E2J1_0;100.00;13.52;47565.00;0.54;A2A3_0;4.60;0.00;tripinfo_flow_0.414 emissions_flow_0.414;58.00;flow_0.414;0;632.42;1.05;0.00;11.29;car;;0;0.00;180433.578209;2008.247712;13.424553;72.205221;3.112104;0;57566.708999
47786.00;E2J1_0;100.00;12.48;47680.00;0.65;A2A3_0;4.60;0.00;tripinfo_flow_0.415 emissions_flow_0.415;106.00;flow_0.415;0;632.42;0.97;0.00;58.01;car;;1;42.00;290462.230081;7255.027777;39.524784;118.287457;7.163189;0;92664.696406
47875.00;E2J1_0;100.00;12.74;47795.00;0.76;A2A3_0;4.60;0.00;tripinfo_flow_0.416 emissions_flow_0.416;80.00;flow_0.416;0;632.42;1.01;0.00;34.34;car;;1;18.00;237640.585253;4594.379606;26.589551;98.865009;5.378763;0;75814.435859
47969.00;E2J1_0;100.00;13.67;47910.00;0.87;A2A3_0;4.60;0.00;tripinfo_flow_0.417 emissions_flow_0.417;59.00;flow_0.417;0;632.42;1.01;0.00;12.08;car;;0;0.00;181188.575300;2078.402491;13.842233;73.597838;3.220747;0;57807.093666
48149.00;E2J1_0;100.00;11.87;48025.00;0.98;A2A3_0;4.60;0.00;tripinfo_flow_0.418 emissions_flow_0.418;124.00;flow_0.418;0;632.42;0.88;0.00;70.66;car;;1;53.00;315128.765668;8637.096323;46.456980;128.425064;8.107783;0;100532.642196
48236.00;E2J1_0;100.00;12.85;48139.00;0.09;A2A3_0;4.60;0.00;tripinfo_flow_0.419 emissions_flow_0.419;97.00;flow_0.419;0;632.42;1.05;0.00;51.23;car;;1;34.00;274144.988596;6381.348692;35.306496;112.107611;6.561842;0;87459.583179
48326.00;E2J1_0;100.00;12.97;48254.00;0.20;A2A3_0;4.60;0.00;tripinfo_flow_0.420 emissions_flow_0.420;72.00;flow_0.420;0;632.42;1.05;0.00;25.32;car;;1;9.00;216710.256786;3594.152396;21.471164;89.016106;4.500636;0;69138.237653
48428.00;E2J1_0;100.00;12.50;48369.00;0.31;A2A3_0;4.60;0.00;tripinfo_flow_0.421 emissions_flow_0.421;59.00;flow_0.421;0;632.42;0.97;0.00;11.60;car;;0;0.00;166949.648072;1889.330357;12.588036;67.034259;2.875998;0;53264.467283
48596.00;E2J1_0;100.00;13.06;48484.00;0.42;A2A3_0;4.60;0.00;tripinfo_flow_0.422 emissions_flow_0.422;112.00;flow_0.422;0;632.42;1.23;0.00;65.58;car;;1;50.00;306983.235539;8030.898484;43.473194;125.842113;7.839528;0;97934.605635
48686.00;E2J1_0;100.00;12.75;48599.00;0.53;A2A3_0;4.60;0.00;tripinfo_flow_0.423 emissions_flow_0.423;87.00;flow_0.423;0;632.42;1.32;0.00;40.57;car;;1;24.00;251686.689864;5236.701487;29.731227;103.800792;5.790890;0;80295.358478
48781.00;E2J1_0;100.00;10.46;48714.00;0.64;A2A3_0;4.60;0.00;tripinfo_flow_0.424 emissions_flow_0.424;67.00;flow_0.424;0;632.42;0.83;0.00;11.48;car;;0;0.00;161996.880557;2057.989568;13.276630;64.561436;2.788221;0;51683.919470
48886.00;E2J1_0;100.00;13.13;48829.00;0.75;A2A3_0;4.60;0.00;tripinfo_flow_0.425 emissions_flow_0.425;57.00;flow_0.425;0;632.42;1.05;0.00;11.23;car;;0;0.00;168353.172419;1857.664156;12.386303;67.377270;2.876844;0;53712.497228
49046.00;E2J1_0;100.00;13.04;48944.00;0.86;A2A3_0;4.60;0.00;tripinfo_flow_0.426 emissions_flow_0.426;102.00;flow_0.426;0;632.42;1.05;0.00;55.93;car;;1;39.00;287610.529728;7053.272180;38.782978;119.347407;7.222663;0;91754.404696
49142.00;E2J1_0;100.00;10.46;49059.00;0.97;A2A3_0;4.60;0.00;tripinfo_flow_0.427 emissions_flow_0.427;83.00;flow_0.427;0;632.42;0.76;0.00;22.33;car;;1;5.00;186750.688571;3302.038149;19.436198;74.937719;3.690755;0;59579.923220
49230.00;E2J1_0;100.00;12.82;49173.00;0.08;A2A3_0;4.60;0.00;tripinfo_flow_0.428 emissions_flow_0.428;57.00;flow_0.428;0;632.42;1.06;0.00;10.53;car;;0;0.00;172230.059960;1928.814858;12.808850;68.991189;2.960037;0;54949.341020
49409.00;E2J1_0;100.00;12.02;49288.00;0.19;A2A3_0;4.60;0.00;tripinfo_flow_0.429 emissions_flow_0.429;121.00;flow_0.429;0;632.42;0.88;0.00;67.83;car;;1;51.00;296000.140456;8208.031335;44.120714;121.777514;7.763372;0;94429.724798
49496.00;E2J1_0;100.00;12.80;49403.00;0.30;A2A3_0;4.60;0.00;tripinfo_flow_0.430 emissions_flow_0.430;93.00;flow_0.430;0;632.42;1.04;0.00;46.65;car;;1;31.00;266847.623092;5981.906786;33.474901;110.013780;6.354632;0;85131.551137
49586.00;E2J1_0;100.00;13.49;49518.00;0.41;A2A3_0;4.60;0.00;tripinfo_flow_0.431 emissions_flow_0.431;68.00;flow_0.431;0;632.42;1.17;0.00;21.84;car;;1;5.00;207624.789302;3146.559156;19.232284;84.773229;4.105539;0;66240.182028
49695.00;E2J1_0;100.00;12.69;49633.00;0.52;A2A3_0;4.60;0.00;tripinfo_flow_0.432 emissions_flow_0.432;62.00;flow_0.432;0;632.42;0.93;0.00;12.19;car;;0;0.00;170247.849449;2158.464406;13.966123;69.435731;3.128217;0;54316.015347
49858.00;E2J1_0;100.00;11.32;49748.00;0.63;A2A3_0;4.60;0.00;tripinfo_flow_0.433 emissions_flow_0.433;110.00;flow_0.433;0;632.42;0.89;0.00;57.13;car;;1;42.00;278882.667230;7092.877026;38.662318;113.991610;6.925198;0;88970.036272
49948.00;E2J1_0;100.00;11.91;49863.00;0.74;A2A3_0;4.60;0.00;tripinfo_flow_0.434 emissions_flow_0.434;85.00;flow_0.434;0;632.42;0.93;0.00;34.93;car;;1;19.00;228945.124489;4511.122714;25.811378;93.377060;5.031387;0;73040.715026
50034.00;E2J1_0;100.00;12.61;49978.00;0.85;A2A3_0;4.60;0.00;tripinfo_flow_0.435 emissions_flow_0.435;56.00;flow_0.435;0;632.42;1.11;0.00;10.05;car;;0;0.00;165793.068687;1768.254370;11.940924;66.295296;2.800861;0;52895.822165
50148.00;E2J1_0;100.00;13.23;50093.00;0.96;A2A3_0;4.60;0.00;tripinfo_flow_0.436 emissions_flow_0.436;55.00;flow_0.436;0;632.42;1.24;0.00;9.38;car;;0;0.00;163921.696182;1822.555511;12.315302;66.965785;2.930461;0;52298.182844
50307.00;E2J1_0;100.00;12.42;50207.00;0.07;A2A3_0;4.60;0.00;tripinfo_flow_0.437 emissions_flow_0.437;100.00;flow_0.437;0;632.42;0.96;0.00;51.10;car;;1;34.00;275070.833795;6517.777508;36.002548;112.703658;6.639886;0;87754.627995
50396.00;E2J1_0;100.00;12.67;50322.00;0.18;A2A3_0;4.60;0.00;tripinfo_flow_0.438 emissions_flow_0.438;74.00;flow_0.438;0;632.42;0.97;0.00;26.71;car;;1;11.00;210782.990482;3607.997033;21.355785;86.264041;4.391091;0;67247.105048
50494.00;E2J1_0;100.00;13.42;50437.00;0.29;A2A3_0;4.60;0.00;tripinfo_flow_0.439 emissions_flow_0.439;57.00;flow_0.439;0;632.42;1.20;0.00;10.85;car;;0;0.00;165487.310186;1838.129069;12.298188;66.328265;2.849037;0;52798.104762
50565.00;E2J1_0;100.00;9.64;50400.00;0.00;A2A1_0;10.10;0.00;tripinfo_flow_1.7 emissions_flow_1.7;165.00;flow_1.7;0;632.08;1.02;60.00;40.52;bus;;1;12.00;384594.967111;12175.371975;64.069202;159.168088;10.851075;0;122690.605297
50669.00;E2J1_0;100.00;12.05;50552.00;0.40;A2A3_0;4.60;0.00;tripinfo_flow_0.440 emissions_flow_0.440;117.00;flow_0.440;0;632.42;0.88;0.00;63.48;car;;1;47.00;293778.948460;7923.056403;42.758519;120.282270;7.543302;0;93721.604647
50756.00;E2J1_0;100.00;12.76;50667.00;0.51;A2A3_0;4.60;0.00;tripinfo_flow_0.441 emissions_flow_0.441;89.00;flow_0.441;0;632.42;1.12;0.00;42.68;car;;1;28.00;253163.297163;5543.831775;31.055464;104.127359;5.957888;0;80766.196986
50845.00;E2J1_0;100.00;13.44;50782.00;0.62;A2A3_0;4.60;0.00;tripinfo_flow_0.442 emissions_flow_0.442;63.00;flow_0.442;0;632.42;1.07;0.00;17.40;car;;1;1.00;193683.062873;2530.508680;16.232046;79.865102;3.695065;0;61792.542410
50960.00;E2J1_0;100.00;11.80;50897.00;0.73;A2A3_0;4.60;0.00;tripinfo_flow_0.443 emissions_flow_0.443;63.00;flow_0.443;0;632.42;0.89;0.00;10.79;car;;0;0.00;156869.746198;1770.798699;11.805587;61.999562;2.581774;0;50048.723887
51116.00;E2J1_0;100.00;12.25;51012.00;0.84;A2A3_0;4.60;0.00;tripinfo_flow_0.444 emissions_flow_0.444;104.00;flow_0.444;0;632.42;0.98;0.00;56.90;car;;1;41.00;284144.888629;7159.379519;39.114775;117.508925;7.183190;0;90648.618096
51206.00;E2J1_0;100.00;13.43;51127.00;0.95;A2A3_0;4.60;0.00;tripinfo_flow_0.445 emissions_flow_0.445;79.00;flow_0.445;0;632.42;0.99;0.00;32.13;car;;1;17.00;233330.209375;4358.929483;25.232108;95.660041;5.076077;0;74439.978674
51307.00;E2J1_0;100.00;11.51;51241.00;0.06;A2A3_0;4.60;0.00;tripinfo_flow_0.446 emissions_flow_0.446;66.00;flow_0.446;0;632.42;0.86;0.00;12.25;car;;0;0.00;170119.088692;2176.464497;13.994309;68.546690;3.042221;0;54275.078125
51478.00;E2J1_0;100.00;11.93;51356.00;0.17;A2A3_0;4.60;0.00;tripinfo_flow_0.447 emissions_flow_0.447;122.00;flow_0.447;0;632.42;0.89;0.00;69.09;car;;1;54.00;311292.989223;8642.089259;46.443780;128.266163;8.197364;0;99308.395655
51565.00;E2J1_0;100.00;13.20;51471.00;0.28;A2A3_0;4.60;0.00;tripinfo_flow_0.448 emissions_flow_0.448;94.00;flow_0.448;0;632.42;1.08;0.00;47.76;car;;1;31.00;271631.837304;6175.444795;34.391536;112.207779;6.543789;0;86657.690844
51656.00;E2J1_0;100.00;13.81;51586.00;0.39;A2A3_0;4.60;0.00;tripinfo_flow_0.449 emissions_flow_0.449;70.00;flow_0.449;0;632.42;1.11;0.00;23.85;car;;1;9.00;216776.405697;3517.696797;21.235918;89.496698;4.496409;0;69159.268214
51772.00;E2J1_0;100.00;10.78;51701.00;0.50;A2A3_0;4.60;0.00;tripinfo_flow_0.450 emissions_flow_0.450;71.00;flow_0.450;0;632.42;0.80;0.00;11.44;car;;0;0.00;163032.710072;2147.227038;13.689697;64.785446;2.804371;0;52014.291405
51933.00;E2J1_0;100.00;10.26;51816.00;0.61;A2A3_0;4.60;0.00;tripinfo_flow_0.451 emissions_flow_0.451;117.00;flow_0.451;0;632.42;0.77;0.00;56.74;car;;1;41.00;272429.181296;7294.513766;39.426884;111.085884;6.858073;0;86910.615121
52016.00;E2J1_0;100.00;13.06;51931.00;0.72;A2A3_0;4.60;0.00;tripinfo_flow_0.452 emissions_flow_0.452;85.00;flow_0.452;0;632.42;1.12;0.00;38.59;car;;1;23.00;241399.068107;4941.928578;28.158258;99.511368;5.511218;0;77013.422407
52108.00;E2J1_0;100.00;12.37;52046.00;0.83;A2A3_0;4.60;0.00;tripinfo_flow_0.453 emissions_flow_0.453;62.00;flow_0.453;0;632.42;0.92;0.00;10.60;car;;0;0.00;170132.914624;1922.700803;12.708245;67.251348;2.825023;0;54280.377061
52219.00;E2J1_0;100.00;13.04;52161.00;0.94;A2A3_0;4.60;0.00;tripinfo_flow_0.454 emissions_flow_0.454;58.00;flow_0.454;0;632.42;1.01;0.00;11.00;car;;0;0.00;173020.439495;1944.454984;13.034611;69.945762;3.037021;0;55201.270997
52376.00;E2J1_0;100.00;13.60;52275.00;0.05;A2A3_0;4.60;0.00;tripinfo_flow_0.455 emissions_flow_0.455;101.00;flow_0.455;0;632.42;1.16;0.00;54.74;car;;1;38.00;286214.087050;6803.820871;37.437846;116.865533;6.897915;0;91309.828139
52465.00;E2J1_0;100.00;12.83;52390.00;0.16;A2A3_0;4.60;0.00;tripinfo_flow_0.456 emissions_flow_0.456;75.00;flow_0.456;0;632.42;1.21;0.00;27.93;car;;1;14.00;228801.354761;4115.850362;24.076584;94.218668;4.931194;0;72995.238752
52562.00;E2J1_0;100.00;13.52;52505.00;0.27;A2A3_0;4.60;0.00;tripinfo_flow_0.457 emissions_flow_0.457;57.00;flow_0.457;0;632.42;1.06;0.00;10.51;car;;0;0.00;169967.355985;1940.562277;12.911486;69.086039;3.030046;0;54227.057962
52736.00;E2J1_0;100.00;13.47;52620.00;0.38;A2A3_0;4.60;0.00;tripinfo_flow_0.458 emissions_flow_0.458;116.00;flow_0.458;0;632.42;0.99;0.00;68.17;car;;1;52.00;314138.942703;8418.159367;45.488607;130.146779;8.222909;0;100216.664627
52826.00;E2J1_0;100.00;13.10;52735.00;0.49;A2A3_0;4.60;0.00;tripinfo_flow_0.459 emissions_flow_0.459;91.00;flow_0.459;0;632.42;1.00;0.00;44.16;car;;1;28.00;259734.317868;5722.490481;32.132450;106.983367;6.116201;0;82862.356184
52916.00;E2J1_0;100.00;12.96;52850.00;0.60;A2A3_0;4.60;0.00;tripinfo_flow_0.460 emissions_flow_0.460;66.00;flow_0.460;0;632.42;1.06;0.00;19.70;car;;1;5.00;208796.157671;3052.999257;18.942464;85.897403;4.136497;0;66613.850515
53030.00;E2J1_0;100.00;11.00;52965.00;0.71;A2A3_0;4.60;0.00;tripinfo_flow_0.461 emissions_flow_0.461;65.00;flow_0.461;0;632.42;0.87;0.00;11.09;car;;0;0.00;167405.004420;1991.967738;13.122922;66.981178;2.862166;0;53409.521185
53186.00;E2J1_0;100.00;13.77;53080.00;0.82;A2A3_0;4.60;0.00;tripinfo_flow_0.462 emissions_flow_0.462;106.00;flow_0.462;0;632.42;1.04;0.00;59.56;car;;1;44.00;293473.874896;7320.477753;40.105405;121.310495;7.396928;0;93624.944760
53277.00;E2J1_0;100.00;11.85;53195.00;0.93;A2A3_0;4.60;0.00;tripinfo_flow_0.463 emissions_flow_0.463;82.00;flow_0.463;0;632.42;0.94;0.00;32.12;car;;1;18.00;231523.044243;4382.002029;25.363730;94.030466;4.956170;0;73863.515864
53366.00;E2J1_0;100.00;12.81;53309.00;0.04;A2A3_0;4.60;0.00;tripinfo_flow_0.464 emissions_flow_0.464;57.00;flow_0.464;0;632.42;1.04;0.00;11.27;car;;0;0.00;167473.274675;1944.394212;12.951530;68.066598;2.997962;0;53431.244260
53546.00;E2J1_0;100.00;13.59;53424.00;0.15;A2A3_0;4.60;0.00;tripinfo_flow_0.465 emissions_flow_0.465;122.00;flow_0.465;0;632.42;1.02;0.00;75.54;car;;1;59.00;331975.482718;9089.087302;48.900667;136.796368;8.727727;0;105906.883597
53635.00;E2J1_0;100.00;12.82;53539.00;0.26;A2A3_0;4.60;0.00;tripinfo_flow_0.466 emissions_flow_0.466;96.00;flow_0.466;0;632.42;1.04;0.00;49.58;car;;1;33.00;278299.691948;6453.192999;35.798704;114.610680;6.732265;0;88784.840420
53726.00;E2J1_0;100.00;13.20;53654.00;0.37;A2A3_0;4.60;0.00;tripinfo_flow_0.467 emissions_flow_0.467;72.00;flow_0.467;0;632.42;0.96;0.00;24.08;car;;1;8.00;209054.653219;3467.699726;20.796372;86.125838;4.345814;0;66695.642969
53827.00;E2J1_0;100.00;12.67;53769.00;0.48;A2A3_0;4.60;0.00;tripinfo_flow_0.468 emissions_flow_0.468;58.00;flow_0.468;0;632.42;0.98;0.00;11.06;car;;0;0.00;166157.956123;1963.092180;13.041382;68.354586;3.057184;0;53011.285182
53996.00;E2J1_0;100.00;13.47;53884.00;0.59;A2A3_0;4.60;0.00;tripinfo_flow_0.469 emissions_flow_0.469;112.00;flow_0.469;0;632.42;0.99;0.00;64.65;car;;1;48.00;299652.686188;7938.607130;42.840540;123.072977;7.701847;0;95595.732105
54088.00;E2J1_0;100.00;11.99;53999.00;0.70;A2A3_0;4.60;0.00;tripinfo_flow_0.470 emissions_flow_0.470;89.00;flow_0.470;0;632.42;0.88;0.00;36.24;car;;1;21.00;231787.255949;4879.972843;27.625394;94.961097;5.264830;0;73946.790725
54176.00;E2J1_0;100.00;13.03;54114.00;0.81;A2A3_0;4.60;0.00;tripinfo_flow_0.471 emissions_flow_0.471;62.00;flow_0.471;0;632.42;0.94;0.00;13.04;car;;0;0.00;187894.270132;2281.520670;14.933012;76.760758;3.421299;0;59946.063543
54287.00;E2J1_0;100.00;13.02;54229.00;0.92;A2A3_0;4.60;0.00;tripinfo_flow_0.472 emissions_flow_0.472;58.00;flow_0.472;0;632.42;1.03;0.00;11.53;car;;0;0.00;165712.170868;1914.146872;12.643879;66.930748;2.918698;0;52869.541715
54446.00;E2J1_0;100.00;13.30;54343.00;0.03;A2A3_0;4.60;0.00;tripinfo_flow_0.473 emissions_flow_0.473;103.00;flow_0.473;0;632.42;1.04;0.00;57.03;car;;1;40.00;285847.654502;7103.044996;38.904437;118.090393;7.173048;0;91192.051179
54536.00;E2J1_0;100.00;12.93;54458.00;0.14;A2A3_0;4.60;0.00;tripinfo_flow_0.474 emissions_flow_0.474;78.00;flow_0.474;0;632.42;1.08;0.00;30.95;car;;1;16.00;233201.797840;4270.961494;24.924057;95.964889;5.059127;0;74399.016813
54630.00;E2J1_0;100.00;12.76;54573.00;0.25;A2A3_0;4.60;0.00;tripinfo_flow_0.475 emissions_flow_0.475;57.00;flow_0.475;0;632.42;0.99;0.00;10.58;car;;0;0.00;171097.073838;1905.736463;12.878027;69.628230;3.023320;0;54587.472123
54806.00;E2J1_0;100.00;13.10;54688.00;0.36;A2A3_0;4.60;0.00;tripinfo_flow_0.476 emissions_flow_0.476;118.00;flow_0.476;0;632.42;0.98;0.00;70.00;car;;1;53.00;316458.536613;8558.446365;46.266243;131.448562;8.363974;0;100956.436830
54896.00;E2J1_0;100.00;12.79;54803.00;0.47;A2A3_0;4.60;0.00;tripinfo_flow_0.477 emissions_flow_0.477;93.00;flow_0.477;0;632.42;1.08;0.00;46.04;car;;1;30.00;256643.614120;5847.526533;32.457379;105.164096;6.125593;0;81876.322580
54986.00;E2J1_0;100.00;13.62;54918.00;0.58;A2A3_0;4.60;0.00;tripinfo_flow_0.478 emissions_flow_0.478;68.00;flow_0.478;0;632.42;1.24;0.00;21.31;car;;1;5.00;213631.894708;3209.536036;19.648950;87.175019;4.215123;0;68156.786838
55090.00;E2J1_0;100.00;12.63;55033.00;0.69;A2A3_0;4.60;0.00;tripinfo_flow_0.479 emissions_flow_0.479;57.00;flow_0.479;0;632.42;1.06;0.00;11.31;car;;0;0.00;177927.603599;2043.842723;13.600587;72.290874;3.176127;0;56766.719251
55256.00;E2J1_0;100.00;13.03;55148.00;0.80;A2A3_0;4.60;0.00;tripinfo_flow_0.480 emissions_flow_0.480;108.00;flow_0.480;0;632.42;1.09;0.00;61.70;car;;1;46.00;303056.146680;7778.341288;42.454278;125.673291;7.770838;0;96681.446578
55347.00;E2J1_0;100.00;12.17;55263.00;0.91;A2A3_0;4.60;0.00;tripinfo_flow_0.481 emissions_flow_0.481;84.00;flow_0.481;0;632.42;0.94;0.00;34.35;car;;1;20.00;230469.941160;4652.326829;26.565252;94.327447;5.148146;0;73526.914223
55434.00;E2J1_0;100.00;13.55;55377.00;0.02;A2A3_0;4.60;0.00;tripinfo_flow_0.482 emissions_flow_0.482;57.00;flow_0.482;0;632.42;1.08;0.00;10.20;car;;0;0.00;171804.365722;1859.206656;12.476944;68.593512;2.899451;0;54813.716852
55549.00;E2J1_0;100.00;12.97;55492.00;0.13;A2A3_0;4.60;0.00;tripinfo_flow_0.483 emissions_flow_0.483;57.00;flow_0.483;0;632.42;1.04;0.00;11.32;car;;0;0.00;162334.608801;1915.647600;12.578092;65.869818;2.937940;0;51791.858156
55706.00;E2J1_0;100.00;12.66;55607.00;0.24;A2A3_0;4.60;0.00;tripinfo_flow_0.484 emissions_flow_0.484;99.00;flow_0.484;0;632.42;1.16;0.00;53.02;car;;1;36.00;274817.456745;6650.590470;36.630103;113.705661;6.819238;0;87673.343298
55796.00;E2J1_0;100.00;13.68;55722.00;0.35;A2A3_0;4.60;0.00;tripinfo_flow_0.485 emissions_flow_0.485;74.00;flow_0.485;0;632.42;1.13;0.00;28.18;car;;1;11.00;219093.371500;3691.371615;21.978381;89.997237;4.574232;0;69898.443668
55892.00;E2J1_0;100.00;12.98;55837.00;0.46;A2A3_0;4.60;0.00;tripinfo_flow_0.486 emissions_flow_0.486;55.00;flow_0.486;0;632.42;1.18;0.00;9.38;car;;0;0.00;163031.405595;1677.613010;11.480266;64.888288;2.697730;0;52014.900996
56069.00;E2J1_0;100.00;11.70;55952.00;0.57;A2A3_0;4.60;0.00;tripinfo_flow_0.487 emissions_flow_0.487;117.00;flow_0.487;0;632.42;0.85;0.00;62.55;car;;1;48.00;291351.930763;7937.663298;42.830290;119.833504;7.555137;0;92947.021815
56156.00;E2J1_0;100.00;12.65;56067.00;0.68;A2A3_0;4.60;0.00;tripinfo_flow_0.488 emissions_flow_0.488;89.00;flow_0.488;0;632.42;1.11;0.00;41.95;car;;1;25.00;248666.721960;5299.826978;29.773764;101.721074;5.713961;0;79332.020167
56247.00;E2J1_0;100.00;12.24;56182.00;0.79;A2A3_0;4.60;0.00;tripinfo_flow_0.489 emissions_flow_0.489;65.00;flow_0.489;0;632.42;0.93;0.00;15.62;car;;0;0.00;186430.643816;2437.508807;15.638511;75.679908;3.411643;0;59478.956371
56354.00;E2J1_0;100.00;13.83;56297.00;0.90;A2A3_0;4.60;0.00;tripinfo_flow_0.490 emissions_flow_0.490;57.00;flow_0.490;0;632.42;1.17;0.00;10.33;car;;0;0.00;165532.959250;1926.868246;12.834100;67.640892;3.010208;0;52812.113417
56516.00;E2J1_0;100.00;13.00;56411.00;0.01;A2A3_0;4.60;0.00;tripinfo_flow_0.491 emissions_flow_0.491;105.00;flow_0.491;0;632.42;1.24;0.00;58.88;car;;1;42.00;294070.129282;7321.003194;40.070052;121.223530;7.383029;0;93815.330149
56605.00;E2J1_0;100.00;13.25;56526.00;0.12;A2A3_0;4.60;0.00;tripinfo_flow_0.492 emissions_flow_0.492;79.00;flow_0.492;0;632.42;1.07;0.00;32.98;car;;1;18.00;230117.795072;4433.740109;25.546667;94.833356;5.122519;0;73414.792498
56702.00;E2J1_0;100.00;12.29;56641.00;0.23;A2A3_0;4.60;0.00;tripinfo_flow_0.493 emissions_flow_0.493;61.00;flow_0.493;0;632.42;0.92;0.00;10.16;car;;0;0.00;168712.312695;1869.935546;12.491365;66.056925;2.711416;0;53827.336428
56877.00;E2J1_0;100.00;12.34;56756.00;0.34;A2A3_0;4.60;0.00;tripinfo_flow_0.494 emissions_flow_0.494;121.00;flow_0.494;0;632.42;0.93;0.00;70.84;car;;1;55.00;314575.603918;8588.717537;46.281344;129.228777;8.186791;0;100355.988666
56968.00;E2J1_0;100.00;12.70;56871.00;0.45;A2A3_0;4.60;0.00;tripinfo_flow_0.495 emissions_flow_0.495;97.00;flow_0.495;0;632.42;0.96;0.00;47.70;car;;1;31.00;263532.762749;6029.704910;33.472293;107.169666;6.196153;0;84074.253797
57055.00;E2J1_0;100.00;12.80;56986.00;0.56;A2A3_0;4.60;0.00;tripinfo_flow_0.496 emissions_flow_0.496;69.00;flow_0.496;0;632.42;1.11;0.00;23.39;car;;1;7.00;211126.040849;3301.363928;20.003486;86.543677;4.263543;0;67357.000331
57158.00;E2J1_0;100.00;13.43;57101.00;0.67;A2A3_0;4.60;0.00;tripinfo_flow_0.497 emissions_flow_0.497;57.00;flow_0.497;0;632.42;1.02;0.00;10.77;car;;0;0.00;180257.260532;1995.317134;13.441846;73.024113;3.153257;0;57510.125377
57325.00;E2J1_0;100.00;13.19;57216.00;0.78;A2A3_0;4.60;0.00;tripinfo_flow_0.498 emissions_flow_0.498;109.00;flow_0.498;0;632.42;1.01;0.00;63.20;car;;1;49.00;299062.378150;7804.865470;42.406617;123.849001;7.723732;0;95407.261176
57426.00;E2J1_0;100.00;8.96;57331.00;0.89;A2A3_0;4.60;0.00;tripinfo_flow_0.499 emissions_flow_0.499;95.00;flow_0.499;0;632.42;0.69;0.00;27.85;car;;1;13.00;205583.072586;4312.325836;24.366159;81.913295;4.323893;0;65587.288369
57504.00;E2J1_0;100.00;13.89;57445.00;0.00;A2A3_0;4.60;0.00;tripinfo_flow_0.500 emissions_flow_0.500;59.00;flow_0.500;0;632.42;1.05;0.00;13.25;car;;0;0.00;191011.939752;2300.212510;15.031977;77.882854;3.478957;0;60940.944779
57618.00;E2J1_0;100.00;13.53;57560.00;0.11;A2A3_0;4.60;0.00;tripinfo_flow_0.501 emissions_flow_0.501;58.00;flow_0.501;0;632.42;1.12;0.00;11.41;car;;0;0.00;168644.487482;1965.303631;13.057060;68.603924;3.030406;0;53804.896497
57762.00;E2J1_0;100.00;9.00;57600.00;0.00;A2A1_0;10.10;0.00;tripinfo_flow_1.8 emissions_flow_1.8;162.00;flow_1.8;0;632.08;1.01;60.00;37.92;bus;;1;9.00;383923.484030;11901.061194;62.816214;158.459298;10.655763;0;122476.841984
57776.00;E2J1_0;100.00;12.75;57675.00;0.22;A2A3_0;4.60;0.00;tripinfo_flow_0.502 emissions_flow_0.502;101.00;flow_0.502;0;632.42;1.01;0.00;54.82;car;;1;38.00;283499.191135;6907.518206;37.958756;117.249108;7.065168;0;90442.980590
57865.00;E2J1_0;100.00;13.16;57790.00;0.33;A2A3_0;4.60;0.00;tripinfo_flow_0.503 emissions_flow_0.503;75.00;flow_0.503;0;632.42;1.09;0.00;29.22;car;;1;14.00;231145.067671;4034.122443;23.756235;94.018891;4.832363;0;73743.498111
57961.00;E2J1_0;100.00;13.44;57905.00;0.44;A2A3_0;4.60;0.00;tripinfo_flow_0.504 emissions_flow_0.504;56.00;flow_0.504;0;632.42;1.07;0.00;10.29;car;;0;0.00;174518.343161;1987.357726;13.392286;71.806339;3.192342;0;55678.720600
58136.00;E2J1_0;100.00;13.14;58020.00;0.55;A2A3_0;4.60;0.00;tripinfo_flow_0.505 emissions_flow_0.505;116.00;flow_0.505;0;632.42;1.08;0.00;69.21;car;;1;52.00;321126.677609;8600.802555;46.454941;132.471588;8.358793;0;102446.098873
58228.00;E2J1_0;100.00;12.49;58135.00;0.66;A2A3_0;4.60;0.00;tripinfo_flow_0.506 emissions_flow_0.506;93.00;flow_0.506;0;632.42;0.91;0.00;41.58;car;;1;26.00;250284.408343;5464.469526;30.708024;102.278162;5.770515;0;79847.783990
58318.00;E2J1_0;100.00;12.36;58250.00;0.77;A2A3_0;4.60;0.00;tripinfo_flow_0.507 emissions_flow_0.507;68.00;flow_0.507;0;632.42;0.91;0.00;16.63;car;;0;0.00;191567.840750;2508.639965;15.976839;77.029934;3.455518;0;61118.169442
58427.00;E2J1_0;100.00;11.50;58365.00;0.88;A2A3_0;4.60;0.00;tripinfo_flow_0.508 emissions_flow_0.508;62.00;flow_0.508;0;632.42;0.92;0.00;10.84;car;;0;0.00;168501.933704;1933.899117;12.938726;67.750755;2.893791;0;53759.547351
58586.00;E2J1_0;100.00;13.88;58480.00;0.99;A2A3_0;4.60;0.00;tripinfo_flow_0.509 emissions_flow_0.509;106.00;flow_0.509;0;632.42;1.03;0.00;59.75;car;;1;43.00;294861.091094;7520.355278;40.913519;121.233997;7.445742;0;94067.476302
58676.00;E2J1_0;100.00;12.65;58594.00;0.10;A2A3_0;4.60;0.00;tripinfo_flow_0.510 emissions_flow_0.510;82.00;flow_0.510;0;632.42;1.05;0.00;35.76;car;;1;20.00;233408.687469;4702.166303;26.768294;95.434454;5.227518;0;74464.647145
58768.00;E2J1_0;100.00;13.35;58709.00;0.21;A2A3_0;4.60;0.00;tripinfo_flow_0.511 emissions_flow_0.511;59.00;flow_0.511;0;632.42;1.03;0.00;12.55;car;;0;0.00;172352.752028;1908.779440;12.737682;69.048496;2.944508;0;54988.489671
58946.00;E2J1_0;100.00;12.89;58824.00;0.32;A2A3_0;4.60;0.00;tripinfo_flow_0.512 emissions_flow_0.512;122.00;flow_0.512;0;632.42;1.11;0.00;75.21;car;;1;59.00;326781.276919;9258.294396;49.511461;135.295365;8.808310;0;104249.218761
59039.00;E2J1_0;100.00;10.76;58939.00;0.43;A2A3_0;4.60;0.00;tripinfo_flow_0.513 emissions_flow_0.513;100.00;flow_0.513;0;632.42;0.86;0.00;46.59;car;;1;31.00;250149.982367;5944.085411;32.863182;101.669448;5.923077;0;79804.303493
59126.00;E2J1_0;100.00;12.74;59054.00;0.54;A2A3_0;4.60;0.00;tripinfo_flow_0.514 emissions_flow_0.514;72.00;flow_0.514;0;632.42;0.98;0.00;25.17;car;;1;9.00;209155.463654;3508.066981;21.018583;86.223553;4.368682;0;66727.734128
59227.00;E2J1_0;100.00;13.19;59169.00;0.65;A2A3_0;4.60;0.00;tripinfo_flow_0.515 emissions_flow_0.515;58.00;flow_0.515;0;632.42;0.97;0.00;10.82;car;;0;0.00;170543.331114;2007.676913;13.272011;69.615473;3.084996;0;54410.579929
59396.00;E2J1_0;100.00;13.71;59284.00;0.76;A2A3_0;4.60;0.00;tripinfo_flow_0.516 emissions_flow_0.516;112.00;flow_0.516;0;632.42;1.02;0.00;65.06;car;;1;48.00;313710.878824;8066.251340;44.002238;130.180537;8.056970;0;100080.479625
59486.00;E2J1_0;100.00;13.62;59399.00;0.87;A2A3_0;4.60;0.00;tripinfo_flow_0.517 emissions_flow_0.517;87.00;flow_0.517;0;632.42;0.99;0.00;39.96;car;;1;23.00;250745.671912;5273.532614;29.990839;103.825924;5.829108;0;79994.879318
59574.00;E2J1_0;100.00;13.88;59514.00;0.98;A2A3_0;4.60;0.00;tripinfo_flow_0.518 emissions_flow_0.518;60.00;flow_0.518;0;632.42;1.01;0.00;13.71;car;;0;0.00;192000.861853;2221.643924;14.606108;77.296033;3.384587;0;61256.931001
59686.00;E2J1_0;100.00;13.27;59628.00;0.09;A2A3_0;4.60;0.00;tripinfo_flow_0.519 emissions_flow_0.519;58.00;flow_0.519;0;632.42;1.02;0.00;10.69;car;;0;0.00;168864.446712;2040.281810;13.192957;68.242273;3.029220;0;53875.167857
59845.00;E2J1_0;100.00;13.25;59743.00;0.20;A2A3_0;4.60;0.00;tripinfo_flow_0.520 emissions_flow_0.520;102.00;flow_0.520;0;632.42;0.99;0.00;55.19;car;;1;39.00;285135.974830;7017.855055;38.527845;118.174572;7.154362;0;90964.976107
59936.00;E2J1_0;100.00;12.92;59858.00;0.31;A2A3_0;4.60;0.00;tripinfo_flow_0.521 emissions_flow_0.521;78.00;flow_0.521;0;632.42;1.21;0.00;31.28;car;;1;16.00;233553.610703;4274.106826;24.953955;95.345969;5.000018;0;74511.477331
60030.00;E2J1_0;100.00;13.43;59973.00;0.42;A2A3_0;4.60;0.00;tripinfo_flow_0.522 emissions_flow_0.522;57.00;flow_0.522;0;632.42;1.02;0.00;11.28;car;;0;0.00;169638.090737;1980.934003;13.034263;68.430204;3.014039;0;54122.140409
60207.00;E2J1_0;100.00;12.58;60088.00;0.53;A2A3_0;4.60;0.00;tripinfo_flow_0.523 emissions_flow_0.523;119.00;flow_0.523;0;632.42;0.97;0.00;70.41;car;;1;53.00;317395.805311;8551.753652;46.073237;130.527952;8.240547;0;101255.895843
60296.00;E2J1_0;100.00;13.67;60203.00;0.64;A2A3_0;4.60;0.00;tripinfo_flow_0.524 emissions_flow_0.524;93.00;flow_0.524;0;632.42;0.99;0.00;46.04;car;;1;31.00;271642.838462;5942.644283;33.283250;111.203285;6.327313;0;86661.847866
60386.00;E2J1_0;100.00;12.87;60318.00;0.75;A2A3_0;4.60;0.00;tripinfo_flow_0.525 emissions_flow_0.525;68.00;flow_0.525;0;632.42;1.04;0.00;21.32;car;;1;6.00;205503.035195;3145.143677;19.239065;84.655797;4.137011;0;65562.969044
60498.00;E2J1_0;100.00;11.18;60433.00;0.86;A2A3_0;4.60;0.00;tripinfo_flow_0.526 emissions_flow_0.526;65.00;flow_0.526;0;632.42;0.86;0.00;10.62;car;;0;0.00;166763.539421;2056.807127;13.418750;67.102349;2.930928;0;53204.639494
60657.00;E2J1_0;100.00;12.62;60548.00;0.97;A2A3_0;4.60;0.00;tripinfo_flow_0.527 emissions_flow_0.527;109.00;flow_0.527;0;632.42;0.95;0.00;59.64;car;;1;42.00;291932.297828;7309.512267;39.974560;119.257228;7.200220;0;93133.419194
60750.00;E2J1_0;100.00;11.12;60662.00;0.08;A2A3_0;4.60;0.00;tripinfo_flow_0.528 emissions_flow_0.528;88.00;flow_0.528;0;632.42;0.85;0.00;32.84;car;;1;17.00;218573.574322;4359.793495;24.976088;88.301349;4.694408;0;69731.866139
60838.00;E2J1_0;100.00;12.69;60777.00;0.19;A2A3_0;4.60;0.00;tripinfo_flow_0.529 emissions_flow_0.529;61.00;flow_0.529;0;632.42;0.93;0.00;11.64;car;;0;0.00;167864.260433;1907.460718;12.723522;67.297275;2.875457;0;53556.249451
60949.00;E2J1_0;100.00;13.27;60892.00;0.30;A2A3_0;4.60;0.00;tripinfo_flow_0.530 emissions_flow_0.530;57.00;flow_0.530;0;632.42;1.10;0.00;10.47;car;;0;0.00;169958.095854;1902.538333;12.698533;67.920241;2.908105;0;54224.522931
61106.00;E2J1_0;100.00;13.82;61007.00;0.41;A2A3_0;4.60;0.00;tripinfo_flow_0.531 emissions_flow_0.531;99.00;flow_0.531;0;632.42;1.17;0.00;52.85;car;;1;36.00;287579.509502;6778.504830;37.491983;119.043463;7.061817;0;91745.019680
61196.00;E2J1_0;100.00;12.71;61122.00;0.52;A2A3_0;4.60;0.00;tripinfo_flow_0.532 emissions_flow_0.532;74.00;flow_0.532;0;632.42;1.12;0.00;27.83;car;;1;11.00;222887.723580;3912.138634;23.207296;92.961720;4.854142;0;71108.285846
61294.00;E2J1_0;100.00;13.45;61237.00;0.63;A2A3_0;4.60;0.00;tripinfo_flow_0.533 emissions_flow_0.533;57.00;flow_0.533;0;632.42;1.02;0.00;10.89;car;;0;0.00;171957.215016;1860.643632;12.657807;69.303737;2.961956;0;54862.218745
61468.00;E2J1_0;100.00;11.33;61352.00;0.74;A2A3_0;4.60;0.00;tripinfo_flow_0.534 emissions_flow_0.534;116.00;flow_0.534;0;632.42;0.90;0.00;64.75;car;;1;47.00;292829.362318;7824.477608;42.310930;119.626943;7.455557;0;93418.866738
61556.00;E2J1_0;100.00;12.77;61467.00;0.85;A2A3_0;4.60;0.00;tripinfo_flow_0.535 emissions_flow_0.535;89.00;flow_0.535;0;632.42;1.01;0.00;42.01;car;;1;25.00;252210.535018;5362.725002;30.241297;103.660090;5.840191;0;80462.467685
61646.00;E2J1_0;100.00;12.96;61582.00;0.96;A2A3_0;4.60;0.00;tripinfo_flow_0.536 emissions_flow_0.536;64.00;flow_0.536;0;632.42;1.04;0.00;16.32;car;;0;0.00;193189.831735;2541.667950;16.219167;78.888338;3.631362;0;61635.392916
61755.00;E2J1_0;100.00;12.75;61696.00;0.07;A2A3_0;4.60;0.00;tripinfo_flow_0.537 emissions_flow_0.537;59.00;flow_0.537;0;632.42;0.98;0.00;11.11;car;;0;0.00;170184.235213;1936.011620;12.898519;68.732896;2.992172;0;54296.361328
61916.00;E2J1_0;100.00;13.68;61811.00;0.18;A2A3_0;4.60;0.00;tripinfo_flow_0.538 emissions_flow_0.538;105.00;flow_0.538;0;632.42;1.00;0.00;58.04;car;;1;42.00;295069.262417;7397.281782;40.543352;122.488948;7.499686;0;94133.673906
62006.00;E2J1_0;100.00;13.82;61926.00;0.29;A2A3_0;4.60;0.00;tripinfo_flow_0.539 emissions_flow_0.539;80.00;flow_0.539;0;632.42;1.17;0.00;34.13;car;;1;18.00;244234.046929;4555.742446;26.491767;99.553923;5.244032;0;77918.815588
62102.00;E2J1_0;100.00;12.06;62041.00;0.40;A2A3_0;4.60;0.00;tripinfo_flow_0.540 emissions_flow_0.540;61.00;flow_0.540;0;632.42;0.96;0.00;12.12;car;;0;0.00;170531.545998;2077.290847;13.528388;68.992065;3.052645;0;54406.887535
62277.00;E2J1_0;100.00;12.65;62156.00;0.51;A2A3_0;4.60;0.00;tripinfo_flow_0.541 emissions_flow_0.541;121.00;flow_0.541;0;632.42;0.97;0.00;73.26;car;;1;57.00;321523.576485;8916.390915;47.901503;132.233955;8.480782;0;102572.373114
62369.00;E2J1_0;100.00;11.28;62271.00;0.62;A2A3_0;4.60;0.00;tripinfo_flow_0.542 emissions_flow_0.542;98.00;flow_0.542;0;632.42;0.89;0.00;45.05;car;;1;29.00;253073.124686;5875.941963;32.572515;103.252392;5.995153;0;80737.006601
62456.00;E2J1_0;100.00;12.87;62386.00;0.73;A2A3_0;4.60;0.00;tripinfo_flow_0.543 emissions_flow_0.543;70.00;flow_0.543;0;632.42;1.02;0.00;23.74;car;;1;7.00;208064.553354;3332.541954;20.141498;85.575079;4.252417;0;66380.028594
62568.00;E2J1_0;100.00;10.74;62501.00;0.84;A2A3_0;4.60;0.00;tripinfo_flow_0.544 emissions_flow_0.544;67.00;flow_0.544;0;632.42;0.84;0.00;11.73;car;;0;0.00;162252.412265;2068.782353;13.332038;64.651826;2.805188;0;51765.455459
62728.00;E2J1_0;100.00;12.13;62616.00;0.95;A2A3_0;4.60;0.00;tripinfo_flow_0.545 emissions_flow_0.545;112.00;flow_0.545;0;632.42;0.90;0.00;60.63;car;;1;43.00;290438.560112;7578.983635;41.095945;118.146940;7.256173;0;92656.546349
62816.00;E2J1_0;100.00;13.78;62730.00;0.06;A2A3_0;4.60;0.00;tripinfo_flow_0.546 emissions_flow_0.546;86.00;flow_0.546;0;632.42;1.13;0.00;39.74;car;;1;25.00;256244.589272;5387.188635;30.572806;106.097745;5.981086;0;81749.262990
62904.00;E2J1_0;100.00;13.10;62845.00;0.17;A2A3_0;4.60;0.00;tripinfo_flow_0.547 emissions_flow_0.547;59.00;flow_0.547;0;632.42;1.00;0.00;11.79;car;;0;0.00;183356.440746;2155.645178;14.397047;75.583705;3.393259;0;58498.285810
63019.00;E2J1_0;100.00;12.23;62960.00;0.28;A2A3_0;4.60;0.00;tripinfo_flow_0.548 emissions_flow_0.548;59.00;flow_0.548;0;632.42;0.96;0.00;10.65;car;;0;0.00;167776.818401;1968.656444;12.996859;67.553024;2.946407;0;53528.212922
63176.00;E2J1_0;100.00;13.29;63075.00;0.39;A2A3_0;4.60;0.00;tripinfo_flow_0.549 emissions_flow_0.549;101.00;flow_0.549;0;632.42;0.99;0.00;54.19;car;;1;38.00;282058.280285;6674.621828;36.781685;115.569120;6.840569;0;89983.949978
63268.00;E2J1_0;100.00;11.73;63190.00;0.50;A2A3_0;4.60;0.00;tripinfo_flow_0.550 emissions_flow_0.550;78.00;flow_0.550;0;632.42;0.93;0.00;27.59;car;;1;10.00;211804.757091;3753.850789;22.063769;86.084284;4.404160;0;67573.004465
63362.00;E2J1_0;100.00;13.62;63305.00;0.61;A2A3_0;4.60;0.00;tripinfo_flow_0.551 emissions_flow_0.551;57.00;flow_0.551;0;632.42;1.13;0.00;10.24;car;;0;0.00;170535.492249;1881.079733;12.616253;68.427474;2.920330;0;54408.680480
63536.00;E2J1_0;100.00;12.35;63420.00;0.72;A2A3_0;4.60;0.00;tripinfo_flow_0.552 emissions_flow_0.552;116.00;flow_0.552;0;632.42;0.95;0.00;67.14;car;;1;52.00;312432.048429;8397.782828;45.316441;128.361012;8.078340;0;99672.386146
63626.00;E2J1_0;100.00;13.36;63535.00;0.83;A2A3_0;4.60;0.00;tripinfo_flow_0.553 emissions_flow_0.553;91.00;flow_0.553;0;632.42;0.99;0.00;44.47;car;;1;28.00;260529.734797;5542.600347;31.234176;106.374115;5.968875;0;83116.740563
63716.00;E2J1_0;100.00;13.06;63650.00;0.94;A2A3_0;4.60;0.00;tripinfo_flow_0.554 emissions_flow_0.554;66.00;flow_0.554;0;632.42;1.00;0.00;19.09;car;;1;2.00;205954.377258;2954.045253;18.341626;84.765640;4.048407;0;65707.278157
63832.00;E2J1_0;100.00;11.50;63764.00;0.05;A2A3_0;4.60;0.00;tripinfo_flow_0.555 emissions_flow_0.555;68.00;flow_0.555;0;632.42;0.83;0.00;11.64;car;;0;0.00;157529.466289;2073.863303;13.260259;63.351945;2.799882;0;50258.359674
63986.00;E2J1_0;100.00;12.40;63879.00;0.16;A2A3_0;4.60;0.00;tripinfo_flow_0.556 emissions_flow_0.556;107.00;flow_0.556;0;632.42;0.98;0.00;59.77;car;;1;44.00;289542.176496;7456.248877;40.561615;119.581736;7.399216;0;92370.338827
64077.00;E2J1_0;100.00;12.02;63994.00;0.27;A2A3_0;4.60;0.00;tripinfo_flow_0.557 emissions_flow_0.557;83.00;flow_0.557;0;632.42;0.93;0.00;33.39;car;;1;17.00;232243.043781;4554.187482;26.252562;95.293714;5.120405;0;74092.652283
64168.00;E2J1_0;100.00;12.92;64109.00;0.38;A2A3_0;4.60;0.00;tripinfo_flow_0.558 emissions_flow_0.558;59.00;flow_0.558;0;632.42;1.07;0.00;12.23;car;;0;0.00;172178.592685;2074.089052;13.530595;69.842035;3.102563;0;54932.413127
64350.00;E2J1_0;100.00;11.66;64224.00;0.49;A2A3_0;4.60;0.00;tripinfo_flow_0.559 emissions_flow_0.559;126.00;flow_0.559;0;632.42;0.86;0.00;71.80;car;;1;56.00;315787.880133;8795.754666;47.224370;128.558531;8.163327;0;100742.714378
64439.00;E2J1_0;100.00;11.20;64339.00;0.60;A2A3_0;4.60;0.00;tripinfo_flow_0.560 emissions_flow_0.560;100.00;flow_0.560;0;632.42;0.86;0.00;47.03;car;;1;32.00;253364.873790;5914.237362;32.785884;103.028532;5.966985;0;80830.086898
64526.00;E2J1_0;100.00;13.26;64454.00;0.71;A2A3_0;4.60;0.00;tripinfo_flow_0.561 emissions_flow_0.561;72.00;flow_0.561;0;632.42;1.24;0.00;25.78;car;;1;9.00;217420.010615;3593.735405;21.552857;89.110247;4.494350;0;69364.715918
64626.00;E2J1_0;100.00;13.13;64569.00;0.82;A2A3_0;4.60;0.00;tripinfo_flow_0.562 emissions_flow_0.562;57.00;flow_0.562;0;632.42;1.03;0.00;10.55;car;;0;0.00;169062.321623;1955.401923;12.951581;68.952293;3.059099;0;53938.225159
64797.00;E2J1_0;100.00;13.63;64684.00;0.93;A2A3_0;4.60;0.00;tripinfo_flow_0.563 emissions_flow_0.563;113.00;flow_0.563;0;632.42;1.06;0.00;65.83;car;;1;49.00;313860.997436;8166.052294;44.318768;129.527132;8.050411;0;100128.505424
64888.00;E2J1_0;100.00;12.05;64798.00;0.04;A2A3_0;4.60;0.00;tripinfo_flow_0.564 emissions_flow_0.564;90.00;flow_0.564;0;632.42;0.93;0.00;40.03;car;;1;22.00;244848.365906;5264.904682;29.653488;100.313680;5.628481;0;78113.562899
64963.00;E2J1_0;100.00;9.31;64800.00;0.00;A2A1_0;10.10;0.00;tripinfo_flow_1.9 emissions_flow_1.9;163.00;flow_1.9;0;632.08;0.90;60.00;38.82;bus;;2;9.00;400783.822266;12423.936876;65.532560;164.404415;11.013770;0;127855.784602
64977.00;E2J1_0;100.00;12.42;64913.00;0.15;A2A3_0;4.60;0.00;tripinfo_flow_0.565 emissions_flow_0.565;64.00;flow_0.565;0;632.42;0.97;0.00;15.45;car;;1;1.00;197903.591613;2630.199215;16.797324;81.767714;3.819374;0;63138.906317
65084.00;E2J1_0;100.00;13.21;65028.00;0.26;A2A3_0;4.60;0.00;tripinfo_flow_0.566 emissions_flow_0.566;56.00;flow_0.566;0;632.42;1.02;0.00;9.97;car;;0;0.00;167170.571939;1964.468905;13.040364;68.979887;3.111523;0;53334.354187
65247.00;E2J1_0;100.00;12.32;65143.00;0.37;A2A3_0;4.60;0.00;tripinfo_flow_0.567 emissions_flow_0.567;104.00;flow_0.567;0;632.42;0.97;0.00;55.02;car;;1;38.00;283312.305641;6920.934571;38.030433;116.498672;6.990471;0;90383.483286
65336.00;E2J1_0;100.00;13.38;65258.00;0.48;A2A3_0;4.60;0.00;tripinfo_flow_0.568 emissions_flow_0.568;78.00;flow_0.568;0;632.42;0.98;0.00;30.63;car;;1;15.00;230422.984453;4179.377498;24.491023;94.428286;4.929468;0;73512.591107
65434.00;E2J1_0;100.00;12.19;65373.00;0.59;A2A3_0;4.60;0.00;tripinfo_flow_0.569 emissions_flow_0.569;61.00;flow_0.569;0;632.42;0.93;0.00;11.66;car;;0;0.00;161003.469217;1931.266112;12.679856;65.391408;2.878471;0;51366.926853
65607.00;E2J1_0;100.00;12.71;65488.00;0.70;A2A3_0;4.60;0.00;tripinfo_flow_0.570 emissions_flow_0.570;119.00;flow_0.570;0;632.42;0.95;0.00;70.29;car;;1;53.00;318293.207938;8561.443931;46.252088;130.503216;8.210677;0;101542.265242
65696.00;E2J1_0;100.00;12.86;65603.00;0.81;A2A3_0;4.60;0.00;tripinfo_flow_0.571 emissions_flow_0.571;93.00;flow_0.571;0;632.42;0.98;0.00;45.90;car;;1;29.00;258056.291150;5656.096019;31.674571;105.556466;6.008559;0;82327.312828
65787.00;E2J1_0;100.00;12.58;65718.00;0.92;A2A3_0;4.60;0.00;tripinfo_flow_0.572 emissions_flow_0.572;69.00;flow_0.572;0;632.42;0.92;0.00;19.21;car;;1;4.00;200680.347111;2883.987564;17.856390;80.683351;3.747726;0;64025.104801
65890.00;E2J1_0;100.00;13.67;65832.00;0.03;A2A3_0;4.60;0.00;tripinfo_flow_0.573 emissions_flow_0.573;58.00;flow_0.573;0;632.42;1.07;0.00;11.51;car;;0;0.00;176698.843528;1990.048429;13.284884;71.082179;3.082003;0;56374.979283
66056.00;E2J1_0;100.00;12.67;65947.00;0.14;A2A3_0;4.60;0.00;tripinfo_flow_0.574 emissions_flow_0.574;109.00;flow_0.574;0;632.42;1.12;0.00;62.27;car;;1;47.00;301976.833955;7719.213172;42.051772;124.497213;7.675317;0;96337.429829
66146.00;E2J1_0;100.00;12.93;66062.00;0.25;A2A3_0;4.60;0.00;tripinfo_flow_0.575 emissions_flow_0.575;84.00;flow_0.575;0;632.42;1.00;0.00;37.48;car;;1;23.00;243095.554156;4935.786722;28.198025;100.252146;5.530860;0;77554.688873
66235.00;E2J1_0;100.00;13.01;66177.00;0.36;A2A3_0;4.60;0.00;tripinfo_flow_0.576 emissions_flow_0.576;58.00;flow_0.576;0;632.42;1.09;0.00;11.42;car;;0;0.00;169123.058993;1943.273227;12.820911;67.910570;2.945929;0;53957.932758
66349.00;E2J1_0;100.00;13.67;66292.00;0.47;A2A3_0;4.60;0.00;tripinfo_flow_0.577 emissions_flow_0.577;57.00;flow_0.577;0;632.42;1.01;0.00;11.21;car;;0;0.00;168534.783633;1845.959706;12.327520;67.149450;2.848567;0;53770.558514
66507.00;E2J1_0;100.00;12.37;66407.00;0.58;A2A3_0;4.60;0.00;tripinfo_flow_0.578 emissions_flow_0.578;100.00;flow_0.578;0;632.42;0.95;0.00;50.31;car;;1;33.00;268539.119938;6399.031113;35.368396;110.674727;6.554331;0;85670.574489
66597.00;E2J1_0;100.00;12.33;66522.00;0.69;A2A3_0;4.60;0.00;tripinfo_flow_0.579 emissions_flow_0.579;75.00;flow_0.579;0;632.42;0.93;0.00;24.66;car;;1;8.00;211751.807425;3669.217803;21.768150;86.995065;4.435137;0;67555.933846
66694.00;E2J1_0;100.00;13.17;66637.00;0.80;A2A3_0;4.60;0.00;tripinfo_flow_0.580 emissions_flow_0.580;57.00;flow_0.580;0;632.42;1.06;0.00;10.87;car;;0;0.00;164120.587107;1859.353898;12.342912;66.054827;2.855449;0;52361.904851
66866.00;E2J1_0;100.00;13.19;66752.00;0.91;A2A3_0;4.60;0.00;tripinfo_flow_0.581 emissions_flow_0.581;114.00;flow_0.581;0;632.42;1.06;0.00;67.92;car;;1;51.00;314533.969711;8353.239429;45.120901;129.009232;8.089518;0;100343.250481
66956.00;E2J1_0;100.00;12.83;66866.00;0.02;A2A3_0;4.60;0.00;tripinfo_flow_0.582 emissions_flow_0.582;90.00;flow_0.582;0;632.42;1.25;0.00;43.78;car;;1;29.00;255748.242873;5603.610536;31.373859;105.154197;5.998013;0;81590.844142
67046.00;E2J1_0;100.00;13.41;66981.00;0.13;A2A3_0;4.60;0.00;tripinfo_flow_0.583 emissions_flow_0.583;65.00;flow_0.583;0;632.42;1.06;0.00;18.79;car;;1;2.00;196876.481083;2729.523779;17.012524;80.209224;3.757779;0;62811.513915
67153.00;E2J1_0;100.00;13.31;67096.00;0.24;A2A3_0;4.60;0.00;tripinfo_flow_0.584 emissions_flow_0.584;57.00;flow_0.584;0;632.42;1.05;0.00;11.28;car;;0;0.00;171506.229388;1859.621441;12.631232;68.862709;2.932689;0;54718.393323
67316.00;E2J1_0;100.00;12.63;67211.00;0.35;A2A3_0;4.60;0.00;tripinfo_flow_0.585 emissions_flow_0.585;105.00;flow_0.585;0;632.42;1.12;0.00;58.18;car;;1;40.00;292105.516628;7306.863505;39.998912;121.018871;7.395172;0;93188.273548
67406.00;E2J1_0;100.00;12.87;67326.00;0.46;A2A3_0;4.60;0.00;tripinfo_flow_0.586 emissions_flow_0.586;80.00;flow_0.586;0;632.42;0.97;0.00;32.31;car;;1;17.00;228841.232125;4239.796512;24.562533;92.978290;4.875247;0;73008.117049
67503.00;E2J1_0;100.00;11.70;67441.00;0.57;A2A3_0;4.60;0.00;tripinfo_flow_0.587 emissions_flow_0.587;62.00;flow_0.587;0;632.42;0.93;0.00;11.55;car;;0;0.00;167829.630377;2010.700513;13.198212;67.774000;2.972784;0;53544.891756
67676.00;E2J1_0;100.00;13.02;67556.00;0.68;A2A3_0;4.60;0.00;tripinfo_flow_0.588 emissions_flow_0.588;120.00;flow_0.588;0;632.42;1.11;0.00;73.77;car;;1;59.00;326256.628643;9066.470847;48.705118;134.721833;8.672442;0;104082.181368
67769.00;E2J1_0;100.00;11.26;67671.00;0.79;A2A3_0;4.60;0.00;tripinfo_flow_0.589 emissions_flow_0.589;98.00;flow_0.589;0;632.42;0.87;0.00;44.63;car;;1;27.00;246736.334465;5633.974319;31.390672;100.105181;5.713375;0;78715.637955
67855.00;E2J1_0;100.00;13.11;67786.00;0.90;A2A3_0;4.60;0.00;tripinfo_flow_0.590 emissions_flow_0.590;69.00;flow_0.590;0;632.42;1.00;0.00;22.57;car;;1;7.00;206315.629016;3286.459729;19.888142;84.464468;4.171667;0;65822.194207
67960.00;E2J1_0;100.00;13.38;67900.00;0.01;A2A3_0;4.60;0.00;tripinfo_flow_0.591 emissions_flow_0.591;60.00;flow_0.591;0;632.42;0.99;0.00;12.83;car;;0;0.00;175060.606315;2007.806539;13.378488;70.281018;3.034897;0;55852.214615
68126.00;E2J1_0;100.00;13.65;68015.00;0.12;A2A3_0;4.60;0.00;tripinfo_flow_0.592 emissions_flow_0.592;111.00;flow_0.592;0;632.42;1.05;0.00;64.08;car;;1;47.00;309443.831381;7945.586902;43.252705;127.960214;7.917284;0;98719.408548
68216.00;E2J1_0;100.00;13.70;68130.00;0.23;A2A3_0;4.60;0.00;tripinfo_flow_0.593 emissions_flow_0.593;86.00;flow_0.593;0;632.42;1.00;0.00;39.67;car;;1;22.00;253841.191013;5127.896376;29.230946;103.985438;5.721594;0;80983.174803
68308.00;E2J1_0;100.00;12.21;68245.00;0.34;A2A3_0;4.60;0.00;tripinfo_flow_0.594 emissions_flow_0.594;63.00;flow_0.594;0;632.42;0.90;0.00;11.36;car;;0;0.00;160962.000807;1897.474229;12.552902;64.866029;2.805969;0;51353.854215
68420.00;E2J1_0;100.00;12.34;68360.00;0.45;A2A3_0;4.60;0.00;tripinfo_flow_0.595 emissions_flow_0.595;60.00;flow_0.595;0;632.42;0.92;0.00;10.15;car;;0;0.00;168337.489757;1894.267943;12.724748;67.552355;2.870548;0;53707.200495
68577.00;E2J1_0;100.00;11.95;68475.00;0.56;A2A3_0;4.60;0.00;tripinfo_flow_0.596 emissions_flow_0.596;102.00;flow_0.596;0;632.42;0.95;0.00;53.01;car;;1;36.00;271864.979778;6519.353505;35.971148;111.523651;6.610492;0;86731.725744
68667.00;E2J1_0;100.00;11.83;68590.00;0.67;A2A3_0;4.60;0.00;tripinfo_flow_0.597 emissions_flow_0.597;77.00;flow_0.597;0;632.42;0.94;0.00;26.37;car;;1;11.00;215068.696867;3760.204738;22.173099;88.269150;4.541886;0;68614.179241
68766.00;E2J1_0;100.00;11.94;68705.00;0.78;A2A3_0;4.60;0.00;tripinfo_flow_0.598 emissions_flow_0.598;61.00;flow_0.598;0;632.42;0.93;0.00;11.17;car;;0;0.00;171647.005902;1985.673124;13.087308;68.829471;2.970795;0;54763.090264
68935.00;E2J1_0;100.00;13.75;68820.00;0.89;A2A3_0;4.60;0.00;tripinfo_flow_0.599 emissions_flow_0.599;115.00;flow_0.599;0;632.42;1.06;0.00;68.62;car;;1;54.00;314543.866987;8543.392613;46.075212;130.188920;8.291202;0;100345.757822
69026.00;E2J1_0;100.00;13.75;68934.00;0.00;A2A3_0;4.60;0.00;tripinfo_flow_0.600 emissions_flow_0.600;92.00;flow_0.600;0;632.42;1.05;0.00;45.34;car;;1;29.00;262541.018449;5717.233958;32.134017;107.873827;6.134601;0;83757.983420
69115.00;E2J1_0;100.00;13.74;69049.00;0.11;A2A3_0;4.60;0.00;tripinfo_flow_0.601 emissions_flow_0.601;66.00;flow_0.601;0;632.42;1.13;0.00;20.11;car;;1;5.00;207345.332365;3031.486095;18.855066;85.236203;4.097177;0;66150.980403
69221.00;E2J1_0;100.00;13.77;69164.00;0.22;A2A3_0;4.60;0.00;tripinfo_flow_0.602 emissions_flow_0.602;57.00;flow_0.602;0;632.42;1.02;0.00;10.95;car;;0;0.00;169705.870193;1973.850866;13.193512;69.911644;3.129660;0;54143.251049
69386.00;E2J1_0;100.00;12.82;69279.00;0.33;A2A3_0;4.60;0.00;tripinfo_flow_0.603 emissions_flow_0.603;107.00;flow_0.603;0;632.42;0.96;0.00;58.52;car;;1;44.00;297796.283223;7511.252249;41.102587;122.962339;7.509761;0;95003.732810
69476.00;E2J1_0;100.00;13.76;69394.00;0.44;A2A3_0;4.60;0.00;tripinfo_flow_0.604 emissions_flow_0.604;82.00;flow_0.604;0;632.42;1.14;0.00;35.99;car;;1;20.00;245416.323632;4783.856758;27.610412;101.036863;5.474540;0;78295.401974
69566.00;E2J1_0;100.00;12.88;69509.00;0.55;A2A3_0;4.60;0.00;tripinfo_flow_0.605 emissions_flow_0.605;57.00;flow_0.605;0;632.42;1.00;0.00;10.44;car;;0;0.00;173414.541433;1910.444494;12.879914;70.066594;3.017667;0;55327.070963
69680.00;E2J1_0;100.00;12.66;69624.00;0.66;A2A3_0;4.60;0.00;tripinfo_flow_0.606 emissions_flow_0.606;56.00;flow_0.606;0;632.42;1.01;0.00;9.68;car;;0;0.00;165948.456440;1812.227293;12.204802;66.998015;2.882413;0;52945.134077
69836.00;E2J1_0;100.00;12.89;69739.00;0.77;A2A3_0;4.60;0.00;tripinfo_flow_0.607 emissions_flow_0.607;97.00;flow_0.607;0;632.42;1.11;0.00;50.51;car;;1;35.00;268315.328667;6330.719239;34.955914;110.706022;6.574395;0;85599.371034
69926.00;E2J1_0;100.00;12.54;69854.00;0.88;A2A3_0;4.60;0.00;tripinfo_flow_0.608 emissions_flow_0.608;72.00;flow_0.608;0;632.42;1.00;0.00;25.27;car;;1;8.00;214708.281942;3574.348638;21.397168;88.732936;4.498133;0;68499.293695
70032.00;E2J1_0;100.00;11.26;69969.00;0.99;A2A3_0;4.60;0.00;tripinfo_flow_0.609 emissions_flow_0.609;63.00;flow_0.609;0;632.42;0.90;0.00;11.61;car;;0;0.00;159103.231051;1912.025361;12.562069;63.860651;2.757129;0;50760.821309
70196.00;E2J1_0;100.00;13.29;70083.00;0.10;A2A3_0;4.60;0.00;tripinfo_flow_0.610 emissions_flow_0.610;113.00;flow_0.610;0;632.42;1.18;0.00;66.50;car;;1;50.00;308819.795834;8161.055813;44.192828;127.495176;7.993999;0;98520.080651
70286.00;E2J1_0;100.00;13.55;70198.00;0.21;A2A3_0;4.60;0.00;tripinfo_flow_0.611 emissions_flow_0.611;88.00;flow_0.611;0;632.42;1.02;0.00;41.71;car;;1;24.00;256572.547935;5246.618834;29.889894;105.488895;5.816941;0;81854.302999
70376.00;E2J1_0;100.00;13.87;70313.00;0.32;A2A3_0;4.60;0.00;tripinfo_flow_0.612 emissions_flow_0.612;63.00;flow_0.612;0;632.42;1.02;0.00;17.12;car;;0;0.00;195298.391738;2580.946903;16.446666;79.862383;3.692801;0;62308.075442
70485.00;E2J1_0;100.00;12.66;70428.00;0.43;A2A3_0;4.60;0.00;tripinfo_flow_0.613 emissions_flow_0.613;57.00;flow_0.613;0;632.42;1.13;0.00;10.50;car;;0;0.00;164200.090646;1881.676737;12.439060;66.111027;2.878665;0;52387.252707
70646.00;E2J1_0;100.00;13.72;70543.00;0.54;A2A3_0;4.60;0.00;tripinfo_flow_0.614 emissions_flow_0.614;103.00;flow_0.614;0;632.42;1.10;0.00;56.74;car;;1;40.00;290060.210013;7127.247355;39.029601;119.416545;7.218282;0;92536.238799
70736.00;E2J1_0;100.00;13.59;70658.00;0.65;A2A3_0;4.60;0.00;tripinfo_flow_0.615 emissions_flow_0.615;78.00;flow_0.615;0;632.42;1.08;0.00;31.66;car;;1;14.00;229729.809752;4205.028445;24.576134;94.608656;4.992491;0;73291.300168
70830.00;E2J1_0;100.00;12.90;70773.00;0.76;A2A3_0;4.60;0.00;tripinfo_flow_0.616 emissions_flow_0.616;57.00;flow_0.616;0;632.42;1.05;0.00;10.93;car;;0;0.00;165853.915597;1906.119033;12.673624;67.722027;2.990767;0;52914.578926
71008.00;E2J1_0;100.00;11.35;70888.00;0.87;A2A3_0;4.60;0.00;tripinfo_flow_0.617 emissions_flow_0.617;120.00;flow_0.617;0;632.42;0.90;0.00;68.53;car;;1;53.00;304437.607226;8385.435316;45.093224;125.183959;7.968556;0;97121.605170
71097.00;E2J1_0;100.00;12.17;71003.00;0.98;A2A3_0;4.60;0.00;tripinfo_flow_0.618 emissions_flow_0.618;94.00;flow_0.618;0;632.42;0.93;0.00;43.55;car;;1;29.00;249460.552559;5659.409409;31.583500;102.723326;5.942126;0;79584.451214
71188.00;E2J1_0;100.00;11.83;71117.00;0.09;A2A3_0;4.60;0.00;tripinfo_flow_0.619 emissions_flow_0.619;71.00;flow_0.619;0;632.42;0.90;0.00;18.48;car;;1;2.00;184483.381228;2713.650946;16.764914;74.604780;3.492208;0;58857.327404
71290.00;E2J1_0;100.00;13.77;71232.00;0.20;A2A3_0;4.60;0.00;tripinfo_flow_0.620 emissions_flow_0.620;58.00;flow_0.620;0;632.42;1.03;0.00;11.99;car;;0;0.00;175194.014986;1928.824403;12.935739;70.275112;3.017323;0;55895.011328
71456.00;E2J1_0;100.00;13.74;71347.00;0.31;A2A3_0;4.60;0.00;tripinfo_flow_0.621 emissions_flow_0.621;109.00;flow_0.621;0;632.42;1.05;0.00;62.76;car;;1;46.00;300566.200853;7719.605047;42.047456;123.852344;7.651854;0;95887.373083
71546.00;E2J1_0;100.00;13.38;71462.00;0.42;A2A3_0;4.60;0.00;tripinfo_flow_0.622 emissions_flow_0.622;84.00;flow_0.622;0;632.42;1.22;0.00;37.80;car;;1;23.00;244815.520329;5010.690099;28.582380;100.862737;5.590235;0;78103.401009
71635.00;E2J1_0;100.00;13.04;71577.00;0.53;A2A3_0;4.60;0.00;tripinfo_flow_0.623 emissions_flow_0.623;58.00;flow_0.623;0;632.42;1.01;0.00;12.34;car;;0;0.00;168005.238870;2003.553841;13.133610;68.352283;3.053506;0;53600.916588
71749.00;E2J1_0;100.00;13.90;71692.00;0.64;A2A3_0;4.60;0.00;tripinfo_flow_0.624 emissions_flow_0.624;57.00;flow_0.624;0;632.42;1.03;0.00;11.14;car;;0;0.00;174087.984315;1981.208462;13.268774;70.507650;3.075487;0;55541.775384
71906.00;E2J1_0;100.00;13.27;71807.00;0.75;A2A3_0;4.60;0.00;tripinfo_flow_0.625 emissions_flow_0.625;99.00;flow_0.625;0;632.42;1.13;0.00;52.31;car;;1;36.00;274626.127921;6455.686182;35.643560;112.703076;6.643035;0;87612.880274
71996.00;E2J1_0;100.00;13.24;71922.00;0.86;A2A3_0;4.60;0.00;tripinfo_flow_0.626 emissions_flow_0.626;74.00;flow_0.626;0;632.42;1.02;0.00;27.34;car;;1;11.00;225385.616562;3955.921804;23.401797;93.091956;4.830753;0;71905.480030
72094.00;E2J1_0;100.00;12.60;72037.00;0.97;A2A3_0;4.60;0.00;tripinfo_flow_0.627 emissions_flow_0.627;57.00;flow_0.627;0;632.42;1.05;0.00;10.64;car;;0;0.00;166070.954965;1939.463682;12.835447;67.935675;3.028114;0;52983.725065
72164.00;E2J1_0;100.00;9.20;72000.00;0.00;A2A1_0;10.10;0.00;tripinfo_flow_1.10 emissions_flow_1.10;164.00;flow_1.10;0;632.08;0.99;60.00;39.65;bus;;1;10.00;392929.706660;12352.211256;65.064778;162.464795;11.024428;0;125349.644752
72267.00;E2J1_0;100.00;12.41;72151.00;0.08;A2A3_0;4.60;0.00;tripinfo_flow_0.628 emissions_flow_0.628;116.00;flow_0.628;0;632.42;0.98;0.00;67.79;car;;1;53.00;314348.455648;8572.063316;46.207177;130.338420;8.304112;0;100283.226352
72357.00;E2J1_0;100.00;12.43;72266.00;0.19;A2A3_0;4.60;0.00;tripinfo_flow_0.629 emissions_flow_0.629;91.00;flow_0.629;0;632.42;0.93;0.00;41.16;car;;1;25.00;240969.750999;5186.617505;29.234733;98.652016;5.533496;0;76876.204056
72446.00;E2J1_0;100.00;12.72;72381.00;0.30;A2A3_0;4.60;0.00;tripinfo_flow_0.630 emissions_flow_0.630;65.00;flow_0.630;0;632.42;1.06;0.00;18.72;car;;1;2.00;194353.487795;2693.251534;16.943267;79.644638;3.747079;0;62006.381248
72553.00;E2J1_0;100.00;12.78;72496.00;0.41;A2A3_0;4.60;0.00;tripinfo_flow_0.631 emissions_flow_0.631;57.00;flow_0.631;0;632.42;1.10;0.00;10.20;car;;0;0.00;169560.736606;1896.241870;12.713110;68.534072;2.981773;0;54097.515571
72717.00;E2J1_0;100.00;12.68;72611.00;0.52;A2A3_0;4.60;0.00;tripinfo_flow_0.632 emissions_flow_0.632;106.00;flow_0.632;0;632.42;0.95;0.00;56.96;car;;1;41.00;283137.440878;7073.277851;38.607992;116.140156;7.049672;0;90327.585161
72808.00;E2J1_0;100.00;12.15;72726.00;0.63;A2A3_0;4.60;0.00;tripinfo_flow_0.633 emissions_flow_0.633;82.00;flow_0.633;0;632.42;0.91;0.00;30.40;car;;1;15.00;223309.324615;4221.839746;24.402050;90.449264;4.742273;0;71243.099764
72907.00;E2J1_0;100.00;11.13;72841.00;0.74;A2A3_0;4.60;0.00;tripinfo_flow_0.634 emissions_flow_0.634;66.00;flow_0.634;0;632.42;0.84;0.00;11.12;car;;0;0.00;158079.244863;1880.518101;12.377470;62.426338;2.607287;0;50434.393589
73076.00;E2J1_0;100.00;13.62;72956.00;0.85;A2A3_0;4.60;0.00;tripinfo_flow_0.635 emissions_flow_0.635;120.00;flow_0.635;0;632.42;1.04;0.00;74.08;car;;1;58.00;328493.892807;8947.545064;48.141152;134.709358;8.553450;0;104796.457822
73166.00;E2J1_0;100.00;13.27;73071.00;0.96;A2A3_0;4.60;0.00;tripinfo_flow_0.636 emissions_flow_0.636;95.00;flow_0.636;0;632.42;0.97;0.00;46.88;car;;1;32.00;260762.112966;6022.806711;33.436863;107.210071;6.257869;0;83189.915852
73257.00;E2J1_0;100.00;12.19;73185.00;0.07;A2A3_0;4.60;0.00;tripinfo_flow_0.637 emissions_flow_0.637;72.00;flow_0.637;0;632.42;0.96;0.00;23.09;car;;1;7.00;212018.476360;3346.375906;20.331464;86.716633;4.249029;0;67641.617382
73368.00;E2J1_0;100.00;10.09;73300.00;0.18;A2A3_0;4.60;0.00;tripinfo_flow_0.638 emissions_flow_0.638;68.00;flow_0.638;0;632.42;0.81;0.00;10.97;car;;0;0.00;159587.380887;2054.202001;13.197308;63.535127;2.746137;0;50915.140694
73526.00;E2J1_0;100.00;13.67;73415.00;0.29;A2A3_0;4.60;0.00;tripinfo_flow_0.639 emissions_flow_0.639;111.00;flow_0.639;0;632.42;1.04;0.00;64.67;car;;1;47.00;312425.059665;8045.511073;43.783947;128.917823;7.975217;0;99670.539547
73615.00;E2J1_0;100.00;13.32;73530.00;0.40;A2A3_0;4.60;0.00;tripinfo_flow_0.640 emissions_flow_0.640;85.00;flow_0.640;0;632.42;1.01;0.00;38.64;car;;1;24.00;243751.906902;5061.293103;28.741317;100.458836;5.598629;0;77763.971940
73705.00;E2J1_0;100.00;12.56;73645.00;0.51;A2A3_0;4.60;0.00;tripinfo_flow_0.641 emissions_flow_0.641;60.00;flow_0.641;0;632.42;0.97;0.00;12.18;car;;0;0.00;174570.447239;1944.994893;12.890736;69.437421;2.934657;0;55696.124340
73824.00;E2J1_0;100.00;12.06;73760.00;0.62;A2A3_0;4.60;0.00;tripinfo_flow_0.642 emissions_flow_0.642;64.00;flow_0.642;0;632.42;0.87;0.00;10.96;car;;0;0.00;165188.290661;1994.289487;13.044210;66.217959;2.861219;0;52702.235644
73975.00;E2J1_0;100.00;12.56;73875.00;0.73;A2A3_0;4.60;0.00;tripinfo_flow_0.643 emissions_flow_0.643;100.00;flow_0.643;0;632.42;1.00;0.00;54.08;car;;1;38.00;281584.070202;6847.798948;37.744222;116.601441;7.013112;0;89831.950645
74066.00;E2J1_0;100.00;12.92;73990.00;0.84;A2A3_0;4.60;0.00;tripinfo_flow_0.644 emissions_flow_0.644;76.00;flow_0.644;0;632.42;1.00;0.00;29.12;car;;1;13.00;223473.356269;4019.609902;23.546506;91.473209;4.753212;0;71295.552505
74162.00;E2J1_0;100.00;13.15;74105.00;0.95;A2A3_0;4.60;0.00;tripinfo_flow_0.645 emissions_flow_0.645;57.00;flow_0.645;0;632.42;1.10;0.00;11.39;car;;0;0.00;160549.457963;1829.124438;12.201349;64.764254;2.804865;0;51222.445436
74335.00;E2J1_0;100.00;12.91;74219.00;0.06;A2A3_0;4.60;0.00;tripinfo_flow_0.646 emissions_flow_0.646;116.00;flow_0.646;0;632.42;1.03;0.00;69.99;car;;1;55.00;317194.973746;8484.082194;45.758832;130.086801;8.190126;0;101192.116801
74429.00;E2J1_0;100.00;11.64;74334.00;0.17;A2A3_0;4.60;0.00;tripinfo_flow_0.647 emissions_flow_0.647;95.00;flow_0.647;0;632.42;0.88;0.00;42.62;car;;1;26.00;241958.053058;5498.082956;30.654457;98.993935;5.680826;0;77191.055678
74520.00;E2J1_0;100.00;11.23;74449.00;0.28;A2A3_0;4.60;0.00;tripinfo_flow_0.648 emissions_flow_0.648;71.00;flow_0.648;0;632.42;0.83;0.00;14.86;car;;0;0.00;173915.222579;2437.640361;15.319173;70.614744;3.226542;0;55485.674952
74622.00;E2J1_0;100.00;12.64;74564.00;0.39;A2A3_0;4.60;0.00;tripinfo_flow_0.649 emissions_flow_0.649;58.00;flow_0.649;0;632.42;0.98;0.00;11.36;car;;0;0.00;169240.124268;1934.650010;12.823378;68.750752;3.015431;0;53995.059809
74786.00;E2J1_0;100.00;13.10;74679.00;0.50;A2A3_0;4.60;0.00;tripinfo_flow_0.650 emissions_flow_0.650;107.00;flow_0.650;0;632.42;1.06;0.00;60.87;car;;1;44.00;299333.451755;7680.616299;41.922078;124.645278;7.731500;0;95493.676012
74878.00;E2J1_0;100.00;11.59;74794.00;0.61;A2A3_0;4.60;0.00;tripinfo_flow_0.651 emissions_flow_0.651;84.00;flow_0.651;0;632.42;0.88;0.00;31.46;car;;1;16.00;214790.624143;4225.243129;24.320669;87.573152;4.672305;0;68524.876155
74966.00;E2J1_0;100.00;13.68;74909.00;0.72;A2A3_0;4.60;0.00;tripinfo_flow_0.652 emissions_flow_0.652;57.00;flow_0.652;0;632.42;1.19;0.00;10.91;car;;0;0.00;164368.278062;1831.333512;12.252116;66.043515;2.862800;0;52441.045592
75146.00;E2J1_0;100.00;13.80;75024.00;0.83;A2A3_0;4.60;0.00;tripinfo_flow_0.653 emissions_flow_0.653;122.00;flow_0.653;0;632.42;1.05;0.00;74.88;car;;1;58.00;339540.010248;9320.231684;50.008505;139.421863;8.908046;0;108320.302969
75236.00;E2J1_0;100.00;12.62;75139.00;0.94;A2A3_0;4.60;0.00;tripinfo_flow_0.654 emissions_flow_0.654;97.00;flow_0.654;0;632.42;1.00;0.00;49.93;car;;1;34.00;273791.794571;6366.008271;35.255040;112.477263;6.599940;0;87346.751228
75325.00;E2J1_0;100.00;12.63;75253.00;0.05;A2A3_0;4.60;0.00;tripinfo_flow_0.655 emissions_flow_0.655;72.00;flow_0.655;0;632.42;1.06;0.00;26.01;car;;1;12.00;210874.240138;3716.936403;21.933317;87.707042;4.585244;0;67275.693725
75425.00;E2J1_0;100.00;12.70;75368.00;0.16;A2A3_0;4.60;0.00;tripinfo_flow_0.656 emissions_flow_0.656;57.00;flow_0.656;0;632.42;1.07;0.00;11.15;car;;0;0.00;167560.114204;1982.239289;13.148188;68.962515;3.099509;0;53458.644386
75597.00;E2J1_0;100.00;12.48;75483.00;0.27;A2A3_0;4.60;0.00;tripinfo_flow_0.657 emissions_flow_0.657;114.00;flow_0.657;0;632.42;0.94;0.00;65.03;car;;1;49.00;299072.253152;7984.639017;43.238474;123.631650;7.767771;0;95410.118303
75686.00;E2J1_0;100.00;13.85;75598.00;0.38;A2A3_0;4.60;0.00;tripinfo_flow_0.658 emissions_flow_0.658;88.00;flow_0.658;0;632.42;1.00;0.00;42.29;car;;1;27.00;258109.327863;5554.535741;31.380915;106.687550;6.066545;0;82344.039787
75776.00;E2J1_0;100.00;13.31;75713.00;0.49;A2A3_0;4.60;0.00;tripinfo_flow_0.659 emissions_flow_0.659;63.00;flow_0.659;0;632.42;1.07;0.00;15.94;car;;1;1.00;199718.077880;2777.336069;17.488132;82.997006;3.961573;0;63717.534258
75885.00;E2J1_0;100.00;12.78;75828.00;0.60;A2A3_0;4.60;0.00;tripinfo_flow_0.660 emissions_flow_0.660;57.00;flow_0.660;0;632.42;1.14;0.00;10.05;car;;0;0.00;166299.376017;1834.804533;12.403677;67.540183;2.920249;0;53056.897413
76049.00;E2J1_0;100.00;11.84;75943.00;0.71;A2A3_0;4.60;0.00;tripinfo_flow_0.661 emissions_flow_0.661;106.00;flow_0.661;0;632.42;0.88;0.00;53.04;car;;1;37.00;272301.590485;6682.831284;36.675611;110.402686;6.544016;0;86871.082807
76135.00;E2J1_0;100.00;13.41;76058.00;0.82;A2A3_0;4.60;0.00;tripinfo_flow_0.662 emissions_flow_0.662;77.00;flow_0.662;0;632.42;1.02;0.00;30.46;car;;1;14.00;233270.652441;4213.996044;24.722087;95.691656;5.006148;0;74421.123296
76236.00;E2J1_0;100.00;12.27;76173.00;0.93;A2A3_0;4.60;0.00;tripinfo_flow_0.663 emissions_flow_0.663;63.00;flow_0.663;0;632.42;0.89;0.00;10.86;car;;0;0.00;167243.498829;1964.092399;12.947476;66.775454;2.854578;0;53358.113446
76406.00;E2J1_0;100.00;12.75;76287.00;0.04;A2A3_0;4.60;0.00;tripinfo_flow_0.664 emissions_flow_0.664;119.00;flow_0.664;0;632.42;1.18;0.00;72.70;car;;1;56.00;325337.335011;8871.799874;47.851294;134.828819;8.601371;0;103788.968690
76495.00;E2J1_0;100.00;13.63;76402.00;0.15;A2A3_0;4.60;0.00;tripinfo_flow_0.665 emissions_flow_0.665;93.00;flow_0.665;0;632.42;1.13;0.00;47.41;car;;1;32.00;267302.456620;6072.313542;33.760479;109.780205;6.358586;0;85276.714570
76586.00;E2J1_0;100.00;13.20;76517.00;0.26;A2A3_0;4.60;0.00;tripinfo_flow_0.666 emissions_flow_0.666;69.00;flow_0.666;0;632.42;1.02;0.00;22.83;car;;1;7.00;218490.585803;3475.224654;21.094212;90.431662;4.527503;0;69706.198339
76691.00;E2J1_0;100.00;13.08;76632.00;0.37;A2A3_0;4.60;0.00;tripinfo_flow_0.667 emissions_flow_0.667;59.00;flow_0.667;0;632.42;0.99;0.00;12.49;car;;0;0.00;169285.692595;1811.485724;12.125197;66.690257;2.747554;0;54010.393558
76856.00;E2J1_0;100.00;13.14;76747.00;0.48;A2A3_0;4.60;0.00;tripinfo_flow_0.668 emissions_flow_0.668;109.00;flow_0.668;0;632.42;0.99;0.00;61.92;car;;1;45.00;294570.714376;7619.530594;41.438828;121.352406;7.510857;0;93974.570910
76946.00;E2J1_0;100.00;13.44;76862.00;0.59;A2A3_0;4.60;0.00;tripinfo_flow_0.669 emissions_flow_0.669;84.00;flow_0.669;0;632.42;1.02;0.00;37.70;car;;1;20.00;249165.314370;4960.038529;28.417109;102.483529;5.598476;0;79491.356094
77034.00;E2J1_0;100.00;13.34;76977.00;0.70;A2A3_0;4.60;0.00;tripinfo_flow_0.670 emissions_flow_0.670;57.00;flow_0.670;0;632.42;1.13;0.00;10.43;car;;0;0.00;163840.057005;1978.968665;12.992735;67.268521;3.039548;0;52271.804000
77151.00;E2J1_0;100.00;12.42;77092.00;0.81;A2A3_0;4.60;0.00;tripinfo_flow_0.671 emissions_flow_0.671;59.00;flow_0.671;0;632.42;0.97;0.00;11.78;car;;0;0.00;169228.841747;1978.697819;13.039582;68.434791;3.000070;0;53991.423629
77307.00;E2J1_0;100.00;13.03;77207.00;0.92;A2A3_0;4.60;0.00;tripinfo_flow_0.672 emissions_flow_0.672;100.00;flow_0.672;0;632.42;0.97;0.00;51.26;car;;1;36.00;271149.843670;6407.261243;35.423266;110.952051;6.529526;0;86503.824518
77398.00;E2J1_0;100.00;12.48;77321.00;0.03;A2A3_0;4.60;0.00;tripinfo_flow_0.673 emissions_flow_0.673;77.00;flow_0.673;0;632.42;0.92;0.00;25.79;car;;1;10.00;214230.022967;3546.179527;21.289882;87.406949;4.346493;0;68346.954928
77492.00;E2J1_0;100.00;13.04;77436.00;0.14;A2A3_0;4.60;0.00;tripinfo_flow_0.674 emissions_flow_0.674;56.00;flow_0.674;0;632.42;1.10;0.00;10.33;car;;0;0.00;170209.584469;1802.456814;12.206547;68.062595;2.874602;0;54304.919008
77669.00;E2J1_0;100.00;11.43;77551.00;0.25;A2A3_0;4.60;0.00;tripinfo_flow_0.675 emissions_flow_0.675;118.00;flow_0.675;0;632.42;0.89;0.00;65.94;car;;1;50.00;297789.121466;8119.189882;43.741348;121.827984;7.685068;0;95000.865322
77756.00;E2J1_0;100.00;13.40;77666.00;0.36;A2A3_0;4.60;0.00;tripinfo_flow_0.676 emissions_flow_0.676;90.00;flow_0.676;0;632.42;1.11;0.00;43.61;car;;1;27.00;257412.069579;5644.551518;31.660684;105.716995;6.036561;0;82121.675196
77852.00;E2J1_0;100.00;10.65;77781.00;0.47;A2A3_0;4.60;0.00;tripinfo_flow_0.677 emissions_flow_0.677;71.00;flow_0.677;0;632.42;0.79;0.00;12.06;car;;0;0.00;156180.225867;2070.585694;13.164269;61.867069;2.668634;0;49828.079619
77953.00;E2J1_0;100.00;12.61;77896.00;0.58;A2A3_0;4.60;0.00;tripinfo_flow_0.678 emissions_flow_0.678;57.00;flow_0.678;0;632.42;1.22;0.00;11.16;car;;0;0.00;161771.880083;1813.131234;12.146195;65.200767;2.820533;0;51612.549845
78119.00;E2J1_0;100.00;11.86;78011.00;0.69;A2A3_0;4.60;0.00;tripinfo_flow_0.679 emissions_flow_0.679;108.00;flow_0.679;0;632.42;0.90;0.00;56.37;car;;1;41.00;278394.493389;6974.197541;38.086184;113.296627;6.820672;0;88814.595673
78205.00;E2J1_0;100.00;13.59;78126.00;0.80;A2A3_0;4.60;0.00;tripinfo_flow_0.680 emissions_flow_0.680;79.00;flow_0.680;0;632.42;1.10;0.00;33.03;car;;1;17.00;236746.748746;4448.746402;25.856885;97.314954;5.175643;0;75529.837450
78298.00;E2J1_0;100.00;13.42;78241.00;0.91;A2A3_0;4.60;0.00;tripinfo_flow_0.681 emissions_flow_0.681;57.00;flow_0.681;0;632.42;1.09;0.00;10.48;car;;0;0.00;170237.421624;1988.289183;13.067815;68.999918;3.041124;0;54313.243207
78477.00;E2J1_0;100.00;11.68;78355.00;0.02;A2A3_0;4.60;0.00;tripinfo_flow_0.682 emissions_flow_0.682;122.00;flow_0.682;0;632.42;0.93;0.00;72.31;car;;1;54.00;309454.568377;8609.710106;46.285034;127.810112;8.196196;0;98721.828629
78566.00;E2J1_0;100.00;12.77;78470.00;0.13;A2A3_0;4.60;0.00;tripinfo_flow_0.683 emissions_flow_0.683;96.00;flow_0.683;0;632.42;0.95;0.00;47.65;car;;1;30.00;259229.959587;5916.943992;32.926061;105.917250;6.102228;0;82701.361893
78656.00;E2J1_0;100.00;13.37;78585.00;0.24;A2A3_0;4.60;0.00;tripinfo_flow_0.684 emissions_flow_0.684;71.00;flow_0.684;0;632.42;1.06;0.00;24.72;car;;1;8.00;217380.486223;3511.386399;21.209935;89.224947;4.453432;0;69352.168326
78757.00;E2J1_0;100.00;12.71;78700.00;0.35;A2A3_0;4.60;0.00;tripinfo_flow_0.685 emissions_flow_0.685;57.00;flow_0.685;0;632.42;1.10;0.00;10.86;car;;0;0.00;165460.856086;1797.030457;12.120259;66.256455;2.810393;0;52789.722282
78926.00;E2J1_0;100.00;12.34;78815.00;0.46;A2A3_0;4.60;0.00;tripinfo_flow_0.686 emissions_flow_0.686;111.00;flow_0.686;0;632.42;0.98;0.00;63.76;car;;1;47.00;297387.476767;7909.874097;42.748716;123.059266;7.754393;0;94872.760346
79016.00;E2J1_0;100.00;12.78;78930.00;0.57;A2A3_0;4.60;0.00;tripinfo_flow_0.687 emissions_flow_0.687;86.00;flow_0.687;0;632.42;1.19;0.00;39.59;car;;1;23.00;244407.193637;5153.054846;29.101782;100.385594;5.617578;0;77973.028261
79103.00;E2J1_0;100.00;13.78;79045.00;0.68;A2A3_0;4.60;0.00;tripinfo_flow_0.688 emissions_flow_0.688;58.00;flow_0.688;0;632.42;1.10;0.00;11.52;car;;0;0.00;180600.815111;2121.567218;14.011325;73.650019;3.270632;0;57619.438140
79217.00;E2J1_0;100.00;12.82;79160.00;0.79;A2A3_0;4.60;0.00;tripinfo_flow_0.689 emissions_flow_0.689;57.00;flow_0.689;0;632.42;1.00;0.00;10.49;car;;0;0.00;167800.436200;1903.828651;12.620934;68.009769;2.960216;0;53535.817299
79364.00;E2J1_0;100.00;9.15;79200.00;0.00;A2A1_0;10.10;0.00;tripinfo_flow_1.11 emissions_flow_1.11;164.00;flow_1.11;0;632.08;0.93;60.00;38.89;bus;;2;8.00;384991.386715;12202.675643;64.182247;158.898915;10.822896;0;122817.161901
79378.00;E2J1_0;100.00;12.64;79275.00;0.90;A2A3_0;4.60;0.00;tripinfo_flow_0.690 emissions_flow_0.690;103.00;flow_0.690;0;632.42;0.94;0.00;53.32;car;;1;37.00;274612.325005;6684.542685;36.737543;112.558360;6.725969;0;87608.078340
79466.00;E2J1_0;100.00;13.59;79389.00;0.01;A2A3_0;4.60;0.00;tripinfo_flow_0.691 emissions_flow_0.691;77.00;flow_0.691;0;632.42;0.98;0.00;30.54;car;;1;15.00;224110.084749;4115.268380;23.996961;92.062560;4.837977;0;71498.420575
79564.00;E2J1_0;100.00;13.20;79504.00;0.12;A2A3_0;4.60;0.00;tripinfo_flow_0.692 emissions_flow_0.692;60.00;flow_0.692;0;632.42;0.96;0.00;11.47;car;;0;0.00;170885.617998;1984.524832;13.224487;69.272248;3.026029;0;54519.925340
79736.00;E2J1_0;100.00;13.42;79619.00;0.23;A2A3_0;4.60;0.00;tripinfo_flow_0.693 emissions_flow_0.693;117.00;flow_0.693;0;632.42;1.00;0.00;69.99;car;;1;53.00;317496.572370;8536.741786;45.993400;130.411320;8.236591;0;101288.183450
79825.00;E2J1_0;100.00;13.49;79734.00;0.34;A2A3_0;4.60;0.00;tripinfo_flow_0.694 emissions_flow_0.694;91.00;flow_0.694;0;632.42;1.00;0.00;44.03;car;;1;29.00;261807.038261;5684.758515;31.982507;107.773136;6.135539;0;83523.783015
79916.00;E2J1_0;100.00;13.15;79849.00;0.45;A2A3_0;4.60;0.00;tripinfo_flow_0.695 emissions_flow_0.695;67.00;flow_0.695;0;632.42;0.99;0.00;19.72;car;;1;4.00;196057.504621;2919.195114;17.935911;80.573946;3.894988;0;62549.668100
80021.00;E2J1_0;100.00;13.16;79964.00;0.56;A2A3_0;4.60;0.00;tripinfo_flow_0.696 emissions_flow_0.696;57.00;flow_0.696;0;632.42;1.09;0.00;10.96;car;;0;0.00;174994.292895;1994.480367;13.344053;70.964553;3.096190;0;55830.885449
80191.00;E2J1_0;100.00;10.71;80079.00;0.67;A2A3_0;4.60;0.00;tripinfo_flow_0.697 emissions_flow_0.697;112.00;flow_0.697;0;632.42;0.79;0.00;53.95;car;;1;40.00;269291.911227;6920.302005;37.669349;109.216908;6.594132;0;85910.361959
80276.00;E2J1_0;100.00;13.33;80194.00;0.78;A2A3_0;4.60;0.00;tripinfo_flow_0.698 emissions_flow_0.698;82.00;flow_0.698;0;632.42;1.05;0.00;35.21;car;;1;21.00;237862.716982;4878.229524;27.847141;99.196997;5.538494;0;75884.846861
80366.00;E2J1_0;100.00;13.85;80309.00;0.89;A2A3_0;4.60;0.00;tripinfo_flow_0.699 emissions_flow_0.699;57.00;flow_0.699;0;632.42;1.14;0.00;10.31;car;;0;0.00;170633.642312;1855.742133;12.494149;68.635579;2.943847;0;54440.014631
80480.00;E2J1_0;100.00;12.95;80423.00;0.00;A2A3_0;4.60;0.00;tripinfo_flow_0.700 emissions_flow_0.700;57.00;flow_0.700;0;632.42;1.01;0.00;10.35;car;;0;0.00;176581.285281;1998.542501;13.323219;71.299746;3.114396;0;56337.387218
80635.00;E2J1_0;100.00;13.31;80538.00;0.11;A2A3_0;4.60;0.00;tripinfo_flow_0.701 emissions_flow_0.701;97.00;flow_0.701;0;632.42;1.08;0.00;51.32;car;;1;34.00;273772.421873;6438.860114;35.637737;113.119805;6.699659;0;87340.273308
80726.00;E2J1_0;100.00;12.90;80653.00;0.22;A2A3_0;4.60;0.00;tripinfo_flow_0.702 emissions_flow_0.702;73.00;flow_0.702;0;632.42;0.99;0.00;25.78;car;;1;9.00;213921.925876;3544.215815;21.296902;87.599386;4.388317;0;68248.640141
80824.00;E2J1_0;100.00;12.88;80768.00;0.33;A2A3_0;4.60;0.00;tripinfo_flow_0.703 emissions_flow_0.703;56.00;flow_0.703;0;632.42;1.14;0.00;9.87;car;;0;0.00;162867.402553;1707.264279;11.596477;64.884165;2.722452;0;51962.516989
80996.00;E2J1_0;100.00;12.51;80883.00;0.44;A2A3_0;4.60;0.00;tripinfo_flow_0.704 emissions_flow_0.704;113.00;flow_0.704;0;632.42;0.99;0.00;65.46;car;;1;49.00;304933.291248;8012.683019;43.353016;125.505740;7.826866;0;97280.383351
81086.00;E2J1_0;100.00;13.32;80998.00;0.55;A2A3_0;4.60;0.00;tripinfo_flow_0.705 emissions_flow_0.705;88.00;flow_0.705;0;632.42;1.18;0.00;42.37;car;;1;25.00;254606.532349;5475.834281;30.878150;105.029405;5.948001;0;81226.606253
81175.00;E2J1_0;100.00;13.45;81113.00;0.66;A2A3_0;4.60;0.00;tripinfo_flow_0.706 emissions_flow_0.706;62.00;flow_0.706;0;632.42;1.14;0.00;16.25;car;;0;0.00;190620.508614;2316.154255;15.116756;76.989301;3.407717;0;60816.217498
81290.00;E2J1_0;100.00;11.88;81228.00;0.77;A2A3_0;4.60;0.00;tripinfo_flow_0.707 emissions_flow_0.707;62.00;flow_0.707;0;632.42;0.91;0.00;10.62;car;;0;0.00;170334.938727;2031.124220;13.346847;68.485897;2.969917;0;54344.262169
81446.00;E2J1_0;100.00;13.34;81343.00;0.88;A2A3_0;4.60;0.00;tripinfo_flow_0.708 emissions_flow_0.708;103.00;flow_0.708;0;632.42;1.01;0.00;55.94;car;;1;41.00;284071.096572;6957.859476;38.203527;116.518750;7.007115;0;90625.672303
81538.00;E2J1_0;100.00;12.26;81458.00;0.99;A2A3_0;4.60;0.00;tripinfo_flow_0.709 emissions_flow_0.709;80.00;flow_0.709;0;632.42;0.93;0.00;29.33;car;;1;12.00;222223.439024;4002.559687;23.545254;91.176280;4.727404;0;70896.577858
81637.00;E2J1_0;100.00;10.97;81572.00;0.10;A2A3_0;4.60;0.00;tripinfo_flow_0.710 emissions_flow_0.710;65.00;flow_0.710;0;632.42;0.87;0.00;11.39;car;;0;0.00;160232.613242;1983.647371;12.857036;63.997274;2.781079;0;51121.149636
81806.00;E2J1_0;100.00;13.67;81687.00;0.21;A2A3_0;4.60;0.00;tripinfo_flow_0.711 emissions_flow_0.711;119.00;flow_0.711;0;632.42;1.07;0.00;72.22;car;;1;56.00;314722.553266;8642.275240;46.552986;129.701554;8.291086;0;100402.772859
81896.00;E2J1_0;100.00;13.30;81802.00;0.32;A2A3_0;4.60;0.00;tripinfo_flow_0.712 emissions_flow_0.712;94.00;flow_0.712;0;632.42;1.11;0.00;46.57;car;;1;30.00;264865.901825;6012.774425;33.540237;109.542920;6.370637;0;84499.094821
81989.00;E2J1_0;100.00;10.99;81917.00;0.43;A2A3_0;4.60;0.00;tripinfo_flow_0.713 emissions_flow_0.713;72.00;flow_0.713;0;632.42;0.86;0.00;18.04;car;;1;4.00;187333.660051;2758.068563;17.021820;75.465047;3.522019;0;59766.747758
82089.00;E2J1_0;100.00;13.35;82032.00;0.54;A2A3_0;4.60;0.00;tripinfo_flow_0.714 emissions_flow_0.714;57.00;flow_0.714;0;632.42;1.00;0.00;11.29;car;;0;0.00;171159.991716;1965.018657;13.088356;69.399408;3.052102;0;54607.598226
82261.00;E2J1_0;100.00;10.59;82147.00;0.65;A2A3_0;4.60;0.00;tripinfo_flow_0.715 emissions_flow_0.715;114.00;flow_0.715;0;632.42;0.82;0.00;56.83;car;;1;41.00;277361.918266;7239.734354;39.296461;112.516971;6.866484;0;88484.757206
82346.00;E2J1_0;100.00;12.66;82262.00;0.76;A2A3_0;4.60;0.00;tripinfo_flow_0.716 emissions_flow_0.716;84.00;flow_0.716;0;632.42;1.01;0.00;37.03;car;;1;21.00;240676.248220;4855.905797;27.825659;99.622550;5.497475;0;76782.768373
82435.00;E2J1_0;100.00;12.66;82377.00;0.87;A2A3_0;4.60;0.00;tripinfo_flow_0.717 emissions_flow_0.717;58.00;flow_0.717;0;632.42;1.09;0.00;11.12;car;;0;0.00;169308.935907;1860.769882;12.503150;67.628691;2.867474;0;54017.431053
82549.00;E2J1_0;100.00;12.76;82492.00;0.98;A2A3_0;4.60;0.00;tripinfo_flow_0.718 emissions_flow_0.718;57.00;flow_0.718;0;632.42;1.01;0.00;11.02;car;;0;0.00;158539.366077;1840.919030;12.272126;64.693612;2.853485;0;50580.853497
82705.00;E2J1_0;100.00;12.72;82606.00;0.09;A2A3_0;4.60;0.00;tripinfo_flow_0.719 emissions_flow_0.719;99.00;flow_0.719;0;632.42;1.31;0.00;52.77;car;;1;38.00;271788.656892;6777.833847;37.236541;113.124656;6.913623;0;86706.583003
82796.00;E2J1_0;100.00;13.50;82721.00;0.20;A2A3_0;4.60;0.00;tripinfo_flow_0.720 emissions_flow_0.720;75.00;flow_0.720;0;632.42;1.03;0.00;28.19;car;;1;11.00;227315.196021;4009.774868;23.516976;93.060773;4.831062;0;72521.415786
82896.00;E2J1_0;100.00;12.60;82836.00;0.31;A2A3_0;4.60;0.00;tripinfo_flow_0.721 emissions_flow_0.721;60.00;flow_0.721;0;632.42;0.95;0.00;11.17;car;;0;0.00;167483.840062;1973.521227;13.011653;67.977225;2.985836;0;53434.563459
83065.00;E2J1_0;100.00;13.74;82951.00;0.42;A2A3_0;4.60;0.00;tripinfo_flow_0.722 emissions_flow_0.722;114.00;flow_0.722;0;632.42;1.01;0.00;67.45;car;;1;50.00;319564.357729;8275.911359;45.030846;131.955879;8.203778;0;101948.052564
83156.00;E2J1_0;100.00;12.88;83066.00;0.53;A2A3_0;4.60;0.00;tripinfo_flow_0.723 emissions_flow_0.723;90.00;flow_0.723;0;632.42;0.99;0.00;42.52;car;;1;26.00;254073.239222;5427.601412;30.605303;103.927695;5.841602;0;81056.781201
83247.00;E2J1_0;100.00;12.19;83181.00;0.64;A2A3_0;4.60;0.00;tripinfo_flow_0.724 emissions_flow_0.724;66.00;flow_0.724;0;632.42;0.94;0.00;16.55;car;;0;0.00;185369.036106;2442.144111;15.509413;75.332829;3.437846;0;59140.295682
83353.00;E2J1_0;100.00;13.23;83296.00;0.75;A2A3_0;4.60;0.00;tripinfo_flow_0.725 emissions_flow_0.725;57.00;flow_0.725;0;632.42;1.12;0.00;10.54;car;;0;0.00;164017.012063;1889.088231;12.447785;66.047416;2.887531;0;52328.828607
83516.00;E2J1_0;100.00;13.03;83411.00;0.86;A2A3_0;4.60;0.00;tripinfo_flow_0.726 emissions_flow_0.726;105.00;flow_0.726;0;632.42;1.08;0.00;57.83;car;;1;44.00;291476.110330;7253.405877;39.718502;119.985106;7.291958;0;92987.802054
83609.00;E2J1_0;100.00;11.07;83526.00;0.97;A2A3_0;4.60;0.00;tripinfo_flow_0.727 emissions_flow_0.727;83.00;flow_0.727;0;632.42;0.87;0.00;29.49;car;;1;13.00;210931.640026;3951.936081;22.982341;85.957050;4.486514;0;67294.002568
83697.00;E2J1_0;100.00;13.01;83640.00;0.08;A2A3_0;4.60;0.00;tripinfo_flow_0.728 emissions_flow_0.728;57.00;flow_0.728;0;632.42;0.99;0.00;10.34;car;;0;0.00;165900.474813;1909.675335;12.654185;67.491984;2.973620;0;52929.512352
83875.00;E2J1_0;100.00;13.74;83755.00;0.19;A2A3_0;4.60;0.00;tripinfo_flow_0.729 emissions_flow_0.729;120.00;flow_0.729;0;632.42;1.10;0.00;73.51;car;;1;58.00;325322.932621;9052.799679;48.559213;133.994808;8.641468;0;103784.429120
83965.00;E2J1_0;100.00;13.88;83870.00;0.30;A2A3_0;4.60;0.00;tripinfo_flow_0.730 emissions_flow_0.730;95.00;flow_0.730;0;632.42;1.04;0.00;49.08;car;;1;33.00;269181.501759;6172.248581;34.362091;110.598579;6.445351;0;85876.045094
84056.00;E2J1_0;100.00;12.70;83985.00;0.41;A2A3_0;4.60;0.00;tripinfo_flow_0.731 emissions_flow_0.731;71.00;flow_0.731;0;632.42;1.00;0.00;23.79;car;;1;7.00;210534.962609;3379.673696;20.401310;85.987188;4.247556;0;67168.336348
84162.00;E2J1_0;100.00;12.37;84100.00;0.52;A2A3_0;4.60;0.00;tripinfo_flow_0.732 emissions_flow_0.732;62.00;flow_0.732;0;632.42;0.92;0.00;11.35;car;;0;0.00;166126.669996;1988.867202;13.066605;67.018372;2.927427;0;53001.575663
84325.00;E2J1_0;100.00;13.54;84215.00;0.63;A2A3_0;4.60;0.00;tripinfo_flow_0.733 emissions_flow_0.733;110.00;flow_0.733;0;632.42;1.05;0.00;64.41;car;;1;48.00;306949.507214;8005.948333;43.480641;126.966948;7.911155;0;97923.468881
84417.00;E2J1_0;100.00;12.80;84330.00;0.74;A2A3_0;4.60;0.00;tripinfo_flow_0.734 emissions_flow_0.734;87.00;flow_0.734;0;632.42;0.95;0.00;36.99;car;;1;22.00;243793.649682;5053.610982;28.709880;100.109612;5.549106;0;77777.338439
84504.00;E2J1_0;100.00;13.38;84445.00;0.85;A2A3_0;4.60;0.00;tripinfo_flow_0.735 emissions_flow_0.735;59.00;flow_0.735;0;632.42;0.98;0.00;11.54;car;;0;0.00;175976.922526;2143.484446;13.979560;72.258620;3.265815;0;56143.926101
84617.00;E2J1_0;100.00;12.94;84560.00;0.96;A2A3_0;4.60;0.00;tripinfo_flow_0.736 emissions_flow_0.736;57.00;flow_0.736;0;632.42;1.12;0.00;10.38;car;;0;0.00;161055.817560;1763.378938;11.790631;64.211267;2.723679;0;51384.394551
84777.00;E2J1_0;100.00;13.14;84674.00;0.07;A2A3_0;4.60;0.00;tripinfo_flow_0.737 emissions_flow_0.737;103.00;flow_0.737;0;632.42;0.95;0.00;54.32;car;;1;37.00;284747.295067;6813.957428;37.612852;117.225096;6.963417;0;90841.431938
84866.00;E2J1_0;100.00;12.91;84789.00;0.18;A2A3_0;4.60;0.00;tripinfo_flow_0.738 emissions_flow_0.738;77.00;flow_0.738;0;632.42;1.14;0.00;30.65;car;;1;14.00;233422.673349;4252.456476;24.904320;96.378340;5.077362;0;74469.376767
84961.00;E2J1_0;100.00;13.62;84904.00;0.29;A2A3_0;4.60;0.00;tripinfo_flow_0.739 emissions_flow_0.739;57.00;flow_0.739;0;632.42;1.06;0.00;10.53;car;;0;0.00;174398.717324;1937.957236;12.851790;69.891091;3.005691;0;55641.307776
85139.00;E2J1_0;100.00;12.18;85019.00;0.40;A2A3_0;4.60;0.00;tripinfo_flow_0.740 emissions_flow_0.740;120.00;flow_0.740;0;632.42;0.88;0.00;67.39;car;;1;52.00;304857.983381;8314.545234;44.821515;125.083056;7.907613;0;97255.861694
85225.00;E2J1_0;100.00;13.42;85134.00;0.51;A2A3_0;4.60;0.00;tripinfo_flow_0.741 emissions_flow_0.741;91.00;flow_0.741;0;632.42;1.03;0.00;45.36;car;;1;29.00;267386.613187;5823.659204;32.724987;110.433137;6.317097;0;85303.734022
85317.00;E2J1_0;100.00;13.31;85249.00;0.62;A2A3_0;4.60;0.00;tripinfo_flow_0.742 emissions_flow_0.742;68.00;flow_0.742;0;632.42;0.97;0.00;20.40;car;;1;6.00;203968.781390;3022.438109;18.569725;83.229958;3.990999;0;65073.863052
85426.00;E2J1_0;100.00;12.36;85364.00;0.73;A2A3_0;4.60;0.00;tripinfo_flow_0.743 emissions_flow_0.743;62.00;flow_0.743;0;632.42;0.90;0.00;10.04;car;;0;0.00;168295.194425;1922.832571;12.806783;67.355853;2.864694;0;53693.711497
85588.00;E2J1_0;100.00;12.76;85479.00;0.84;A2A3_0;4.60;0.00;tripinfo_flow_0.744 emissions_flow_0.744;109.00;flow_0.744;0;632.42;0.93;0.00;59.08;car;;1;41.00;284892.241932;7211.771635;39.356377;116.992117;7.139397;0;90887.193310
85676.00;E2J1_0;100.00;13.69;85594.00;0.95;A2A3_0;4.60;0.00;tripinfo_flow_0.745 emissions_flow_0.745;82.00;flow_0.745;0;632.42;1.04;0.00;35.55;car;;1;19.00;234726.166697;4530.735534;26.071987;95.995607;5.171537;0;74885.232271
85767.00;E2J1_0;100.00;13.05;85708.00;0.06;A2A3_0;4.60;0.00;tripinfo_flow_0.746 emissions_flow_0.746;59.00;flow_0.746;0;632.42;1.00;0.00;12.62;car;;0;0.00;177378.102137;2055.289797;13.624738;71.320359;3.107214;0;56591.581245
85947.00;E2J1_0;100.00;13.11;85823.00;0.17;A2A3_0;4.60;0.00;tripinfo_flow_0.747 emissions_flow_0.747;124.00;flow_0.747;0;632.42;0.95;0.00;74.84;car;;1;60.00;328200.388474;9303.238828;49.815758;135.952265;8.839782;0;104701.813737
86036.00;E2J1_0;100.00;13.51;85938.00;0.28;A2A3_0;4.60;0.00;tripinfo_flow_0.748 emissions_flow_0.748;98.00;flow_0.748;0;632.42;1.05;0.00;51.56;car;;1;35.00;279669.285874;6555.930059;36.315105;115.712461;6.834917;0;89221.489340
86125.00;E2J1_0;100.00;12.78;86053.00;0.39;A2A3_0;4.60;0.00;tripinfo_flow_0.749 emissions_flow_0.749;72.00;flow_0.749;0;632.42;1.13;0.00;26.33;car;;1;10.00;220044.646125;3661.607091;22.021573;90.402080;4.573961;0;70201.949996
86225.00;E2J1_0;100.00;13.25;86168.00;0.50;A2A3_0;4.60;0.00;tripinfo_flow_0.750 emissions_flow_0.750;57.00;flow_0.750;0;632.42;0.99;0.00;11.02;car;;0;0.00;168958.841744;1896.230634;12.539349;67.946188;2.942870;0;53905.623778
86395.00;E2J1_0;100.00;13.61;86283.00;0.61;A2A3_0;4.60;0.00;tripinfo_flow_0.751 emissions_flow_0.751;112.00;flow_0.751;0;632.42;1.05;0.00;66.41;car;;1;49.00;308633.446531;8153.270288;44.125880;127.168597;7.961227;0;98460.695335
86485.00;E2J1_0;100.00;12.72;86398.00;0.72;A2A3_0;4.60;0.00;tripinfo_flow_0.752 emissions_flow_0.752;87.00;flow_0.752;0;632.42;1.06;0.00;41.40;car;;1;26.00;251380.594263;5240.074554;29.641073;102.807626;5.712133;0;80197.986971
