tripinfo_arrival;tripinfo_arrivalLane;tripinfo_arrivalPos;tripinfo_arrivalSpeed;tripinfo_depart;tripinfo_departDelay;tripinfo_departLane;tripinfo_departPos;tripinfo_departSpeed;tripinfo_devices;tripinfo_duration;tripinfo_id;tripinfo_rerouteNo;tripinfo_routeLength;tripinfo_speedFactor;tripinfo_stopTime;tripinfo_timeLoss;tripinfo_vType;tripinfo_vaporized;tripinfo_waitingCount;tripinfo_waitingTime;emissions_CO2_abs;emissions_CO_abs;emissions_HC_abs;emissions_NOx_abs;emissions_PMx_abs;emissions_electricity_abs;emissions_fuel_abs
86.00;E2J1_0;100.00;13.39;0.00;0.00;A2A3_0;4.60;0.00;tripinfo_flow_0.0 emissions_flow_0.0;86.00;flow_0.0;0;632.42;1.06;0.00;38.91;car;;1;23.00;242224.952847;5114.243572;28.915085;99.905087;5.621984;0;77276.694761
162.00;E2J1_0;100.00;9.37;0.00;0.00;A2A1_0;10.10;0.00;tripinfo_flow_1.0 emissions_flow_1.0;162.00;flow_1.0;0;632.08;0.94;60.00;37.96;bus;;1;8.00;386936.728716;12041.071591;63.508907;159.542592;10.745306;0;123438.086602
266.00;E2J1_0;100.00;13.65;144.00;0.00;A2A3_0;4.60;0.00;tripinfo_flow_0.1 emissions_flow_0.1;122.00;flow_0.1;0;632.42;1.01;0.00;75.27;car;;1;58.00;339726.819778;9337.527742;50.289447;140.173292;8.970697;0;108379.601100
355.00;E2J1_0;100.00;13.62;288.00;0.00;A2A3_0;4.60;0.00;tripinfo_flow_0.2 emissions_flow_0.2;67.00;flow_0.2;0;632.42;1.08;0.00;20.90;car;;1;7.00;208944.927611;3156.739439;19.344504;85.813312;4.182678;0;66661.257266
535.00;E2J1_0;100.00;13.87;432.00;0.00;A2A3_0;4.60;0.00;tripinfo_flow_0.3 emissions_flow_0.3;103.00;flow_0.3;0;632.42;1.03;0.00;56.52;car;;1;41.00;292137.492914;7126.904371;39.160871;119.803635;7.189550;0;93199.130794
644.00;E2J1_0;100.00;11.31;576.00;0.00;A2A3_0;4.60;0.00;tripinfo_flow_0.4 emissions_flow_0.4;68.00;flow_0.4;0;632.42;0.83;0.00;11.67;car;;0;0.00;158734.778698;1959.758771;12.740702;62.649041;2.640029;0;50643.429164
806.00;E2J1_0;100.00;13.35;720.00;0.00;A2A3_0;4.60;0.00;tripinfo_flow_0.5 emissions_flow_0.5;86.00;flow_0.5;0;632.42;1.05;0.00;40.15;car;;1;24.00;253830.516885;5319.524684;30.158000;104.628783;5.861660;0;80979.276980
989.00;E2J1_0;100.00;11.84;864.00;0.00;A2A3_0;4.60;0.00;tripinfo_flow_0.6 emissions_flow_0.6;125.00;flow_0.6;0;632.42;0.89;0.00;72.09;car;;1;58.00;317670.257962;8929.285948;47.862457;129.793190;8.312515;0;101343.027741
1077.00;E2J1_0;100.00;12.92;1008.00;0.00;A2A3_0;4.60;0.00;tripinfo_flow_0.7 emissions_flow_0.7;69.00;flow_0.7;0;632.42;0.94;0.00;19.30;car;;1;4.00;198854.859690;2943.227186;18.134083;80.963245;3.858329;0;63442.311805
1260.00;E2J1_0;100.00;11.13;1152.00;0.00;A2A3_0;4.60;0.00;tripinfo_flow_0.8 emissions_flow_0.8;108.00;flow_0.8;0;632.42;0.86;0.00;53.39;car;;1;39.00;267844.946904;6768.694354;36.969222;108.901182;6.555900;0;85448.903739
1354.00;E2J1_0;100.00;13.19;1296.00;0.00;A2A3_0;4.60;0.00;tripinfo_flow_0.9 emissions_flow_0.9;58.00;flow_0.9;0;632.42;1.09;0.00;11.77;car;;0;0.00;173492.852292;1899.788259;12.765314;69.490129;2.961128;0;55352.286938
1525.00;E2J1_0;100.00;13.15;1440.00;0.00;A2A3_0;4.60;0.00;tripinfo_flow_0.10 emissions_flow_0.10;85.00;flow_0.10;0;632.42;1.03;0.00;38.53;car;;1;24.00;242761.230415;5024.627942;28.565412;100.221303;5.594785;0;77447.895183
1706.00;E2J1_0;100.00;13.36;1584.00;0.00;A2A3_0;4.60;0.00;tripinfo_flow_0.11 emissions_flow_0.11;122.00;flow_0.11;0;632.42;1.05;0.00;75.82;car;;1;60.00;333042.629743;9219.456790;49.481036;137.509419;8.835945;0;106247.109350
1796.00;E2J1_0;100.00;13.75;1728.00;0.00;A2A3_0;4.60;0.00;tripinfo_flow_0.12 emissions_flow_0.12;68.00;flow_0.12;0;632.42;1.12;0.00;21.24;car;;1;5.00;207116.439057;3074.832122;19.048685;86.032165;4.202018;0;66077.620528
1976.00;E2J1_0;100.00;13.17;1872.00;0.00;A2A3_0;4.60;0.00;tripinfo_flow_0.13 emissions_flow_0.13;104.00;flow_0.13;0;632.42;0.99;0.00;57.08;car;;1;40.00;285245.312594;6987.797575;38.428470;117.452172;7.068765;0;91000.093128
2077.00;E2J1_0;100.00;12.19;2016.00;0.00;A2A3_0;4.60;0.00;tripinfo_flow_0.14 emissions_flow_0.14;61.00;flow_0.14;0;632.42;0.93;0.00;10.94;car;;0;0.00;168399.332296;1927.442492;12.736740;66.823469;2.818645;0;53727.133995
2249.00;E2J1_0;100.00;11.67;2160.00;0.00;A2A3_0;4.60;0.00;tripinfo_flow_0.15 emissions_flow_0.15;89.00;flow_0.15;0;632.42;0.88;0.00;36.00;car;;1;21.00;226786.531620;4787.492729;27.113657;92.594980;5.118220;0;72351.468504
2427.00;E2J1_0;100.00;12.94;2304.00;0.00;A2A3_0;4.60;0.00;tripinfo_flow_0.16 emissions_flow_0.16;123.00;flow_0.16;0;632.42;0.94;0.00;73.58;car;;1;58.00;324554.764123;9091.811242;48.815638;134.036659;8.632759;0;103539.017274
2517.00;E2J1_0;100.00;12.84;2448.00;0.00;A2A3_0;4.60;0.00;tripinfo_flow_0.17 emissions_flow_0.17;69.00;flow_0.17;0;632.42;0.94;0.00;18.97;car;;1;2.00;191655.619278;2737.578943;17.024018;78.708222;3.728642;0;61145.411216
2696.00;E2J1_0;100.00;12.92;2592.00;0.00;A2A3_0;4.60;0.00;tripinfo_flow_0.18 emissions_flow_0.18;104.00;flow_0.18;0;632.42;1.16;0.00;57.86;car;;1;42.00;296073.884382;7410.318035;40.448712;122.322790;7.475215;0;94454.438258
2794.00;E2J1_0;100.00;12.66;2736.00;0.00;A2A3_0;4.60;0.00;tripinfo_flow_0.19 emissions_flow_0.19;58.00;flow_0.19;0;632.42;1.02;0.00;11.59;car;;0;0.00;178786.571348;1992.014033;13.257058;71.454880;3.077005;0;57041.262928
2967.00;E2J1_0;100.00;13.14;2880.00;0.00;A2A3_0;4.60;0.00;tripinfo_flow_0.20 emissions_flow_0.20;87.00;flow_0.20;0;632.42;1.01;0.00;40.52;car;;1;23.00;247270.451987;5217.931195;29.484827;102.082773;5.735814;0;78886.322898
3147.00;E2J1_0;100.00;13.11;3024.00;0.00;A2A3_0;4.60;0.00;tripinfo_flow_0.21 emissions_flow_0.21;123.00;flow_0.21;0;632.42;0.97;0.00;75.75;car;;1;59.00;331504.702349;9134.672001;49.028709;136.208429;8.697234;0;105756.709400
3239.00;E2J1_0;100.00;11.29;3168.00;0.00;A2A3_0;4.60;0.00;tripinfo_flow_0.22 emissions_flow_0.22;71.00;flow_0.22;0;632.42;0.89;0.00;18.44;car;;1;2.00;183272.324191;2606.346559;16.297224;74.680010;3.476316;0;58470.901906
3420.00;E2J1_0;100.00;10.88;3312.00;0.00;A2A3_0;4.60;0.00;tripinfo_flow_0.23 emissions_flow_0.23;108.00;flow_0.23;0;632.42;0.83;0.00;52.23;car;;1;37.00;264334.507230;6737.923635;36.758883;108.114942;6.565326;0;84328.701308
3519.00;E2J1_0;100.00;11.83;3456.00;0.00;A2A3_0;4.60;0.00;tripinfo_flow_0.24 emissions_flow_0.24;63.00;flow_0.24;0;632.42;0.87;0.00;10.47;car;;0;0.00;164366.414550;1859.235070;12.429745;64.861609;2.676185;0;52440.472724
3688.00;E2J1_0;100.00;11.66;3600.00;0.00;A2A3_0;4.60;0.00;tripinfo_flow_0.25 emissions_flow_0.25;88.00;flow_0.25;0;632.42;0.92;0.00;36.55;car;;1;20.00;232442.768502;4862.741185;27.561708;94.864382;5.239557;0;74156.108180
3867.00;E2J1_0;100.00;12.95;3744.00;0.00;A2A3_0;4.60;0.00;tripinfo_flow_0.26 emissions_flow_0.26;123.00;flow_0.26;0;632.42;0.95;0.00;74.02;car;;1;59.00;323550.632384;9083.613771;48.753025;133.535406;8.611968;0;103218.693403
3956.00;E2J1_0;100.00;13.39;3888.00;0.00;A2A3_0;4.60;0.00;tripinfo_flow_0.27 emissions_flow_0.27;68.00;flow_0.27;0;632.42;1.13;0.00;21.80;car;;1;5.00;210234.724350;3027.083452;18.770249;85.406283;4.034579;0;67073.214972
4137.00;E2J1_0;100.00;11.69;4032.00;0.00;A2A3_0;4.60;0.00;tripinfo_flow_0.28 emissions_flow_0.28;105.00;flow_0.28;0;632.42;0.93;0.00;54.07;car;;1;40.00;278537.642797;6902.522809;37.876490;113.949233;6.839626;0;88860.212173
4233.00;E2J1_0;100.00;13.66;4176.00;0.00;A2A3_0;4.60;0.00;tripinfo_flow_0.29 emissions_flow_0.29;57.00;flow_0.29;0;632.42;1.18;0.00;11.18;car;;0;0.00;165541.057506;1860.367875;12.444169;66.725593;2.880394;0;52815.068836
4406.00;E2J1_0;100.00;13.23;4320.00;0.00;A2A3_0;4.60;0.00;tripinfo_flow_0.30 emissions_flow_0.30;86.00;flow_0.30;0;632.42;1.15;0.00;39.78;car;;1;24.00;243705.472323;5064.630251;28.700326;99.894942;5.547863;0;77749.327310
4585.00;E2J1_0;100.00;12.71;4464.00;0.00;A2A3_0;4.60;0.00;tripinfo_flow_0.31 emissions_flow_0.31;121.00;flow_0.31;0;632.42;1.01;0.00;74.63;car;;1;59.00;326633.955151;9148.413859;49.079026;135.357917;8.759692;0;104202.293185
4675.00;E2J1_0;100.00;12.70;4608.00;0.00;A2A3_0;4.60;0.00;tripinfo_flow_0.32 emissions_flow_0.32;67.00;flow_0.32;0;632.42;1.17;0.00;21.21;car;;1;7.00;205799.697889;3105.932774;19.075494;84.052159;4.081011;0;65657.944674
4856.00;E2J1_0;100.00;13.59;4752.00;0.00;A2A3_0;4.60;0.00;tripinfo_flow_0.33 emissions_flow_0.33;104.00;flow_0.33;0;632.42;0.99;0.00;57.31;car;;1;42.00;287885.413865;7158.817893;39.231614;118.838038;7.213947;0;91842.152766
4955.00;E2J1_0;100.00;13.51;4896.00;0.00;A2A3_0;4.60;0.00;tripinfo_flow_0.34 emissions_flow_0.34;59.00;flow_0.34;0;632.42;1.02;0.00;11.94;car;;0;0.00;174455.464468;2071.300650;13.456812;70.501309;3.111174;0;55659.009563
5126.00;E2J1_0;100.00;13.00;5040.00;0.00;A2A3_0;4.60;0.00;tripinfo_flow_0.35 emissions_flow_0.35;86.00;flow_0.35;0;632.42;0.97;0.00;38.01;car;;1;21.00;246199.748531;4953.174307;28.281535;100.648099;5.498875;0;78545.344922
5306.00;E2J1_0;100.00;12.64;5184.00;0.00;A2A3_0;4.60;0.00;tripinfo_flow_0.36 emissions_flow_0.36;122.00;flow_0.36;0;632.42;1.18;0.00;75.67;car;;1;59.00;329035.324874;9193.017996;49.356016;136.022718;8.787989;0;104968.489722
5396.00;E2J1_0;100.00;13.78;5328.00;0.00;A2A3_0;4.60;0.00;tripinfo_flow_0.37 emissions_flow_0.37;68.00;flow_0.37;0;632.42;1.10;0.00;21.79;car;;1;6.00;210770.248424;3286.360615;20.064320;87.232996;4.321868;0;67243.201406
5578.00;E2J1_0;100.00;12.18;5472.00;0.00;A2A3_0;4.60;0.00;tripinfo_flow_0.38 emissions_flow_0.38;106.00;flow_0.38;0;632.42;0.90;0.00;54.21;car;;1;38.00;273394.416115;6749.236416;37.037387;111.748821;6.689776;0;87219.422215
5673.00;E2J1_0;100.00;12.79;5616.00;0.00;A2A3_0;4.60;0.00;tripinfo_flow_0.39 emissions_flow_0.39;57.00;flow_0.39;0;632.42;1.03;0.00;10.01;car;;0;0.00;164879.649575;1796.189248;12.051328;66.181308;2.827683;0;52604.285544
5846.00;E2J1_0;100.00;12.67;5760.00;0.00;A2A3_0;4.60;0.00;tripinfo_flow_0.40 emissions_flow_0.40;86.00;flow_0.40;0;632.42;0.96;0.00;36.93;car;;1;21.00;237800.723351;4792.130949;27.409541;97.052055;5.271370;0;75865.740478
6026.00;E2J1_0;100.00;13.56;5904.00;0.00;A2A3_0;4.60;0.00;tripinfo_flow_0.41 emissions_flow_0.41;122.00;flow_0.41;0;632.42;1.09;0.00;75.86;car;;1;59.00;340501.169880;9307.727025;50.102919;140.433538;8.961929;0;108626.749206
6115.00;E2J1_0;100.00;13.43;6048.00;0.00;A2A3_0;4.60;0.00;tripinfo_flow_0.42 emissions_flow_0.42;67.00;flow_0.42;0;632.42;1.04;0.00;21.36;car;;1;5.00;210301.149237;3195.469512;19.603649;86.836824;4.260746;0;67093.735627
6296.00;E2J1_0;100.00;13.74;6192.00;0.00;A2A3_0;4.60;0.00;tripinfo_flow_0.43 emissions_flow_0.43;104.00;flow_0.43;0;632.42;1.04;0.00;57.46;car;;1;41.00;290167.174210;7156.319395;39.304812;120.114979;7.280056;0;92570.070010
6392.00;E2J1_0;100.00;12.72;6336.00;0.00;A2A3_0;4.60;0.00;tripinfo_flow_0.44 emissions_flow_0.44;56.00;flow_0.44;0;632.42;1.09;0.00;10.02;car;;0;0.00;163343.080877;1927.232782;12.767407;67.435466;3.054583;0;52113.225756
6566.00;E2J1_0;100.00;12.69;6480.00;0.00;A2A3_0;4.60;0.00;tripinfo_flow_0.45 emissions_flow_0.45;86.00;flow_0.45;0;632.42;1.00;0.00;39.28;car;;1;24.00;248568.599945;5122.364571;29.197996;101.985529;5.638866;0;79300.788571
6749.00;E2J1_0;100.00;11.97;6624.00;0.00;A2A3_0;4.60;0.00;tripinfo_flow_0.46 emissions_flow_0.46;125.00;flow_0.46;0;632.42;0.90;0.00;73.54;car;;1;57.00;316463.377829;8953.227454;47.936786;130.499224;8.444346;0;100957.634229
6839.00;E2J1_0;100.00;11.74;6768.00;0.00;A2A3_0;4.60;0.00;tripinfo_flow_0.47 emissions_flow_0.47;71.00;flow_0.47;0;632.42;0.88;0.00;18.16;car;;1;4.00;184301.643933;2724.264301;16.869895;75.075185;3.543082;0;58799.158935
7020.00;E2J1_0;100.00;11.63;6912.00;0.00;A2A3_0;4.60;0.00;tripinfo_flow_0.48 emissions_flow_0.48;108.00;flow_0.48;0;632.42;0.85;0.00;52.99;car;;1;38.00;270596.314154;6716.442634;36.821436;110.334521;6.584818;0;86326.721458
7122.00;E2J1_0;100.00;10.77;7056.00;0.00;A2A3_0;4.60;0.00;tripinfo_flow_0.49 emissions_flow_0.49;66.00;flow_0.49;0;632.42;0.85;0.00;10.85;car;;0;0.00;162583.338235;2026.878306;13.149981;64.935436;2.807279;0;51871.078849
7286.00;E2J1_0;100.00;13.49;7200.00;0.00;A2A3_0;4.60;0.00;tripinfo_flow_0.50 emissions_flow_0.50;86.00;flow_0.50;0;632.42;1.17;0.00;39.34;car;;1;23.00;251496.288990;5112.882417;29.182065;103.197063;5.690823;0;80234.954129
7365.00;E2J1_0;100.00;9.59;7200.00;0.00;A2A1_0;10.10;0.00;tripinfo_flow_1.1 emissions_flow_1.1;165.00;flow_1.1;0;632.08;1.02;60.00;41.08;bus;;4;12.00;387727.387056;12153.672624;64.038265;160.030349;10.834942;0;123690.173753
7400.00;E2J1_0;100.00;13.67;7344.00;0.00;A2A3_0;4.60;0.00;tripinfo_flow_0.51 emissions_flow_0.51;56.00;flow_0.51;0;632.42;1.10;0.00;9.94;car;;0;0.00;164020.390398;1816.918473;12.194506;66.393754;2.889997;0;52329.918316
7556.00;E2J1_0;100.00;13.80;7488.00;0.00;A2A3_0;4.60;0.00;tripinfo_flow_0.52 emissions_flow_0.52;68.00;flow_0.52;0;632.42;1.00;0.00;20.89;car;;1;4.00;213944.384711;3260.423829;19.999335;88.874004;4.388181;0;68255.886920
7736.00;E2J1_0;100.00;12.98;7632.00;0.00;A2A3_0;4.60;0.00;tripinfo_flow_0.53 emissions_flow_0.53;104.00;flow_0.53;0;632.42;1.00;0.00;57.54;car;;1;41.00;288334.871787;7187.463495;39.248748;118.716551;7.236100;0;91985.692423
7839.00;E2J1_0;100.00;11.49;7776.00;0.00;A2A3_0;4.60;0.00;tripinfo_flow_0.54 emissions_flow_0.54;63.00;flow_0.54;0;632.42;0.90;0.00;11.20;car;;0;0.00;165438.924209;1910.953816;12.643250;65.564704;2.760147;0;52782.578809
8006.00;E2J1_0;100.00;13.39;7920.00;0.00;A2A3_0;4.60;0.00;tripinfo_flow_0.55 emissions_flow_0.55;86.00;flow_0.55;0;632.42;1.14;0.00;39.07;car;;1;24.00;252235.304915;5223.776445;29.645250;103.687125;5.772193;0;80470.558801
8186.00;E2J1_0;100.00;12.67;8064.00;0.00;A2A3_0;4.60;0.00;tripinfo_flow_0.56 emissions_flow_0.56;122.00;flow_0.56;0;632.42;1.02;0.00;75.38;car;;1;59.00;332744.969697;9265.429811;49.760460;137.560526;8.859909;0;106151.970369
8276.00;E2J1_0;100.00;12.43;8208.00;0.00;A2A3_0;4.60;0.00;tripinfo_flow_0.57 emissions_flow_0.57;68.00;flow_0.57;0;632.42;0.97;0.00;19.90;car;;1;5.00;202541.826925;3047.537020;18.640873;82.887768;4.023099;0;64618.491258
8456.00;E2J1_0;100.00;13.58;8352.00;0.00;A2A3_0;4.60;0.00;tripinfo_flow_0.58 emissions_flow_0.58;104.00;flow_0.58;0;632.42;1.08;0.00;57.08;car;;1;41.00;291093.755773;7226.723825;39.534909;119.276821;7.225525;0;92866.011929
8554.00;E2J1_0;100.00;13.07;8496.00;0.00;A2A3_0;4.60;0.00;tripinfo_flow_0.59 emissions_flow_0.59;58.00;flow_0.59;0;632.42;1.12;0.00;11.88;car;;0;0.00;167985.754772;1942.463976;12.818859;67.696274;2.937637;0;53594.971536
8726.00;E2J1_0;100.00;13.69;8640.00;0.00;A2A3_0;4.60;0.00;tripinfo_flow_0.60 emissions_flow_0.60;86.00;flow_0.60;0;632.42;1.02;0.00;39.43;car;;1;24.00;255455.370462;5268.308921;29.956798;105.248622;5.869270;0;81497.799419
8906.00;E2J1_0;100.00;12.73;8784.00;0.00;A2A3_0;4.60;0.00;tripinfo_flow_0.61 emissions_flow_0.61;122.00;flow_0.61;0;632.42;0.99;0.00;74.62;car;;1;58.00;330708.239176;9147.862549;49.231062;136.740575;8.772098;0;105502.264948
8998.00;E2J1_0;100.00;12.03;8928.00;0.00;A2A3_0;4.60;0.00;tripinfo_flow_0.62 emissions_flow_0.62;70.00;flow_0.62;0;632.42;0.94;0.00;20.02;car;;1;2.00;197172.874451;2911.063031;18.027054;80.479162;3.823139;0;62905.602269
9179.00;E2J1_0;100.00;11.91;9072.00;0.00;A2A3_0;4.60;0.00;tripinfo_flow_0.63 emissions_flow_0.63;107.00;flow_0.63;0;632.42;0.88;0.00;53.98;car;;1;37.00;266407.886272;6709.702949;36.613582;108.589997;6.556140;0;84990.445489
9279.00;E2J1_0;100.00;12.21;9216.00;0.00;A2A3_0;4.60;0.00;tripinfo_flow_0.64 emissions_flow_0.64;63.00;flow_0.64;0;632.42;0.91;0.00;11.27;car;;0;0.00;165370.846296;1963.924910;12.934199;66.916726;2.921608;0;52760.390272
9448.00;E2J1_0;100.00;12.13;9360.00;0.00;A2A3_0;4.60;0.00;tripinfo_flow_0.65 emissions_flow_0.65;88.00;flow_0.65;0;632.42;0.91;0.00;37.27;car;;1;22.00;235258.287739;4975.439124;28.157950;96.823537;5.404153;0;75054.041104
9626.00;E2J1_0;100.00;12.74;9504.00;0.00;A2A3_0;4.60;0.00;tripinfo_flow_0.66 emissions_flow_0.66;122.00;flow_0.66;0;632.42;1.04;0.00;74.40;car;;1;60.00;326963.457615;9179.541893;49.226962;135.260294;8.769642;0;104307.473966
9716.00;E2J1_0;100.00;13.30;9648.00;0.00;A2A3_0;4.60;0.00;tripinfo_flow_0.67 emissions_flow_0.67;68.00;flow_0.67;0;632.42;1.02;0.00;21.57;car;;1;5.00;209893.283847;3121.949531;19.264316;86.235313;4.175146;0;66963.838851
9896.00;E2J1_0;100.00;13.65;9792.00;0.00;A2A3_0;4.60;0.00;tripinfo_flow_0.68 emissions_flow_0.68;104.00;flow_0.68;0;632.42;1.02;0.00;57.29;car;;1;39.00;288468.970262;7010.839251;38.528809;118.322752;7.080704;0;92028.777872
9995.00;E2J1_0;100.00;12.71;9936.00;0.00;A2A3_0;4.60;0.00;tripinfo_flow_0.69 emissions_flow_0.69;59.00;flow_0.69;0;632.42;0.97;0.00;12.03;car;;0;0.00;167025.164634;1968.389357;12.991461;67.946600;3.002207;0;53288.213485
10167.00;E2J1_0;100.00;12.01;10080.00;0.00;A2A3_0;4.60;0.00;tripinfo_flow_0.70 emissions_flow_0.70;87.00;flow_0.70;0;632.42;0.94;0.00;38.05;car;;1;22.00;233930.074248;4846.066906;27.456406;95.857247;5.313925;0;74630.648411
10345.00;E2J1_0;100.00;13.43;10224.00;0.00;A2A3_0;4.60;0.00;tripinfo_flow_0.71 emissions_flow_0.71;121.00;flow_0.71;0;632.42;1.06;0.00;74.46;car;;1;59.00;327517.105197;9009.608753;48.363339;134.071963;8.552679;0;104484.810894
10437.00;E2J1_0;100.00;12.04;10368.00;0.00;A2A3_0;4.60;0.00;tripinfo_flow_0.72 emissions_flow_0.72;69.00;flow_0.72;0;632.42;0.96;0.00;20.15;car;;1;2.00;190749.923106;2810.315278;17.367781;78.445417;3.767149;0;60856.300094
10616.00;E2J1_0;100.00;12.69;10512.00;0.00;A2A3_0;4.60;0.00;tripinfo_flow_0.73 emissions_flow_0.73;104.00;flow_0.73;0;632.42;0.98;0.00;55.98;car;;1;39.00;287725.402022;7113.058088;39.069694;119.039687;7.218351;0;91791.045692
10713.00;E2J1_0;100.00;13.80;10656.00;0.00;A2A3_0;4.60;0.00;tripinfo_flow_0.74 emissions_flow_0.74;57.00;flow_0.74;0;632.42;1.03;0.00;10.87;car;;0;0.00;164403.033351;1921.609333;12.733012;67.091058;2.990559;0;52451.658757
10886.00;E2J1_0;100.00;12.40;10800.00;0.00;A2A3_0;4.60;0.00;tripinfo_flow_0.75 emissions_flow_0.75;86.00;flow_0.75;0;632.42;0.98;0.00;38.63;car;;1;22.00;240722.132466;4984.998439;28.369563;99.365596;5.525941;0;76797.299843
11066.00;E2J1_0;100.00;13.09;10944.00;0.00;A2A3_0;4.60;0.00;tripinfo_flow_0.76 emissions_flow_0.76;122.00;flow_0.76;0;632.42;1.01;0.00;75.99;car;;1;59.00;332510.814963;9216.085731;49.574746;137.840933;8.875641;0;106077.237339
11156.00;E2J1_0;100.00;13.07;11088.00;0.00;A2A3_0;4.60;0.00;tripinfo_flow_0.77 emissions_flow_0.77;68.00;flow_0.77;0;632.42;1.09;0.00;22.28;car;;1;6.00;201942.674260;3163.333849;19.240177;83.354116;4.122183;0;64426.935133
11336.00;E2J1_0;100.00;13.42;11232.00;0.00;A2A3_0;4.60;0.00;tripinfo_flow_0.78 emissions_flow_0.78;104.00;flow_0.78;0;632.42;1.03;0.00;56.96;car;;1;41.00;296804.107075;7283.257168;39.958627;122.160968;7.382011;0;94687.719919
11435.00;E2J1_0;100.00;12.90;11376.00;0.00;A2A3_0;4.60;0.00;tripinfo_flow_0.79 emissions_flow_0.79;59.00;flow_0.79;0;632.42;1.00;0.00;11.97;car;;0;0.00;171953.344268;2017.187247;13.305615;69.658476;3.057677;0;54860.637173
11606.00;E2J1_0;100.00;12.63;11520.00;0.00;A2A3_0;4.60;0.00;tripinfo_flow_0.80 emissions_flow_0.80;86.00;flow_0.80;0;632.42;1.02;0.00;39.63;car;;1;25.00;249413.696889;5239.294704;29.653588;103.040483;5.789358;0;79570.106268
11722.00;E2J1_0;100.00;12.45;11664.00;0.00;A2A3_0;4.60;0.00;tripinfo_flow_0.81 emissions_flow_0.81;58.00;flow_0.81;0;632.42;0.97;0.00;9.95;car;;0;0.00;171205.786179;1937.973768;12.965534;69.460421;3.034424;0;54622.196909
11876.00;E2J1_0;100.00;13.38;11808.00;0.00;A2A3_0;4.60;0.00;tripinfo_flow_0.82 emissions_flow_0.82;68.00;flow_0.82;0;632.42;1.15;0.00;22.27;car;;1;7.00;209950.649523;3317.222391;20.143096;86.619567;4.312481;0;66981.763651
12056.00;E2J1_0;100.00;12.51;11952.00;0.00;A2A3_0;4.60;0.00;tripinfo_flow_0.83 emissions_flow_0.83;104.00;flow_0.83;0;632.42;0.98;0.00;57.10;car;;1;39.00;286152.620583;7079.609928;38.857070;117.764016;7.114641;0;91289.459728
12154.00;E2J1_0;100.00;13.51;12096.00;0.00;A2A3_0;4.60;0.00;tripinfo_flow_0.84 emissions_flow_0.84;58.00;flow_0.84;0;632.42;1.00;0.00;11.21;car;;0;0.00;175668.884549;2046.113473;13.537978;71.080276;3.124358;0;56046.117677
12326.00;E2J1_0;100.00;13.17;12240.00;0.00;A2A3_0;4.60;0.00;tripinfo_flow_0.85 emissions_flow_0.85;86.00;flow_0.85;0;632.42;1.04;0.00;38.89;car;;1;23.00;250531.043844;5038.378522;28.593558;101.787980;5.542703;0;79927.443509
12440.00;E2J1_0;100.00;12.83;12384.00;0.00;A2A3_0;4.60;0.00;tripinfo_flow_0.86 emissions_flow_0.86;56.00;flow_0.86;0;632.42;1.01;0.00;9.86;car;;0;0.00;168918.135572;1882.158415;12.572323;68.409807;2.982513;0;53892.510405
12596.00;E2J1_0;100.00;13.22;12528.00;0.00;A2A3_0;4.60;0.00;tripinfo_flow_0.87 emissions_flow_0.87;68.00;flow_0.87;0;632.42;1.02;0.00;21.90;car;;1;5.00;208837.313092;2994.992606;18.527236;84.665452;3.997143;0;66627.495047
12776.00;E2J1_0;100.00;13.51;12672.00;0.00;A2A3_0;4.60;0.00;tripinfo_flow_0.88 emissions_flow_0.88;104.00;flow_0.88;0;632.42;1.02;0.00;57.59;car;;1;40.00;293559.636787;7224.681558;39.649307;121.225922;7.325320;0;93652.460853
12880.00;E2J1_0;100.00;11.12;12816.00;0.00;A2A3_0;4.60;0.00;tripinfo_flow_0.89 emissions_flow_0.89;64.00;flow_0.89;0;632.42;0.89;0.00;11.71;car;;0;0.00;161279.363996;1968.260710;12.813335;64.405550;2.783494;0;51455.166381
13050.00;E2J1_0;100.00;11.24;12960.00;0.00;A2A3_0;4.60;0.00;tripinfo_flow_0.90 emissions_flow_0.90;90.00;flow_0.90;0;632.42;0.83;0.00;33.63;car;;1;17.00;216803.562732;4434.596110;25.298351;88.220854;4.762079;0;69166.812442
13227.00;E2J1_0;100.00;11.58;13104.00;0.00;A2A3_0;4.60;0.00;tripinfo_flow_0.91 emissions_flow_0.91;123.00;flow_0.91;0;632.42;0.92;0.00;73.17;car;;1;56.00;317985.821060;8951.728616;47.958256;131.341232;8.497569;0;101443.367322
13316.00;E2J1_0;100.00;12.83;13248.00;0.00;A2A3_0;4.60;0.00;tripinfo_flow_0.92 emissions_flow_0.92;68.00;flow_0.92;0;632.42;1.09;0.00;21.96;car;;1;5.00;203073.775311;2947.401766;18.263309;82.858200;3.960905;0;64788.454392
13496.00;E2J1_0;100.00;13.11;13392.00;0.00;A2A3_0;4.60;0.00;tripinfo_flow_0.93 emissions_flow_0.93;104.00;flow_0.93;0;632.42;1.06;0.00;57.28;car;;1;43.00;290756.669102;7246.660625;39.706964;120.001721;7.301311;0;92758.138890
13594.00;E2J1_0;100.00;12.84;13536.00;0.00;A2A3_0;4.60;0.00;tripinfo_flow_0.94 emissions_flow_0.94;58.00;flow_0.94;0;632.42;1.01;0.00;11.50;car;;0;0.00;169832.663320;1948.763990;12.882380;68.721463;3.017964;0;54184.204655
13768.00;E2J1_0;100.00;11.89;13680.00;0.00;A2A3_0;4.60;0.00;tripinfo_flow_0.95 emissions_flow_0.95;88.00;flow_0.95;0;632.42;0.91;0.00;36.88;car;;1;19.00;238394.117703;4841.828558;27.648197;97.309071;5.289710;0;76054.926999
13880.00;E2J1_0;100.00;13.85;13824.00;0.00;A2A3_0;4.60;0.00;tripinfo_flow_0.96 emissions_flow_0.96;56.00;flow_0.96;0;632.42;1.12;0.00;9.64;car;;0;0.00;165558.934625;1820.923224;12.321850;67.139585;2.902606;0;52820.718912
14036.00;E2J1_0;100.00;13.74;13968.00;0.00;A2A3_0;4.60;0.00;tripinfo_flow_0.97 emissions_flow_0.97;68.00;flow_0.97;0;632.42;1.10;0.00;21.48;car;;1;4.00;209699.852320;3040.410996;18.913833;86.064535;4.112911;0;66902.234066
14215.00;E2J1_0;100.00;13.16;14112.00;0.00;A2A3_0;4.60;0.00;tripinfo_flow_0.98 emissions_flow_0.98;103.00;flow_0.98;0;632.42;1.06;0.00;56.73;car;;1;41.00;291958.435237;7181.981871;39.498421;120.956786;7.334679;0;93141.522074
14317.00;E2J1_0;100.00;12.18;14256.00;0.00;A2A3_0;4.60;0.00;tripinfo_flow_0.99 emissions_flow_0.99;61.00;flow_0.99;0;632.42;0.96;0.00;12.54;car;;0;0.00;168606.780558;2059.913828;13.314295;67.568033;2.959869;0;53792.999718
14486.00;E2J1_0;100.00;13.24;14400.00;0.00;A2A3_0;4.60;0.00;tripinfo_flow_0.100 emissions_flow_0.100;86.00;flow_0.100;0;632.42;0.97;0.00;37.53;car;;1;23.00;246072.655962;5030.147471;28.685369;101.021679;5.560907;0;78504.534444
14564.00;E2J1_0;100.00;9.52;14400.00;0.00;A2A1_0;10.10;0.00;tripinfo_flow_1.2 emissions_flow_1.2;164.00;flow_1.2;0;632.08;0.95;60.00;39.87;bus;;3;9.00;388955.850974;12150.978249;64.049925;160.330826;10.826609;0;124082.181191
14669.00;E2J1_0;100.00;11.92;14544.00;0.00;A2A3_0;4.60;0.00;tripinfo_flow_0.101 emissions_flow_0.101;125.00;flow_0.101;0;632.42;0.89;0.00;72.54;car;;1;56.00;314961.995630;8815.687401;47.283920;128.629895;8.216427;0;100479.115891
14756.00;E2J1_0;100.00;13.86;14688.00;0.00;A2A3_0;4.60;0.00;tripinfo_flow_0.102 emissions_flow_0.102;68.00;flow_0.102;0;632.42;1.07;0.00;21.28;car;;1;6.00;209942.537243;3064.437303;18.858959;84.743540;4.020815;0;66980.142556
14936.00;E2J1_0;100.00;12.62;14832.00;0.00;A2A3_0;4.60;0.00;tripinfo_flow_0.103 emissions_flow_0.103;104.00;flow_0.103;0;632.42;1.01;0.00;56.60;car;;1;39.00;289180.557018;7068.460161;38.792828;118.979448;7.163722;0;92255.647637
15034.00;E2J1_0;100.00;13.14;14976.00;0.00;A2A3_0;4.60;0.00;tripinfo_flow_0.104 emissions_flow_0.104;58.00;flow_0.104;0;632.42;1.03;0.00;11.51;car;;0;0.00;175262.061944;2023.671639;13.437243;71.367740;3.144118;0;55916.219897
15206.00;E2J1_0;100.00;13.83;15120.00;0.00;A2A3_0;4.60;0.00;tripinfo_flow_0.105 emissions_flow_0.105;86.00;flow_0.105;0;632.42;1.06;0.00;39.36;car;;1;21.00;252566.728228;5247.855995;29.839981;104.267539;5.825122;0;80576.075045
15322.00;E2J1_0;100.00;13.20;15264.00;0.00;A2A3_0;4.60;0.00;tripinfo_flow_0.106 emissions_flow_0.106;58.00;flow_0.106;0;632.42;0.96;0.00;9.89;car;;0;0.00;172617.935252;1954.659132;12.923678;69.839167;3.034698;0;55072.815319
15478.00;E2J1_0;100.00;12.66;15408.00;0.00;A2A3_0;4.60;0.00;tripinfo_flow_0.107 emissions_flow_0.107;70.00;flow_0.107;0;632.42;0.93;0.00;19.81;car;;1;4.00;201730.774260;3004.876947;18.461845;82.355997;3.948727;0;64359.751719
15659.00;E2J1_0;100.00;11.46;15552.00;0.00;A2A3_0;4.60;0.00;tripinfo_flow_0.108 emissions_flow_0.108;107.00;flow_0.108;0;632.42;0.87;0.00;53.04;car;;1;38.00;270039.426061;6699.084672;36.646056;109.193155;6.507969;0;86149.369707
15753.00;E2J1_0;100.00;13.68;15696.00;0.00;A2A3_0;4.60;0.00;tripinfo_flow_0.109 emissions_flow_0.109;57.00;flow_0.109;0;632.42;1.10;0.00;11.22;car;;0;0.00;174685.684190;1926.093668;12.864112;69.754333;2.981945;0;55732.937583
15926.00;E2J1_0;100.00;13.69;15840.00;0.00;A2A3_0;4.60;0.00;tripinfo_flow_0.110 emissions_flow_0.110;86.00;flow_0.110;0;632.42;1.01;0.00;39.89;car;;1;25.00;254964.844396;5308.276638;30.130748;105.338860;5.903002;0;81341.156758
16106.00;E2J1_0;100.00;13.55;15984.00;0.00;A2A3_0;4.60;0.00;tripinfo_flow_0.111 emissions_flow_0.111;122.00;flow_0.111;0;632.42;1.10;0.00;75.95;car;;1;59.00;331289.095699;9133.921779;49.022290;136.056145;8.710143;0;105687.967555
16197.00;E2J1_0;100.00;12.09;16128.00;0.00;A2A3_0;4.60;0.00;tripinfo_flow_0.112 emissions_flow_0.112;69.00;flow_0.112;0;632.42;0.92;0.00;18.71;car;;1;3.00;194975.768121;2887.852963;17.857280;80.017833;3.830152;0;62204.490005
16376.00;E2J1_0;100.00;13.76;16272.00;0.00;A2A3_0;4.60;0.00;tripinfo_flow_0.113 emissions_flow_0.113;104.00;flow_0.113;0;632.42;1.18;0.00;58.28;car;;1;40.00;293299.836161;7176.202226;39.300106;120.210865;7.203004;0;93569.921818
16473.00;E2J1_0;100.00;13.69;16416.00;0.00;A2A3_0;4.60;0.00;tripinfo_flow_0.114 emissions_flow_0.114;57.00;flow_0.114;0;632.42;1.00;0.00;10.30;car;;0;0.00;176332.510843;1898.243417;12.814476;70.177499;2.958807;0;56258.472231
16645.00;E2J1_0;100.00;13.00;16560.00;0.00;A2A3_0;4.60;0.00;tripinfo_flow_0.115 emissions_flow_0.115;85.00;flow_0.115;0;632.42;0.99;0.00;38.36;car;;1;21.00;244942.166709;5048.325956;28.724207;101.036851;5.615275;0;78143.702747
16825.00;E2J1_0;100.00;12.60;16704.00;0.00;A2A3_0;4.60;0.00;tripinfo_flow_0.116 emissions_flow_0.116;121.00;flow_0.116;0;632.42;1.07;0.00;75.33;car;;1;59.00;335154.357644;9296.422966;49.967461;139.119968;8.980047;0;106920.541325
16917.00;E2J1_0;100.00;11.94;16848.00;0.00;A2A3_0;4.60;0.00;tripinfo_flow_0.117 emissions_flow_0.117;69.00;flow_0.117;0;632.42;0.94;0.00;19.11;car;;1;2.00;192154.676886;2751.364478;17.103911;78.377834;3.694681;0;61304.796620
17096.00;E2J1_0;100.00;12.89;16992.00;0.00;A2A3_0;4.60;0.00;tripinfo_flow_0.118 emissions_flow_0.118;104.00;flow_0.118;0;632.42;1.10;0.00;58.36;car;;1;42.00;289982.003965;7135.949185;39.149783;119.185059;7.195909;0;92511.293653
17193.00;E2J1_0;100.00;13.08;17136.00;0.00;A2A3_0;4.60;0.00;tripinfo_flow_0.119 emissions_flow_0.119;57.00;flow_0.119;0;632.42;1.03;0.00;10.60;car;;0;0.00;176394.796806;1994.952009;13.255914;71.238362;3.089330;0;56277.871920
17366.00;E2J1_0;100.00;13.22;17280.00;0.00;A2A3_0;4.60;0.00;tripinfo_flow_0.120 emissions_flow_0.120;86.00;flow_0.120;0;632.42;1.02;0.00;39.26;car;;1;21.00;249821.236203;5207.704218;29.524301;103.170488;5.780371;0;79700.190750
17546.00;E2J1_0;100.00;12.65;17424.00;0.00;A2A3_0;4.60;0.00;tripinfo_flow_0.121 emissions_flow_0.121;122.00;flow_0.121;0;632.42;1.06;0.00;76.10;car;;1;58.00;327966.168010;9105.532811;48.926149;135.040217;8.675973;0;104627.672284
17636.00;E2J1_0;100.00;13.13;17568.00;0.00;A2A3_0;4.60;0.00;tripinfo_flow_0.122 emissions_flow_0.122;68.00;flow_0.122;0;632.42;1.15;0.00;21.74;car;;1;7.00;203216.971189;3054.232385;18.767362;83.108360;4.018955;0;64833.923077
17815.00;E2J1_0;100.00;13.05;17712.00;0.00;A2A3_0;4.60;0.00;tripinfo_flow_0.123 emissions_flow_0.123;103.00;flow_0.123;0;632.42;1.03;0.00;56.78;car;;1;42.00;289541.972533;7207.655547;39.467738;119.628642;7.289182;0;92370.622636
17923.00;E2J1_0;100.00;10.45;17856.00;0.00;A2A3_0;4.60;0.00;tripinfo_flow_0.124 emissions_flow_0.124;67.00;flow_0.124;0;632.42;0.82;0.00;9.95;car;;0;0.00;164251.663576;1994.741715;13.050789;65.190387;2.765323;0;52403.502704
18086.00;E2J1_0;100.00;12.83;18000.00;0.00;A2A3_0;4.60;0.00;tripinfo_flow_0.125 emissions_flow_0.125;86.00;flow_0.125;0;632.42;1.12;0.00;39.83;car;;1;25.00;254363.310865;5339.356084;30.191922;104.865323;5.889443;0;81149.266354
18265.00;E2J1_0;100.00;13.61;18144.00;0.00;A2A3_0;4.60;0.00;tripinfo_flow_0.126 emissions_flow_0.126;121.00;flow_0.126;0;632.42;1.01;0.00;74.04;car;;1;58.00;331444.181715;9059.380116;48.856008;136.831807;8.727987;0;105737.295149
18356.00;E2J1_0;100.00;13.62;18288.00;0.00;A2A3_0;4.60;0.00;tripinfo_flow_0.127 emissions_flow_0.127;68.00;flow_0.127;0;632.42;1.03;0.00;21.19;car;;1;4.00;212994.580900;3193.608404;19.635371;87.508073;4.252571;0;67953.236954
18536.00;E2J1_0;100.00;13.85;18432.00;0.00;A2A3_0;4.60;0.00;tripinfo_flow_0.128 emissions_flow_0.128;104.00;flow_0.128;0;632.42;1.07;0.00;57.39;car;;1;39.00;286481.237389;7055.559420;38.717092;118.036469;7.133996;0;91394.356290
18636.00;E2J1_0;100.00;12.07;18576.00;0.00;A2A3_0;4.60;0.00;tripinfo_flow_0.129 emissions_flow_0.129;60.00;flow_0.129;0;632.42;0.96;0.00;12.10;car;;0;0.00;172608.359559;1945.019933;12.916871;68.607324;2.895873;0;55070.075773
18806.00;E2J1_0;100.00;13.70;18720.00;0.00;A2A3_0;4.60;0.00;tripinfo_flow_0.130 emissions_flow_0.130;86.00;flow_0.130;0;632.42;1.04;0.00;39.91;car;;1;23.00;253269.981227;5239.950246;29.769062;104.274074;5.788892;0;80800.559332
18920.00;E2J1_0;100.00;13.40;18864.00;0.00;A2A3_0;4.60;0.00;tripinfo_flow_0.131 emissions_flow_0.131;56.00;flow_0.131;0;632.42;1.23;0.00;9.84;car;;0;0.00;161472.750075;1752.262441;11.805617;64.845637;2.781409;0;51517.325482
19076.00;E2J1_0;100.00;12.81;19008.00;0.00;A2A3_0;4.60;0.00;tripinfo_flow_0.132 emissions_flow_0.132;68.00;flow_0.132;0;632.42;1.01;0.00;21.63;car;;1;4.00;210219.637308;3054.258673;18.795318;84.835845;4.010410;0;67068.581334
19256.00;E2J1_0;100.00;12.62;19152.00;0.00;A2A3_0;4.60;0.00;tripinfo_flow_0.133 emissions_flow_0.133;104.00;flow_0.133;0;632.42;1.12;0.00;57.92;car;;1;41.00;283772.417889;7111.619957;38.980437;117.250623;7.148547;0;90529.863560
19353.00;E2J1_0;100.00;13.68;19296.00;0.00;A2A3_0;4.60;0.00;tripinfo_flow_0.134 emissions_flow_0.134;57.00;flow_0.134;0;632.42;1.02;0.00;10.00;car;;0;0.00;172197.157850;1867.266463;12.541065;69.029045;2.951763;0;54938.962750
19526.00;E2J1_0;100.00;13.68;19440.00;0.00;A2A3_0;4.60;0.00;tripinfo_flow_0.135 emissions_flow_0.135;86.00;flow_0.135;0;632.42;1.00;0.00;39.46;car;;1;24.00;252349.306428;5199.643353;29.547131;103.729400;5.765096;0;80506.951171
19706.00;E2J1_0;100.00;12.79;19584.00;0.00;A2A3_0;4.60;0.00;tripinfo_flow_0.136 emissions_flow_0.136;122.00;flow_0.136;0;632.42;0.95;0.00;73.29;car;;1;57.00;324213.449112;8872.888216;47.735633;132.820364;8.439453;0;103430.813537
19796.00;E2J1_0;100.00;13.53;19728.00;0.00;A2A3_0;4.60;0.00;tripinfo_flow_0.137 emissions_flow_0.137;68.00;flow_0.137;0;632.42;1.11;0.00;21.29;car;;1;5.00;206987.011336;3083.939207;19.014321;84.915958;4.111816;0;66036.646442
19976.00;E2J1_0;100.00;13.38;19872.00;0.00;A2A3_0;4.60;0.00;tripinfo_flow_0.138 emissions_flow_0.138;104.00;flow_0.138;0;632.42;1.16;0.00;57.96;car;;1;41.00;288663.439386;7107.645880;38.847749;118.400926;7.143128;0;92090.782184
20077.00;E2J1_0;100.00;12.39;20016.00;0.00;A2A3_0;4.60;0.00;tripinfo_flow_0.139 emissions_flow_0.139;61.00;flow_0.139;0;632.42;0.94;0.00;11.66;car;;0;0.00;166083.571777;1830.761676;12.267378;65.813621;2.737542;0;52988.449893
20246.00;E2J1_0;100.00;13.83;20160.00;0.00;A2A3_0;4.60;0.00;tripinfo_flow_0.140 emissions_flow_0.140;86.00;flow_0.140;0;632.42;1.13;0.00;40.10;car;;1;22.00;253477.352318;5237.131662;29.843716;104.886203;5.850164;0;80866.564516
20434.00;E2J1_0;100.00;10.09;20304.00;0.00;A2A3_0;4.60;0.00;tripinfo_flow_0.141 emissions_flow_0.141;130.00;flow_0.141;0;632.42;0.73;0.00;66.40;car;;1;53.00;294419.529931;8533.422542;45.486200;119.943882;7.726379;0;93925.143370
20517.00;E2J1_0;100.00;13.29;20448.00;0.00;A2A3_0;4.60;0.00;tripinfo_flow_0.142 emissions_flow_0.142;69.00;flow_0.142;0;632.42;1.14;0.00;22.56;car;;1;7.00;210421.466909;3321.462739;20.121543;86.524043;4.301032;0;67132.092414
20698.00;E2J1_0;100.00;12.01;20592.00;0.00;A2A3_0;4.60;0.00;tripinfo_flow_0.143 emissions_flow_0.143;106.00;flow_0.143;0;632.42;0.89;0.00;53.51;car;;1;37.00;272176.746717;6838.668226;37.464447;112.434611;6.827622;0;86830.432353
20794.00;E2J1_0;100.00;13.06;20736.00;0.00;A2A3_0;4.60;0.00;tripinfo_flow_0.144 emissions_flow_0.144;58.00;flow_0.144;0;632.42;1.00;0.00;11.71;car;;0;0.00;172733.504538;2039.711893;13.440226;70.040571;3.091606;0;55109.506165
20966.00;E2J1_0;100.00;12.32;20880.00;0.00;A2A3_0;4.60;0.00;tripinfo_flow_0.145 emissions_flow_0.145;86.00;flow_0.145;0;632.42;0.97;0.00;38.65;car;;1;24.00;240132.737188;5008.568399;28.365446;98.342466;5.457745;0;76609.460807
21081.00;E2J1_0;100.00;13.10;21024.00;0.00;A2A3_0;4.60;0.00;tripinfo_flow_0.146 emissions_flow_0.146;57.00;flow_0.146;0;632.42;1.04;0.00;10.85;car;;0;0.00;174575.278981;1874.378093;12.686034;69.878623;2.964199;0;55697.716464
21236.00;E2J1_0;100.00;12.73;21168.00;0.00;A2A3_0;4.60;0.00;tripinfo_flow_0.147 emissions_flow_0.147;68.00;flow_0.147;0;632.42;0.96;0.00;20.48;car;;1;6.00;204794.447538;3003.355326;18.491569;83.002573;3.948052;0;65337.511895
21416.00;E2J1_0;100.00;13.31;21312.00;0.00;A2A3_0;4.60;0.00;tripinfo_flow_0.148 emissions_flow_0.148;104.00;flow_0.148;0;632.42;1.00;0.00;57.40;car;;1;42.00;294767.224870;7233.721529;39.738762;121.716149;7.361504;0;94037.766661
21513.00;E2J1_0;100.00;12.82;21456.00;0.00;A2A3_0;4.60;0.00;tripinfo_flow_0.149 emissions_flow_0.149;57.00;flow_0.149;0;632.42;1.07;0.00;10.66;car;;0;0.00;170586.012326;1905.648849;12.642436;68.220400;2.915983;0;54424.849536
21687.00;E2J1_0;100.00;12.45;21600.00;0.00;A2A3_0;4.60;0.00;tripinfo_flow_0.150 emissions_flow_0.150;87.00;flow_0.150;0;632.42;0.93;0.00;37.10;car;;1;19.00;236841.413164;4816.802859;27.520808;96.812935;5.269663;0;75559.521104
21762.00;E2J1_0;100.00;9.10;21600.00;0.00;A2A1_0;10.10;0.00;tripinfo_flow_1.3 emissions_flow_1.3;162.00;flow_1.3;0;632.08;1.06;60.00;38.17;bus;;2;8.00;382768.096540;11932.163925;62.904058;157.459433;10.606388;0;122108.320996
21866.00;E2J1_0;100.00;13.78;21744.00;0.00;A2A3_0;4.60;0.00;tripinfo_flow_0.151 emissions_flow_0.151;122.00;flow_0.151;0;632.42;1.12;0.00;76.04;car;;1;60.00;338426.987132;9327.418989;50.156350;139.837341;8.966024;0;107964.845439
21956.00;E2J1_0;100.00;13.18;21888.00;0.00;A2A3_0;4.60;0.00;tripinfo_flow_0.152 emissions_flow_0.152;68.00;flow_0.152;0;632.42;1.18;0.00;21.88;car;;1;5.00;206988.564460;3170.473369;19.388489;85.009650;4.166015;0;66037.023160
22136.00;E2J1_0;100.00;13.80;22032.00;0.00;A2A3_0;4.60;0.00;tripinfo_flow_0.153 emissions_flow_0.153;104.00;flow_0.153;0;632.42;1.08;0.00;56.85;car;;1;41.00;285441.041108;7125.717479;38.973792;118.161257;7.214661;0;91062.242790
22238.00;E2J1_0;100.00;11.67;22176.00;0.00;A2A3_0;4.60;0.00;tripinfo_flow_0.154 emissions_flow_0.154;62.00;flow_0.154;0;632.42;0.91;0.00;10.46;car;;0;0.00;163988.723467;1840.635459;12.304429;65.279701;2.737831;0;52319.903025
22406.00;E2J1_0;100.00;13.07;22320.00;0.00;A2A3_0;4.60;0.00;tripinfo_flow_0.155 emissions_flow_0.155;86.00;flow_0.155;0;632.42;1.14;0.00;39.57;car;;1;22.00;253829.946862;5091.647283;29.184160;104.072760;5.680826;0;80979.511563
22589.00;E2J1_0;100.00;11.54;22464.00;0.00;A2A3_0;4.60;0.00;tripinfo_flow_0.156 emissions_flow_0.156;125.00;flow_0.156;0;632.42;0.88;0.00;71.77;car;;1;57.00;315533.639472;8877.477720;47.611297;129.317914;8.286976;0;100661.255092
22676.00;E2J1_0;100.00;13.44;22608.00;0.00;A2A3_0;4.60;0.00;tripinfo_flow_0.157 emissions_flow_0.157;68.00;flow_0.157;0;632.42;1.08;0.00;21.55;car;;1;5.00;210167.269734;3240.924440;19.894613;87.251256;4.305760;0;67050.750747
22856.00;E2J1_0;100.00;13.26;22752.00;0.00;A2A3_0;4.60;0.00;tripinfo_flow_0.158 emissions_flow_0.158;104.00;flow_0.158;0;632.42;0.99;0.00;57.18;car;;1;41.00;289426.853882;7045.790209;38.619554;118.456778;7.096951;0;92334.482805
22953.00;E2J1_0;100.00;12.78;22896.00;0.00;A2A3_0;4.60;0.00;tripinfo_flow_0.159 emissions_flow_0.159;57.00;flow_0.159;0;632.42;1.13;0.00;10.84;car;;0;0.00;158966.063632;1882.337502;12.382934;64.620794;2.874027;0;50717.063875
23126.00;E2J1_0;100.00;13.81;23040.00;0.00;A2A3_0;4.60;0.00;tripinfo_flow_0.160 emissions_flow_0.160;86.00;flow_0.160;0;632.42;1.05;0.00;39.32;car;;1;23.00;248301.905130;5126.161805;29.059957;101.557703;5.623131;0;79215.839799
23308.00;E2J1_0;100.00;12.37;23184.00;0.00;A2A3_0;4.60;0.00;tripinfo_flow_0.161 emissions_flow_0.161;124.00;flow_0.161;0;632.42;0.91;0.00;73.34;car;;1;56.00;317445.899344;8937.962210;47.920518;130.647263;8.416611;0;101271.203820
23396.00;E2J1_0;100.00;12.92;23328.00;0.00;A2A3_0;4.60;0.00;tripinfo_flow_0.162 emissions_flow_0.162;68.00;flow_0.162;0;632.42;1.00;0.00;21.46;car;;1;4.00;205272.948643;2957.766580;18.357758;83.603417;3.962503;0;65490.140171
23576.00;E2J1_0;100.00;13.19;23472.00;0.00;A2A3_0;4.60;0.00;tripinfo_flow_0.163 emissions_flow_0.163;104.00;flow_0.163;0;632.42;1.03;0.00;57.84;car;;1;40.00;283465.653683;7064.445463;38.707941;117.248305;7.140930;0;90432.055034
23673.00;E2J1_0;100.00;13.23;23616.00;0.00;A2A3_0;4.60;0.00;tripinfo_flow_0.164 emissions_flow_0.164;57.00;flow_0.164;0;632.42;0.98;0.00;10.01;car;;0;0.00;165613.581899;1824.490320;12.238716;66.986493;2.882699;0;52838.185216
23847.00;E2J1_0;100.00;12.75;23760.00;0.00;A2A3_0;4.60;0.00;tripinfo_flow_0.165 emissions_flow_0.165;87.00;flow_0.165;0;632.42;0.94;0.00;37.79;car;;1;22.00;239249.132650;4987.860941;28.285345;97.515543;5.376700;0;76327.639479
23961.00;E2J1_0;100.00;13.36;23904.00;0.00;A2A3_0;4.60;0.00;tripinfo_flow_0.166 emissions_flow_0.166;57.00;flow_0.166;0;632.42;1.09;0.00;10.74;car;;0;0.00;165684.427898;1902.456216;12.626619;67.115734;2.942391;0;52860.664287
24118.00;E2J1_0;100.00;12.30;24048.00;0.00;A2A3_0;4.60;0.00;tripinfo_flow_0.167 emissions_flow_0.167;70.00;flow_0.167;0;632.42;0.90;0.00;18.70;car;;1;3.00;188402.269076;2652.090038;16.638851;76.214282;3.512041;0;60107.773937
24299.00;E2J1_0;100.00;11.47;24192.00;0.00;A2A3_0;4.60;0.00;tripinfo_flow_0.168 emissions_flow_0.168;107.00;flow_0.168;0;632.42;0.89;0.00;54.86;car;;1;38.00;274821.652911;6800.997385;37.238520;111.699437;6.675598;0;87674.909704
24393.00;E2J1_0;100.00;13.39;24336.00;0.00;A2A3_0;4.60;0.00;tripinfo_flow_0.169 emissions_flow_0.169;57.00;flow_0.169;0;632.42;1.14;0.00;10.15;car;;0;0.00;174634.358996;1887.150307;12.696120;69.703588;2.936527;0;55716.595505
24566.00;E2J1_0;100.00;12.56;24480.00;0.00;A2A3_0;4.60;0.00;tripinfo_flow_0.170 emissions_flow_0.170;86.00;flow_0.170;0;632.42;0.96;0.00;38.17;car;;1;23.00;238264.494910;4938.482917;28.118560;98.247051;5.459285;0;76013.238819
24747.00;E2J1_0;100.00;12.63;24624.00;0.00;A2A3_0;4.60;0.00;tripinfo_flow_0.171 emissions_flow_0.171;123.00;flow_0.171;0;632.42;0.92;0.00;72.87;car;;1;57.00;315183.586749;8824.806713;47.213990;128.803185;8.266506;0;100549.881618
24835.00;E2J1_0;100.00;13.78;24768.00;0.00;A2A3_0;4.60;0.00;tripinfo_flow_0.172 emissions_flow_0.172;67.00;flow_0.172;0;632.42;1.09;0.00;21.03;car;;1;7.00;212738.146428;3258.968959;19.996466;87.959376;4.336957;0;67871.178529
25016.00;E2J1_0;100.00;13.81;24912.00;0.00;A2A3_0;4.60;0.00;tripinfo_flow_0.173 emissions_flow_0.173;104.00;flow_0.173;0;632.42;1.03;0.00;57.48;car;;1;42.00;294621.170772;7189.081490;39.469895;120.717058;7.249092;0;93991.536014
25113.00;E2J1_0;100.00;13.27;25056.00;0.00;A2A3_0;4.60;0.00;tripinfo_flow_0.174 emissions_flow_0.174;57.00;flow_0.174;0;632.42;1.08;0.00;11.07;car;;0;0.00;171722.742313;1952.786033;12.959560;69.592970;3.040672;0;54787.198557
25286.00;E2J1_0;100.00;13.62;25200.00;0.00;A2A3_0;4.60;0.00;tripinfo_flow_0.175 emissions_flow_0.175;86.00;flow_0.175;0;632.42;1.06;0.00;39.06;car;;1;22.00;251644.636361;5085.818253;29.066091;103.072505;5.648123;0;80282.325881
25401.00;E2J1_0;100.00;13.08;25344.00;0.00;A2A3_0;4.60;0.00;tripinfo_flow_0.176 emissions_flow_0.176;57.00;flow_0.176;0;632.42;1.10;0.00;10.94;car;;0;0.00;166267.049946;1913.607860;12.525539;67.282847;2.973219;0;53046.645833
25556.00;E2J1_0;100.00;12.63;25488.00;0.00;A2A3_0;4.60;0.00;tripinfo_flow_0.177 emissions_flow_0.177;68.00;flow_0.177;0;632.42;1.03;0.00;21.30;car;;1;4.00;201681.131222;2978.999782;18.391722;83.155627;4.023043;0;64343.783756
25736.00;E2J1_0;100.00;13.41;25632.00;0.00;A2A3_0;4.60;0.00;tripinfo_flow_0.178 emissions_flow_0.178;104.00;flow_0.178;0;632.42;1.03;0.00;56.34;car;;1;40.00;290549.113184;7025.796374;38.621363;119.175976;7.122862;0;92692.490532
25833.00;E2J1_0;100.00;13.34;25776.00;0.00;A2A3_0;4.60;0.00;tripinfo_flow_0.179 emissions_flow_0.179;57.00;flow_0.179;0;632.42;1.08;0.00;11.30;car;;0;0.00;170446.549118;1880.599431;12.627512;68.432293;2.924300;0;54380.272035
26007.00;E2J1_0;100.00;12.14;25920.00;0.00;A2A3_0;4.60;0.00;tripinfo_flow_0.180 emissions_flow_0.180;87.00;flow_0.180;0;632.42;0.94;0.00;37.30;car;;1;20.00;239814.340401;4895.755977;27.829991;98.097327;5.383946;0;76508.026943
26187.00;E2J1_0;100.00;12.07;26064.00;0.00;A2A3_0;4.60;0.00;tripinfo_flow_0.181 emissions_flow_0.181;123.00;flow_0.181;0;632.42;0.92;0.00;72.23;car;;1;57.00;322521.962443;9025.805713;48.442789;133.278094;8.591529;0;102890.508017
26276.00;E2J1_0;100.00;12.78;26208.00;0.00;A2A3_0;4.60;0.00;tripinfo_flow_0.182 emissions_flow_0.182;68.00;flow_0.182;0;632.42;1.08;0.00;21.49;car;;1;6.00;206799.055253;3143.073481;19.322846;85.503655;4.188425;0;65976.371311
26458.00;E2J1_0;100.00;12.26;26352.00;0.00;A2A3_0;4.60;0.00;tripinfo_flow_0.183 emissions_flow_0.183;106.00;flow_0.183;0;632.42;0.89;0.00;54.62;car;;1;39.00;271089.289950;6769.824046;37.009370;110.194701;6.619353;0;86484.120640
26554.00;E2J1_0;100.00;13.18;26496.00;0.00;A2A3_0;4.60;0.00;tripinfo_flow_0.184 emissions_flow_0.184;58.00;flow_0.184;0;632.42;0.97;0.00;10.54;car;;0;0.00;171473.021078;1954.737515;13.021246;69.608991;3.026402;0;54707.420795
26726.00;E2J1_0;100.00;13.14;26640.00;0.00;A2A3_0;4.60;0.00;tripinfo_flow_0.185 emissions_flow_0.185;86.00;flow_0.185;0;632.42;0.97;0.00;38.74;car;;1;21.00;241581.558981;4999.761734;28.424690;99.302312;5.499719;0;77071.591217
26908.00;E2J1_0;100.00;11.47;26784.00;0.00;A2A3_0;4.60;0.00;tripinfo_flow_0.186 emissions_flow_0.186;124.00;flow_0.186;0;632.42;0.90;0.00;72.63;car;;1;57.00;319073.342122;8883.297825;47.641281;130.268880;8.306703;0;101790.823400
26997.00;E2J1_0;100.00;11.87;26928.00;0.00;A2A3_0;4.60;0.00;tripinfo_flow_0.187 emissions_flow_0.187;69.00;flow_0.187;0;632.42;0.93;0.00;19.51;car;;1;5.00;199147.529460;2927.326678;18.096688;81.353910;3.871805;0;63535.614754
27176.00;E2J1_0;100.00;13.64;27072.00;0.00;A2A3_0;4.60;0.00;tripinfo_flow_0.188 emissions_flow_0.188;104.00;flow_0.188;0;632.42;1.10;0.00;57.69;car;;1;41.00;296918.436779;7241.099816;39.821564;122.718661;7.395893;0;94724.073056
27273.00;E2J1_0;100.00;13.85;27216.00;0.00;A2A3_0;4.60;0.00;tripinfo_flow_0.189 emissions_flow_0.189;57.00;flow_0.189;0;632.42;1.07;0.00;11.16;car;;0;0.00;167597.018835;1839.892225;12.409156;67.339218;2.876249;0;53471.137097
27446.00;E2J1_0;100.00;13.20;27360.00;0.00;A2A3_0;4.60;0.00;tripinfo_flow_0.190 emissions_flow_0.190;86.00;flow_0.190;0;632.42;1.00;0.00;38.83;car;;1;23.00;256421.272777;5265.952521;30.146756;106.916711;5.968487;0;81805.497347
27630.00;E2J1_0;100.00;11.59;27504.00;0.00;A2A3_0;4.60;0.00;tripinfo_flow_0.191 emissions_flow_0.191;126.00;flow_0.191;0;632.42;0.84;0.00;71.23;car;;1;56.00;307772.412626;8792.221534;47.038053;126.282003;8.152049;0;98185.021312
27716.00;E2J1_0;100.00;13.62;27648.00;0.00;A2A3_0;4.60;0.00;tripinfo_flow_0.192 emissions_flow_0.192;68.00;flow_0.192;0;632.42;1.03;0.00;21.45;car;;1;3.00;205517.192770;3031.434125;18.743193;84.480715;4.074419;0;65567.694013
27899.00;E2J1_0;100.00;11.72;27792.00;0.00;A2A3_0;4.60;0.00;tripinfo_flow_0.193 emissions_flow_0.193;107.00;flow_0.193;0;632.42;0.87;0.00;53.71;car;;1;39.00;268649.202533;6811.494919;37.157418;110.034609;6.688321;0;85705.258889
27994.00;E2J1_0;100.00;13.25;27936.00;0.00;A2A3_0;4.60;0.00;tripinfo_flow_0.194 emissions_flow_0.194;58.00;flow_0.194;0;632.42;1.06;0.00;11.56;car;;0;0.00;176233.250150;2032.818169;13.492605;71.263243;3.116954;0;56226.230615
28170.00;E2J1_0;100.00;11.20;28080.00;0.00;A2A3_0;4.60;0.00;tripinfo_flow_0.195 emissions_flow_0.195;90.00;flow_0.195;0;632.42;0.83;0.00;34.16;car;;1;18.00;219073.953310;4500.705842;25.618189;88.317720;4.735392;0;69891.344581
28347.00;E2J1_0;100.00;11.90;28224.00;0.00;A2A3_0;4.60;0.00;tripinfo_flow_0.196 emissions_flow_0.196;123.00;flow_0.196;0;632.42;0.95;0.00;73.77;car;;1;59.00;323188.898055;9061.851492;48.592732;132.805635;8.542755;0;103103.487183
28439.00;E2J1_0;100.00;11.26;28368.00;0.00;A2A3_0;4.60;0.00;tripinfo_flow_0.197 emissions_flow_0.197;71.00;flow_0.197;0;632.42;0.87;0.00;17.51;car;;1;1.00;186911.543728;2770.178324;17.109701;76.062934;3.593253;0;59631.833020
28616.00;E2J1_0;100.00;13.33;28512.00;0.00;A2A3_0;4.60;0.00;tripinfo_flow_0.198 emissions_flow_0.198;104.00;flow_0.198;0;632.42;1.03;0.00;58.02;car;;1;42.00;293975.150688;7216.074936;39.692900;121.158200;7.307506;0;93785.088705
28713.00;E2J1_0;100.00;13.17;28656.00;0.00;A2A3_0;4.60;0.00;tripinfo_flow_0.199 emissions_flow_0.199;57.00;flow_0.199;0;632.42;1.11;0.00;10.71;car;;0;0.00;166694.741995;1908.337864;12.719239;67.595289;2.966175;0;53182.977322
28885.00;E2J1_0;100.00;13.11;28800.00;0.00;A2A3_0;4.60;0.00;tripinfo_flow_0.200 emissions_flow_0.200;85.00;flow_0.200;0;632.42;1.07;0.00;38.64;car;;1;24.00;248059.832679;5214.215641;29.487820;102.096035;5.730180;0;79138.305833
28964.00;E2J1_0;100.00;9.58;28800.00;0.00;A2A1_0;10.10;0.00;tripinfo_flow_1.4 emissions_flow_1.4;164.00;flow_1.4;0;632.08;1.02;60.00;39.56;bus;;3;11.00;381155.770040;12097.562820;63.624226;157.474562;10.744322;0;121593.498907
29000.00;E2J1_0;100.00;13.17;28944.00;0.00;A2A3_0;4.60;0.00;tripinfo_flow_0.201 emissions_flow_0.201;56.00;flow_0.201;0;632.42;1.00;0.00;9.93;car;;0;0.00;167300.176975;1897.614737;12.760545;68.391517;3.024231;0;53375.989091
29157.00;E2J1_0;100.00;13.08;29088.00;0.00;A2A3_0;4.60;0.00;tripinfo_flow_0.202 emissions_flow_0.202;69.00;flow_0.202;0;632.42;0.97;0.00;20.72;car;;1;4.00;205433.274353;3027.868043;18.737875;84.241118;4.038574;0;65540.944512
29337.00;E2J1_0;100.00;12.23;29232.00;0.00;A2A3_0;4.60;0.00;tripinfo_flow_0.203 emissions_flow_0.203;105.00;flow_0.203;0;632.42;0.96;0.00;56.11;car;;1;41.00;288863.463730;7087.883228;38.879359;118.440861;7.112364;0;92154.514251
29435.00;E2J1_0;100.00;13.39;29376.00;0.00;A2A3_0;4.60;0.00;tripinfo_flow_0.204 emissions_flow_0.204;59.00;flow_0.204;0;632.42;0.98;0.00;11.18;car;;0;0.00;175643.121094;1981.040030;13.227600;70.730545;3.055941;0;56038.068320
29606.00;E2J1_0;100.00;13.19;29520.00;0.00;A2A3_0;4.60;0.00;tripinfo_flow_0.205 emissions_flow_0.205;86.00;flow_0.205;0;632.42;1.10;0.00;39.56;car;;1;24.00;251015.915436;5152.147385;29.194043;102.498286;5.652238;0;80081.810819
29785.00;E2J1_0;100.00;13.30;29664.00;0.00;A2A3_0;4.60;0.00;tripinfo_flow_0.206 emissions_flow_0.206;121.00;flow_0.206;0;632.42;1.04;0.00;74.43;car;;1;57.00;328562.528440;8995.090346;48.428527;135.405384;8.633164;0;104818.059589
29875.00;E2J1_0;100.00;13.43;29808.00;0.00;A2A3_0;4.60;0.00;tripinfo_flow_0.207 emissions_flow_0.207;67.00;flow_0.207;0;632.42;1.00;0.00;21.19;car;;1;6.00;211209.385932;3193.473866;19.606607;86.414051;4.199875;0;67383.766278
30055.00;E2J1_0;100.00;12.74;29952.00;0.00;A2A3_0;4.60;0.00;tripinfo_flow_0.208 emissions_flow_0.208;103.00;flow_0.208;0;632.42;1.10;0.00;57.42;car;;1;44.00;295287.671083;7335.965518;40.247335;122.165552;7.437212;0;94203.585621
30163.00;E2J1_0;100.00;10.28;30096.00;0.00;A2A3_0;4.60;0.00;tripinfo_flow_0.209 emissions_flow_0.209;67.00;flow_0.209;0;632.42;0.83;0.00;10.59;car;;0;0.00;156026.175588;1922.845167;12.518366;62.151519;2.659946;0;49779.104488
30326.00;E2J1_0;100.00;12.98;30240.00;0.00;A2A3_0;4.60;0.00;tripinfo_flow_0.210 emissions_flow_0.210;86.00;flow_0.210;0;632.42;1.09;0.00;39.84;car;;1;23.00;247752.291764;5187.170025;29.522575;102.344791;5.723507;0;79040.006154
30507.00;E2J1_0;100.00;13.23;30384.00;0.00;A2A3_0;4.60;0.00;tripinfo_flow_0.211 emissions_flow_0.211;123.00;flow_0.211;0;632.42;0.97;0.00;75.01;car;;1;58.00;330938.506152;9140.166620;49.196246;136.634441;8.741287;0;105575.775106
30596.00;E2J1_0;100.00;13.54;30528.00;0.00;A2A3_0;4.60;0.00;tripinfo_flow_0.212 emissions_flow_0.212;68.00;flow_0.212;0;632.42;1.07;0.00;21.47;car;;1;6.00;207003.997047;3211.066264;19.650972;85.692068;4.237669;0;66041.641720
30776.00;E2J1_0;100.00;12.76;30672.00;0.00;A2A3_0;4.60;0.00;tripinfo_flow_0.213 emissions_flow_0.213;104.00;flow_0.213;0;632.42;1.07;0.00;58.12;car;;1;40.00;286757.618377;7169.572350;39.157105;118.048726;7.181068;0;91482.436139
30877.00;E2J1_0;100.00;12.21;30816.00;0.00;A2A3_0;4.60;0.00;tripinfo_flow_0.214 emissions_flow_0.214;61.00;flow_0.214;0;632.42;0.91;0.00;10.46;car;;0;0.00;163629.227123;1873.776162;12.459830;65.901491;2.833911;0;52204.961085
31046.00;E2J1_0;100.00;12.84;30960.00;0.00;A2A3_0;4.60;0.00;tripinfo_flow_0.215 emissions_flow_0.215;86.00;flow_0.215;0;632.42;1.00;0.00;38.63;car;;1;22.00;251513.553075;5111.445020;29.088035;103.192013;5.691553;0;80240.484603
31160.00;E2J1_0;100.00;13.31;31104.00;0.00;A2A3_0;4.60;0.00;tripinfo_flow_0.216 emissions_flow_0.216;56.00;flow_0.216;0;632.42;1.15;0.00;10.39;car;;0;0.00;165692.361691;1848.596320;12.299979;66.349278;2.875033;0;52863.589389
31320.00;E2J1_0;100.00;10.59;31248.00;0.00;A2A3_0;4.60;0.00;tripinfo_flow_0.217 emissions_flow_0.217;72.00;flow_0.217;0;632.42;0.84;0.00;16.52;car;;1;1.00;182057.897223;2589.027781;16.155322;72.710913;3.281767;0;58083.804826
31496.00;E2J1_0;100.00;13.38;31392.00;0.00;A2A3_0;4.60;0.00;tripinfo_flow_0.218 emissions_flow_0.218;104.00;flow_0.218;0;632.42;1.06;0.00;57.32;car;;1;40.00;289551.303502;7034.175155;38.602368;118.490394;7.087975;0;92374.200059
31595.00;E2J1_0;100.00;13.64;31536.00;0.00;A2A3_0;4.60;0.00;tripinfo_flow_0.219 emissions_flow_0.219;59.00;flow_0.219;0;632.42;1.02;0.00;11.86;car;;0;0.00;173147.583769;1965.876135;13.096338;69.559482;2.988608;0;55241.915524
31766.00;E2J1_0;100.00;12.74;31680.00;0.00;A2A3_0;4.60;0.00;tripinfo_flow_0.220 emissions_flow_0.220;86.00;flow_0.220;0;632.42;0.97;0.00;38.04;car;;1;23.00;246346.497602;5180.350808;29.330335;101.401290;5.680018;0;78591.636090
31880.00;E2J1_0;100.00;13.49;31824.00;0.00;A2A3_0;4.60;0.00;tripinfo_flow_0.221 emissions_flow_0.221;56.00;flow_0.221;0;632.42;1.24;0.00;9.79;car;;0;0.00;169749.120699;1812.365279;12.353587;68.702130;2.938564;0;54157.710134
32036.00;E2J1_0;100.00;13.00;31968.00;0.00;A2A3_0;4.60;0.00;tripinfo_flow_0.222 emissions_flow_0.222;68.00;flow_0.222;0;632.42;1.11;0.00;21.80;car;;1;5.00;204194.132757;3095.917365;18.969615;83.679781;4.061731;0;65145.564111
32216.00;E2J1_0;100.00;13.52;32112.00;0.00;A2A3_0;4.60;0.00;tripinfo_flow_0.223 emissions_flow_0.223;104.00;flow_0.223;0;632.42;1.09;0.00;57.68;car;;1;41.00;291094.873478;7228.531240;39.619898;120.662785;7.359384;0;92865.930390
32315.00;E2J1_0;100.00;13.36;32256.00;0.00;A2A3_0;4.60;0.00;tripinfo_flow_0.224 emissions_flow_0.224;59.00;flow_0.224;0;632.42;0.99;0.00;12.57;car;;0;0.00;166529.321504;1985.094497;13.035071;67.711983;3.000495;0;53130.015196
32485.00;E2J1_0;100.00;13.20;32400.00;0.00;A2A3_0;4.60;0.00;tripinfo_flow_0.225 emissions_flow_0.225;85.00;flow_0.225;0;632.42;1.04;0.00;39.07;car;;1;22.00;247045.414766;5061.342511;28.867516;102.514167;5.699207;0;78814.565114
32601.00;E2J1_0;100.00;13.06;32544.00;0.00;A2A3_0;4.60;0.00;tripinfo_flow_0.226 emissions_flow_0.226;57.00;flow_0.226;0;632.42;1.14;0.00;10.31;car;;0;0.00;162795.804110;1763.964982;11.916283;65.288069;2.771652;0;51939.417434
32757.00;E2J1_0;100.00;12.58;32688.00;0.00;A2A3_0;4.60;0.00;tripinfo_flow_0.227 emissions_flow_0.227;69.00;flow_0.227;0;632.42;0.97;0.00;21.34;car;;1;2.00;200549.755772;2908.299572;18.053252;81.862175;3.870420;0;63983.086733
32936.00;E2J1_0;100.00;13.34;32832.00;0.00;A2A3_0;4.60;0.00;tripinfo_flow_0.228 emissions_flow_0.228;104.00;flow_0.228;0;632.42;1.15;0.00;57.71;car;;1;40.00;286804.946416;6992.409250;38.372110;117.988246;7.095934;0;91497.822123
33038.00;E2J1_0;100.00;12.28;32976.00;0.00;A2A3_0;4.60;0.00;tripinfo_flow_0.229 emissions_flow_0.229;62.00;flow_0.229;0;632.42;0.91;0.00;11.15;car;;0;0.00;164543.862837;1892.687384;12.660023;66.442959;2.854221;0;52496.653622
33206.00;E2J1_0;100.00;12.99;33120.00;0.00;A2A3_0;4.60;0.00;tripinfo_flow_0.230 emissions_flow_0.230;86.00;flow_0.230;0;632.42;0.96;0.00;37.57;car;;1;21.00;238932.546657;4885.446115;27.768411;97.574162;5.361391;0;76226.793399
33386.00;E2J1_0;100.00;13.42;33264.00;0.00;A2A3_0;4.60;0.00;tripinfo_flow_0.231 emissions_flow_0.231;122.00;flow_0.231;0;632.42;1.04;0.00;75.63;car;;1;59.00;329807.076594;9192.770937;49.403939;136.395050;8.782867;0;105214.680926
33479.00;E2J1_0;100.00;11.16;33408.00;0.00;A2A3_0;4.60;0.00;tripinfo_flow_0.232 emissions_flow_0.232;71.00;flow_0.232;0;632.42;0.88;0.00;18.73;car;;1;4.00;188162.576851;2719.061807;16.806788;75.681391;3.518363;0;60031.355112
33655.00;E2J1_0;100.00;12.67;33552.00;0.00;A2A3_0;4.60;0.00;tripinfo_flow_0.233 emissions_flow_0.233;103.00;flow_0.233;0;632.42;1.10;0.00;57.18;car;;1;40.00;283474.696290;7080.646691;38.795223;118.068448;7.219819;0;90434.674020
33752.00;E2J1_0;100.00;13.02;33696.00;0.00;A2A3_0;4.60;0.00;tripinfo_flow_0.234 emissions_flow_0.234;56.00;flow_0.234;0;632.42;1.13;0.00;10.15;car;;0;0.00;163819.866696;1846.583917;12.402494;66.444070;2.906604;0;52265.806500
33927.00;E2J1_0;100.00;13.04;33840.00;0.00;A2A3_0;4.60;0.00;tripinfo_flow_0.235 emissions_flow_0.235;87.00;flow_0.235;0;632.42;0.95;0.00;37.58;car;;1;21.00;241737.720653;4875.289587;27.713983;97.263774;5.251114;0;77122.242187
34106.00;E2J1_0;100.00;12.82;33984.00;0.00;A2A3_0;4.60;0.00;tripinfo_flow_0.236 emissions_flow_0.236;122.00;flow_0.236;0;632.42;1.01;0.00;75.50;car;;1;57.00;326711.020922;8968.044170;48.097947;133.683001;8.525636;0;104227.695924
34196.00;E2J1_0;100.00;12.26;34128.00;0.00;A2A3_0;4.60;0.00;tripinfo_flow_0.237 emissions_flow_0.237;68.00;flow_0.237;0;632.42;0.97;0.00;20.00;car;;1;5.00;200184.935320;2976.678571;18.388890;82.329973;3.971255;0;63866.415425
34377.00;E2J1_0;100.00;13.74;34272.00;0.00;A2A3_0;4.60;0.00;tripinfo_flow_0.238 emissions_flow_0.238;105.00;flow_0.238;0;632.42;0.99;0.00;58.14;car;;1;41.00;283904.986250;7193.117021;39.208255;117.158175;7.196863;0;90572.136841
34473.00;E2J1_0;100.00;13.77;34416.00;0.00;A2A3_0;4.60;0.00;tripinfo_flow_0.239 emissions_flow_0.239;57.00;flow_0.239;0;632.42;1.02;0.00;11.14;car;;0;0.00;168994.036360;1919.919463;12.761848;68.369087;2.971208;0;53916.628828
34645.00;E2J1_0;100.00;12.94;34560.00;0.00;A2A3_0;4.60;0.00;tripinfo_flow_0.240 emissions_flow_0.240;85.00;flow_0.240;0;632.42;1.01;0.00;38.49;car;;1;22.00;242349.701433;4962.853549;28.184717;99.372027;5.496616;0;77316.901736
34826.00;E2J1_0;100.00;12.54;34704.00;0.00;A2A3_0;4.60;0.00;tripinfo_flow_0.241 emissions_flow_0.241;122.00;flow_0.241;0;632.42;0.97;0.00;74.91;car;;1;58.00;323494.272305;9057.636330;48.471802;132.723556;8.541806;0;103201.090364
34915.00;E2J1_0;100.00;13.65;34848.00;0.00;A2A3_0;4.60;0.00;tripinfo_flow_0.242 emissions_flow_0.242;67.00;flow_0.242;0;632.42;1.04;0.00;20.50;car;;1;5.00;210096.049153;3179.826344;19.504352;86.154477;4.201277;0;67028.516776
35096.00;E2J1_0;100.00;12.62;34992.00;0.00;A2A3_0;4.60;0.00;tripinfo_flow_0.243 emissions_flow_0.243;104.00;flow_0.243;0;632.42;1.14;0.00;57.77;car;;1;41.00;289480.718081;7120.615494;39.075961;119.700899;7.254615;0;92351.174997
35192.00;E2J1_0;100.00;12.95;35136.00;0.00;A2A3_0;4.60;0.00;tripinfo_flow_0.244 emissions_flow_0.244;56.00;flow_0.244;0;632.42;1.11;0.00;10.44;car;;0;0.00;172056.206303;1856.703259;12.599546;69.328280;2.950655;0;54893.819025
35368.00;E2J1_0;100.00;12.21;35280.00;0.00;A2A3_0;4.60;0.00;tripinfo_flow_0.245 emissions_flow_0.245;88.00;flow_0.245;0;632.42;0.93;0.00;38.56;car;;1;22.00;239701.142921;4989.373673;28.359172;98.300420;5.432993;0;76471.650696
35549.00;E2J1_0;100.00;11.94;35424.00;0.00;A2A3_0;4.60;0.00;tripinfo_flow_0.246 emissions_flow_0.246;125.00;flow_0.246;0;632.42;0.88;0.00;72.49;car;;1;58.00;308741.222049;8872.548812;47.376714;126.966070;8.265083;0;98494.003455
35636.00;E2J1_0;100.00;13.27;35568.00;0.00;A2A3_0;4.60;0.00;tripinfo_flow_0.247 emissions_flow_0.247;68.00;flow_0.247;0;632.42;0.99;0.00;20.67;car;;1;3.00;202745.515667;2995.724916;18.470636;83.436586;4.027195;0;64683.397042
35816.00;E2J1_0;100.00;12.94;35712.00;0.00;A2A3_0;4.60;0.00;tripinfo_flow_0.248 emissions_flow_0.248;104.00;flow_0.248;0;632.42;0.98;0.00;57.26;car;;1;41.00;283154.485400;7042.127610;38.669235;117.396863;7.145208;0;90332.682038
35920.00;E2J1_0;100.00;11.35;35856.00;0.00;A2A3_0;4.60;0.00;tripinfo_flow_0.249 emissions_flow_0.249;64.00;flow_0.249;0;632.42;0.88;0.00;10.98;car;;0;0.00;160889.840047;1970.419818;12.911771;65.060232;2.842702;0;51330.618054
36095.00;E2J1_0;100.00;9.21;36000.00;0.00;A2A3_0;4.60;0.00;tripinfo_flow_0.250 emissions_flow_0.250;95.00;flow_0.250;0;632.42;0.71;0.00;29.59;car;;1;14.00;206155.410285;4374.427365;24.672399;82.483081;4.402143;0;65769.736460
36164.00;E2J1_0;100.00;9.52;36000.00;0.00;A2A1_0;10.10;0.00;tripinfo_flow_1.5 emissions_flow_1.5;164.00;flow_1.5;0;632.08;0.96;60.00;39.51;bus;;1;11.00;396072.078004;12219.634113;64.545573;163.412506;10.960306;0;126352.513677
36200.00;E2J1_0;100.00;13.68;36144.00;0.00;A2A3_0;4.60;0.00;tripinfo_flow_0.251 emissions_flow_0.251;56.00;flow_0.251;0;632.42;1.30;0.00;9.70;car;;0;0.00;172178.102729;1773.267656;12.189020;68.613825;2.860799;0;54933.105797
36356.00;E2J1_0;100.00;13.08;36288.00;0.00;A2A3_0;4.60;0.00;tripinfo_flow_0.252 emissions_flow_0.252;68.00;flow_0.252;0;632.42;1.01;0.00;21.71;car;;1;6.00;209966.733792;3199.104037;19.600034;86.634630;4.268210;0;66987.093162
36540.00;E2J1_0;100.00;11.06;36432.00;0.00;A2A3_0;4.60;0.00;tripinfo_flow_0.253 emissions_flow_0.253;108.00;flow_0.253;0;632.42;0.84;0.00;52.49;car;;1;37.00;272304.463417;6836.255291;37.387201;110.595596;6.612134;0;86871.650699
36650.00;E2J1_0;100.00;9.79;36576.00;0.00;A2A3_0;4.60;0.00;tripinfo_flow_0.254 emissions_flow_0.254;74.00;flow_0.254;0;632.42;0.75;0.00;12.29;car;;0;0.00;160551.165600;2180.563151;13.757875;63.595864;2.755238;0;51222.487856
36806.00;E2J1_0;100.00;12.99;36720.00;0.00;A2A3_0;4.60;0.00;tripinfo_flow_0.255 emissions_flow_0.255;86.00;flow_0.255;0;632.42;1.13;0.00;39.88;car;;1;23.00;254323.810586;5214.200607;29.642418;103.829817;5.734254;0;81137.127430
36986.00;E2J1_0;100.00;13.62;36864.00;0.00;A2A3_0;4.60;0.00;tripinfo_flow_0.256 emissions_flow_0.256;122.00;flow_0.256;0;632.42;1.04;0.00;74.85;car;;1;60.00;335537.850541;9195.779458;49.481630;138.562292;8.860211;0;107043.258234
37077.00;E2J1_0;100.00;12.72;37008.00;0.00;A2A3_0;4.60;0.00;tripinfo_flow_0.257 emissions_flow_0.257;69.00;flow_0.257;0;632.42;0.96;0.00;20.83;car;;1;4.00;200496.810632;2894.497934;17.916421;81.270084;3.827384;0;63966.399205
37256.00;E2J1_0;100.00;12.91;37152.00;0.00;A2A3_0;4.60;0.00;tripinfo_flow_0.258 emissions_flow_0.258;104.00;flow_0.258;0;632.42;1.13;0.00;58.07;car;;1;42.00;292674.952139;7300.573000;39.994787;120.670078;7.336674;0;93370.147135
37354.00;E2J1_0;100.00;12.46;37296.00;0.00;A2A3_0;4.60;0.00;tripinfo_flow_0.259 emissions_flow_0.259;58.00;flow_0.259;0;632.42;0.96;0.00;10.48;car;;0;0.00;163201.092373;1873.626879;12.530662;66.367657;2.908825;0;52068.221102
37526.00;E2J1_0;100.00;12.52;37440.00;0.00;A2A3_0;4.60;0.00;tripinfo_flow_0.260 emissions_flow_0.260;86.00;flow_0.260;0;632.42;0.98;0.00;38.51;car;;1;23.00;242937.301882;5135.199165;29.084525;100.384983;5.641164;0;77503.821207
37708.00;E2J1_0;100.00;11.90;37584.00;0.00;A2A3_0;4.60;0.00;tripinfo_flow_0.261 emissions_flow_0.261;124.00;flow_0.261;0;632.42;0.92;0.00;73.21;car;;1;57.00;322750.598070;8957.841594;48.028017;131.689742;8.390322;0;102964.047712
37796.00;E2J1_0;100.00;12.86;37728.00;0.00;A2A3_0;4.60;0.00;tripinfo_flow_0.262 emissions_flow_0.262;68.00;flow_0.262;0;632.42;0.96;0.00;20.52;car;;1;6.00;199346.280018;3067.150520;18.675834;81.786460;3.995186;0;63598.813411
37976.00;E2J1_0;100.00;13.21;37872.00;0.00;A2A3_0;4.60;0.00;tripinfo_flow_0.263 emissions_flow_0.263;104.00;flow_0.263;0;632.42;1.26;0.00;58.06;car;;1;43.00;290517.853998;7257.696696;39.754505;120.159428;7.330604;0;92681.863101
38074.00;E2J1_0;100.00;12.81;38016.00;0.00;A2A3_0;4.60;0.00;tripinfo_flow_0.264 emissions_flow_0.264;58.00;flow_0.264;0;632.42;0.97;0.00;10.47;car;;0;0.00;169004.731889;1877.884084;12.584575;67.852616;2.896255;0;53920.214438
38249.00;E2J1_0;100.00;11.73;38160.00;0.00;A2A3_0;4.60;0.00;tripinfo_flow_0.265 emissions_flow_0.265;89.00;flow_0.265;0;632.42;0.87;0.00;34.71;car;;1;18.00;223127.578162;4543.752715;25.955877;90.927574;4.909420;0;71184.378016
38360.00;E2J1_0;100.00;12.63;38304.00;0.00;A2A3_0;4.60;0.00;tripinfo_flow_0.266 emissions_flow_0.266;56.00;flow_0.266;0;632.42;1.05;0.00;10.15;car;;0;0.00;164248.790195;1902.171873;12.697629;67.572439;3.018719;0;52402.277369
38517.00;E2J1_0;100.00;13.51;38448.00;0.00;A2A3_0;4.60;0.00;tripinfo_flow_0.267 emissions_flow_0.267;69.00;flow_0.267;0;632.42;0.98;0.00;21.19;car;;1;4.00;204125.620837;3003.521210;18.651439;83.916560;4.030095;0;65123.674202
38699.00;E2J1_0;100.00;11.72;38592.00;0.00;A2A3_0;4.60;0.00;tripinfo_flow_0.268 emissions_flow_0.268;107.00;flow_0.268;0;632.42;0.85;0.00;52.94;car;;1;36.00;276445.291876;6800.761572;37.363877;112.829540;6.710727;0;88192.742414
38795.00;E2J1_0;100.00;13.17;38736.00;0.00;A2A3_0;4.60;0.00;tripinfo_flow_0.269 emissions_flow_0.269;59.00;flow_0.269;0;632.42;0.97;0.00;11.71;car;;0;0.00;168843.567460;1905.201859;12.722721;67.848047;2.910638;0;53868.726165
38969.00;E2J1_0;100.00;11.79;38880.00;0.00;A2A3_0;4.60;0.00;tripinfo_flow_0.270 emissions_flow_0.270;89.00;flow_0.270;0;632.42;0.87;0.00;36.49;car;;1;20.00;229070.120107;4721.292870;26.877464;93.299256;5.078595;0;73080.200418
39080.00;E2J1_0;100.00;12.63;39024.00;0.00;A2A3_0;4.60;0.00;tripinfo_flow_0.271 emissions_flow_0.271;56.00;flow_0.271;0;632.42;1.21;0.00;10.35;car;;0;0.00;166854.387976;1893.237537;12.648646;67.858940;2.976464;0;53233.892102
39236.00;E2J1_0;100.00;13.29;39168.00;0.00;A2A3_0;4.60;0.00;tripinfo_flow_0.272 emissions_flow_0.272;68.00;flow_0.272;0;632.42;0.99;0.00;21.63;car;;1;3.00;198997.935856;2855.450614;17.638626;80.129676;3.745532;0;63488.448099
39416.00;E2J1_0;100.00;12.99;39312.00;0.00;A2A3_0;4.60;0.00;tripinfo_flow_0.273 emissions_flow_0.273;104.00;flow_0.273;0;632.42;0.97;0.00;55.85;car;;1;40.00;286768.237666;6965.683999;38.235338;117.480979;7.012091;0;91486.248407
39515.00;E2J1_0;100.00;12.64;39456.00;0.00;A2A3_0;4.60;0.00;tripinfo_flow_0.274 emissions_flow_0.274;59.00;flow_0.274;0;632.42;0.99;0.00;11.63;car;;0;0.00;167878.012093;2073.114531;13.391133;68.161203;3.060933;0;53560.270594
39686.00;E2J1_0;100.00;13.31;39600.00;0.00;A2A3_0;4.60;0.00;tripinfo_flow_0.275 emissions_flow_0.275;86.00;flow_0.275;0;632.42;1.08;0.00;39.97;car;;1;25.00;250982.186931;5268.033467;29.898118;103.357217;5.780716;0;80070.540555
39867.00;E2J1_0;100.00;12.29;39744.00;0.00;A2A3_0;4.60;0.00;tripinfo_flow_0.276 emissions_flow_0.276;123.00;flow_0.276;0;632.42;0.95;0.00;73.24;car;;1;57.00;324062.481107;9023.800649;48.483930;133.378850;8.556297;0;103382.204596
39956.00;E2J1_0;100.00;13.74;39888.00;0.00;A2A3_0;4.60;0.00;tripinfo_flow_0.277 emissions_flow_0.277;68.00;flow_0.277;0;632.42;1.02;0.00;21.31;car;;1;3.00;205881.932168;2961.130983;18.369441;83.913774;3.987738;0;65684.417170
40143.00;E2J1_0;100.00;9.76;40032.00;0.00;A2A3_0;4.60;0.00;tripinfo_flow_0.278 emissions_flow_0.278;111.00;flow_0.278;0;632.42;0.76;0.00;48.80;car;;1;32.00;242616.128079;6183.834067;33.683691;98.020839;5.840753;0;77400.253349
40234.00;E2J1_0;100.00;13.25;40176.00;0.00;A2A3_0;4.60;0.00;tripinfo_flow_0.279 emissions_flow_0.279;58.00;flow_0.279;0;632.42;1.04;0.00;11.62;car;;0;0.00;166406.299164;1940.670870;12.771284;67.230344;2.961732;0;53091.006752
40406.00;E2J1_0;100.00;13.16;40320.00;0.00;A2A3_0;4.60;0.00;tripinfo_flow_0.280 emissions_flow_0.280;86.00;flow_0.280;0;632.42;0.98;0.00;38.78;car;;1;21.00;240721.509625;5064.735246;28.707853;99.286725;5.551805;0;76796.996869
40588.00;E2J1_0;100.00;12.10;40464.00;0.00;A2A3_0;4.60;0.00;tripinfo_flow_0.281 emissions_flow_0.281;124.00;flow_0.281;0;632.42;0.89;0.00;72.20;car;;1;59.00;322734.338101;8955.393704;48.111521;132.003187;8.411192;0;102958.733395
40676.00;E2J1_0;100.00;13.26;40608.00;0.00;A2A3_0;4.60;0.00;tripinfo_flow_0.282 emissions_flow_0.282;68.00;flow_0.282;0;632.42;1.10;0.00;21.52;car;;1;5.00;201553.653613;3202.250757;19.397222;83.251316;4.147825;0;64302.745272
40856.00;E2J1_0;100.00;12.97;40752.00;0.00;A2A3_0;4.60;0.00;tripinfo_flow_0.283 emissions_flow_0.283;104.00;flow_0.283;0;632.42;1.19;0.00;57.59;car;;1;41.00;290311.765582;7231.271182;39.579418;120.018386;7.313594;0;92616.173575
40956.00;E2J1_0;100.00;12.34;40896.00;0.00;A2A3_0;4.60;0.00;tripinfo_flow_0.284 emissions_flow_0.284;60.00;flow_0.284;0;632.42;0.97;0.00;12.09;car;;0;0.00;167440.994132;1886.015016;12.488376;66.573353;2.838600;0;53421.521486
41126.00;E2J1_0;100.00;13.22;41040.00;0.00;A2A3_0;4.60;0.00;tripinfo_flow_0.285 emissions_flow_0.285;86.00;flow_0.285;0;632.42;0.97;0.00;37.31;car;;1;23.00;241104.730950;4971.523115;28.302508;99.248258;5.495860;0;76919.469861
41240.00;E2J1_0;100.00;12.93;41184.00;0.00;A2A3_0;4.60;0.00;tripinfo_flow_0.286 emissions_flow_0.286;56.00;flow_0.286;0;632.42;1.09;0.00;10.37;car;;0;0.00;166779.956887;1844.606998;12.343887;67.464916;2.922407;0;53210.337776
41396.00;E2J1_0;100.00;13.90;41328.00;0.00;A2A3_0;4.60;0.00;tripinfo_flow_0.287 emissions_flow_0.287;68.00;flow_0.287;0;632.42;1.14;0.00;21.87;car;;1;5.00;212172.151703;3174.734115;19.532721;86.789583;4.212761;0;67690.993960
41575.00;E2J1_0;100.00;13.90;41472.00;0.00;A2A3_0;4.60;0.00;tripinfo_flow_0.288 emissions_flow_0.288;103.00;flow_0.288;0;632.42;1.05;0.00;56.62;car;;1;40.00;290230.918264;7025.273095;38.679000;119.638864;7.170617;0;92590.751185
41677.00;E2J1_0;100.00;12.72;41616.00;0.00;A2A3_0;4.60;0.00;tripinfo_flow_0.289 emissions_flow_0.289;61.00;flow_0.289;0;632.42;0.96;0.00;12.81;car;;0;0.00;170975.338583;2051.130575;13.494703;69.216897;3.041425;0;54548.466725
41845.00;E2J1_0;100.00;12.99;41760.00;0.00;A2A3_0;4.60;0.00;tripinfo_flow_0.290 emissions_flow_0.290;85.00;flow_0.290;0;632.42;1.10;0.00;39.28;car;;1;23.00;251036.703906;5224.014108;29.529407;102.848135;5.732466;0;80088.270728
42026.00;E2J1_0;100.00;12.71;41904.00;0.00;A2A3_0;4.60;0.00;tripinfo_flow_0.291 emissions_flow_0.291;122.00;flow_0.291;0;632.42;0.98;0.00;74.08;car;;1;57.00;324057.765826;9089.078185;48.793568;134.221013;8.675999;0;103380.384626
42116.00;E2J1_0;100.00;12.91;42048.00;0.00;A2A3_0;4.60;0.00;tripinfo_flow_0.292 emissions_flow_0.292;68.00;flow_0.292;0;632.42;0.98;0.00;20.47;car;;1;4.00;197679.424699;2858.409878;17.707373;80.381221;3.804345;0;63067.498089
42296.00;E2J1_0;100.00;13.30;42192.00;0.00;A2A3_0;4.60;0.00;tripinfo_flow_0.293 emissions_flow_0.293;104.00;flow_0.293;0;632.42;1.16;0.00;57.25;car;;1;40.00;291039.495935;7215.321123;39.548081;120.072944;7.286910;0;92848.442898
42393.00;E2J1_0;100.00;13.29;42336.00;0.00;A2A3_0;4.60;0.00;tripinfo_flow_0.294 emissions_flow_0.294;57.00;flow_0.294;0;632.42;1.07;0.00;10.94;car;;0;0.00;170328.243566;1859.632602;12.494366;68.229362;2.920192;0;54342.658548
42567.00;E2J1_0;100.00;12.06;42480.00;0.00;A2A3_0;4.60;0.00;tripinfo_flow_0.295 emissions_flow_0.295;87.00;flow_0.295;0;632.42;0.94;0.00;36.89;car;;1;22.00;234549.772599;4821.413877;27.427699;96.405467;5.320173;0;74828.277783
42746.00;E2J1_0;100.00;12.39;42624.00;0.00;A2A3_0;4.60;0.00;tripinfo_flow_0.296 emissions_flow_0.296;122.00;flow_0.296;0;632.42;0.98;0.00;75.12;car;;1;58.00;324323.615276;8975.309766;48.315610;134.131070;8.609194;0;103465.423894
42836.00;E2J1_0;100.00;12.94;42768.00;0.00;A2A3_0;4.60;0.00;tripinfo_flow_0.297 emissions_flow_0.297;68.00;flow_0.297;0;632.42;1.04;0.00;21.54;car;;1;5.00;207068.361185;3047.883710;18.766239;84.300082;4.031268;0;66062.877449
43016.00;E2J1_0;100.00;13.15;42912.00;0.00;A2A3_0;4.60;0.00;tripinfo_flow_0.298 emissions_flow_0.298;104.00;flow_0.298;0;632.42;0.98;0.00;56.06;car;;1;39.00;282610.635747;6958.124512;38.201623;116.490619;7.025495;0;90159.482058
43115.00;E2J1_0;100.00;12.08;43056.00;0.00;A2A3_0;4.60;0.00;tripinfo_flow_0.299 emissions_flow_0.299;59.00;flow_0.299;0;632.42;0.96;0.00;11.01;car;;0;0.00;165608.470841;1817.303612;12.282128;66.077478;2.776281;0;52836.746066
43285.00;E2J1_0;100.00;13.64;43200.00;0.00;A2A3_0;4.60;0.00;tripinfo_flow_0.300 emissions_flow_0.300;85.00;flow_0.300;0;632.42;1.06;0.00;39.40;car;;1;25.00;253549.482374;5197.236366;29.542087;103.697066;5.738066;0;80890.060401
43362.00;E2J1_0;100.00;9.59;43200.00;0.00;A2A1_0;10.10;0.00;tripinfo_flow_1.6 emissions_flow_1.6;162.00;flow_1.6;0;632.08;0.99;60.00;37.39;bus;;2;11.00;389630.210729;12083.149011;63.783881;161.039653;10.844199;0;124297.309261
43466.00;E2J1_0;100.00;13.03;43344.00;0.00;A2A3_0;4.60;0.00;tripinfo_flow_0.301 emissions_flow_0.301;122.00;flow_0.301;0;632.42;0.99;0.00;74.62;car;;1;60.00;325192.623460;9122.970295;48.914396;134.424274;8.691468;0;103742.552635
43556.00;E2J1_0;100.00;12.66;43488.00;0.00;A2A3_0;4.60;0.00;tripinfo_flow_0.302 emissions_flow_0.302;68.00;flow_0.302;0;632.42;1.05;0.00;21.59;car;;1;6.00;208683.745002;3104.699864;19.019020;84.399616;4.063421;0;66578.467084
43738.00;E2J1_0;100.00;11.39;43632.00;0.00;A2A3_0;4.60;0.00;tripinfo_flow_0.303 emissions_flow_0.303;106.00;flow_0.303;0;632.42;0.90;0.00;53.59;car;;1;38.00;275011.215977;6871.176374;37.604199;112.653778;6.792666;0;87735.053219
43833.00;E2J1_0;100.00;13.70;43776.00;0.00;A2A3_0;4.60;0.00;tripinfo_flow_0.304 emissions_flow_0.304;57.00;flow_0.304;0;632.42;1.09;0.00;10.04;car;;0;0.00;175028.656847;1928.333036;12.985099;70.466522;3.036280;0;55842.165138
44006.00;E2J1_0;100.00;12.77;43920.00;0.00;A2A3_0;4.60;0.00;tripinfo_flow_0.305 emissions_flow_0.305;86.00;flow_0.305;0;632.42;1.11;0.00;38.97;car;;1;23.00;245809.212511;5098.118893;28.918158;101.238776;5.633696;0;78420.323905
44186.00;E2J1_0;100.00;13.28;44064.00;0.00;A2A3_0;4.60;0.00;tripinfo_flow_0.306 emissions_flow_0.306;122.00;flow_0.306;0;632.42;1.07;0.00;75.88;car;;1;59.00;334565.148247;9212.820632;49.472690;137.611553;8.804379;0;106733.062086
44276.00;E2J1_0;100.00;12.72;44208.00;0.00;A2A3_0;4.60;0.00;tripinfo_flow_0.307 emissions_flow_0.307;68.00;flow_0.307;0;632.42;1.21;0.00;22.35;car;;1;9.00;210294.278521;3259.773149;19.809935;85.503795;4.171281;0;67091.903646
44455.00;E2J1_0;100.00;13.49;44352.00;0.00;A2A3_0;4.60;0.00;tripinfo_flow_0.308 emissions_flow_0.308;103.00;flow_0.308;0;632.42;1.15;0.00;57.35;car;;1;43.00;292244.095167;7354.821194;40.271669;121.364500;7.454725;0;93232.351437
44553.00;E2J1_0;100.00;13.58;44496.00;0.00;A2A3_0;4.60;0.00;tripinfo_flow_0.309 emissions_flow_0.309;57.00;flow_0.309;0;632.42;1.13;0.00;11.39;car;;0;0.00;172022.757976;1882.453957;12.581236;68.741494;2.938392;0;54883.350914
44726.00;E2J1_0;100.00;12.67;44640.00;0.00;A2A3_0;4.60;0.00;tripinfo_flow_0.310 emissions_flow_0.310;86.00;flow_0.310;0;632.42;0.98;0.00;38.46;car;;1;22.00;250521.990453;5109.853047;29.075967;102.866192;5.668383;0;79924.041199
44840.00;E2J1_0;100.00;13.39;44784.00;0.00;A2A3_0;4.60;0.00;tripinfo_flow_0.311 emissions_flow_0.311;56.00;flow_0.311;0;632.42;1.18;0.00;9.92;car;;0;0.00;162566.675923;1816.866163;12.244712;66.124218;2.882427;0;51865.932446
44995.00;E2J1_0;100.00;13.39;44928.00;0.00;A2A3_0;4.60;0.00;tripinfo_flow_0.312 emissions_flow_0.312;67.00;flow_0.312;0;632.42;1.13;0.00;20.93;car;;1;5.00;204260.074779;3155.889711;19.256163;84.365670;4.162053;0;65166.324709
45175.00;E2J1_0;100.00;13.67;45072.00;0.00;A2A3_0;4.60;0.00;tripinfo_flow_0.313 emissions_flow_0.313;103.00;flow_0.313;0;632.42;1.16;0.00;56.74;car;;1;41.00;290563.570530;7157.572071;39.287485;119.752143;7.243449;0;92696.709761
45280.00;E2J1_0;100.00;11.78;45216.00;0.00;A2A3_0;4.60;0.00;tripinfo_flow_0.314 emissions_flow_0.314;64.00;flow_0.314;0;632.42;0.87;0.00;10.59;car;;0;0.00;168471.146456;1961.805461;12.948722;66.302101;2.766164;0;53750.075709
45449.00;E2J1_0;100.00;10.93;45360.00;0.00;A2A3_0;4.60;0.00;tripinfo_flow_0.315 emissions_flow_0.315;89.00;flow_0.315;0;632.42;0.87;0.00;35.51;car;;1;19.00;225781.716650;4776.202723;27.039955;92.161811;5.095061;0;72030.880437
45630.00;E2J1_0;100.00;10.89;45504.00;0.00;A2A3_0;4.60;0.00;tripinfo_flow_0.316 emissions_flow_0.316;126.00;flow_0.316;0;632.42;0.82;0.00;68.90;car;;1;55.00;306954.126505;8716.838244;46.654291;125.362839;8.036824;0;97924.173682
45717.00;E2J1_0;100.00;12.44;45648.00;0.00;A2A3_0;4.60;0.00;tripinfo_flow_0.317 emissions_flow_0.317;69.00;flow_0.317;0;632.42;0.94;0.00;19.75;car;;1;3.00;193360.921278;2762.607040;17.235992;78.789365;3.691405;0;61689.609063
45896.00;E2J1_0;100.00;13.24;45792.00;0.00;A2A3_0;4.60;0.00;tripinfo_flow_0.318 emissions_flow_0.318;104.00;flow_0.318;0;632.42;1.01;0.00;57.54;car;;1;41.00;291481.620138;7122.135825;39.150286;120.361036;7.267572;0;92989.613545
45997.00;E2J1_0;100.00;11.82;45936.00;0.00;A2A3_0;4.60;0.00;tripinfo_flow_0.319 emissions_flow_0.319;61.00;flow_0.319;0;632.42;0.93;0.00;10.92;car;;0;0.00;166837.773858;1950.913839;12.939109;67.514693;2.929950;0;53228.455758
46166.00;E2J1_0;100.00;13.03;46080.00;0.00;A2A3_0;4.60;0.00;tripinfo_flow_0.320 emissions_flow_0.320;86.00;flow_0.320;0;632.42;0.95;0.00;37.67;car;;1;22.00;241352.982685;4922.829233;28.053393;98.537520;5.392327;0;76998.960612
46281.00;E2J1_0;100.00;12.90;46224.00;0.00;A2A3_0;4.60;0.00;tripinfo_flow_0.321 emissions_flow_0.321;57.00;flow_0.321;0;632.42;1.00;0.00;10.87;car;;0;0.00;178717.387005;2018.450139;13.596139;73.197215;3.223871;0;57018.525749
46438.00;E2J1_0;100.00;12.22;46368.00;0.00;A2A3_0;4.60;0.00;tripinfo_flow_0.322 emissions_flow_0.322;70.00;flow_0.322;0;632.42;0.90;0.00;18.67;car;;1;2.00;194781.984169;2819.771671;17.474439;78.317185;3.624329;0;62143.199131
46617.00;E2J1_0;100.00;13.14;46512.00;0.00;A2A3_0;4.60;0.00;tripinfo_flow_0.323 emissions_flow_0.323;105.00;flow_0.323;0;632.42;0.96;0.00;55.99;car;;1;38.00;275250.032728;6950.481169;37.957615;113.748954;6.968228;0;87810.949872
46714.00;E2J1_0;100.00;13.41;46656.00;0.00;A2A3_0;4.60;0.00;tripinfo_flow_0.324 emissions_flow_0.324;58.00;flow_0.324;0;632.42;1.02;0.00;11.71;car;;0;0.00;170618.202697;1978.654498;12.963175;68.579393;3.009750;0;54434.954922
46887.00;E2J1_0;100.00;13.30;46800.00;0.00;A2A3_0;4.60;0.00;tripinfo_flow_0.325 emissions_flow_0.325;87.00;flow_0.325;0;632.42;1.01;0.00;39.11;car;;1;23.00;250898.574610;5071.389570;29.019754;102.977130;5.652607;0;80044.237745
47067.00;E2J1_0;100.00;12.29;46944.00;0.00;A2A3_0;4.60;0.00;tripinfo_flow_0.326 emissions_flow_0.326;123.00;flow_0.326;0;632.42;0.93;0.00;73.19;car;;1;58.00;323463.108322;8978.931755;48.196318;132.454872;8.465483;0;103191.256804
47157.00;E2J1_0;100.00;12.92;47088.00;0.00;A2A3_0;4.60;0.00;tripinfo_flow_0.327 emissions_flow_0.327;69.00;flow_0.327;0;632.42;1.18;0.00;22.62;car;;1;6.00;212716.741140;3280.279093;20.083804;87.557535;4.308470;0;67864.397479
47338.00;E2J1_0;100.00;11.78;47232.00;0.00;A2A3_0;4.60;0.00;tripinfo_flow_0.328 emissions_flow_0.328;106.00;flow_0.328;0;632.42;0.89;0.00;54.47;car;;1;39.00;273794.115259;6824.700445;37.335493;111.792556;6.723782;0;87346.887996
47432.00;E2J1_0;100.00;13.04;47376.00;0.00;A2A3_0;4.60;0.00;tripinfo_flow_0.329 emissions_flow_0.329;56.00;flow_0.329;0;632.42;1.16;0.00;9.67;car;;0;0.00;161884.496855;1724.150160;11.687981;64.724663;2.744840;0;51648.818647
47606.00;E2J1_0;100.00;13.46;47520.00;0.00;A2A3_0;4.60;0.00;tripinfo_flow_0.330 emissions_flow_0.330;86.00;flow_0.330;0;632.42;1.02;0.00;38.97;car;;1;22.00;251788.044002;5168.136981;29.441338;104.022511;5.768784;0;80327.722416
47786.00;E2J1_0;100.00;12.39;47664.00;0.00;A2A3_0;4.60;0.00;tripinfo_flow_0.331 emissions_flow_0.331;122.00;flow_0.331;0;632.42;0.96;0.00;73.54;car;;1;56.00;321004.047263;8883.546932;47.778703;132.494788;8.491123;0;102406.500649
47876.00;E2J1_0;100.00;13.10;47808.00;0.00;A2A3_0;4.60;0.00;tripinfo_flow_0.332 emissions_flow_0.332;68.00;flow_0.332;0;632.42;1.17;0.00;21.68;car;;1;6.00;211178.320585;3210.238329;19.684975;87.202616;4.282158;0;67373.607092
48056.00;E2J1_0;100.00;13.42;47952.00;0.00;A2A3_0;4.60;0.00;tripinfo_flow_0.333 emissions_flow_0.333;104.00;flow_0.333;0;632.42;1.11;0.00;57.26;car;;1;42.00;293398.238871;7235.800538;39.657790;120.573189;7.292944;0;93601.160794
48163.00;E2J1_0;100.00;11.18;48096.00;0.00;A2A3_0;4.60;0.00;tripinfo_flow_0.334 emissions_flow_0.334;67.00;flow_0.334;0;632.42;0.86;0.00;12.47;car;;0;0.00;167194.366754;2118.324993;13.672631;66.664043;2.893894;0;53342.173325
48326.00;E2J1_0;100.00;13.49;48240.00;0.00;A2A3_0;4.60;0.00;tripinfo_flow_0.335 emissions_flow_0.335;86.00;flow_0.335;0;632.42;1.00;0.00;39.52;car;;1;23.00;250175.291822;5109.797236;29.000605;102.065969;5.612231;0;79813.677000
48507.00;E2J1_0;100.00;12.09;48384.00;0.00;A2A3_0;4.60;0.00;tripinfo_flow_0.336 emissions_flow_0.336;123.00;flow_0.336;0;632.42;0.95;0.00;74.14;car;;1;59.00;327706.885387;9200.995480;49.346727;135.576102;8.753396;0;104544.538427
48596.00;E2J1_0;100.00;12.36;48528.00;0.00;A2A3_0;4.60;0.00;tripinfo_flow_0.337 emissions_flow_0.337;68.00;flow_0.337;0;632.42;0.98;0.00;20.39;car;;1;3.00;199145.404684;2904.792026;17.932725;81.636775;3.909667;0;63534.985649
48777.00;E2J1_0;100.00;12.54;48672.00;0.00;A2A3_0;4.60;0.00;tripinfo_flow_0.338 emissions_flow_0.338;105.00;flow_0.338;0;632.42;0.94;0.00;55.80;car;;1;40.00;283431.258325;7130.908378;38.946089;116.685381;7.108496;0;90421.098047
48874.00;E2J1_0;100.00;13.16;48816.00;0.00;A2A3_0;4.60;0.00;tripinfo_flow_0.339 emissions_flow_0.339;58.00;flow_0.339;0;632.42;1.11;0.00;11.38;car;;0;0.00;169867.179946;2012.923677;13.283175;69.221939;3.073870;0;54194.914768
49051.00;E2J1_0;100.00;10.28;48960.00;0.00;A2A3_0;4.60;0.00;tripinfo_flow_0.340 emissions_flow_0.340;91.00;flow_0.340;0;632.42;0.82;0.00;34.23;car;;1;20.00;223464.463865;4577.921028;26.066608;89.925027;4.807621;0;71292.109457
49226.00;E2J1_0;100.00;13.32;49104.00;0.00;A2A3_0;4.60;0.00;tripinfo_flow_0.341 emissions_flow_0.341;122.00;flow_0.341;0;632.42;1.13;0.00;75.47;car;;1;59.00;327847.348350;9165.931227;49.178349;135.175079;8.701588;0;104589.591657
49318.00;E2J1_0;100.00;11.44;49248.00;0.00;A2A3_0;4.60;0.00;tripinfo_flow_0.342 emissions_flow_0.342;70.00;flow_0.342;0;632.42;0.90;0.00;18.59;car;;1;3.00;188417.580983;2751.641503;17.118287;76.907719;3.625550;0;60112.324011
49495.00;E2J1_0;100.00;13.07;49392.00;0.00;A2A3_0;4.60;0.00;tripinfo_flow_0.343 emissions_flow_0.343;103.00;flow_0.343;0;632.42;1.02;0.00;56.39;car;;1;42.00;293343.914304;7165.970273;39.403355;120.662186;7.266765;0;93583.890140
49604.00;E2J1_0;100.00;10.31;49536.00;0.00;A2A3_0;4.60;0.00;tripinfo_flow_0.344 emissions_flow_0.344;68.00;flow_0.344;0;632.42;0.82;0.00;11.10;car;;0;0.00;165358.210895;2084.088999;13.472300;65.634588;2.802088;0;52756.412333
49766.00;E2J1_0;100.00;13.28;49680.00;0.00;A2A3_0;4.60;0.00;tripinfo_flow_0.345 emissions_flow_0.345;86.00;flow_0.345;0;632.42;0.97;0.00;37.57;car;;1;21.00;244554.295434;5002.262415;28.478516;100.310846;5.520624;0;78020.152441
49946.00;E2J1_0;100.00;13.02;49824.00;0.00;A2A3_0;4.60;0.00;tripinfo_flow_0.346 emissions_flow_0.346;122.00;flow_0.346;0;632.42;1.03;0.00;74.86;car;;1;58.00;334843.170904;9254.158598;49.770751;138.635878;8.918322;0;106821.420048
50036.00;E2J1_0;100.00;12.40;49968.00;0.00;A2A3_0;4.60;0.00;tripinfo_flow_0.347 emissions_flow_0.347;68.00;flow_0.347;0;632.42;0.98;0.00;20.73;car;;1;5.00;205577.852692;3057.473251;18.835354;84.263962;4.056250;0;65587.085637
50216.00;E2J1_0;100.00;13.75;50112.00;0.00;A2A3_0;4.60;0.00;tripinfo_flow_0.348 emissions_flow_0.348;104.00;flow_0.348;0;632.42;1.03;0.00;57.04;car;;1;42.00;297754.255247;7287.072615;39.996222;122.839722;7.420437;0;94990.795438
50316.00;E2J1_0;100.00;12.63;50256.00;0.00;A2A3_0;4.60;0.00;tripinfo_flow_0.349 emissions_flow_0.349;60.00;flow_0.349;0;632.42;0.96;0.00;11.09;car;;0;0.00;168127.497696;1923.596425;12.785973;67.833901;2.940747;0;53640.152499
50487.00;E2J1_0;100.00;12.74;50400.00;0.00;A2A3_0;4.60;0.00;tripinfo_flow_0.350 emissions_flow_0.350;87.00;flow_0.350;0;632.42;0.95;0.00;38.21;car;;1;22.00;243856.355878;4966.619287;28.295130;99.737004;5.468425;0;77797.582116
50563.00;E2J1_0;100.00;8.90;50400.00;0.00;A2A1_0;10.10;0.00;tripinfo_flow_1.7 emissions_flow_1.7;163.00;flow_1.7;0;632.08;1.08;60.00;38.60;bus;;1;10.00;376664.380337;11815.610415;62.231016;155.025044;10.482644;0;120161.031238
50669.00;E2J1_0;100.00;11.05;50544.00;0.00;A2A3_0;4.60;0.00;tripinfo_flow_0.351 emissions_flow_0.351;125.00;flow_0.351;0;632.42;0.86;0.00;71.20;car;;1;55.00;315756.185782;8938.569695;47.876738;129.810103;8.360252;0;100732.053197
50756.00;E2J1_0;100.00;13.70;50688.00;0.00;A2A3_0;4.60;0.00;tripinfo_flow_0.352 emissions_flow_0.352;68.00;flow_0.352;0;632.42;1.19;0.00;21.82;car;;1;4.00;210012.284992;3160.813886;19.423310;86.392270;4.203818;0;67001.712973
50936.00;E2J1_0;100.00;11.99;50832.00;0.00;A2A3_0;4.60;0.00;tripinfo_flow_0.353 emissions_flow_0.353;104.00;flow_0.353;0;632.42;0.95;0.00;55.75;car;;1;41.00;278378.341743;6932.170612;37.904501;114.510055;6.949431;0;88809.274338
51033.00;E2J1_0;100.00;12.72;50976.00;0.00;A2A3_0;4.60;0.00;tripinfo_flow_0.354 emissions_flow_0.354;57.00;flow_0.354;0;632.42;1.20;0.00;10.88;car;;0;0.00;156186.015314;1695.180989;11.375330;62.459885;2.643070;0;49830.655834
51208.00;E2J1_0;100.00;12.51;51120.00;0.00;A2A3_0;4.60;0.00;tripinfo_flow_0.355 emissions_flow_0.355;88.00;flow_0.355;0;632.42;0.90;0.00;36.58;car;;1;21.00;237971.331420;4858.216877;27.620113;97.043366;5.311025;0;75920.095201
51386.00;E2J1_0;100.00;13.11;51264.00;0.00;A2A3_0;4.60;0.00;tripinfo_flow_0.356 emissions_flow_0.356;122.00;flow_0.356;0;632.42;0.99;0.00;74.57;car;;1;57.00;330538.044273;9094.862304;48.913766;136.465646;8.750334;0;105448.168256
51476.00;E2J1_0;100.00;12.76;51408.00;0.00;A2A3_0;4.60;0.00;tripinfo_flow_0.357 emissions_flow_0.357;68.00;flow_0.357;0;632.42;1.12;0.00;22.26;car;;1;5.00;206768.993530;3133.586933;19.139756;84.572413;4.110363;0;65967.134377
51656.00;E2J1_0;100.00;13.23;51552.00;0.00;A2A3_0;4.60;0.00;tripinfo_flow_0.358 emissions_flow_0.358;104.00;flow_0.358;0;632.42;1.11;0.00;57.70;car;;1;42.00;288651.323015;7179.008515;39.332863;118.658014;7.201029;0;92086.659083
51755.00;E2J1_0;100.00;12.66;51696.00;0.00;A2A3_0;4.60;0.00;tripinfo_flow_0.359 emissions_flow_0.359;59.00;flow_0.359;0;632.42;1.00;0.00;12.37;car;;0;0.00;174779.992057;2043.108398;13.490651;71.135786;3.164199;0;55762.428629
51926.00;E2J1_0;100.00;12.71;51840.00;0.00;A2A3_0;4.60;0.00;tripinfo_flow_0.360 emissions_flow_0.360;86.00;flow_0.360;0;632.42;1.14;0.00;39.82;car;;1;24.00;248175.328945;5209.434116;29.566501;102.521823;5.748047;0;79174.982849
52106.00;E2J1_0;100.00;12.71;51984.00;0.00;A2A3_0;4.60;0.00;tripinfo_flow_0.361 emissions_flow_0.361;122.00;flow_0.361;0;632.42;1.02;0.00;75.77;car;;1;60.00;333589.078569;9261.092937;49.775600;137.868030;8.870652;0;106421.329057
52195.00;E2J1_0;100.00;13.18;52128.00;0.00;A2A3_0;4.60;0.00;tripinfo_flow_0.362 emissions_flow_0.362;67.00;flow_0.362;0;632.42;1.11;0.00;21.24;car;;1;7.00;205421.947432;3229.319014;19.719812;85.766892;4.316054;0;65536.666563
52378.00;E2J1_0;100.00;11.99;52272.00;0.00;A2A3_0;4.60;0.00;tripinfo_flow_0.363 emissions_flow_0.363;106.00;flow_0.363;0;632.42;0.94;0.00;55.95;car;;1;39.00;279391.723578;6911.239632;37.901833;114.098690;6.835451;0;89132.758508
52474.00;E2J1_0;100.00;13.58;52416.00;0.00;A2A3_0;4.60;0.00;tripinfo_flow_0.364 emissions_flow_0.364;58.00;flow_0.364;0;632.42;1.01;0.00;11.38;car;;0;0.00;174742.666844;2009.727092;13.383234;70.819188;3.111797;0;55750.627958
52648.00;E2J1_0;100.00;11.78;52560.00;0.00;A2A3_0;4.60;0.00;tripinfo_flow_0.365 emissions_flow_0.365;88.00;flow_0.365;0;632.42;0.91;0.00;36.10;car;;1;21.00;227279.746407;4673.227536;26.614781;92.537746;5.046977;0;72509.100401
52828.00;E2J1_0;100.00;11.71;52704.00;0.00;A2A3_0;4.60;0.00;tripinfo_flow_0.366 emissions_flow_0.366;124.00;flow_0.366;0;632.42;0.93;0.00;74.26;car;;1;59.00;319734.862723;9126.480145;48.861547;132.464267;8.633646;0;102001.021909
52920.00;E2J1_0;100.00;10.01;52848.00;0.00;A2A3_0;4.60;0.00;tripinfo_flow_0.367 emissions_flow_0.367;72.00;flow_0.367;0;632.42;0.81;0.00;14.75;car;;0;0.00;178249.004424;2532.433231;15.804903;71.486162;3.233899;0;56868.506238
53096.00;E2J1_0;100.00;13.14;52992.00;0.00;A2A3_0;4.60;0.00;tripinfo_flow_0.368 emissions_flow_0.368;104.00;flow_0.368;0;632.42;1.10;0.00;57.37;car;;1;40.00;294571.912950;7191.316672;39.529864;120.844155;7.242537;0;93975.701814
53193.00;E2J1_0;100.00;12.72;53136.00;0.00;A2A3_0;4.60;0.00;tripinfo_flow_0.369 emissions_flow_0.369;57.00;flow_0.369;0;632.42;1.08;0.00;10.49;car;;0;0.00;169840.641938;1901.146242;12.769704;68.734239;2.973158;0;54186.745011
53367.00;E2J1_0;100.00;11.78;53280.00;0.00;A2A3_0;4.60;0.00;tripinfo_flow_0.370 emissions_flow_0.370;87.00;flow_0.370;0;632.42;0.92;0.00;37.08;car;;1;22.00;225845.694852;4666.667027;26.476623;91.767316;5.034737;0;72051.675829
53550.00;E2J1_0;100.00;10.61;53424.00;0.00;A2A3_0;4.60;0.00;tripinfo_flow_0.371 emissions_flow_0.371;126.00;flow_0.371;0;632.42;0.84;0.00;70.52;car;;1;55.00;308613.276295;8740.581553;46.839401;126.829747;8.157276;0;98453.318753
53640.00;E2J1_0;100.00;10.88;53568.00;0.00;A2A3_0;4.60;0.00;tripinfo_flow_0.372 emissions_flow_0.372;72.00;flow_0.372;0;632.42;0.85;0.00;17.31;car;;1;3.00;187696.179807;2753.120441;17.062087;75.964724;3.546484;0;59882.277149
53816.00;E2J1_0;100.00;12.52;53712.00;0.00;A2A3_0;4.60;0.00;tripinfo_flow_0.373 emissions_flow_0.373;104.00;flow_0.373;0;632.42;0.96;0.00;56.29;car;;1;40.00;283865.537711;7023.723689;38.477376;116.908320;7.075786;0;90559.816514
53921.00;E2J1_0;100.00;11.18;53856.00;0.00;A2A3_0;4.60;0.00;tripinfo_flow_0.374 emissions_flow_0.374;65.00;flow_0.374;0;632.42;0.85;0.00;10.76;car;;0;0.00;154884.084771;1940.237130;12.586862;61.898810;2.672833;0;49414.635978
54086.00;E2J1_0;100.00;12.97;54000.00;0.00;A2A3_0;4.60;0.00;tripinfo_flow_0.375 emissions_flow_0.375;86.00;flow_0.375;0;632.42;1.14;0.00;39.72;car;;1;25.00;249207.576179;5220.607044;29.463838;101.812408;5.668352;0;79504.725343
54200.00;E2J1_0;100.00;13.72;54144.00;0.00;A2A3_0;4.60;0.00;tripinfo_flow_0.376 emissions_flow_0.376;56.00;flow_0.376;0;632.42;1.10;0.00;10.14;car;;0;0.00;163606.208747;1732.223978;11.862239;65.614136;2.775906;0;52198.015085
54356.00;E2J1_0;100.00;13.05;54288.00;0.00;A2A3_0;4.60;0.00;tripinfo_flow_0.377 emissions_flow_0.377;68.00;flow_0.377;0;632.42;1.06;0.00;21.30;car;;1;4.00;206747.793110;3161.701710;19.379980;85.517549;4.199553;0;65959.983964
54536.00;E2J1_0;100.00;13.43;54432.00;0.00;A2A3_0;4.60;0.00;tripinfo_flow_0.378 emissions_flow_0.378;104.00;flow_0.378;0;632.42;0.99;0.00;57.67;car;;1;43.00;293928.110608;7285.416116;40.015987;121.254540;7.356403;0;93769.955347
54639.00;E2J1_0;100.00;11.31;54576.00;0.00;A2A3_0;4.60;0.00;tripinfo_flow_0.379 emissions_flow_0.379;63.00;flow_0.379;0;632.42;0.90;0.00;11.38;car;;0;0.00;157398.557649;1846.412277;12.162979;62.169266;2.615435;0;50217.326142
54806.00;E2J1_0;100.00;12.65;54720.00;0.00;A2A3_0;4.60;0.00;tripinfo_flow_0.380 emissions_flow_0.380;86.00;flow_0.380;0;632.42;1.19;0.00;39.67;car;;1;23.00;242000.417764;5100.071389;28.836607;100.009771;5.613888;0;77205.019821
54987.00;E2J1_0;100.00;11.98;54864.00;0.00;A2A3_0;4.60;0.00;tripinfo_flow_0.381 emissions_flow_0.381;123.00;flow_0.381;0;632.42;0.93;0.00;73.11;car;;1;57.00;312644.217546;8850.391902;47.380504;129.071221;8.358361;0;99739.229462
55075.00;E2J1_0;100.00;13.29;55008.00;0.00;A2A3_0;4.60;0.00;tripinfo_flow_0.382 emissions_flow_0.382;67.00;flow_0.382;0;632.42;1.07;0.00;20.77;car;;1;5.00;203796.438278;3112.248940;19.054545;83.812831;4.106969;0;65018.567677
55255.00;E2J1_0;100.00;13.77;55152.00;0.00;A2A3_0;4.60;0.00;tripinfo_flow_0.383 emissions_flow_0.383;103.00;flow_0.383;0;632.42;1.11;0.00;56.74;car;;1;41.00;292259.894720;7165.518983;39.366305;120.778004;7.303101;0;93237.839182
55354.00;E2J1_0;100.00;12.96;55296.00;0.00;A2A3_0;4.60;0.00;tripinfo_flow_0.384 emissions_flow_0.384;58.00;flow_0.384;0;632.42;1.00;0.00;11.27;car;;0;0.00;168288.767670;1862.850708;12.490446;67.667765;2.918425;0;53691.825903
55526.00;E2J1_0;100.00;13.04;55440.00;0.00;A2A3_0;4.60;0.00;tripinfo_flow_0.385 emissions_flow_0.385;86.00;flow_0.385;0;632.42;1.12;0.00;39.82;car;;1;24.00;247152.115668;5206.028140;29.491903;102.554081;5.786170;0;78848.415863
55641.00;E2J1_0;100.00;13.77;55584.00;0.00;A2A3_0;4.60;0.00;tripinfo_flow_0.386 emissions_flow_0.386;57.00;flow_0.386;0;632.42;1.19;0.00;10.61;car;;0;0.00;172501.495330;1888.390612;12.726955;69.783956;3.021637;0;55035.809220
55796.00;E2J1_0;100.00;12.95;55728.00;0.00;A2A3_0;4.60;0.00;tripinfo_flow_0.387 emissions_flow_0.387;68.00;flow_0.387;0;632.42;1.14;0.00;21.58;car;;1;7.00;212801.278079;3232.613076;19.693597;86.778518;4.231967;0;67891.795392
55976.00;E2J1_0;100.00;12.65;55872.00;0.00;A2A3_0;4.60;0.00;tripinfo_flow_0.388 emissions_flow_0.388;104.00;flow_0.388;0;632.42;0.98;0.00;56.42;car;;1;42.00;282017.735667;7057.215905;38.468350;115.494532;7.014287;0;89970.469207
56073.00;E2J1_0;100.00;12.67;56016.00;0.00;A2A3_0;4.60;0.00;tripinfo_flow_0.389 emissions_flow_0.389;57.00;flow_0.389;0;632.42;1.12;0.00;10.31;car;;0;0.00;168590.490852;1905.950969;12.787569;68.188290;2.971664;0;53787.880748
56246.00;E2J1_0;100.00;13.64;56160.00;0.00;A2A3_0;4.60;0.00;tripinfo_flow_0.390 emissions_flow_0.390;86.00;flow_0.390;0;632.42;1.26;0.00;40.07;car;;1;24.00;249719.633177;5161.570772;29.340854;102.546833;5.684324;0;79667.973982
56426.00;E2J1_0;100.00;12.70;56304.00;0.00;A2A3_0;4.60;0.00;tripinfo_flow_0.391 emissions_flow_0.391;122.00;flow_0.391;0;632.42;1.07;0.00;75.98;car;;1;58.00;334096.076595;9155.800351;49.178521;137.339553;8.765226;0;106583.496029
56516.00;E2J1_0;100.00;12.57;56448.00;0.00;A2A3_0;4.60;0.00;tripinfo_flow_0.392 emissions_flow_0.392;68.00;flow_0.392;0;632.42;0.98;0.00;20.38;car;;1;3.00;202876.628728;3008.971557;18.465021;82.719042;3.985320;0;64725.452344
56695.00;E2J1_0;100.00;13.67;56592.00;0.00;A2A3_0;4.60;0.00;tripinfo_flow_0.393 emissions_flow_0.393;103.00;flow_0.393;0;632.42;1.03;0.00;56.62;car;;1;42.00;291738.242590;7159.354645;39.193481;119.606021;7.208236;0;93071.762375
56793.00;E2J1_0;100.00;13.62;56736.00;0.00;A2A3_0;4.60;0.00;tripinfo_flow_0.394 emissions_flow_0.394;57.00;flow_0.394;0;632.42;1.02;0.00;11.34;car;;0;0.00;169774.641878;1932.011593;12.785537;68.384796;2.986669;0;54165.819009
56965.00;E2J1_0;100.00;13.04;56880.00;0.00;A2A3_0;4.60;0.00;tripinfo_flow_0.395 emissions_flow_0.395;85.00;flow_0.395;0;632.42;1.09;0.00;39.15;car;;1;24.00;248387.926529;5059.197680;28.847392;101.974804;5.640492;0;79243.270988
57146.00;E2J1_0;100.00;12.86;57024.00;0.00;A2A3_0;4.60;0.00;tripinfo_flow_0.396 emissions_flow_0.396;122.00;flow_0.396;0;632.42;1.10;0.00;75.71;car;;1;60.00;331472.247439;9136.896245;49.128034;136.669387;8.752093;0;105746.219868
57237.00;E2J1_0;100.00;12.67;57168.00;0.00;A2A3_0;4.60;0.00;tripinfo_flow_0.397 emissions_flow_0.397;69.00;flow_0.397;0;632.42;0.95;0.00;19.88;car;;1;6.00;202268.205490;3008.777721;18.590486;82.812161;3.977995;0;64531.154446
57417.00;E2J1_0;100.00;12.42;57312.00;0.00;A2A3_0;4.60;0.00;tripinfo_flow_0.398 emissions_flow_0.398;105.00;flow_0.398;0;632.42;0.96;0.00;56.94;car;;1;38.00;279531.245903;6995.100100;38.351973;115.763635;7.055451;0;89176.739811
57521.00;E2J1_0;100.00;10.78;57456.00;0.00;A2A3_0;4.60;0.00;tripinfo_flow_0.399 emissions_flow_0.399;65.00;flow_0.399;0;632.42;0.86;0.00;11.39;car;;0;0.00;160765.603637;1919.840358;12.624777;63.699421;2.688637;0;51291.393816
57686.00;E2J1_0;100.00;12.72;57600.00;0.00;A2A3_0;4.60;0.00;tripinfo_flow_0.400 emissions_flow_0.400;86.00;flow_0.400;0;632.42;1.01;0.00;39.62;car;;1;25.00;243191.191632;5096.389205;28.827241;99.956204;5.594675;0;77585.142536
57761.00;E2J1_0;100.00;9.97;57600.00;0.00;A2A1_0;10.10;0.00;tripinfo_flow_1.8 emissions_flow_1.8;161.00;flow_1.8;0;632.08;0.99;60.00;36.99;bus;;2;11.00;385097.944496;11918.426530;62.937478;159.252487;10.713008;0;122851.458502
57866.00;E2J1_0;100.00;13.59;57744.00;0.00;A2A3_0;4.60;0.00;tripinfo_flow_0.401 emissions_flow_0.401;122.00;flow_0.401;0;632.42;1.10;0.00;75.81;car;;1;58.00;333618.251479;9243.711343;49.583277;137.745077;8.854548;0;106430.765142
57957.00;E2J1_0;100.00;13.38;57888.00;0.00;A2A3_0;4.60;0.00;tripinfo_flow_0.402 emissions_flow_0.402;69.00;flow_0.402;0;632.42;0.98;0.00;21.38;car;;1;4.00;201136.691498;3069.533147;18.757519;82.370030;4.007195;0;64170.082382
58136.00;E2J1_0;100.00;12.96;58032.00;0.00;A2A3_0;4.60;0.00;tripinfo_flow_0.403 emissions_flow_0.403;104.00;flow_0.403;0;632.42;0.97;0.00;55.81;car;;1;40.00;285213.179184;7123.638653;38.875187;116.747392;7.080600;0;90989.934617
58246.00;E2J1_0;100.00;10.98;58176.00;0.00;A2A3_0;4.60;0.00;tripinfo_flow_0.404 emissions_flow_0.404;70.00;flow_0.404;0;632.42;0.80;0.00;11.86;car;;0;0.00;161909.973393;2117.235563;13.524293;64.200861;2.769754;0;51656.162671
58406.00;E2J1_0;100.00;13.76;58320.00;0.00;A2A3_0;4.60;0.00;tripinfo_flow_0.405 emissions_flow_0.405;86.00;flow_0.405;0;632.42;1.00;0.00;38.86;car;;1;23.00;252436.953858;5198.004711;29.564122;104.100612;5.780144;0;80534.781607
58586.00;E2J1_0;100.00;13.70;58464.00;0.00;A2A3_0;4.60;0.00;tripinfo_flow_0.406 emissions_flow_0.406;122.00;flow_0.406;0;632.42;1.07;0.00;75.20;car;;1;59.00;330908.926116;9188.816413;49.246503;136.438596;8.782338;0;105566.467088
58676.00;E2J1_0;100.00;12.79;58608.00;0.00;A2A3_0;4.60;0.00;tripinfo_flow_0.407 emissions_flow_0.407;68.00;flow_0.407;0;632.42;1.13;0.00;21.96;car;;1;6.00;203846.633260;3165.858144;19.268967;83.640216;4.108224;0;65034.571864
58856.00;E2J1_0;100.00;13.55;58752.00;0.00;A2A3_0;4.60;0.00;tripinfo_flow_0.408 emissions_flow_0.408;104.00;flow_0.408;0;632.42;1.11;0.00;57.78;car;;1;42.00;296008.801113;7198.085575;39.531654;121.605935;7.302709;0;94434.173860
58957.00;E2J1_0;100.00;11.72;58896.00;0.00;A2A3_0;4.60;0.00;tripinfo_flow_0.409 emissions_flow_0.409;61.00;flow_0.409;0;632.42;0.92;0.00;11.38;car;;0;0.00;171050.379514;1918.183539;12.783186;67.705865;2.836594;0;54573.051261
59126.00;E2J1_0;100.00;13.17;59040.00;0.00;A2A3_0;4.60;0.00;tripinfo_flow_0.410 emissions_flow_0.410;86.00;flow_0.410;0;632.42;1.03;0.00;39.35;car;;1;23.00;249946.657265;5079.772031;28.863602;101.921096;5.575370;0;79740.772836
59307.00;E2J1_0;100.00;11.90;59184.00;0.00;A2A3_0;4.60;0.00;tripinfo_flow_0.411 emissions_flow_0.411;123.00;flow_0.411;0;632.42;0.94;0.00;73.70;car;;1;59.00;322340.698803;8961.841994;48.076743;131.701557;8.410726;0;102833.233949
59395.00;E2J1_0;100.00;13.00;59328.00;0.00;A2A3_0;4.60;0.00;tripinfo_flow_0.412 emissions_flow_0.412;67.00;flow_0.412;0;632.42;1.05;0.00;21.29;car;;1;6.00;201981.404874;3086.869187;18.737677;82.305380;4.004866;0;64439.793685
59576.00;E2J1_0;100.00;12.24;59472.00;0.00;A2A3_0;4.60;0.00;tripinfo_flow_0.413 emissions_flow_0.413;104.00;flow_0.413;0;632.42;0.97;0.00;56.64;car;;1;39.00;279208.378229;7109.124279;38.756218;116.055015;7.160059;0;89073.478478
59673.00;E2J1_0;100.00;13.05;59616.00;0.00;A2A3_0;4.60;0.00;tripinfo_flow_0.414 emissions_flow_0.414;57.00;flow_0.414;0;632.42;1.01;0.00;11.04;car;;0;0.00;169558.889133;1860.152670;12.515628;67.954806;2.901108;0;54097.139906
59846.00;E2J1_0;100.00;12.63;59760.00;0.00;A2A3_0;4.60;0.00;tripinfo_flow_0.415 emissions_flow_0.415;86.00;flow_0.415;0;632.42;1.01;0.00;39.21;car;;1;22.00;246661.600038;5098.045820;29.046358;102.499954;5.714616;0;78691.966986
60029.00;E2J1_0;100.00;11.30;59904.00;0.00;A2A3_0;4.60;0.00;tripinfo_flow_0.416 emissions_flow_0.416;125.00;flow_0.416;0;632.42;0.88;0.00;71.96;car;;1;56.00;311026.133327;8786.907751;47.079635;127.387680;8.179884;0;99223.255855
60116.00;E2J1_0;100.00;13.08;60048.00;0.00;A2A3_0;4.60;0.00;tripinfo_flow_0.417 emissions_flow_0.417;68.00;flow_0.417;0;632.42;1.05;0.00;22.08;car;;1;5.00;210157.721356;3301.913682;20.079526;86.692691;4.301055;0;67047.851830
60295.00;E2J1_0;100.00;13.89;60192.00;0.00;A2A3_0;4.60;0.00;tripinfo_flow_0.418 emissions_flow_0.418;103.00;flow_0.418;0;632.42;1.05;0.00;56.59;car;;1;40.00;285770.859078;7020.791417;38.466730;117.106521;7.042006;0;91167.955425
60396.00;E2J1_0;100.00;13.16;60336.00;0.00;A2A3_0;4.60;0.00;tripinfo_flow_0.419 emissions_flow_0.419;60.00;flow_0.419;0;632.42;0.97;0.00;12.04;car;;0;0.00;171610.116756;1923.451467;12.850400;68.634679;2.914511;0;54751.479066
60566.00;E2J1_0;100.00;12.90;60480.00;0.00;A2A3_0;4.60;0.00;tripinfo_flow_0.420 emissions_flow_0.420;86.00;flow_0.420;0;632.42;1.23;0.00;39.24;car;;1;25.00;252635.488027;5368.530701;30.440589;105.326755;5.981004;0;80597.524417
60679.00;E2J1_0;100.00;12.61;60624.00;0.00;A2A3_0;4.60;0.00;tripinfo_flow_0.421 emissions_flow_0.421;55.00;flow_0.421;0;632.42;1.32;0.00;9.05;car;;0;0.00;159700.454216;1728.905150;11.690327;64.336722;2.760073;0;50951.792831
60840.00;E2J1_0;100.00;11.14;60768.00;0.00;A2A3_0;4.60;0.00;tripinfo_flow_0.422 emissions_flow_0.422;72.00;flow_0.422;0;632.42;0.83;0.00;16.41;car;;0;0.00;178495.842815;2482.753948;15.598083;71.484655;3.201397;0;56947.369682
61016.00;E2J1_0;100.00;13.74;60912.00;0.00;A2A3_0;4.60;0.00;tripinfo_flow_0.423 emissions_flow_0.423;104.00;flow_0.423;0;632.42;1.05;0.00;57.01;car;;1;41.00;293070.426734;7221.547871;39.746983;121.849456;7.397877;0;93496.094879
61114.00;E2J1_0;100.00;13.18;61056.00;0.00;A2A3_0;4.60;0.00;tripinfo_flow_0.424 emissions_flow_0.424;58.00;flow_0.424;0;632.42;1.05;0.00;11.83;car;;0;0.00;171753.796833;2028.505605;13.377693;69.839228;3.097220;0;54796.881870
61293.00;E2J1_0;100.00;10.52;61200.00;0.00;A2A3_0;4.60;0.00;tripinfo_flow_0.425 emissions_flow_0.425;93.00;flow_0.425;0;632.42;0.76;0.00;31.96;car;;1;18.00;214459.533383;4420.958688;25.116776;86.074227;4.574425;0;68419.199509
61465.00;E2J1_0;100.00;13.54;61344.00;0.00;A2A3_0;4.60;0.00;tripinfo_flow_0.426 emissions_flow_0.426;121.00;flow_0.426;0;632.42;1.06;0.00;74.84;car;;1;58.00;329904.889657;9173.832521;49.058922;135.646685;8.731384;0;105246.299601
61559.00;E2J1_0;100.00;11.42;61488.00;0.00;A2A3_0;4.60;0.00;tripinfo_flow_0.427 emissions_flow_0.427;71.00;flow_0.427;0;632.42;0.88;0.00;18.55;car;;1;2.00;193625.347867;2817.949698;17.482838;78.140598;3.627394;0;61774.040716
61736.00;E2J1_0;100.00;13.66;61632.00;0.00;A2A3_0;4.60;0.00;tripinfo_flow_0.428 emissions_flow_0.428;104.00;flow_0.428;0;632.42;1.04;0.00;57.58;car;;1;40.00;288750.735718;7065.238222;38.865019;119.063850;7.171611;0;92118.406960
61832.00;E2J1_0;100.00;12.82;61776.00;0.00;A2A3_0;4.60;0.00;tripinfo_flow_0.429 emissions_flow_0.429;56.00;flow_0.429;0;632.42;1.17;0.00;9.90;car;;0;0.00;163582.826639;1719.851724;11.675028;64.983604;2.703238;0;52190.799551
62007.00;E2J1_0;100.00;11.78;61920.00;0.00;A2A3_0;4.60;0.00;tripinfo_flow_0.430 emissions_flow_0.430;87.00;flow_0.430;0;632.42;0.93;0.00;37.06;car;;1;20.00;240784.802850;4894.933832;27.911380;99.111728;5.444058;0;76817.451683
62188.00;E2J1_0;100.00;11.57;62064.00;0.00;A2A3_0;4.60;0.00;tripinfo_flow_0.431 emissions_flow_0.431;124.00;flow_0.431;0;632.42;0.89;0.00;72.02;car;;1;57.00;312344.088554;8768.434976;46.975632;127.594887;8.167948;0;99643.925807
62277.00;E2J1_0;100.00;11.81;62208.00;0.00;A2A3_0;4.60;0.00;tripinfo_flow_0.432 emissions_flow_0.432;69.00;flow_0.432;0;632.42;0.93;0.00;18.83;car;;1;2.00;197941.202720;2803.344676;17.568745;80.667745;3.767993;0;63150.916449
62456.00;E2J1_0;100.00;13.00;62352.00;0.00;A2A3_0;4.60;0.00;tripinfo_flow_0.433 emissions_flow_0.433;104.00;flow_0.433;0;632.42;1.11;0.00;56.94;car;;1;40.00;285995.606895;6917.579222;37.983044;116.420335;6.927713;0;91240.069982
62551.00;E2J1_0;100.00;12.99;62496.00;0.00;A2A3_0;4.60;0.00;tripinfo_flow_0.434 emissions_flow_0.434;55.00;flow_0.434;0;632.42;1.24;0.00;9.46;car;;0;0.00;164358.986817;1803.010174;12.100655;66.483596;2.889504;0;52438.007416
62727.00;E2J1_0;100.00;12.42;62640.00;0.00;A2A3_0;4.60;0.00;tripinfo_flow_0.435 emissions_flow_0.435;87.00;flow_0.435;0;632.42;0.96;0.00;38.99;car;;1;24.00;237192.898537;5151.349987;29.099400;98.968027;5.660423;0;75670.681792
62906.00;E2J1_0;100.00;13.33;62784.00;0.00;A2A3_0;4.60;0.00;tripinfo_flow_0.436 emissions_flow_0.436;122.00;flow_0.436;0;632.42;0.97;0.00;74.22;car;;1;59.00;328000.377405;9155.331730;49.215490;135.857285;8.759027;0;104638.198636
62996.00;E2J1_0;100.00;12.90;62928.00;0.00;A2A3_0;4.60;0.00;tripinfo_flow_0.437 emissions_flow_0.437;68.00;flow_0.437;0;632.42;1.02;0.00;20.58;car;;1;4.00;205889.095245;3058.526772;18.826638;84.613221;4.105283;0;65686.365799
63175.00;E2J1_0;100.00;12.76;63072.00;0.00;A2A3_0;4.60;0.00;tripinfo_flow_0.438 emissions_flow_0.438;103.00;flow_0.438;0;632.42;1.20;0.00;57.46;car;;1;42.00;284772.475922;7193.316528;39.220139;117.673614;7.221916;0;90848.926788
63279.00;E2J1_0;100.00;11.17;63216.00;0.00;A2A3_0;4.60;0.00;tripinfo_flow_0.439 emissions_flow_0.439;63.00;flow_0.439;0;632.42;0.88;0.00;10.17;car;;0;0.00;162034.010905;1884.779190;12.483353;64.586686;2.734124;0;51696.095369
63445.00;E2J1_0;100.00;13.26;63360.00;0.00;A2A3_0;4.60;0.00;tripinfo_flow_0.440 emissions_flow_0.440;85.00;flow_0.440;0;632.42;1.12;0.00;39.42;car;;1;23.00;245005.207002;5219.716847;29.544694;101.901313;5.776075;0;78163.324785
63561.00;E2J1_0;100.00;13.89;63504.00;0.00;A2A3_0;4.60;0.00;tripinfo_flow_0.441 emissions_flow_0.441;57.00;flow_0.441;0;632.42;1.07;0.00;10.79;car;;0;0.00;174893.632954;2026.709091;13.289543;70.541869;3.104267;0;55798.952834
63718.00;E2J1_0;100.00;11.20;63648.00;0.00;A2A3_0;4.60;0.00;tripinfo_flow_0.442 emissions_flow_0.442;70.00;flow_0.442;0;632.42;0.89;0.00;17.87;car;;0;0.00;181864.089197;2576.858348;16.122216;74.190048;3.463188;0;58021.638797
63896.00;E2J1_0;100.00;12.51;63792.00;0.00;A2A3_0;4.60;0.00;tripinfo_flow_0.443 emissions_flow_0.443;104.00;flow_0.443;0;632.42;0.98;0.00;56.09;car;;1;42.00;290801.525349;7344.519864;40.175423;121.056071;7.449469;0;92771.984782
63995.00;E2J1_0;100.00;13.22;63936.00;0.00;A2A3_0;4.60;0.00;tripinfo_flow_0.444 emissions_flow_0.444;59.00;flow_0.444;0;632.42;0.99;0.00;11.78;car;;0;0.00;164686.418300;1988.347568;13.088112;67.239069;3.004816;0;52541.887377
64169.00;E2J1_0;100.00;11.46;64080.00;0.00;A2A3_0;4.60;0.00;tripinfo_flow_0.445 emissions_flow_0.445;89.00;flow_0.445;0;632.42;0.86;0.00;36.03;car;;1;22.00;226566.975140;4777.559925;27.073878;92.009726;5.046059;0;72281.548295
64349.00;E2J1_0;100.00;11.54;64224.00;0.00;A2A3_0;4.60;0.00;tripinfo_flow_0.446 emissions_flow_0.446;125.00;flow_0.446;0;632.42;0.89;0.00;71.67;car;;1;56.00;313697.236164;8787.728912;47.038677;128.000606;8.189705;0;100075.673317
64436.00;E2J1_0;100.00;13.06;64368.00;0.00;A2A3_0;4.60;0.00;tripinfo_flow_0.447 emissions_flow_0.447;68.00;flow_0.447;0;632.42;1.08;0.00;21.51;car;;1;3.00;206001.982087;3186.109775;19.397902;85.196161;4.207709;0;65722.029015
64616.00;E2J1_0;100.00;13.34;64512.00;0.00;A2A3_0;4.60;0.00;tripinfo_flow_0.448 emissions_flow_0.448;104.00;flow_0.448;0;632.42;1.11;0.00;58.00;car;;1;43.00;293439.635303;7350.970775;40.230236;121.373462;7.412027;0;93613.946929
64725.00;E2J1_0;100.00;10.57;64656.00;0.00;A2A3_0;4.60;0.00;tripinfo_flow_0.449 emissions_flow_0.449;69.00;flow_0.449;0;632.42;0.80;0.00;10.35;car;;0;0.00;158601.104258;1991.877692;12.858291;62.264658;2.606520;0;50600.773027
64892.00;E2J1_0;100.00;10.06;64800.00;0.00;A2A3_0;4.60;0.00;tripinfo_flow_0.450 emissions_flow_0.450;92.00;flow_0.450;0;632.42;0.77;0.00;31.46;car;;1;18.00;210964.745255;4439.422562;25.134843;85.223534;4.614378;0;67304.005485
64964.00;E2J1_0;100.00;9.66;64800.00;0.00;A2A1_0;10.10;0.00;tripinfo_flow_1.9 emissions_flow_1.9;164.00;flow_1.9;0;632.08;1.12;60.00;40.37;bus;;2;11.00;391915.009300;12245.880502;64.548589;161.564975;10.911473;0;125026.184769
65068.00;E2J1_0;100.00;11.57;64944.00;0.00;A2A3_0;4.60;0.00;tripinfo_flow_0.451 emissions_flow_0.451;124.00;flow_0.451;0;632.42;0.92;0.00;73.24;car;;1;58.00;317418.644971;8989.621342;48.207024;131.218822;8.501819;0;101262.273318
65156.00;E2J1_0;100.00;12.82;65088.00;0.00;A2A3_0;4.60;0.00;tripinfo_flow_0.452 emissions_flow_0.452;68.00;flow_0.452;0;632.42;1.01;0.00;21.34;car;;1;5.00;206386.825848;3170.618523;19.335479;85.046509;4.172287;0;65844.934206
65335.00;E2J1_0;100.00;13.15;65232.00;0.00;A2A3_0;4.60;0.00;tripinfo_flow_0.453 emissions_flow_0.453;103.00;flow_0.453;0;632.42;1.16;0.00;57.39;car;;1;41.00;291245.212626;7187.290123;39.462343;120.897542;7.338619;0;92913.896313
65432.00;E2J1_0;100.00;13.36;65376.00;0.00;A2A3_0;4.60;0.00;tripinfo_flow_0.454 emissions_flow_0.454;56.00;flow_0.454;0;632.42;1.21;0.00;9.62;car;;0;0.00;167521.816600;1842.118334;12.452878;68.023790;2.958647;0;53446.966401
65606.00;E2J1_0;100.00;12.72;65520.00;0.00;A2A3_0;4.60;0.00;tripinfo_flow_0.455 emissions_flow_0.455;86.00;flow_0.455;0;632.42;1.06;0.00;40.35;car;;1;24.00;248220.399045;5208.208254;29.475649;101.986832;5.700532;0;79189.554465
65786.00;E2J1_0;100.00;12.76;65664.00;0.00;A2A3_0;4.60;0.00;tripinfo_flow_0.456 emissions_flow_0.456;122.00;flow_0.456;0;632.42;0.99;0.00;75.44;car;;1;57.00;329663.415091;9094.195307;48.833715;135.837526;8.698334;0;105169.176862
65876.00;E2J1_0;100.00;13.55;65808.00;0.00;A2A3_0;4.60;0.00;tripinfo_flow_0.457 emissions_flow_0.457;68.00;flow_0.457;0;632.42;1.00;0.00;20.48;car;;1;4.00;207475.257135;3068.876700;18.837280;84.486981;4.066990;0;66192.695621
66056.00;E2J1_0;100.00;12.82;65952.00;0.00;A2A3_0;4.60;0.00;tripinfo_flow_0.458 emissions_flow_0.458;104.00;flow_0.458;0;632.42;1.06;0.00;57.31;car;;1;41.00;291214.306327;7209.854545;39.504451;120.414976;7.307077;0;92904.141955
66161.00;E2J1_0;100.00;11.90;66096.00;0.00;A2A3_0;4.60;0.00;tripinfo_flow_0.459 emissions_flow_0.459;65.00;flow_0.459;0;632.42;0.87;0.00;11.15;car;;0;0.00;162991.753832;1995.795877;13.017075;65.009669;2.796427;0;52001.480110
66325.00;E2J1_0;100.00;12.82;66240.00;0.00;A2A3_0;4.60;0.00;tripinfo_flow_0.460 emissions_flow_0.460;85.00;flow_0.460;0;632.42;1.04;0.00;39.39;car;;1;25.00;241749.934135;5169.439497;29.181240;99.790998;5.639591;0;77125.017842
66507.00;E2J1_0;100.00;12.38;66384.00;0.00;A2A3_0;4.60;0.00;tripinfo_flow_0.461 emissions_flow_0.461;123.00;flow_0.461;0;632.42;0.94;0.00;73.18;car;;1;58.00;324317.977213;9029.035427;48.487865;133.203972;8.543478;0;103463.813550
66596.00;E2J1_0;100.00;12.99;66528.00;0.00;A2A3_0;4.60;0.00;tripinfo_flow_0.462 emissions_flow_0.462;68.00;flow_0.462;0;632.42;1.04;0.00;21.62;car;;1;6.00;207082.869236;3186.336052;19.604233;86.226119;4.276637;0;66066.679932
66776.00;E2J1_0;100.00;12.99;66672.00;0.00;A2A3_0;4.60;0.00;tripinfo_flow_0.463 emissions_flow_0.463;104.00;flow_0.463;0;632.42;1.02;0.00;57.77;car;;1;42.00;288105.772019;7162.369509;39.160168;118.589760;7.210859;0;91912.612478
66873.00;E2J1_0;100.00;12.67;66816.00;0.00;A2A3_0;4.60;0.00;tripinfo_flow_0.464 emissions_flow_0.464;57.00;flow_0.464;0;632.42;1.04;0.00;11.01;car;;0;0.00;167138.588308;1906.457260;12.667697;67.523529;2.934072;0;53324.672285
67046.00;E2J1_0;100.00;12.38;66960.00;0.00;A2A3_0;4.60;0.00;tripinfo_flow_0.465 emissions_flow_0.465;86.00;flow_0.465;0;632.42;0.96;0.00;37.27;car;;1;23.00;240995.913442;4953.549510;28.164222;98.387201;5.398484;0;76885.014006
67225.00;E2J1_0;100.00;12.70;67104.00;0.00;A2A3_0;4.60;0.00;tripinfo_flow_0.466 emissions_flow_0.466;121.00;flow_0.466;0;632.42;0.98;0.00;74.55;car;;1;57.00;332422.029722;9108.640720;48.944273;136.754828;8.721050;0;106049.411780
67316.00;E2J1_0;100.00;12.75;67248.00;0.00;A2A3_0;4.60;0.00;tripinfo_flow_0.467 emissions_flow_0.467;68.00;flow_0.467;0;632.42;0.99;0.00;21.08;car;;1;3.00;205988.727355;3092.128650;19.017839;84.829309;4.120686;0;65717.995459
67498.00;E2J1_0;100.00;11.69;67392.00;0.00;A2A3_0;4.60;0.00;tripinfo_flow_0.468 emissions_flow_0.468;106.00;flow_0.468;0;632.42;0.88;0.00;54.09;car;;1;39.00;270057.853857;6845.796498;37.413944;110.972596;6.744106;0;86154.545996
67597.00;E2J1_0;100.00;11.94;67536.00;0.00;A2A3_0;4.60;0.00;tripinfo_flow_0.469 emissions_flow_0.469;61.00;flow_0.469;0;632.42;0.94;0.00;12.16;car;;0;0.00;157183.393486;1846.910771;12.152530;63.224065;2.741048;0;50148.420447
67766.00;E2J1_0;100.00;13.62;67680.00;0.00;A2A3_0;4.60;0.00;tripinfo_flow_0.470 emissions_flow_0.470;86.00;flow_0.470;0;632.42;1.03;0.00;39.09;car;;1;22.00;244473.954913;5081.309493;28.686134;100.448556;5.617133;0;77994.498904
67946.00;E2J1_0;100.00;13.19;67824.00;0.00;A2A3_0;4.60;0.00;tripinfo_flow_0.471 emissions_flow_0.471;122.00;flow_0.471;0;632.42;1.04;0.00;75.03;car;;1;58.00;335640.269956;9122.670001;49.211441;138.551900;8.811497;0;107076.012806
68036.00;E2J1_0;100.00;13.45;67968.00;0.00;A2A3_0;4.60;0.00;tripinfo_flow_0.472 emissions_flow_0.472;68.00;flow_0.472;0;632.42;1.08;0.00;21.32;car;;1;4.00;208283.980226;3144.310582;19.350878;85.645268;4.160127;0;66450.282342
68216.00;E2J1_0;100.00;12.87;68112.00;0.00;A2A3_0;4.60;0.00;tripinfo_flow_0.473 emissions_flow_0.473;104.00;flow_0.473;0;632.42;0.99;0.00;57.16;car;;1;42.00;288268.379021;7093.554542;38.922414;118.636663;7.160974;0;91964.542460
68315.00;E2J1_0;100.00;12.41;68256.00;0.00;A2A3_0;4.60;0.00;tripinfo_flow_0.474 emissions_flow_0.474;59.00;flow_0.474;0;632.42;0.98;0.00;10.44;car;;0;0.00;170422.658570;2004.176382;13.306385;69.543677;3.083495;0;54372.088459
68486.00;E2J1_0;100.00;13.07;68400.00;0.00;A2A3_0;4.60;0.00;tripinfo_flow_0.475 emissions_flow_0.475;86.00;flow_0.475;0;632.42;1.08;0.00;40.04;car;;1;25.00;249790.388887;5221.206275;29.634869;103.210046;5.773628;0;79690.280054
68666.00;E2J1_0;100.00;13.87;68544.00;0.00;A2A3_0;4.60;0.00;tripinfo_flow_0.476 emissions_flow_0.476;122.00;flow_0.476;0;632.42;1.24;0.00;75.45;car;;1;61.00;341072.118088;9401.655434;50.585570;140.911242;9.023682;0;108808.673378
68755.00;E2J1_0;100.00;13.31;68688.00;0.00;A2A3_0;4.60;0.00;tripinfo_flow_0.477 emissions_flow_0.477;67.00;flow_0.477;0;632.42;1.06;0.00;20.81;car;;1;5.00;206567.474015;3104.833425;19.183492;85.862531;4.215669;0;65902.403574
68936.00;E2J1_0;100.00;13.33;68832.00;0.00;A2A3_0;4.60;0.00;tripinfo_flow_0.478 emissions_flow_0.478;104.00;flow_0.478;0;632.42;1.09;0.00;57.61;car;;1;43.00;288907.572633;7134.669404;39.082836;118.639048;7.178595;0;92168.545960
69037.00;E2J1_0;100.00;12.31;68976.00;0.00;A2A3_0;4.60;0.00;tripinfo_flow_0.479 emissions_flow_0.479;61.00;flow_0.479;0;632.42;0.94;0.00;11.99;car;;0;0.00;168172.125398;1992.510856;13.078237;67.802376;2.967355;0;53654.277121
69206.00;E2J1_0;100.00;13.32;69120.00;0.00;A2A3_0;4.60;0.00;tripinfo_flow_0.480 emissions_flow_0.480;86.00;flow_0.480;0;632.42;1.08;0.00;39.47;car;;1;22.00;250314.200271;5183.065399;29.368740;102.846146;5.702769;0;79857.647978
69385.00;E2J1_0;100.00;13.26;69264.00;0.00;A2A3_0;4.60;0.00;tripinfo_flow_0.481 emissions_flow_0.481;121.00;flow_0.481;0;632.42;1.04;0.00;74.53;car;;1;58.00;324671.566004;9006.387055;48.420785;133.952218;8.614511;0;103576.551606
69475.00;E2J1_0;100.00;13.38;69408.00;0.00;A2A3_0;4.60;0.00;tripinfo_flow_0.482 emissions_flow_0.482;67.00;flow_0.482;0;632.42;1.16;0.00;21.17;car;;1;4.00;206783.373188;2934.352512;18.277329;84.183084;3.986474;0;65972.134000
69656.00;E2J1_0;100.00;13.21;69552.00;0.00;A2A3_0;4.60;0.00;tripinfo_flow_0.483 emissions_flow_0.483;104.00;flow_0.483;0;632.42;1.13;0.00;57.20;car;;1;40.00;294751.837595;7276.119491;39.977508;122.445962;7.433356;0;94032.522897
69753.00;E2J1_0;100.00;13.38;69696.00;0.00;A2A3_0;4.60;0.00;tripinfo_flow_0.484 emissions_flow_0.484;57.00;flow_0.484;0;632.42;1.18;0.00;10.22;car;;0;0.00;172435.525385;1926.093657;12.920039;69.885763;3.037570;0;55014.635271
69929.00;E2J1_0;100.00;11.41;69840.00;0.00;A2A3_0;4.60;0.00;tripinfo_flow_0.485 emissions_flow_0.485;89.00;flow_0.485;0;632.42;0.85;0.00;34.47;car;;1;19.00;227685.126822;4656.199104;26.556786;92.341267;4.982671;0;72638.492461
70040.00;E2J1_0;100.00;13.37;69984.00;0.00;A2A3_0;4.60;0.00;tripinfo_flow_0.486 emissions_flow_0.486;56.00;flow_0.486;0;632.42;1.11;0.00;9.88;car;;0;0.00;168240.013097;1864.993397;12.571839;68.438052;2.975679;0;53676.018378
70198.00;E2J1_0;100.00;12.31;70128.00;0.00;A2A3_0;4.60;0.00;tripinfo_flow_0.487 emissions_flow_0.487;70.00;flow_0.487;0;632.42;0.93;0.00;19.67;car;;1;3.00;198028.813283;2943.726658;18.051122;79.865091;3.773476;0;63178.951292
70376.00;E2J1_0;100.00;13.57;70272.00;0.00;A2A3_0;4.60;0.00;tripinfo_flow_0.488 emissions_flow_0.488;104.00;flow_0.488;0;632.42;1.17;0.00;57.71;car;;1;41.00;291071.209671;7184.872652;39.354354;119.461272;7.221093;0;92858.818716
70473.00;E2J1_0;100.00;13.44;70416.00;0.00;A2A3_0;4.60;0.00;tripinfo_flow_0.489 emissions_flow_0.489;57.00;flow_0.489;0;632.42;1.24;0.00;10.11;car;;0;0.00;170080.808077;1775.199446;12.093970;67.459688;2.782356;0;54264.003881
70645.00;E2J1_0;100.00;12.65;70560.00;0.00;A2A3_0;4.60;0.00;tripinfo_flow_0.490 emissions_flow_0.490;85.00;flow_0.490;0;632.42;1.07;0.00;38.67;car;;1;22.00;245130.370815;5038.122668;28.679183;100.540556;5.556126;0;78203.942743
70828.00;E2J1_0;100.00;11.88;70704.00;0.00;A2A3_0;4.60;0.00;tripinfo_flow_0.491 emissions_flow_0.491;124.00;flow_0.491;0;632.42;0.92;0.00;73.33;car;;1;58.00;316454.380980;8954.660849;47.960841;130.434941;8.439828;0;100954.799908
70917.00;E2J1_0;100.00;12.87;70848.00;0.00;A2A3_0;4.60;0.00;tripinfo_flow_0.492 emissions_flow_0.492;69.00;flow_0.492;0;632.42;0.93;0.00;19.67;car;;1;4.00;194878.295693;2865.304231;17.776062;80.182351;3.838187;0;62173.366400
71097.00;E2J1_0;100.00;12.90;70992.00;0.00;A2A3_0;4.60;0.00;tripinfo_flow_0.493 emissions_flow_0.493;105.00;flow_0.493;0;632.42;0.96;0.00;56.37;car;;1;41.00;286599.016365;7074.977566;38.803101;117.695099;7.088062;0;91431.969269
71193.00;E2J1_0;100.00;12.72;71136.00;0.00;A2A3_0;4.60;0.00;tripinfo_flow_0.494 emissions_flow_0.494;57.00;flow_0.494;0;632.42;1.11;0.00;10.92;car;;0;0.00;166607.084917;1840.169930;12.384687;67.128419;2.890664;0;53155.249217
71366.00;E2J1_0;100.00;12.64;71280.00;0.00;A2A3_0;4.60;0.00;tripinfo_flow_0.495 emissions_flow_0.495;86.00;flow_0.495;0;632.42;1.02;0.00;39.26;car;;1;21.00;249758.977193;5052.032241;28.878207;102.952057;5.675665;0;79680.555994
71546.00;E2J1_0;100.00;13.89;71424.00;0.00;A2A3_0;4.60;0.00;tripinfo_flow_0.496 emissions_flow_0.496;122.00;flow_0.496;0;632.42;1.01;0.00;75.41;car;;1;58.00;332551.557345;9162.971949;49.352763;137.256824;8.792453;0;106090.471294
71646.00;E2J1_0;100.00;8.56;71568.00;0.00;A2A3_0;4.60;0.00;tripinfo_flow_0.497 emissions_flow_0.497;78.00;flow_0.497;0;632.42;0.69;0.00;11.10;car;;0;0.00;160710.715734;2316.363517;14.306623;62.611985;2.683464;0;51273.398055
71816.00;E2J1_0;100.00;13.32;71712.00;0.00;A2A3_0;4.60;0.00;tripinfo_flow_0.498 emissions_flow_0.498;104.00;flow_0.498;0;632.42;1.05;0.00;57.51;car;;1;42.00;294338.759433;7259.743450;39.811861;121.590232;7.366144;0;93901.006406
71913.00;E2J1_0;100.00;13.81;71856.00;0.00;A2A3_0;4.60;0.00;tripinfo_flow_0.499 emissions_flow_0.499;57.00;flow_0.499;0;632.42;1.12;0.00;11.13;car;;0;0.00;171828.186662;1962.122376;13.044607;69.642491;3.055241;0;54820.828228
72086.00;E2J1_0;100.00;13.23;72000.00;0.00;A2A3_0;4.60;0.00;tripinfo_flow_0.500 emissions_flow_0.500;86.00;flow_0.500;0;632.42;1.01;0.00;39.13;car;;1;23.00;251058.224678;5060.573911;28.737113;102.109378;5.564876;0;80095.556995
72165.00;E2J1_0;100.00;8.86;72000.00;0.00;A2A1_0;10.10;0.00;tripinfo_flow_1.10 emissions_flow_1.10;165.00;flow_1.10;0;632.08;1.01;60.00;40.50;bus;;2;12.00;385536.554571;12158.289591;63.977184;158.573382;10.749465;0;122991.310708
72266.00;E2J1_0;100.00;13.43;72144.00;0.00;A2A3_0;4.60;0.00;tripinfo_flow_0.501 emissions_flow_0.501;122.00;flow_0.501;0;632.42;1.09;0.00;75.04;car;;1;59.00;331466.990019;9215.305193;49.594957;137.633481;8.888247;0;105744.125997
72356.00;E2J1_0;100.00;13.24;72288.00;0.00;A2A3_0;4.60;0.00;tripinfo_flow_0.502 emissions_flow_0.502;68.00;flow_0.502;0;632.42;1.07;0.00;22.12;car;;1;5.00;208387.414954;3223.293308;19.564985;85.185715;4.173469;0;66483.400944
72535.00;E2J1_0;100.00;12.62;72432.00;0.00;A2A3_0;4.60;0.00;tripinfo_flow_0.503 emissions_flow_0.503;103.00;flow_0.503;0;632.42;1.08;0.00;57.37;car;;1;42.00;285580.989082;7164.788763;39.170695;118.058509;7.212974;0;91106.869844
72639.00;E2J1_0;100.00;11.90;72576.00;0.00;A2A3_0;4.60;0.00;tripinfo_flow_0.504 emissions_flow_0.504;63.00;flow_0.504;0;632.42;0.91;0.00;11.78;car;;0;0.00;171896.550545;2095.026568;13.734403;69.538137;3.060203;0;54842.299818
72808.00;E2J1_0;100.00;11.78;72720.00;0.00;A2A3_0;4.60;0.00;tripinfo_flow_0.505 emissions_flow_0.505;88.00;flow_0.505;0;632.42;0.91;0.00;37.14;car;;1;20.00;230325.534180;4688.119781;26.681990;93.644982;5.085313;0;73480.923713
72988.00;E2J1_0;100.00;12.62;72864.00;0.00;A2A3_0;4.60;0.00;tripinfo_flow_0.506 emissions_flow_0.506;124.00;flow_0.506;0;632.42;0.92;0.00;73.10;car;;1;57.00;319174.692714;8875.141464;47.623254;131.048888;8.377154;0;101822.974332
73076.00;E2J1_0;100.00;13.19;73008.00;0.00;A2A3_0;4.60;0.00;tripinfo_flow_0.507 emissions_flow_0.507;68.00;flow_0.507;0;632.42;1.03;0.00;21.12;car;;1;5.00;209883.148339;3177.692456;19.547540;86.881825;4.263089;0;66960.326537
73256.00;E2J1_0;100.00;13.30;73152.00;0.00;A2A3_0;4.60;0.00;tripinfo_flow_0.508 emissions_flow_0.508;104.00;flow_0.508;0;632.42;1.05;0.00;57.55;car;;1;40.00;292214.042694;7109.383023;39.018732;119.509187;7.166371;0;93223.705504
73354.00;E2J1_0;100.00;13.48;73296.00;0.00;A2A3_0;4.60;0.00;tripinfo_flow_0.509 emissions_flow_0.509;58.00;flow_0.509;0;632.42;1.03;0.00;10.94;car;;0;0.00;174571.303372;1959.661422;13.087933;70.382934;3.054761;0;55696.145785
73526.00;E2J1_0;100.00;13.87;73440.00;0.00;A2A3_0;4.60;0.00;tripinfo_flow_0.510 emissions_flow_0.510;86.00;flow_0.510;0;632.42;1.11;0.00;39.60;car;;1;23.00;246849.792553;5142.540338;29.142657;101.534834;5.651856;0;78752.300363
73709.00;E2J1_0;100.00;11.03;73584.00;0.00;A2A3_0;4.60;0.00;tripinfo_flow_0.511 emissions_flow_0.511;125.00;flow_0.511;0;632.42;0.86;0.00;72.06;car;;1;57.00;308412.188092;8756.803892;46.788021;125.113486;8.034194;0;98389.654506
73797.00;E2J1_0;100.00;12.88;73728.00;0.00;A2A3_0;4.60;0.00;tripinfo_flow_0.512 emissions_flow_0.512;69.00;flow_0.512;0;632.42;0.98;0.00;21.07;car;;1;4.00;206313.763532;3064.013040;18.812440;84.065289;4.039218;0;65822.047949
73976.00;E2J1_0;100.00;13.44;73872.00;0.00;A2A3_0;4.60;0.00;tripinfo_flow_0.513 emissions_flow_0.513;104.00;flow_0.513;0;632.42;0.97;0.00;56.24;car;;1;41.00;286881.207080;7074.392088;38.799810;118.516806;7.176175;0;91521.847661
74073.00;E2J1_0;100.00;13.28;74016.00;0.00;A2A3_0;4.60;0.00;tripinfo_flow_0.514 emissions_flow_0.514;57.00;flow_0.514;0;632.42;1.02;0.00;10.45;car;;0;0.00;171813.282833;1949.709624;12.987151;69.903298;3.069818;0;54816.004787
74246.00;E2J1_0;100.00;13.68;74160.00;0.00;A2A3_0;4.60;0.00;tripinfo_flow_0.515 emissions_flow_0.515;86.00;flow_0.515;0;632.42;0.99;0.00;38.66;car;;1;23.00;256904.570199;5275.242473;30.003651;105.920692;5.876088;0;81960.132798
74426.00;E2J1_0;100.00;13.09;74304.00;0.00;A2A3_0;4.60;0.00;tripinfo_flow_0.516 emissions_flow_0.516;122.00;flow_0.516;0;632.42;1.01;0.00;74.90;car;;1;59.00;328486.147744;9043.731251;48.638108;135.451658;8.662239;0;104793.602872
74516.00;E2J1_0;100.00;13.81;74448.00;0.00;A2A3_0;4.60;0.00;tripinfo_flow_0.517 emissions_flow_0.517;68.00;flow_0.517;0;632.42;1.02;0.00;21.80;car;;1;5.00;210764.785599;3148.076519;19.392234;86.663734;4.221402;0;67241.856932
74696.00;E2J1_0;100.00;13.31;74592.00;0.00;A2A3_0;4.60;0.00;tripinfo_flow_0.518 emissions_flow_0.518;104.00;flow_0.518;0;632.42;0.99;0.00;57.40;car;;1;40.00;286364.193732;7114.217513;39.073562;118.711923;7.221511;0;91356.663963
74791.00;E2J1_0;100.00;13.29;74736.00;0.00;A2A3_0;4.60;0.00;tripinfo_flow_0.519 emissions_flow_0.519;55.00;flow_0.519;0;632.42;1.21;0.00;9.50;car;;0;0.00;162794.090675;1802.989176;12.117010;65.864537;2.851888;0;51938.654934
74965.00;E2J1_0;100.00;13.87;74880.00;0.00;A2A3_0;4.60;0.00;tripinfo_flow_0.520 emissions_flow_0.520;85.00;flow_0.520;0;632.42;1.02;0.00;38.96;car;;1;25.00;247542.271615;5154.608120;29.385812;102.631819;5.752064;0;78972.969718
75147.00;E2J1_0;100.00;13.24;75024.00;0.00;A2A3_0;4.60;0.00;tripinfo_flow_0.521 emissions_flow_0.521;123.00;flow_0.521;0;632.42;0.97;0.00;74.39;car;;1;55.00;323338.918748;8856.331417;47.743180;133.240940;8.487388;0;103151.548792
75236.00;E2J1_0;100.00;12.48;75168.00;0.00;A2A3_0;4.60;0.00;tripinfo_flow_0.522 emissions_flow_0.522;68.00;flow_0.522;0;632.42;0.99;0.00;20.98;car;;1;5.00;202145.879569;2991.300939;18.353808;82.301901;3.933517;0;64492.378911
75416.00;E2J1_0;100.00;13.76;75312.00;0.00;A2A3_0;4.60;0.00;tripinfo_flow_0.523 emissions_flow_0.523;104.00;flow_0.523;0;632.42;1.04;0.00;57.02;car;;1;40.00;294700.495205;7184.112817;39.517109;121.646395;7.323254;0;94016.539692
75520.00;E2J1_0;100.00;11.32;75456.00;0.00;A2A3_0;4.60;0.00;tripinfo_flow_0.524 emissions_flow_0.524;64.00;flow_0.524;0;632.42;0.86;0.00;10.25;car;;0;0.00;157442.547329;1901.434455;12.493407;63.181522;2.715155;0;50230.943478
75687.00;E2J1_0;100.00;12.57;75600.00;0.00;A2A3_0;4.60;0.00;tripinfo_flow_0.525 emissions_flow_0.525;87.00;flow_0.525;0;632.42;0.95;0.00;37.59;car;;1;21.00;236915.078817;4953.474098;28.122709;98.001926;5.471712;0;75582.560043
75869.00;E2J1_0;100.00;10.74;75744.00;0.00;A2A3_0;4.60;0.00;tripinfo_flow_0.526 emissions_flow_0.526;125.00;flow_0.526;0;632.42;0.85;0.00;70.62;car;;1;55.00;302930.752156;8679.014872;46.374390;123.399749;7.952135;0;96640.665048
75957.00;E2J1_0;100.00;12.63;75888.00;0.00;A2A3_0;4.60;0.00;tripinfo_flow_0.527 emissions_flow_0.527;69.00;flow_0.527;0;632.42;0.93;0.00;19.35;car;;1;3.00;196544.512892;2799.126958;17.387743;79.398987;3.704959;0;62705.565032
76136.00;E2J1_0;100.00;13.00;76032.00;0.00;A2A3_0;4.60;0.00;tripinfo_flow_0.528 emissions_flow_0.528;104.00;flow_0.528;0;632.42;1.10;0.00;57.65;car;;1;42.00;292771.565351;7205.075873;39.449681;120.174894;7.253241;0;93401.328198
76233.00;E2J1_0;100.00;12.62;76176.00;0.00;A2A3_0;4.60;0.00;tripinfo_flow_0.529 emissions_flow_0.529;57.00;flow_0.529;0;632.42;1.17;0.00;11.20;car;;0;0.00;166623.573832;1909.360264;12.605913;66.952188;2.927496;0;53160.511627
76406.00;E2J1_0;100.00;12.88;76320.00;0.00;A2A3_0;4.60;0.00;tripinfo_flow_0.530 emissions_flow_0.530;86.00;flow_0.530;0;632.42;1.12;0.00;39.58;car;;1;25.00;248967.783505;5283.683918;29.942274;102.963534;5.811452;0;79427.700602
76586.00;E2J1_0;100.00;13.11;76464.00;0.00;A2A3_0;4.60;0.00;tripinfo_flow_0.531 emissions_flow_0.531;122.00;flow_0.531;0;632.42;1.02;0.00;75.46;car;;1;58.00;333932.055349;9259.799189;49.702662;137.438367;8.818941;0;106530.963024
76678.00;E2J1_0;100.00;12.00;76608.00;0.00;A2A3_0;4.60;0.00;tripinfo_flow_0.532 emissions_flow_0.532;70.00;flow_0.532;0;632.42;0.90;0.00;18.08;car;;1;2.00;193663.282183;2866.217457;17.626648;78.378651;3.697168;0;61786.076726
76856.00;E2J1_0;100.00;12.95;76752.00;0.00;A2A3_0;4.60;0.00;tripinfo_flow_0.533 emissions_flow_0.533;104.00;flow_0.533;0;632.42;1.01;0.00;57.86;car;;1;39.00;289560.731389;7041.231660;38.758872;119.111819;7.143843;0;92376.964628
76955.00;E2J1_0;100.00;13.49;76896.00;0.00;A2A3_0;4.60;0.00;tripinfo_flow_0.534 emissions_flow_0.534;59.00;flow_0.534;0;632.42;1.04;0.00;12.09;car;;0;0.00;174614.464596;2012.956606;13.397179;70.850772;3.108177;0;55709.659741
77126.00;E2J1_0;100.00;13.34;77040.00;0.00;A2A3_0;4.60;0.00;tripinfo_flow_0.535 emissions_flow_0.535;86.00;flow_0.535;0;632.42;0.98;0.00;38.38;car;;1;21.00;242254.050067;4822.793796;27.509948;98.371841;5.320170;0;77286.827647
77306.00;E2J1_0;100.00;13.40;77184.00;0.00;A2A3_0;4.60;0.00;tripinfo_flow_0.536 emissions_flow_0.536;122.00;flow_0.536;0;632.42;1.00;0.00;75.74;car;;1;60.00;331009.964379;9163.881895;49.274974;136.280438;8.741952;0;105598.727230
77396.00;E2J1_0;100.00;12.70;77328.00;0.00;A2A3_0;4.60;0.00;tripinfo_flow_0.537 emissions_flow_0.537;68.00;flow_0.537;0;632.42;1.17;0.00;21.33;car;;1;4.00;203013.368674;3115.803485;18.955281;83.122571;4.062179;0;64768.872754
77577.00;E2J1_0;100.00;13.28;77472.00;0.00;A2A3_0;4.60;0.00;tripinfo_flow_0.538 emissions_flow_0.538;105.00;flow_0.538;0;632.42;0.96;0.00;55.69;car;;1;39.00;289474.983071;7024.506937;38.606380;118.605357;7.079808;0;92349.740326
77676.00;E2J1_0;100.00;13.06;77616.00;0.00;A2A3_0;4.60;0.00;tripinfo_flow_0.539 emissions_flow_0.539;60.00;flow_0.539;0;632.42;0.97;0.00;12.05;car;;0;0.00;165748.513139;1951.391855;12.952115;67.711523;2.987997;0;52880.770068
77848.00;E2J1_0;100.00;12.19;77760.00;0.00;A2A3_0;4.60;0.00;tripinfo_flow_0.540 emissions_flow_0.540;88.00;flow_0.540;0;632.42;0.89;0.00;34.84;car;;1;19.00;229599.756750;4775.187690;27.145637;94.364383;5.211447;0;73248.887845
77961.00;E2J1_0;100.00;13.85;77904.00;0.00;A2A3_0;4.60;0.00;tripinfo_flow_0.541 emissions_flow_0.541;57.00;flow_0.541;0;632.42;1.02;0.00;10.48;car;;0;0.00;179377.781661;1938.790516;13.166087;72.459389;3.119777;0;57229.695714
78120.00;E2J1_0;100.00;11.01;78048.00;0.00;A2A3_0;4.60;0.00;tripinfo_flow_0.542 emissions_flow_0.542;72.00;flow_0.542;0;632.42;0.84;0.00;16.46;car;;1;2.00;183208.157812;2638.169674;16.459527;74.555389;3.464063;0;58450.364121
78298.00;E2J1_0;100.00;11.51;78192.00;0.00;A2A3_0;4.60;0.00;tripinfo_flow_0.543 emissions_flow_0.543;106.00;flow_0.543;0;632.42;0.90;0.00;53.97;car;;1;38.00;272874.602750;6886.217089;37.644649;112.035975;6.793889;0;87053.228766
78393.00;E2J1_0;100.00;13.73;78336.00;0.00;A2A3_0;4.60;0.00;tripinfo_flow_0.544 emissions_flow_0.544;57.00;flow_0.544;0;632.42;1.13;0.00;10.52;car;;0;0.00;169928.880515;1915.336322;12.776200;68.517461;2.968508;0;54214.976162
78566.00;E2J1_0;100.00;13.46;78480.00;0.00;A2A3_0;4.60;0.00;tripinfo_flow_0.545 emissions_flow_0.545;86.00;flow_0.545;0;632.42;1.00;0.00;39.56;car;;1;23.00;249854.047857;5120.845568;29.130303;102.243379;5.652713;0;79711.056586
78747.00;E2J1_0;100.00;12.56;78624.00;0.00;A2A3_0;4.60;0.00;tripinfo_flow_0.546 emissions_flow_0.546;123.00;flow_0.546;0;632.42;0.96;0.00;74.60;car;;1;58.00;325737.569251;9053.411257;48.571617;133.104273;8.509571;0;103916.916428
78836.00;E2J1_0;100.00;13.60;78768.00;0.00;A2A3_0;4.60;0.00;tripinfo_flow_0.547 emissions_flow_0.547;68.00;flow_0.547;0;632.42;0.99;0.00;21.22;car;;1;6.00;207553.674344;3126.357194;19.280495;85.320595;4.143423;0;66217.290598
79017.00;E2J1_0;100.00;11.69;78912.00;0.00;A2A3_0;4.60;0.00;tripinfo_flow_0.548 emissions_flow_0.548;105.00;flow_0.548;0;632.42;0.93;0.00;54.16;car;;1;38.00;278028.015094;6845.205120;37.625328;114.390275;6.876203;0;88697.510169
79113.00;E2J1_0;100.00;12.61;79056.00;0.00;A2A3_0;4.60;0.00;tripinfo_flow_0.549 emissions_flow_0.549;57.00;flow_0.549;0;632.42;1.13;0.00;11.06;car;;0;0.00;168999.147261;1907.129429;12.668683;68.258031;2.965307;0;53918.359581
79287.00;E2J1_0;100.00;12.32;79200.00;0.00;A2A3_0;4.60;0.00;tripinfo_flow_0.550 emissions_flow_0.550;87.00;flow_0.550;0;632.42;0.95;0.00;37.96;car;;1;22.00;238347.505223;4882.513876;27.726029;97.140699;5.321722;0;76040.147639
79363.00;E2J1_0;100.00;9.51;79200.00;0.00;A2A1_0;10.10;0.00;tripinfo_flow_1.11 emissions_flow_1.11;163.00;flow_1.11;0;632.08;0.99;60.00;38.17;bus;;2;9.00;383592.585173;11988.170902;63.168329;157.680537;10.630511;0;122371.330552
79466.00;E2J1_0;100.00;12.67;79344.00;0.00;A2A3_0;4.60;0.00;tripinfo_flow_0.551 emissions_flow_0.551;122.00;flow_0.551;0;632.42;1.00;0.00;75.86;car;;1;59.00;329461.912957;9196.088594;49.384774;136.226854;8.786961;0;105104.573749
79560.00;E2J1_0;100.00;10.99;79488.00;0.00;A2A3_0;4.60;0.00;tripinfo_flow_0.552 emissions_flow_0.552;72.00;flow_0.552;0;632.42;0.83;0.00;16.48;car;;1;2.00;182239.292407;2572.785398;16.118304;73.510157;3.350368;0;58141.508162
79736.00;E2J1_0;100.00;13.30;79632.00;0.00;A2A3_0;4.60;0.00;tripinfo_flow_0.553 emissions_flow_0.553;104.00;flow_0.553;0;632.42;0.98;0.00;57.24;car;;1;40.00;288950.803840;7180.994325;39.366664;119.156601;7.229607;0;92182.053710
79838.00;E2J1_0;100.00;11.91;79776.00;0.00;A2A3_0;4.60;0.00;tripinfo_flow_0.554 emissions_flow_0.554;62.00;flow_0.554;0;632.42;0.93;0.00;12.00;car;;0;0.00;165757.669557;1993.228380;13.051568;66.616320;2.898077;0;52883.903658
80006.00;E2J1_0;100.00;12.84;79920.00;0.00;A2A3_0;4.60;0.00;tripinfo_flow_0.555 emissions_flow_0.555;86.00;flow_0.555;0;632.42;1.07;0.00;39.06;car;;1;23.00;244978.323921;5048.655854;28.769563;101.319780;5.640800;0;78155.151817
80190.00;E2J1_0;100.00;10.98;80064.00;0.00;A2A3_0;4.60;0.00;tripinfo_flow_0.556 emissions_flow_0.556;126.00;flow_0.556;0;632.42;0.86;0.00;71.68;car;;1;56.00;309186.047029;8813.451375;47.159227;126.646625;8.166918;0;98636.103986
80280.00;E2J1_0;100.00;10.96;80208.00;0.00;A2A3_0;4.60;0.00;tripinfo_flow_0.557 emissions_flow_0.557;72.00;flow_0.557;0;632.42;0.86;0.00;17.86;car;;1;2.00;189062.077086;2733.300757;17.019942;76.557965;3.540495;0;60318.087837
80455.00;E2J1_0;100.00;13.13;80352.00;0.00;A2A3_0;4.60;0.00;tripinfo_flow_0.558 emissions_flow_0.558;103.00;flow_0.558;0;632.42;1.24;0.00;57.48;car;;1;42.00;287433.040082;7172.225252;39.164546;118.274350;7.210192;0;91697.991237
80554.00;E2J1_0;100.00;12.96;80496.00;0.00;A2A3_0;4.60;0.00;tripinfo_flow_0.559 emissions_flow_0.559;58.00;flow_0.559;0;632.42;1.03;0.00;11.72;car;;0;0.00;166909.271603;1853.337716;12.343759;67.011033;2.871929;0;53251.734243
80726.00;E2J1_0;100.00;13.09;80640.00;0.00;A2A3_0;4.60;0.00;tripinfo_flow_0.560 emissions_flow_0.560;86.00;flow_0.560;0;632.42;1.06;0.00;39.03;car;;1;24.00;251259.800132;5107.842263;29.024349;102.251592;5.613589;0;80159.798058
80907.00;E2J1_0;100.00;12.09;80784.00;0.00;A2A3_0;4.60;0.00;tripinfo_flow_0.561 emissions_flow_0.561;123.00;flow_0.561;0;632.42;0.93;0.00;73.83;car;;1;59.00;314779.267880;8975.803842;48.043146;130.218173;8.469174;0;100420.182671
80998.00;E2J1_0;100.00;11.79;80928.00;0.00;A2A3_0;4.60;0.00;tripinfo_flow_0.562 emissions_flow_0.562;70.00;flow_0.562;0;632.42;0.90;0.00;18.18;car;;1;3.00;188453.493284;2803.627274;17.299759;76.502006;3.615442;0;60123.832530
81176.00;E2J1_0;100.00;12.61;81072.00;0.00;A2A3_0;4.60;0.00;tripinfo_flow_0.563 emissions_flow_0.563;104.00;flow_0.563;0;632.42;0.97;0.00;56.87;car;;1;39.00;281823.344574;6896.587821;37.830603;115.708293;6.957338;0;89908.549387
81273.00;E2J1_0;100.00;13.20;81216.00;0.00;A2A3_0;4.60;0.00;tripinfo_flow_0.564 emissions_flow_0.564;57.00;flow_0.564;0;632.42;1.02;0.00;10.63;car;;0;0.00;177034.462945;2015.079203;13.452369;71.584351;3.121534;0;56481.892477
81447.00;E2J1_0;100.00;13.20;81360.00;0.00;A2A3_0;4.60;0.00;tripinfo_flow_0.565 emissions_flow_0.565;87.00;flow_0.565;0;632.42;0.97;0.00;38.11;car;;1;22.00;246599.326730;5163.400555;29.242444;101.244289;5.650819;0;78672.396769
81626.00;E2J1_0;100.00;12.67;81504.00;0.00;A2A3_0;4.60;0.00;tripinfo_flow_0.566 emissions_flow_0.566;122.00;flow_0.566;0;632.42;0.98;0.00;75.23;car;;1;59.00;332361.617391;9224.794578;49.407213;136.695656;8.770897;0;106029.977991
81718.00;E2J1_0;100.00;11.64;81648.00;0.00;A2A3_0;4.60;0.00;tripinfo_flow_0.567 emissions_flow_0.567;70.00;flow_0.567;0;632.42;0.93;0.00;20.19;car;;1;3.00;195803.134919;2748.711600;17.214077;79.286326;3.672365;0;62469.004836
81897.00;E2J1_0;100.00;12.28;81792.00;0.00;A2A3_0;4.60;0.00;tripinfo_flow_0.568 emissions_flow_0.568;105.00;flow_0.568;0;632.42;0.95;0.00;56.39;car;;1;41.00;284101.278724;7049.409333;38.628314;116.315196;7.015648;0;90635.170675
81995.00;E2J1_0;100.00;12.82;81936.00;0.00;A2A3_0;4.60;0.00;tripinfo_flow_0.569 emissions_flow_0.569;59.00;flow_0.569;0;632.42;0.98;0.00;11.54;car;;0;0.00;169764.187815;1944.410934;12.723046;67.187028;2.860856;0;54162.777796
82168.00;E2J1_0;100.00;12.45;82080.00;0.00;A2A3_0;4.60;0.00;tripinfo_flow_0.570 emissions_flow_0.570;88.00;flow_0.570;0;632.42;0.92;0.00;37.88;car;;1;22.00;239984.616497;4977.186258;28.331695;98.439123;5.431653;0;76562.089226
82346.00;E2J1_0;100.00;13.73;82224.00;0.00;A2A3_0;4.60;0.00;tripinfo_flow_0.571 emissions_flow_0.571;122.00;flow_0.571;0;632.42;1.07;0.00;75.63;car;;1;60.00;331675.941017;9255.232278;49.751027;137.813595;8.904880;0;105810.702584
82436.00;E2J1_0;100.00;13.05;82368.00;0.00;A2A3_0;4.60;0.00;tripinfo_flow_0.572 emissions_flow_0.572;68.00;flow_0.572;0;632.42;1.12;0.00;21.74;car;;1;5.00;209102.823508;3065.967093;19.030348;86.099456;4.152939;0;66711.635737
82616.00;E2J1_0;100.00;12.93;82512.00;0.00;A2A3_0;4.60;0.00;tripinfo_flow_0.573 emissions_flow_0.573;104.00;flow_0.573;0;632.42;1.00;0.00;56.78;car;;1;40.00;292443.026407;7153.773084;39.191658;120.033678;7.226697;0;93296.551629
82713.00;E2J1_0;100.00;13.20;82656.00;0.00;A2A3_0;4.60;0.00;tripinfo_flow_0.574 emissions_flow_0.574;57.00;flow_0.574;0;632.42;1.09;0.00;11.21;car;;0;0.00;172493.444178;1805.650997;12.319913;68.363389;2.833529;0;55033.749041
82885.00;E2J1_0;100.00;13.22;82800.00;0.00;A2A3_0;4.60;0.00;tripinfo_flow_0.575 emissions_flow_0.575;85.00;flow_0.575;0;632.42;1.01;0.00;39.30;car;;1;23.00;246146.989058;5150.264110;29.227178;102.259774;5.745162;0;78527.760143
83067.00;E2J1_0;100.00;13.18;82944.00;0.00;A2A3_0;4.60;0.00;tripinfo_flow_0.576 emissions_flow_0.576;123.00;flow_0.576;0;632.42;0.95;0.00;74.05;car;;1;57.00;318511.690045;8884.784769;47.653641;130.901043;8.407571;0;101611.443115
83158.00;E2J1_0;100.00;12.72;83088.00;0.00;A2A3_0;4.60;0.00;tripinfo_flow_0.577 emissions_flow_0.577;70.00;flow_0.577;0;632.42;0.93;0.00;20.28;car;;1;3.00;191900.582746;2877.047670;17.625956;77.757485;3.707362;0;61223.678973
83336.00;E2J1_0;100.00;13.05;83232.00;0.00;A2A3_0;4.60;0.00;tripinfo_flow_0.578 emissions_flow_0.578;104.00;flow_0.578;0;632.42;1.06;0.00;57.52;car;;1;40.00;286745.458888;7024.601779;38.469408;117.755989;7.075687;0;91478.861162
83434.00;E2J1_0;100.00;12.97;83376.00;0.00;A2A3_0;4.60;0.00;tripinfo_flow_0.579 emissions_flow_0.579;58.00;flow_0.579;0;632.42;1.06;0.00;11.60;car;;0;0.00;166065.064735;1791.583303;11.999467;65.650128;2.758121;0;52982.822520
83605.00;E2J1_0;100.00;13.44;83520.00;0.00;A2A3_0;4.60;0.00;tripinfo_flow_0.580 emissions_flow_0.580;85.00;flow_0.580;0;632.42;1.25;0.00;39.35;car;;1;24.00;248205.926635;5121.563996;29.098330;101.973124;5.661634;0;79185.103970
83786.00;E2J1_0;100.00;13.31;83664.00;0.00;A2A3_0;4.60;0.00;tripinfo_flow_0.581 emissions_flow_0.581;122.00;flow_0.581;0;632.42;1.06;0.00;75.97;car;;1;60.00;331929.512569;9181.217712;49.299227;136.411200;8.732714;0;105892.191054
83875.00;E2J1_0;100.00;13.06;83808.00;0.00;A2A3_0;4.60;0.00;tripinfo_flow_0.582 emissions_flow_0.582;67.00;flow_0.582;0;632.42;1.05;0.00;21.39;car;;1;5.00;201231.703500;2896.038691;18.022017;82.528899;3.928238;0;64200.631524
84056.00;E2J1_0;100.00;12.61;83952.00;0.00;A2A3_0;4.60;0.00;tripinfo_flow_0.583 emissions_flow_0.583;104.00;flow_0.583;0;632.42;1.12;0.00;57.73;car;;1;41.00;290280.942690;7123.028811;38.909981;118.322192;7.120139;0;92607.089321
84155.00;E2J1_0;100.00;12.88;84096.00;0.00;A2A3_0;4.60;0.00;tripinfo_flow_0.584 emissions_flow_0.584;59.00;flow_0.584;0;632.42;0.97;0.00;11.02;car;;0;0.00;173888.288331;1973.151488;13.045890;69.346472;2.976990;0;55478.423939
84328.00;E2J1_0;100.00;12.79;84240.00;0.00;A2A3_0;4.60;0.00;tripinfo_flow_0.585 emissions_flow_0.585;88.00;flow_0.585;0;632.42;0.93;0.00;37.59;car;;1;21.00;237679.621323;4981.914736;28.280767;97.415821;5.397609;0;75826.678799
84506.00;E2J1_0;100.00;12.80;84384.00;0.00;A2A3_0;4.60;0.00;tripinfo_flow_0.586 emissions_flow_0.586;122.00;flow_0.586;0;632.42;1.11;0.00;75.17;car;;1;59.00;332416.665837;9251.733755;49.637127;137.262956;8.859389;0;106047.358277
84599.00;E2J1_0;100.00;11.90;84528.00;0.00;A2A3_0;4.60;0.00;tripinfo_flow_0.587 emissions_flow_0.587;71.00;flow_0.587;0;632.42;0.87;0.00;17.62;car;;1;3.00;190131.247292;2765.897888;17.153661;76.742539;3.565834;0;60659.284705
84776.00;E2J1_0;100.00;13.44;84672.00;0.00;A2A3_0;4.60;0.00;tripinfo_flow_0.588 emissions_flow_0.588;104.00;flow_0.588;0;632.42;1.00;0.00;57.94;car;;1;41.00;293175.230007;7228.469291;39.697528;120.569748;7.282398;0;93529.930351
84873.00;E2J1_0;100.00;12.56;84816.00;0.00;A2A3_0;4.60;0.00;tripinfo_flow_0.589 emissions_flow_0.589;57.00;flow_0.589;0;632.42;0.99;0.00;10.86;car;;0;0.00;169483.339966;1999.315078;13.281769;69.594040;3.115542;0;54072.286232
85046.00;E2J1_0;100.00;12.69;84960.00;0.00;A2A3_0;4.60;0.00;tripinfo_flow_0.590 emissions_flow_0.590;86.00;flow_0.590;0;632.42;1.05;0.00;39.36;car;;1;22.00;245984.537952;5117.278460;29.068602;101.346539;5.658331;0;78476.226631
85226.00;E2J1_0;100.00;13.49;85104.00;0.00;A2A3_0;4.60;0.00;tripinfo_flow_0.591 emissions_flow_0.591;122.00;flow_0.591;0;632.42;1.00;0.00;75.06;car;;1;58.00;332517.860692;9149.820948;49.247527;137.212172;8.777462;0;106079.756090
85319.00;E2J1_0;100.00;12.30;85248.00;0.00;A2A3_0;4.60;0.00;tripinfo_flow_0.592 emissions_flow_0.592;71.00;flow_0.592;0;632.42;0.90;0.00;18.51;car;;1;2.00;193738.495622;2834.112121;17.568619;78.915543;3.719561;0;61809.946538
85497.00;E2J1_0;100.00;12.47;85392.00;0.00;A2A3_0;4.60;0.00;tripinfo_flow_0.593 emissions_flow_0.593;105.00;flow_0.593;0;632.42;0.92;0.00;54.66;car;;1;39.00;277151.522273;6864.273249;37.607412;113.248263;6.802398;0;88418.065177
85595.00;E2J1_0;100.00;12.51;85536.00;0.00;A2A3_0;4.60;0.00;tripinfo_flow_0.594 emissions_flow_0.594;59.00;flow_0.594;0;632.42;0.95;0.00;10.73;car;;0;0.00;171640.265026;1888.509234;12.778848;68.665994;2.889533;0;54761.093778
85767.00;E2J1_0;100.00;11.83;85680.00;0.00;A2A3_0;4.60;0.00;tripinfo_flow_0.595 emissions_flow_0.595;87.00;flow_0.595;0;632.42;0.94;0.00;37.76;car;;1;23.00;234823.021657;4978.083426;28.193938;96.856192;5.426208;0;74915.112716
85947.00;E2J1_0;100.00;12.11;85824.00;0.00;A2A3_0;4.60;0.00;tripinfo_flow_0.596 emissions_flow_0.596;123.00;flow_0.596;0;632.42;0.93;0.00;73.29;car;;1;59.00;327634.165999;9074.329540;48.742210;134.322003;8.565966;0;104521.846224
86035.00;E2J1_0;100.00;12.80;85968.00;0.00;A2A3_0;4.60;0.00;tripinfo_flow_0.597 emissions_flow_0.597;67.00;flow_0.597;0;632.42;1.06;0.00;21.27;car;;1;6.00;208130.126138;3080.221833;18.937356;85.051691;4.089418;0;66401.517561
86216.00;E2J1_0;100.00;13.22;86112.00;0.00;A2A3_0;4.60;0.00;tripinfo_flow_0.598 emissions_flow_0.598;104.00;flow_0.598;0;632.42;1.05;0.00;58.11;car;;1;40.00;289848.656980;7189.064839;39.390465;119.486232;7.256934;0;92468.565755
86312.00;E2J1_0;100.00;13.80;86256.00;0.00;A2A3_0;4.60;0.00;tripinfo_flow_0.599 emissions_flow_0.599;56.00;flow_0.599;0;632.42;1.13;0.00;9.91;car;;0;0.00;168983.074114;1842.985103;12.522207;68.466542;2.956903;0;53913.204330
