tripinfo_arrival;tripinfo_arrivalLane;tripinfo_arrivalPos;tripinfo_arrivalSpeed;tripinfo_depart;tripinfo_departDelay;tripinfo_departLane;tripinfo_departPos;tripinfo_departSpeed;tripinfo_devices;tripinfo_duration;tripinfo_id;tripinfo_rerouteNo;tripinfo_routeLength;tripinfo_speedFactor;tripinfo_stopTime;tripinfo_timeLoss;tripinfo_vType;tripinfo_vaporized;tripinfo_waitingCount;tripinfo_waitingTime;emissions_CO2_abs;emissions_CO_abs;emissions_HC_abs;emissions_NOx_abs;emissions_PMx_abs;emissions_electricity_abs;emissions_fuel_abs
86.00;E2J1_0;100.00;13.39;0.00;0.00;A2A3_0;4.60;0.00;tripinfo_flow_0.0 emissions_flow_0.0;86.00;flow_0.0;0;632.42;1.06;0.00;38.91;car;;1;23.00;242224.952847;5114.243572;28.915085;99.905087;5.621984;0;77276.694761
162.00;E2J1_0;100.00;9.37;0.00;0.00;A2A1_0;10.10;0.00;tripinfo_flow_1.0 emissions_flow_1.0;162.00;flow_1.0;0;632.08;0.94;60.00;37.96;bus;;1;8.00;386936.728716;12041.071591;63.508907;159.542592;10.745306;0;123438.086602
176.00;E2J1_0;100.00;13.65;93.00;0.40;A2A3_0;4.60;0.00;tripinfo_flow_0.1 emissions_flow_0.1;83.00;flow_0.1;0;632.42;1.01;0.00;35.88;car;;1;19.00;250168.818843;4905.660938;28.266531;102.819341;5.578618;0;79811.623668
265.00;E2J1_0;100.00;13.08;186.00;0.80;A2A3_0;4.60;0.00;tripinfo_flow_0.2 emissions_flow_0.2;79.00;flow_0.2;0;632.42;1.08;0.00;33.22;car;;1;18.00;238355.610061;4563.063416;26.397690;98.254722;5.282360;0;76042.916501
356.00;E2J1_0;100.00;13.87;278.00;0.20;A2A3_0;4.60;0.00;tripinfo_flow_0.3 emissions_flow_0.3;78.00;flow_0.3;0;632.42;1.03;0.00;30.91;car;;1;15.00;233975.099250;4225.653836;24.747653;95.396389;4.964538;0;74646.078561
450.00;E2J1_0;100.00;11.31;371.00;0.60;A2A3_0;4.60;0.00;tripinfo_flow_0.4 emissions_flow_0.4;79.00;flow_0.4;0;632.42;0.83;0.00;23.33;car;;1;6.00;196606.937829;3317.205835;19.756004;78.631727;3.819877;0;62724.809919
536.00;E2J1_0;100.00;13.27;463.00;0.00;A2A3_0;4.60;0.00;tripinfo_flow_0.5 emissions_flow_0.5;73.00;flow_0.5;0;632.42;1.05;0.00;26.47;car;;1;10.00;221089.959282;3652.388672;21.858623;90.526686;4.555036;0;70535.626531
628.00;E2J1_0;100.00;11.84;556.00;0.40;A2A3_0;4.60;0.00;tripinfo_flow_0.6 emissions_flow_0.6;72.00;flow_0.6;0;632.42;0.89;0.00;19.66;car;;1;5.00;195375.730703;3019.743839;18.423689;79.204906;3.794921;0;62332.164713
717.00;E2J1_0;100.00;12.92;649.00;0.80;A2A3_0;4.60;0.00;tripinfo_flow_0.7 emissions_flow_0.7;68.00;flow_0.7;0;632.42;0.94;0.00;18.56;car;;1;1.00;192533.395246;2719.285478;16.996481;78.558957;3.686040;0;61425.638652
808.00;E2J1_0;100.00;11.64;741.00;0.20;A2A3_0;4.60;0.00;tripinfo_flow_0.8 emissions_flow_0.8;67.00;flow_0.8;0;632.42;0.86;0.00;13.12;car;;0;0.00;172438.561274;2183.434192;14.104806;68.898333;2.989878;0;55015.247146
894.00;E2J1_0;100.00;13.42;834.00;0.60;A2A3_0;4.60;0.00;tripinfo_flow_0.9 emissions_flow_0.9;60.00;flow_0.9;0;632.42;1.09;0.00;13.79;car;;0;0.00;187731.398161;2165.744544;14.309580;75.888227;3.314842;0;59894.651227
984.00;E2J1_0;100.00;13.15;926.00;0.00;A2A3_0;4.60;0.00;tripinfo_flow_0.10 emissions_flow_0.10;58.00;flow_0.10;0;632.42;1.03;0.00;11.06;car;;0;0.00;167508.559771;1869.846892;12.514621;67.605762;2.928695;0;53442.801455
1076.00;E2J1_0;100.00;13.37;1019.00;0.40;A2A3_0;4.60;0.00;tripinfo_flow_0.11 emissions_flow_0.11;57.00;flow_0.11;0;632.42;1.05;0.00;11.14;car;;0;0.00;170602.025857;1939.317939;12.967670;69.397161;3.044722;0;54429.523146
1169.00;E2J1_0;100.00;12.67;1112.00;0.80;A2A3_0;4.60;0.00;tripinfo_flow_0.12 emissions_flow_0.12;57.00;flow_0.12;0;632.42;1.12;0.00;10.36;car;;0;0.00;164807.792503;1908.258258;12.740155;67.570413;3.002916;0;52580.684437
1263.00;E2J1_0;100.00;13.45;1204.00;0.20;A2A3_0;4.60;0.00;tripinfo_flow_0.13 emissions_flow_0.13;59.00;flow_0.13;0;632.42;0.99;0.00;11.89;car;;0;0.00;171489.803533;2047.385832;13.443291;69.763876;3.112862;0;54712.622233
1358.00;E2J1_0;100.00;11.94;1297.00;0.60;A2A3_0;4.60;0.00;tripinfo_flow_0.14 emissions_flow_0.14;61.00;flow_0.14;0;632.42;0.93;0.00;11.14;car;;0;0.00;166967.466073;1929.470555;12.782121;66.490514;2.817015;0;53270.180620
1454.00;E2J1_0;100.00;11.52;1389.00;0.00;A2A3_0;4.60;0.00;tripinfo_flow_0.15 emissions_flow_0.15;65.00;flow_0.15;0;632.42;0.88;0.00;11.59;car;;0;0.00;161161.257892;1947.282589;12.766306;64.624393;2.787154;0;51417.408915
1543.00;E2J1_0;100.00;11.88;1482.00;0.40;A2A3_0;4.60;0.00;tripinfo_flow_0.16 emissions_flow_0.16;61.00;flow_0.16;0;632.42;0.94;0.00;11.02;car;;0;0.00;163750.961425;1965.983216;12.993467;66.928252;2.967450;0;52243.364827
1637.00;E2J1_0;100.00;11.94;1575.00;0.80;A2A3_0;4.60;0.00;tripinfo_flow_0.17 emissions_flow_0.17;62.00;flow_0.17;0;632.42;0.94;0.00;11.98;car;;0;0.00;163433.367528;1929.224768;12.706358;66.167727;2.896982;0;52142.295197
1724.00;E2J1_0;100.00;12.93;1667.00;0.20;A2A3_0;4.60;0.00;tripinfo_flow_0.18 emissions_flow_0.18;57.00;flow_0.18;0;632.42;1.16;0.00;11.31;car;;0;0.00;167183.468988;1910.937840;12.581239;66.944484;2.903994;0;53339.218692
1817.00;E2J1_0;100.00;13.17;1760.00;0.60;A2A3_0;4.60;0.00;tripinfo_flow_0.19 emissions_flow_0.19;57.00;flow_0.19;0;632.42;1.02;0.00;11.18;car;;0;0.00;174486.442652;1975.288874;13.072657;70.015997;3.043000;0;55669.205296
1910.00;E2J1_0;100.00;12.81;1852.00;0.00;A2A3_0;4.60;0.00;tripinfo_flow_0.20 emissions_flow_0.20;58.00;flow_0.20;0;632.42;1.01;0.00;11.54;car;;0;0.00;172738.702335;1942.099518;12.968246;69.821661;3.025966;0;55111.390192
2066.00;E2J1_0;100.00;13.50;1945.00;0.40;A2A3_0;4.60;0.00;tripinfo_flow_0.21 emissions_flow_0.21;121.00;flow_0.21;0;632.42;0.97;0.00;73.55;car;;1;58.00;325609.336428;8898.956295;47.889243;133.971774;8.516015;0;103875.994904
2159.00;E2J1_0;100.00;12.03;2038.00;0.80;A2A3_0;4.60;0.00;tripinfo_flow_0.22 emissions_flow_0.22;121.00;flow_0.22;0;632.42;0.89;0.00;68.22;car;;1;52.00;302259.585566;8361.934780;44.956506;124.272406;7.917911;0;96426.680835
2251.00;E2J1_0;100.00;10.18;2130.00;0.20;A2A3_0;4.60;0.00;tripinfo_flow_0.23 emissions_flow_0.23;121.00;flow_0.23;0;632.42;0.83;0.00;65.34;car;;1;48.00;287823.615495;7954.526662;42.729533;116.818110;7.364884;0;91821.676116
2339.00;E2J1_0;100.00;10.93;2223.00;0.60;A2A3_0;4.60;0.00;tripinfo_flow_0.24 emissions_flow_0.24;116.00;flow_0.24;0;632.42;0.87;0.00;63.44;car;;1;48.00;292716.818553;7788.290539;42.132760;118.811955;7.349953;0;93383.194737
2428.00;E2J1_0;100.00;12.21;2315.00;0.00;A2A3_0;4.60;0.00;tripinfo_flow_0.25 emissions_flow_0.25;113.00;flow_0.25;0;632.42;0.92;0.00;61.40;car;;1;45.00;289996.843158;7435.034193;40.484671;118.149728;7.205686;0;92515.784345
2517.00;E2J1_0;100.00;12.72;2408.00;0.40;A2A3_0;4.60;0.00;tripinfo_flow_0.26 emissions_flow_0.26;109.00;flow_0.26;0;632.42;0.95;0.00;60.68;car;;1;44.00;290011.594646;7613.591253;41.343084;120.267798;7.502436;0;92519.645382
2606.00;E2J1_0;100.00;13.30;2501.00;0.80;A2A3_0;4.60;0.00;tripinfo_flow_0.27 emissions_flow_0.27;105.00;flow_0.27;0;632.42;1.13;0.00;58.74;car;;1;42.00;291240.073298;7097.979341;38.984372;119.646012;7.178460;0;92912.768592
2698.00;E2J1_0;100.00;12.52;2593.00;0.20;A2A3_0;4.60;0.00;tripinfo_flow_0.28 emissions_flow_0.28;105.00;flow_0.28;0;632.42;0.93;0.00;54.08;car;;1;38.00;275863.706617;6833.254277;37.502597;112.693613;6.752053;0;88007.186440
2786.00;E2J1_0;100.00;13.48;2686.00;0.60;A2A3_0;4.60;0.00;tripinfo_flow_0.29 emissions_flow_0.29;100.00;flow_0.29;0;632.42;1.18;0.00;53.73;car;;1;37.00;280339.705471;6604.051797;36.371374;114.115566;6.697884;0;89435.954363
2876.00;E2J1_0;100.00;12.66;2778.00;0.00;A2A3_0;4.60;0.00;tripinfo_flow_0.30 emissions_flow_0.30;98.00;flow_0.30;0;632.42;1.15;0.00;51.96;car;;1;36.00;270920.548586;6403.908294;35.330931;110.929683;6.552729;0;86430.739049
2966.00;E2J1_0;100.00;12.71;2871.00;0.40;A2A3_0;4.60;0.00;tripinfo_flow_0.31 emissions_flow_0.31;95.00;flow_0.31;0;632.42;1.01;0.00;48.15;car;;1;31.00;266255.513479;6184.694701;34.306631;110.156142;6.478866;0;84942.233291
3055.00;E2J1_0;100.00;12.70;2964.00;0.80;A2A3_0;4.60;0.00;tripinfo_flow_0.32 emissions_flow_0.32;91.00;flow_0.32;0;632.42;1.17;0.00;45.45;car;;1;31.00;262164.650927;5871.438909;32.813724;107.644905;6.209496;0;83637.737278
3146.00;E2J1_0;100.00;13.59;3056.00;0.20;A2A3_0;4.60;0.00;tripinfo_flow_0.33 emissions_flow_0.33;90.00;flow_0.33;0;632.42;0.99;0.00;43.44;car;;1;28.00;252804.582016;5558.214271;31.230314;104.129347;5.942653;0;80651.588973
3236.00;E2J1_0;100.00;12.99;3149.00;0.60;A2A3_0;4.60;0.00;tripinfo_flow_0.34 emissions_flow_0.34;87.00;flow_0.34;0;632.42;1.02;0.00;39.41;car;;1;22.00;251794.088268;5146.157074;29.229780;103.430877;5.710863;0;80329.889250
3326.00;E2J1_0;100.00;12.77;3241.00;0.00;A2A3_0;4.60;0.00;tripinfo_flow_0.35 emissions_flow_0.35;85.00;flow_0.35;0;632.42;0.97;0.00;36.88;car;;1;22.00;242637.153100;4907.488832;28.009498;99.510350;5.465248;0;77408.635398
3416.00;E2J1_0;100.00;13.39;3334.00;0.40;A2A3_0;4.60;0.00;tripinfo_flow_0.36 emissions_flow_0.36;82.00;flow_0.36;0;632.42;1.18;0.00;35.12;car;;1;18.00;240580.065643;4682.784986;26.932116;98.422977;5.313230;0;76752.706029
3506.00;E2J1_0;100.00;12.66;3427.00;0.80;A2A3_0;4.60;0.00;tripinfo_flow_0.37 emissions_flow_0.37;79.00;flow_0.37;0;632.42;1.10;0.00;31.95;car;;1;17.00;227392.846491;4374.735059;25.346830;94.152840;5.090358;0;72545.259918
3598.00;E2J1_0;100.00;12.45;3519.00;0.20;A2A3_0;4.60;0.00;tripinfo_flow_0.38 emissions_flow_0.38;79.00;flow_0.38;0;632.42;0.90;0.00;27.72;car;;1;11.00;207643.326381;3693.307174;21.793676;84.782850;4.330913;0;66245.157256
3686.00;E2J1_0;100.00;13.86;3612.00;0.60;A2A3_0;4.60;0.00;tripinfo_flow_0.39 emissions_flow_0.39;74.00;flow_0.39;0;632.42;1.03;0.00;26.92;car;;1;13.00;223412.283909;3881.473549;22.966969;91.923620;4.757312;0;71276.157299
3776.00;E2J1_0;100.00;13.22;3704.00;0.00;A2A3_0;4.60;0.00;tripinfo_flow_0.40 emissions_flow_0.40;72.00;flow_0.40;0;632.42;0.96;0.00;22.77;car;;1;6.00;210597.312907;3375.259143;20.345676;85.806074;4.229048;0;67188.279042
3866.00;E2J1_0;100.00;13.24;3797.00;0.40;A2A3_0;4.60;0.00;tripinfo_flow_0.41 emissions_flow_0.41;69.00;flow_0.41;0;632.42;1.09;0.00;22.52;car;;1;4.00;211631.981281;3157.001920;19.506142;86.890458;4.196584;0;67518.512305
3956.00;E2J1_0;100.00;13.67;3890.00;0.80;A2A3_0;4.60;0.00;tripinfo_flow_0.42 emissions_flow_0.42;66.00;flow_0.42;0;632.42;1.04;0.00;19.77;car;;1;4.00;209784.327727;3014.859549;18.844059;87.133337;4.207683;0;66928.912762
4046.00;E2J1_0;100.00;12.62;3982.00;0.20;A2A3_0;4.60;0.00;tripinfo_flow_0.43 emissions_flow_0.43;64.00;flow_0.43;0;632.42;1.04;0.00;17.65;car;;1;2.00;203169.529530;2881.480814;18.111014;84.732738;4.094516;0;64818.498544
4135.00;E2J1_0;100.00;13.49;4075.00;0.60;A2A3_0;4.60;0.00;tripinfo_flow_0.44 emissions_flow_0.44;60.00;flow_0.44;0;632.42;1.09;0.00;13.65;car;;0;0.00;192466.117331;2302.056066;15.161648;79.101848;3.556607;0;61404.699248
4225.00;E2J1_0;100.00;12.57;4167.00;0.00;A2A3_0;4.60;0.00;tripinfo_flow_0.45 emissions_flow_0.45;58.00;flow_0.45;0;632.42;1.00;0.00;10.67;car;;0;0.00;170619.879753;1911.369724;12.864012;68.877947;2.964986;0;54435.382802
4323.00;E2J1_0;100.00;11.95;4260.00;0.40;A2A3_0;4.60;0.00;tripinfo_flow_0.46 emissions_flow_0.46;63.00;flow_0.46;0;632.42;0.90;0.00;11.69;car;;0;0.00;161987.151898;1892.030079;12.456585;64.508344;2.748476;0;51681.191011
4416.00;E2J1_0;100.00;11.54;4353.00;0.80;A2A3_0;4.60;0.00;tripinfo_flow_0.47 emissions_flow_0.47;63.00;flow_0.47;0;632.42;0.88;0.00;10.51;car;;0;0.00;164755.331595;2002.352519;13.149619;67.085056;2.956918;0;52563.775660
4510.00;E2J1_0;100.00;11.44;4445.00;0.20;A2A3_0;4.60;0.00;tripinfo_flow_0.48 emissions_flow_0.48;65.00;flow_0.48;0;632.42;0.85;0.00;10.58;car;;0;0.00;157615.120556;1955.197289;12.740735;63.378422;2.753425;0;50285.882474
4604.00;E2J1_0;100.00;11.79;4538.00;0.60;A2A3_0;4.60;0.00;tripinfo_flow_0.49 emissions_flow_0.49;66.00;flow_0.49;0;632.42;0.85;0.00;11.00;car;;0;0.00;164327.521023;2068.917307;13.408102;66.075743;2.885792;0;52427.381371
4687.00;E2J1_0;100.00;13.26;4630.00;0.00;A2A3_0;4.60;0.00;tripinfo_flow_0.50 emissions_flow_0.50;57.00;flow_0.50;0;632.42;1.17;0.00;10.22;car;;0;0.00;169438.409540;1841.240086;12.266985;67.456986;2.856441;0;54058.944641
4780.00;E2J1_0;100.00;13.40;4723.00;0.40;A2A3_0;4.60;0.00;tripinfo_flow_0.51 emissions_flow_0.51;57.00;flow_0.51;0;632.42;1.02;0.00;10.48;car;;0;0.00;172421.367035;1879.456825;12.636657;69.203286;2.969781;0;55010.429395
4873.00;E2J1_0;100.00;13.33;4816.00;0.80;A2A3_0;4.60;0.00;tripinfo_flow_0.52 emissions_flow_0.52;57.00;flow_0.52;0;632.42;1.10;0.00;10.24;car;;0;0.00;168644.937761;1856.460642;12.382449;67.686098;2.904909;0;53805.577862
4965.00;E2J1_0;100.00;13.59;4908.00;0.20;A2A3_0;4.60;0.00;tripinfo_flow_0.53 emissions_flow_0.53;57.00;flow_0.53;0;632.42;1.00;0.00;11.01;car;;0;0.00;172462.629894;1961.919250;12.979683;69.644929;3.050253;0;55023.354358
5058.00;E2J1_0;100.00;13.65;5001.00;0.60;A2A3_0;4.60;0.00;tripinfo_flow_0.54 emissions_flow_0.54;57.00;flow_0.54;0;632.42;1.00;0.00;10.85;car;;0;0.00;171496.491101;1880.937243;12.658186;68.874861;2.931396;0;54715.270055
5218.00;E2J1_0;100.00;12.40;5093.00;0.00;A2A3_0;4.60;0.00;tripinfo_flow_0.55 emissions_flow_0.55;125.00;flow_0.55;0;632.42;0.90;0.00;73.72;car;;1;58.00;319461.346675;8975.462235;48.050774;131.067192;8.433949;0;101914.336222
5305.00;E2J1_0;100.00;13.36;5186.00;0.40;A2A3_0;4.60;0.00;tripinfo_flow_0.56 emissions_flow_0.56;119.00;flow_0.56;0;632.42;1.14;0.00;73.40;car;;1;59.00;328594.406139;9095.085861;48.887941;136.069613;8.761311;0;104827.930878
5396.00;E2J1_0;100.00;13.31;5279.00;0.80;A2A3_0;4.60;0.00;tripinfo_flow_0.57 emissions_flow_0.57;117.00;flow_0.57;0;632.42;1.02;0.00;71.14;car;;1;52.00;315962.890924;8502.680705;45.938651;130.283646;8.247053;0;100798.691075
5487.00;E2J1_0;100.00;13.37;5371.00;0.20;A2A3_0;4.60;0.00;tripinfo_flow_0.58 emissions_flow_0.58;116.00;flow_0.58;0;632.42;0.97;0.00;68.18;car;;1;51.00;306998.294383;8234.428080;44.297210;125.753064;7.929272;0;97939.137028
5576.00;E2J1_0;100.00;12.86;5464.00;0.60;A2A3_0;4.60;0.00;tripinfo_flow_0.59 emissions_flow_0.59;112.00;flow_0.59;0;632.42;1.08;0.00;65.79;car;;1;51.00;303008.454837;8068.176901;43.612241;124.718349;7.846651;0;96666.181534
5666.00;E2J1_0;100.00;13.85;5556.00;0.00;A2A3_0;4.60;0.00;tripinfo_flow_0.60 emissions_flow_0.60;110.00;flow_0.60;0;632.42;1.12;0.00;63.79;car;;1;48.00;308971.108362;7942.466282;43.258423;127.523662;7.874583;0;98568.629472
5756.00;E2J1_0;100.00;12.95;5649.00;0.40;A2A3_0;4.60;0.00;tripinfo_flow_0.61 emissions_flow_0.61;107.00;flow_0.61;0;632.42;1.02;0.00;60.39;car;;1;44.00;297688.964178;7635.230645;41.542519;122.965883;7.599617;0;94969.401848
5846.00;E2J1_0;100.00;13.17;5742.00;0.80;A2A3_0;4.60;0.00;tripinfo_flow_0.62 emissions_flow_0.62;104.00;flow_0.62;0;632.42;0.99;0.00;56.84;car;;1;39.00;291552.226754;7252.513011;39.781939;121.232154;7.403497;0;93011.671233
5937.00;E2J1_0;100.00;12.47;5834.00;0.20;A2A3_0;4.60;0.00;tripinfo_flow_0.63 emissions_flow_0.63;103.00;flow_0.63;0;632.42;0.94;0.00;53.22;car;;1;36.00;275861.858213;6577.427484;36.276407;112.418490;6.613548;0;88007.081285
6029.00;E2J1_0;100.00;11.50;5927.00;0.60;A2A3_0;4.60;0.00;tripinfo_flow_0.64 emissions_flow_0.64;102.00;flow_0.64;0;632.42;0.88;0.00;48.91;car;;1;33.00;261273.447613;6245.061552;34.387176;106.260724;6.251176;0;83352.978888
6118.00;E2J1_0;100.00;11.84;6019.00;0.00;A2A3_0;4.60;0.00;tripinfo_flow_0.65 emissions_flow_0.65;99.00;flow_0.65;0;632.42;0.91;0.00;47.33;car;;1;32.00;254464.062285;5951.735440;32.952038;103.732469;6.030168;0;81180.719488
6207.00;E2J1_0;100.00;11.77;6112.00;0.40;A2A3_0;4.60;0.00;tripinfo_flow_0.66 emissions_flow_0.66;95.00;flow_0.66;0;632.42;0.91;0.00;44.56;car;;1;28.00;243762.759930;5721.693204;31.754683;100.402887;5.879237;0;77766.371701
6296.00;E2J1_0;100.00;13.50;6205.00;0.80;A2A3_0;4.60;0.00;tripinfo_flow_0.67 emissions_flow_0.67;91.00;flow_0.67;0;632.42;1.04;0.00;44.07;car;;1;27.00;263992.178700;5700.347724;31.997249;108.133287;6.145296;0;84221.190952
6385.00;E2J1_0;100.00;13.16;6297.00;0.20;A2A3_0;4.60;0.00;tripinfo_flow_0.68 emissions_flow_0.68;88.00;flow_0.68;0;632.42;1.02;0.00;41.78;car;;1;24.00;252136.739843;5492.391580;30.935736;104.789783;5.995039;0;80438.323509
6476.00;E2J1_0;100.00;13.33;6390.00;0.60;A2A3_0;4.60;0.00;tripinfo_flow_0.69 emissions_flow_0.69;86.00;flow_0.69;0;632.42;1.02;0.00;38.94;car;;1;23.00;251529.927693;5183.616936;29.521365;103.691466;5.757354;0;80245.401706
6567.00;E2J1_0;100.00;12.36;6482.00;0.00;A2A3_0;4.60;0.00;tripinfo_flow_0.70 emissions_flow_0.70;85.00;flow_0.70;0;632.42;0.97;0.00;36.85;car;;1;19.00;240635.057078;4863.442618;27.839846;99.176516;5.448330;0;76769.703641
6657.00;E2J1_0;100.00;12.46;6575.00;0.40;A2A3_0;4.60;0.00;tripinfo_flow_0.71 emissions_flow_0.71;82.00;flow_0.71;0;632.42;0.94;0.00;32.49;car;;1;16.00;228667.094461;4284.434707;24.896119;92.920026;4.867657;0;72952.380889
6746.00;E2J1_0;100.00;13.65;6668.00;0.80;A2A3_0;4.60;0.00;tripinfo_flow_0.72 emissions_flow_0.72;78.00;flow_0.72;0;632.42;1.06;0.00;32.02;car;;1;13.00;224847.684735;4172.791613;24.317217;93.021302;4.932237;0;71733.478436
6837.00;E2J1_0;100.00;12.17;6760.00;0.20;A2A3_0;4.60;0.00;tripinfo_flow_0.73 emissions_flow_0.73;77.00;flow_0.73;0;632.42;0.96;0.00;27.78;car;;1;11.00;213462.630685;3864.667078;22.633837;87.699904;4.575174;0;68101.582593
6926.00;E2J1_0;100.00;13.19;6853.00;0.60;A2A3_0;4.60;0.00;tripinfo_flow_0.74 emissions_flow_0.74;73.00;flow_0.74;0;632.42;0.98;0.00;25.27;car;;1;9.00;214272.370490;3474.100115;20.864228;87.762201;4.379798;0;68360.626369
7016.00;E2J1_0;100.00;13.89;6945.00;0.00;A2A3_0;4.60;0.00;tripinfo_flow_0.75 emissions_flow_0.75;71.00;flow_0.75;0;632.42;1.03;0.00;23.67;car;;1;8.00;218489.880414;3474.303463;20.963994;89.318719;4.423800;0;69706.339005
7106.00;E2J1_0;100.00;12.42;7038.00;0.40;A2A3_0;4.60;0.00;tripinfo_flow_0.76 emissions_flow_0.76;68.00;flow_0.76;0;632.42;0.98;0.00;21.40;car;;1;6.00;202106.450559;3098.855025;18.950330;82.803860;4.038281;0;64479.455136
7196.00;E2J1_0;100.00;12.91;7131.00;0.80;A2A3_0;4.60;0.00;tripinfo_flow_0.77 emissions_flow_0.77;65.00;flow_0.77;0;632.42;1.01;0.00;18.59;car;;1;4.00;212996.499794;3081.405785;19.219268;88.086261;4.252814;0;67953.831286
7286.00;E2J1_0;100.00;13.02;7223.00;0.20;A2A3_0;4.60;0.00;tripinfo_flow_0.78 emissions_flow_0.78;63.00;flow_0.78;0;632.42;1.03;0.00;17.36;car;;0;0.00;194156.518198;2673.872083;16.884722;80.341582;3.807922;0;61943.320320
7363.00;E2J1_0;100.00;9.52;7200.00;0.00;A2A1_0;10.10;0.00;tripinfo_flow_1.1 emissions_flow_1.1;163.00;flow_1.1;0;632.08;1.09;60.00;38.41;bus;;2;10.00;386699.641851;12011.621628;63.370516;159.357922;10.722818;0;123362.519286
7374.00;E2J1_0;100.00;12.83;7316.00;0.60;A2A3_0;4.60;0.00;tripinfo_flow_0.79 emissions_flow_0.79;58.00;flow_0.79;0;632.42;1.00;0.00;10.70;car;;0;0.00;172798.623440;1961.427583;13.060089;70.151271;3.056724;0;55130.387859
7465.00;E2J1_0;100.00;13.67;7408.00;0.00;A2A3_0;4.60;0.00;tripinfo_flow_0.80 emissions_flow_0.80;57.00;flow_0.80;0;632.42;1.02;0.00;10.71;car;;0;0.00;171425.032281;1956.010235;13.127397;69.885095;3.070047;0;54692.000868
7558.00;E2J1_0;100.00;13.00;7501.00;0.40;A2A3_0;4.60;0.00;tripinfo_flow_0.81 emissions_flow_0.81;57.00;flow_0.81;0;632.42;0.97;0.00;9.70;car;;0;0.00;169089.711671;1938.909144;12.959090;69.342573;3.078197;0;53946.804839
7650.00;E2J1_0;100.00;13.81;7594.00;0.80;A2A3_0;4.60;0.00;tripinfo_flow_0.82 emissions_flow_0.82;56.00;flow_0.82;0;632.42;1.15;0.00;9.67;car;;0;0.00;164063.649296;1875.802600;12.535579;67.104591;2.977893;0;52343.398145
7745.00;E2J1_0;100.00;12.72;7686.00;0.20;A2A3_0;4.60;0.00;tripinfo_flow_0.83 emissions_flow_0.83;59.00;flow_0.83;0;632.42;0.98;0.00;11.99;car;;0;0.00;165382.996856;1925.638985;12.748260;67.102217;2.958277;0;52764.395755
7837.00;E2J1_0;100.00;13.51;7779.00;0.60;A2A3_0;4.60;0.00;tripinfo_flow_0.84 emissions_flow_0.84;58.00;flow_0.84;0;632.42;1.00;0.00;11.08;car;;0;0.00;170206.810841;1927.274365;12.918810;69.000422;3.002273;0;54303.480987
7928.00;E2J1_0;100.00;13.18;7871.00;0.00;A2A3_0;4.60;0.00;tripinfo_flow_0.85 emissions_flow_0.85;57.00;flow_0.85;0;632.42;1.04;0.00;10.40;car;;0;0.00;167662.832817;1804.124807;12.080264;66.655321;2.800501;0;53492.473535
8021.00;E2J1_0;100.00;13.49;7964.00;0.40;A2A3_0;4.60;0.00;tripinfo_flow_0.86 emissions_flow_0.86;57.00;flow_0.86;0;632.42;1.01;0.00;10.76;car;;0;0.00;174795.436217;1931.760940;12.919736;70.375440;3.029953;0;55767.755471
8114.00;E2J1_0;100.00;13.74;8057.00;0.80;A2A3_0;4.60;0.00;tripinfo_flow_0.87 emissions_flow_0.87;57.00;flow_0.87;0;632.42;1.02;0.00;11.18;car;;0;0.00;175461.687081;1983.562877;13.201475;70.778267;3.082840;0;55980.211189
8206.00;E2J1_0;100.00;12.85;8149.00;0.20;A2A3_0;4.60;0.00;tripinfo_flow_0.88 emissions_flow_0.88;57.00;flow_0.88;0;632.42;1.02;0.00;10.42;car;;0;0.00;170758.521811;2038.595767;13.444462;70.220120;3.155289;0;54479.068737
8369.00;E2J1_0;100.00;11.44;8242.00;0.60;A2A3_0;4.60;0.00;tripinfo_flow_0.89 emissions_flow_0.89;127.00;flow_0.89;0;632.42;0.89;0.00;74.34;car;;1;59.00;317786.619771;9055.313466;48.429286;130.308730;8.422598;0;101379.852267
8461.00;E2J1_0;100.00;11.28;8334.00;0.00;A2A3_0;4.60;0.00;tripinfo_flow_0.90 emissions_flow_0.90;127.00;flow_0.90;0;632.42;0.83;0.00;70.73;car;;1;55.00;303944.229276;8636.167298;46.178907;123.310471;7.902559;0;96964.208712
8547.00;E2J1_0;100.00;11.89;8427.00;0.40;A2A3_0;4.60;0.00;tripinfo_flow_0.91 emissions_flow_0.91;120.00;flow_0.91;0;632.42;0.92;0.00;70.11;car;;1;55.00;312148.391904;8699.850622;46.687451;128.838085;8.291442;0;99581.260576
8636.00;E2J1_0;100.00;13.19;8520.00;0.80;A2A3_0;4.60;0.00;tripinfo_flow_0.92 emissions_flow_0.92;116.00;flow_0.92;0;632.42;1.09;0.00;69.86;car;;1;52.00;317803.920369;8460.609091;45.810936;130.740742;8.208883;0;101386.228057
8726.00;E2J1_0;100.00;12.69;8612.00;0.20;A2A3_0;4.60;0.00;tripinfo_flow_0.93 emissions_flow_0.93;114.00;flow_0.93;0;632.42;1.06;0.00;67.06;car;;1;51.00;312869.737338;8392.304866;45.402157;129.746580;8.222123;0;99811.732005
8816.00;E2J1_0;100.00;13.56;8705.00;0.60;A2A3_0;4.60;0.00;tripinfo_flow_0.94 emissions_flow_0.94;111.00;flow_0.94;0;632.42;1.01;0.00;65.33;car;;1;48.00;307460.173734;7942.071500;43.201979;127.061960;7.882959;0;98086.537251
8908.00;E2J1_0;100.00;11.97;8797.00;0.00;A2A3_0;4.60;0.00;tripinfo_flow_0.95 emissions_flow_0.95;111.00;flow_0.95;0;632.42;0.91;0.00;59.89;car;;1;42.00;285239.671016;7297.095133;39.776269;116.640581;7.110179;0;90998.001503
8996.00;E2J1_0;100.00;13.45;8890.00;0.40;A2A3_0;4.60;0.00;tripinfo_flow_0.96 emissions_flow_0.96;106.00;flow_0.96;0;632.42;1.12;0.00;59.98;car;;1;43.00;300803.252910;7567.124365;41.432138;124.772073;7.652722;0;95962.955815
9085.00;E2J1_0;100.00;12.74;8983.00;0.80;A2A3_0;4.60;0.00;tripinfo_flow_0.97 emissions_flow_0.97;102.00;flow_0.97;0;632.42;1.10;0.00;56.41;car;;1;40.00;282703.522887;6968.258399;38.146913;116.613966;7.065911;0;90189.190139
9176.00;E2J1_0;100.00;12.61;9075.00;0.20;A2A3_0;4.60;0.00;tripinfo_flow_0.98 emissions_flow_0.98;101.00;flow_0.98;0;632.42;1.06;0.00;53.95;car;;1;39.00;285460.162844;6916.922367;38.128012;118.130464;7.101619;0;91068.605491
9267.00;E2J1_0;100.00;12.36;9168.00;0.60;A2A3_0;4.60;0.00;tripinfo_flow_0.99 emissions_flow_0.99;99.00;flow_0.99;0;632.42;0.96;0.00;49.69;car;;1;33.00;273346.554009;6261.936074;34.845488;111.988715;6.491245;0;87204.844177
9357.00;E2J1_0;100.00;12.68;9260.00;0.00;A2A3_0;4.60;0.00;tripinfo_flow_0.100 emissions_flow_0.100;97.00;flow_0.100;0;632.42;0.97;0.00;47.60;car;;1;33.00;265611.044891;6118.221945;33.979104;108.996744;6.351201;0;84736.947395
9447.00;E2J1_0;100.00;11.98;9353.00;0.40;A2A3_0;4.60;0.00;tripinfo_flow_0.101 emissions_flow_0.101;94.00;flow_0.101;0;632.42;0.95;0.00;44.93;car;;1;29.00;259557.278159;5665.888475;31.747514;105.250414;5.931630;0;82806.440619
9538.00;E2J1_0;100.00;11.44;9446.00;0.80;A2A3_0;4.60;0.00;tripinfo_flow_0.102 emissions_flow_0.102;92.00;flow_0.102;0;632.42;0.89;0.00;40.59;car;;1;25.00;243711.864892;5300.602897;29.843483;99.395618;5.575154;0;77751.001092
9626.00;E2J1_0;100.00;13.85;9538.00;0.20;A2A3_0;4.60;0.00;tripinfo_flow_0.103 emissions_flow_0.103;88.00;flow_0.103;0;632.42;1.07;0.00;41.10;car;;1;25.00;256494.175501;5389.437137;30.518250;105.703967;5.925600;0;81829.038192
9715.00;E2J1_0;100.00;13.87;9631.00;0.60;A2A3_0;4.60;0.00;tripinfo_flow_0.104 emissions_flow_0.104;84.00;flow_0.104;0;632.42;1.01;0.00;37.38;car;;1;22.00;247832.524487;4938.620009;28.164209;101.260970;5.493807;0;79066.382136
9805.00;E2J1_0;100.00;13.28;9723.00;0.00;A2A3_0;4.60;0.00;tripinfo_flow_0.105 emissions_flow_0.105;82.00;flow_0.105;0;632.42;1.03;0.00;35.64;car;;1;21.00;237599.387291;4717.375074;27.084515;98.001960;5.346785;0;75801.369647
9896.00;E2J1_0;100.00;13.18;9816.00;0.40;A2A3_0;4.60;0.00;tripinfo_flow_0.106 emissions_flow_0.106;80.00;flow_0.106;0;632.42;1.06;0.00;34.34;car;;1;17.00;232780.235287;4552.573587;26.136425;95.797707;5.200201;0;74264.106582
9987.00;E2J1_0;100.00;12.61;9909.00;0.80;A2A3_0;4.60;0.00;tripinfo_flow_0.107 emissions_flow_0.107;78.00;flow_0.107;0;632.42;0.96;0.00;29.24;car;;1;13.00;228195.437308;3938.727399;23.251661;92.540821;4.681086;0;72802.480559
10078.00;E2J1_0;100.00;12.39;10001.00;0.20;A2A3_0;4.60;0.00;tripinfo_flow_0.108 emissions_flow_0.108;77.00;flow_0.108;0;632.42;0.93;0.00;25.95;car;;1;9.00;214330.415191;3552.814832;21.073769;86.037359;4.244019;0;68379.469367
10169.00;E2J1_0;100.00;11.48;10094.00;0.60;A2A3_0;4.60;0.00;tripinfo_flow_0.109 emissions_flow_0.109;75.00;flow_0.109;0;632.42;0.87;0.00;22.28;car;;1;8.00;200835.358900;3335.281887;19.995092;81.714276;4.036825;0;64073.568048
10256.00;E2J1_0;100.00;13.65;10186.00;0.00;A2A3_0;4.60;0.00;tripinfo_flow_0.110 emissions_flow_0.110;70.00;flow_0.110;0;632.42;1.10;0.00;22.75;car;;1;8.00;220776.373815;3510.078315;21.280594;90.715983;4.509848;0;70435.645888
10346.00;E2J1_0;100.00;12.60;10279.00;0.40;A2A3_0;4.60;0.00;tripinfo_flow_0.111 emissions_flow_0.111;67.00;flow_0.111;0;632.42;1.01;0.00;20.93;car;;1;3.00;204030.705971;3037.320436;18.825301;84.650860;4.127246;0;65093.147230
10436.00;E2J1_0;100.00;13.86;10372.00;0.80;A2A3_0;4.60;0.00;tripinfo_flow_0.112 emissions_flow_0.112;64.00;flow_0.112;0;632.42;1.10;0.00;17.05;car;;1;1.00;206118.923789;2704.048029;17.226341;84.601661;3.927072;0;65760.230324
10526.00;E2J1_0;100.00;12.18;10464.00;0.20;A2A3_0;4.60;0.00;tripinfo_flow_0.113 emissions_flow_0.113;62.00;flow_0.113;0;632.42;0.92;0.00;11.18;car;;0;0.00;174396.734761;1959.586714;13.116398;69.591784;2.935555;0;55640.500297
10614.00;E2J1_0;100.00;13.62;10557.00;0.60;A2A3_0;4.60;0.00;tripinfo_flow_0.114 emissions_flow_0.114;57.00;flow_0.114;0;632.42;1.18;0.00;10.72;car;;0;0.00;176127.957202;1919.795972;12.913380;70.614306;3.029737;0;56193.045641
10707.00;E2J1_0;100.00;13.63;10649.00;0.00;A2A3_0;4.60;0.00;tripinfo_flow_0.115 emissions_flow_0.115;58.00;flow_0.115;0;632.42;1.00;0.00;11.74;car;;0;0.00;178740.797156;2004.891945;13.387469;71.786738;3.082221;0;57026.481458
10801.00;E2J1_0;100.00;13.41;10742.00;0.40;A2A3_0;4.60;0.00;tripinfo_flow_0.116 emissions_flow_0.116;59.00;flow_0.116;0;632.42;0.99;0.00;11.55;car;;0;0.00;179378.710054;2143.659602;14.084748;73.182317;3.268196;0;57229.455104
10892.00;E2J1_0;100.00;13.36;10835.00;0.80;A2A3_0;4.60;0.00;tripinfo_flow_0.117 emissions_flow_0.117;57.00;flow_0.117;0;632.42;1.07;0.00;10.85;car;;0;0.00;170928.806061;1946.820796;13.031380;69.534721;3.058495;0;54533.783421
10987.00;E2J1_0;100.00;12.68;10927.00;0.20;A2A3_0;4.60;0.00;tripinfo_flow_0.118 emissions_flow_0.118;60.00;flow_0.118;0;632.42;0.94;0.00;10.32;car;;0;0.00;162058.367637;1835.531589;12.199786;64.779029;2.756536;0;51704.000341
11077.00;E2J1_0;100.00;12.87;11020.00;0.60;A2A3_0;4.60;0.00;tripinfo_flow_0.119 emissions_flow_0.119;57.00;flow_0.119;0;632.42;1.10;0.00;9.71;car;;0;0.00;173440.223311;1896.273808;12.725143;69.202788;2.936631;0;55335.577478
11169.00;E2J1_0;100.00;13.08;11112.00;0.00;A2A3_0;4.60;0.00;tripinfo_flow_0.120 emissions_flow_0.120;57.00;flow_0.120;0;632.42;1.03;0.00;11.20;car;;0;0.00;168683.148671;1898.380355;12.790022;68.509166;2.981419;0;53817.345708
11262.00;E2J1_0;100.00;13.88;11205.00;0.40;A2A3_0;4.60;0.00;tripinfo_flow_0.121 emissions_flow_0.121;57.00;flow_0.121;0;632.42;1.02;0.00;10.69;car;;0;0.00;175101.789493;2062.262762;13.658611;71.880432;3.229766;0;55864.863884
11355.00;E2J1_0;100.00;12.98;11298.00;0.80;A2A3_0;4.60;0.00;tripinfo_flow_0.122 emissions_flow_0.122;57.00;flow_0.122;0;632.42;1.06;0.00;10.55;car;;0;0.00;165758.178611;1754.657322;11.850279;65.783811;2.746474;0;52884.840262
11446.00;E2J1_0;100.00;13.79;11390.00;0.20;A2A3_0;4.60;0.00;tripinfo_flow_0.123 emissions_flow_0.123;56.00;flow_0.123;0;632.42;1.15;0.00;10.00;car;;0;0.00;161147.130186;1710.293195;11.592789;64.679317;2.749915;0;51413.478274
11540.00;E2J1_0;100.00;12.69;11483.00;0.60;A2A3_0;4.60;0.00;tripinfo_flow_0.124 emissions_flow_0.124;57.00;flow_0.124;0;632.42;1.03;0.00;10.11;car;;0;0.00;171473.083777;1963.286314;12.961374;69.436354;3.048810;0;54707.583502
11700.00;E2J1_0;100.00;11.20;11575.00;0.00;A2A3_0;4.60;0.00;tripinfo_flow_0.125 emissions_flow_0.125;125.00;flow_0.125;0;632.42;0.82;0.00;68.27;car;;1;54.00;296801.316468;8391.846043;44.939440;121.020398;7.741945;0;94685.346667
11785.00;E2J1_0;100.00;13.13;11668.00;0.40;A2A3_0;4.60;0.00;tripinfo_flow_0.126 emissions_flow_0.126;117.00;flow_0.126;0;632.42;1.12;0.00;71.25;car;;1;55.00;320994.360717;8771.573918;47.241404;133.173432;8.529258;0;102403.453497
11876.00;E2J1_0;100.00;12.78;11761.00;0.80;A2A3_0;4.60;0.00;tripinfo_flow_0.127 emissions_flow_0.127;115.00;flow_0.127;0;632.42;1.01;0.00;67.97;car;;1;50.00;311493.588666;8299.682369;44.899992;128.191975;8.061340;0;99373.076257
11965.00;E2J1_0;100.00;13.32;11853.00;0.20;A2A3_0;4.60;0.00;tripinfo_flow_0.128 emissions_flow_0.128;112.00;flow_0.128;0;632.42;1.03;0.00;65.83;car;;1;49.00;305849.145095;8059.912639;43.612662;126.557363;7.930744;0;97572.318240
12056.00;E2J1_0;100.00;13.34;11946.00;0.60;A2A3_0;4.60;0.00;tripinfo_flow_0.129 emissions_flow_0.129;110.00;flow_0.129;0;632.42;1.07;0.00;62.99;car;;1;49.00;308268.419685;7919.743774;42.911461;126.176322;7.790075;0;98344.901581
12147.00;E2J1_0;100.00;12.19;12038.00;0.00;A2A3_0;4.60;0.00;tripinfo_flow_0.130 emissions_flow_0.130;109.00;flow_0.130;0;632.42;0.96;0.00;61.11;car;;1;46.00;295375.517463;7600.332217;41.315569;121.217000;7.450389;0;94231.489635
12236.00;E2J1_0;100.00;13.76;12131.00;0.40;A2A3_0;4.60;0.00;tripinfo_flow_0.131 emissions_flow_0.131;105.00;flow_0.131;0;632.42;1.04;0.00;58.59;car;;1;41.00;290009.149506;7070.131902;38.850181;118.812259;7.113473;0;92520.147546
12326.00;E2J1_0;100.00;13.09;12224.00;0.80;A2A3_0;4.60;0.00;tripinfo_flow_0.132 emissions_flow_0.132;102.00;flow_0.132;0;632.42;1.23;0.00;55.93;car;;1;38.00;283642.450636;6918.612885;38.039092;117.009521;7.050961;0;90488.785861
12416.00;E2J1_0;100.00;12.72;12316.00;0.20;A2A3_0;4.60;0.00;tripinfo_flow_0.133 emissions_flow_0.133;100.00;flow_0.133;0;632.42;1.01;0.00;53.03;car;;1;35.00;279967.570225;6546.213046;36.236489;115.264787;6.790053;0;89316.864935
12506.00;E2J1_0;100.00;12.79;12409.00;0.60;A2A3_0;4.60;0.00;tripinfo_flow_0.134 emissions_flow_0.134;97.00;flow_0.134;0;632.42;1.12;0.00;50.16;car;;1;36.00;273635.320931;6485.876255;35.850416;112.901119;6.699521;0;87296.496501
12595.00;E2J1_0;100.00;13.83;12501.00;0.00;A2A3_0;4.60;0.00;tripinfo_flow_0.135 emissions_flow_0.135;94.00;flow_0.135;0;632.42;1.02;0.00;47.80;car;;1;33.00;274310.892220;6306.621034;35.191535;113.642431;6.667891;0;87512.149413
12686.00;E2J1_0;100.00;12.73;12594.00;0.40;A2A3_0;4.60;0.00;tripinfo_flow_0.136 emissions_flow_0.136;92.00;flow_0.136;0;632.42;1.00;0.00;45.76;car;;1;30.00;263249.340775;5896.079159;33.001385;109.108383;6.315941;0;83983.420768
12777.00;E2J1_0;100.00;12.43;12687.00;0.80;A2A3_0;4.60;0.00;tripinfo_flow_0.137 emissions_flow_0.137;90.00;flow_0.137;0;632.42;0.95;0.00;41.38;car;;1;27.00;242093.634056;5308.974345;29.829271;99.773429;5.685474;0;77234.475982
12866.00;E2J1_0;100.00;13.29;12779.00;0.20;A2A3_0;4.60;0.00;tripinfo_flow_0.138 emissions_flow_0.138;87.00;flow_0.138;0;632.42;1.11;0.00;40.67;car;;1;26.00;255019.800844;5395.600450;30.487699;105.465645;5.970522;0;81358.575142
12956.00;E2J1_0;100.00;13.83;12872.00;0.60;A2A3_0;4.60;0.00;tripinfo_flow_0.139 emissions_flow_0.139;84.00;flow_0.139;0;632.42;1.16;0.00;38.05;car;;1;22.00;250561.512899;5025.260240;28.661285;102.608305;5.610531;0;79936.910330
13047.00;E2J1_0;100.00;12.31;12964.00;0.00;A2A3_0;4.60;0.00;tripinfo_flow_0.140 emissions_flow_0.140;83.00;flow_0.140;0;632.42;0.94;0.00;32.29;car;;1;17.00;231831.022392;4470.518145;25.771011;94.362114;5.017210;0;73961.577608
13136.00;E2J1_0;100.00;13.27;13057.00;0.40;A2A3_0;4.60;0.00;tripinfo_flow_0.141 emissions_flow_0.141;79.00;flow_0.141;0;632.42;1.13;0.00;32.82;car;;1;17.00;233172.225626;4473.996431;25.921576;96.619726;5.220455;0;74389.068724
13234.00;E2J1_0;100.00;9.16;13150.00;0.80;A2A3_0;4.60;0.00;tripinfo_flow_0.142 emissions_flow_0.142;84.00;flow_0.142;0;632.42;0.73;0.00;20.56;car;;1;6.00;190256.649645;3380.362263;19.863737;76.211933;3.744738;0;60698.430772
13316.00;E2J1_0;100.00;12.65;13242.00;0.20;A2A3_0;4.60;0.00;tripinfo_flow_0.143 emissions_flow_0.143;74.00;flow_0.143;0;632.42;1.14;0.00;27.44;car;;1;12.00;218550.730895;3804.778022;22.438113;89.711735;4.606632;0;69725.161059
13409.00;E2J1_0;100.00;11.38;13335.00;0.60;A2A3_0;4.60;0.00;tripinfo_flow_0.144 emissions_flow_0.144;74.00;flow_0.144;0;632.42;0.89;0.00;21.38;car;;1;2.00;192180.021224;3026.286624;18.416619;78.623862;3.817552;0;61312.301803
13496.00;E2J1_0;100.00;13.80;13427.00;0.00;A2A3_0;4.60;0.00;tripinfo_flow_0.145 emissions_flow_0.145;69.00;flow_0.145;0;632.42;1.00;0.00;21.97;car;;1;6.00;212680.070484;3276.285380;20.020018;87.251310;4.275265;0;67852.804288
13587.00;E2J1_0;100.00;12.81;13520.00;0.40;A2A3_0;4.60;0.00;tripinfo_flow_0.146 emissions_flow_0.146;67.00;flow_0.146;0;632.42;0.97;0.00;18.28;car;;1;1.00;203997.559916;2835.731158;17.830776;83.265187;3.894149;0;65083.248942
13676.00;E2J1_0;100.00;13.59;13613.00;0.80;A2A3_0;4.60;0.00;tripinfo_flow_0.147 emissions_flow_0.147;63.00;flow_0.147;0;632.42;1.04;0.00;16.86;car;;1;2.00;196136.949516;2627.322760;16.712803;80.574108;3.748627;0;62575.440538
13765.00;E2J1_0;100.00;12.57;13705.00;0.20;A2A3_0;4.60;0.00;tripinfo_flow_0.148 emissions_flow_0.148;60.00;flow_0.148;0;632.42;0.96;0.00;11.09;car;;0;0.00;179457.360431;2116.382927;13.988182;73.054565;3.225513;0;57254.566211
13857.00;E2J1_0;100.00;12.79;13798.00;0.60;A2A3_0;4.60;0.00;tripinfo_flow_0.149 emissions_flow_0.149;59.00;flow_0.149;0;632.42;1.00;0.00;12.42;car;;0;0.00;169308.090564;1921.274128;12.769455;68.044311;2.928249;0;54016.937121
13948.00;E2J1_0;100.00;13.10;13890.00;0.00;A2A3_0;4.60;0.00;tripinfo_flow_0.150 emissions_flow_0.150;58.00;flow_0.150;0;632.42;1.07;0.00;10.85;car;;0;0.00;168802.934041;1897.412360;12.711616;68.238568;2.966957;0;53855.706429
14045.00;E2J1_0;100.00;11.59;13983.00;0.40;A2A3_0;4.60;0.00;tripinfo_flow_0.151 emissions_flow_0.151;62.00;flow_0.151;0;632.42;0.93;0.00;11.88;car;;0;0.00;167751.926232;1951.933995;12.942394;67.136134;2.875795;0;53520.343890
14132.00;E2J1_0;100.00;13.31;14076.00;0.80;A2A3_0;4.60;0.00;tripinfo_flow_0.152 emissions_flow_0.152;56.00;flow_0.152;0;632.42;1.06;0.00;9.99;car;;0;0.00;163303.925239;1819.984498;12.174648;66.131683;2.865996;0;52101.282961
14225.00;E2J1_0;100.00;13.01;14168.00;0.20;A2A3_0;4.60;0.00;tripinfo_flow_0.153 emissions_flow_0.153;57.00;flow_0.153;0;632.42;1.12;0.00;10.68;car;;0;0.00;171227.995171;1919.112084;12.755559;68.734716;2.966117;0;54629.614389
14317.00;E2J1_0;100.00;12.94;14261.00;0.60;A2A3_0;4.60;0.00;tripinfo_flow_0.154 emissions_flow_0.154;56.00;flow_0.154;0;632.42;1.18;0.00;9.68;car;;0;0.00;162922.819908;1794.249231;12.088620;66.181162;2.871177;0;51979.654667
14411.00;E2J1_0;100.00;13.87;14353.00;0.00;A2A3_0;4.60;0.00;tripinfo_flow_0.155 emissions_flow_0.155;58.00;flow_0.155;0;632.42;1.08;0.00;11.84;car;;0;0.00;174516.580245;1994.789065;13.316373;70.736116;3.081465;0;55678.483106
14502.00;E2J1_0;100.00;13.16;14446.00;0.40;A2A3_0;4.60;0.00;tripinfo_flow_0.156 emissions_flow_0.156;56.00;flow_0.156;0;632.42;1.14;0.00;10.41;car;;0;0.00;158739.196036;1731.649036;11.657833;63.666953;2.702741;0;50645.161601
14563.00;E2J1_0;100.00;9.28;14400.00;0.00;A2A1_0;10.10;0.00;tripinfo_flow_1.2 emissions_flow_1.2;163.00;flow_1.2;0;632.08;0.91;60.00;38.37;bus;;2;8.00;389553.776253;11923.408410;63.073398;161.011084;10.762045;0;124273.134368
14604.00;E2J1_0;100.00;11.36;14539.00;0.80;A2A3_0;4.60;0.00;tripinfo_flow_0.157 emissions_flow_0.157;65.00;flow_0.157;0;632.42;0.88;0.00;12.38;car;;0;0.00;162953.490533;2096.538026;13.499938;65.977479;2.941218;0;51988.836550
14689.00;E2J1_0;100.00;13.64;14631.00;0.20;A2A3_0;4.60;0.00;tripinfo_flow_0.158 emissions_flow_0.158;58.00;flow_0.158;0;632.42;1.08;0.00;10.97;car;;0;0.00;172473.169352;1946.964943;12.979009;69.172143;2.973695;0;55026.823940
14846.00;E2J1_0;100.00;13.27;14724.00;0.60;A2A3_0;4.60;0.00;tripinfo_flow_0.159 emissions_flow_0.159;122.00;flow_0.159;0;632.42;0.99;0.00;75.50;car;;1;58.00;329566.462541;9093.768807;48.890883;135.518187;8.671662;0;105138.317350
14935.00;E2J1_0;100.00;13.22;14816.00;0.00;A2A3_0;4.60;0.00;tripinfo_flow_0.160 emissions_flow_0.160;119.00;flow_0.160;0;632.42;1.13;0.00;73.37;car;;1;58.00;327089.099966;8960.286154;48.158809;134.372056;8.568848;0;104348.161929
15026.00;E2J1_0;100.00;13.44;14909.00;0.40;A2A3_0;4.60;0.00;tripinfo_flow_0.161 emissions_flow_0.161;117.00;flow_0.161;0;632.42;1.05;0.00;70.23;car;;1;55.00;319288.996350;8658.228189;46.741051;132.281465;8.420053;0;101859.513849
15117.00;E2J1_0;100.00;12.17;15002.00;0.80;A2A3_0;4.60;0.00;tripinfo_flow_0.162 emissions_flow_0.162;115.00;flow_0.162;0;632.42;0.91;0.00;64.29;car;;1;48.00;295755.378790;7872.860618;42.559833;121.431465;7.603516;0;94352.253261
15206.00;E2J1_0;100.00;12.78;15094.00;0.20;A2A3_0;4.60;0.00;tripinfo_flow_0.163 emissions_flow_0.163;112.00;flow_0.163;0;632.42;1.00;0.00;65.51;car;;1;49.00;308320.477381;8039.447070;43.492296;126.674580;7.893166;0;98361.202487
15296.00;E2J1_0;100.00;13.81;15187.00;0.60;A2A3_0;4.60;0.00;tripinfo_flow_0.164 emissions_flow_0.164;109.00;flow_0.164;0;632.42;1.03;0.00;62.85;car;;1;48.00;302514.747092;7856.016861;42.689259;125.463299;7.825677;0;96508.664910
15386.00;E2J1_0;100.00;12.88;15279.00;0.00;A2A3_0;4.60;0.00;tripinfo_flow_0.165 emissions_flow_0.165;107.00;flow_0.165;0;632.42;0.98;0.00;59.79;car;;1;44.00;295219.588552;7486.673270;40.885917;121.969704;7.476663;0;94181.665998
15476.00;E2J1_0;100.00;13.03;15372.00;0.40;A2A3_0;4.60;0.00;tripinfo_flow_0.166 emissions_flow_0.166;104.00;flow_0.166;0;632.42;0.94;0.00;55.35;car;;1;41.00;282053.268425;7022.071915;38.341386;115.303103;6.964570;0;89981.857285
15566.00;E2J1_0;100.00;13.49;15465.00;0.80;A2A3_0;4.60;0.00;tripinfo_flow_0.167 emissions_flow_0.167;101.00;flow_0.167;0;632.42;1.09;0.00;54.86;car;;1;38.00;280733.320873;6796.666592;37.422864;115.509619;6.926408;0;89560.852604
15659.00;E2J1_0;100.00;12.33;15557.00;0.20;A2A3_0;4.60;0.00;tripinfo_flow_0.168 emissions_flow_0.168;102.00;flow_0.168;0;632.42;0.90;0.00;50.20;car;;1;34.00;264883.098723;6381.367728;35.199804;108.874225;6.456437;0;84504.147547
15749.00;E2J1_0;100.00;12.09;15650.00;0.60;A2A3_0;4.60;0.00;tripinfo_flow_0.169 emissions_flow_0.169;99.00;flow_0.169;0;632.42;0.89;0.00;46.28;car;;1;29.00;256697.939394;5944.875536;33.049255;105.047604;6.081879;0;81893.315079
15836.00;E2J1_0;100.00;13.36;15742.00;0.00;A2A3_0;4.60;0.00;tripinfo_flow_0.170 emissions_flow_0.170;94.00;flow_0.170;0;632.42;1.14;0.00;47.70;car;;1;33.00;266868.031359;6164.808559;34.135241;109.679150;6.430739;0;85138.006225
15927.00;E2J1_0;100.00;13.13;15835.00;0.40;A2A3_0;4.60;0.00;tripinfo_flow_0.171 emissions_flow_0.171;92.00;flow_0.171;0;632.42;0.96;0.00;43.22;car;;1;28.00;254948.231472;5559.243439;31.259396;104.396794;5.909946;0;81335.679294
16018.00;E2J1_0;100.00;11.83;15928.00;0.80;A2A3_0;4.60;0.00;tripinfo_flow_0.172 emissions_flow_0.172;90.00;flow_0.172;0;632.42;0.92;0.00;38.80;car;;1;22.00;242757.730006;4946.483897;28.059734;98.475461;5.365246;0;77447.304898
16106.00;E2J1_0;100.00;13.39;16020.00;0.20;A2A3_0;4.60;0.00;tripinfo_flow_0.173 emissions_flow_0.173;86.00;flow_0.173;0;632.42;1.09;0.00;39.13;car;;1;22.00;248151.940240;4988.462129;28.439171;101.744046;5.570134;0;79168.120207
16196.00;E2J1_0;100.00;12.72;16113.00;0.60;A2A3_0;4.60;0.00;tripinfo_flow_0.174 emissions_flow_0.174;83.00;flow_0.174;0;632.42;1.03;0.00;36.36;car;;1;19.00;251668.282893;4926.595872;28.315572;103.486618;5.612740;0;80290.024567
16286.00;E2J1_0;100.00;13.76;16205.00;0.00;A2A3_0;4.60;0.00;tripinfo_flow_0.175 emissions_flow_0.175;81.00;flow_0.175;0;632.42;1.08;0.00;34.58;car;;1;17.00;241475.344960;4623.049852;26.673343;98.720329;5.281164;0;77038.454388
16375.00;E2J1_0;100.00;13.78;16298.00;0.40;A2A3_0;4.60;0.00;tripinfo_flow_0.176 emissions_flow_0.176;77.00;flow_0.176;0;632.42;1.06;0.00;31.12;car;;1;15.00;232074.236871;4183.366570;24.497834;95.254786;4.992507;0;74039.479628
16466.00;E2J1_0;100.00;13.81;16391.00;0.80;A2A3_0;4.60;0.00;tripinfo_flow_0.177 emissions_flow_0.177;75.00;flow_0.177;0;632.42;1.10;0.00;28.01;car;;1;10.00;221004.854822;3886.184376;22.902708;91.218286;4.739955;0;70507.913326
16556.00;E2J1_0;100.00;13.27;16483.00;0.20;A2A3_0;4.60;0.00;tripinfo_flow_0.178 emissions_flow_0.178;73.00;flow_0.178;0;632.42;1.03;0.00;26.69;car;;1;10.00;216086.712479;3721.102673;22.134922;89.138453;4.566970;0;68938.902439
16646.00;E2J1_0;100.00;13.62;16576.00;0.60;A2A3_0;4.60;0.00;tripinfo_flow_0.179 emissions_flow_0.179;70.00;flow_0.179;0;632.42;1.03;0.00;23.69;car;;1;6.00;214019.707041;3339.806994;20.301061;87.683683;4.304854;0;68280.179810
16735.00;E2J1_0;100.00;12.92;16668.00;0.00;A2A3_0;4.60;0.00;tripinfo_flow_0.180 emissions_flow_0.180;67.00;flow_0.180;0;632.42;1.08;0.00;20.84;car;;1;5.00;202319.107538;2972.763612;18.368331;83.129845;4.004489;0;64547.445551
16827.00;E2J1_0;100.00;12.54;16761.00;0.40;A2A3_0;4.60;0.00;tripinfo_flow_0.181 emissions_flow_0.181;66.00;flow_0.181;0;632.42;0.94;0.00;16.03;car;;1;1.00;193105.766252;2683.750457;16.844034;79.191893;3.717345;0;61608.227656
16916.00;E2J1_0;100.00;12.58;16854.00;0.80;A2A3_0;4.60;0.00;tripinfo_flow_0.182 emissions_flow_0.182;62.00;flow_0.182;0;632.42;0.92;0.00;11.51;car;;0;0.00;163723.990736;1907.559666;12.719557;66.355034;2.876065;0;52234.976598
17004.00;E2J1_0;100.00;13.34;16946.00;0.20;A2A3_0;4.60;0.00;tripinfo_flow_0.183 emissions_flow_0.183;58.00;flow_0.183;0;632.42;1.08;0.00;10.96;car;;0;0.00;180754.679110;2061.668756;13.639121;73.027554;3.191556;0;57668.856311
17102.00;E2J1_0;100.00;11.44;17039.00;0.60;A2A3_0;4.60;0.00;tripinfo_flow_0.184 emissions_flow_0.184;63.00;flow_0.184;0;632.42;0.89;0.00;10.90;car;;0;0.00;153860.712895;1775.407385;11.718054;60.447268;2.514854;0;49088.735331
17189.00;E2J1_0;100.00;12.84;17131.00;0.00;A2A3_0;4.60;0.00;tripinfo_flow_0.185 emissions_flow_0.185;58.00;flow_0.185;0;632.42;0.97;0.00;10.76;car;;0;0.00;170385.251068;1961.810353;12.985479;68.903791;3.010016;0;54360.417980
17284.00;E2J1_0;100.00;12.95;17224.00;0.40;A2A3_0;4.60;0.00;tripinfo_flow_0.186 emissions_flow_0.186;60.00;flow_0.186;0;632.42;0.97;0.00;12.19;car;;0;0.00;171044.391882;2040.507643;13.472803;69.185871;3.031337;0;54570.542178
17380.00;E2J1_0;100.00;11.44;17317.00;0.80;A2A3_0;4.60;0.00;tripinfo_flow_0.187 emissions_flow_0.187;63.00;flow_0.187;0;632.42;0.90;0.00;10.29;car;;0;0.00;163912.170658;1972.517676;12.941161;65.752813;2.848544;0;52295.138948
17470.00;E2J1_0;100.00;11.77;17409.00;0.20;A2A3_0;4.60;0.00;tripinfo_flow_0.188 emissions_flow_0.188;61.00;flow_0.188;0;632.42;0.93;0.00;11.05;car;;0;0.00;166126.341058;1955.071002;12.828932;66.630321;2.883617;0;53001.667216
17559.00;E2J1_0;100.00;13.89;17502.00;0.60;A2A3_0;4.60;0.00;tripinfo_flow_0.189 emissions_flow_0.189;57.00;flow_0.189;0;632.42;1.10;0.00;10.31;car;;0;0.00;176379.516325;1933.575467;12.978226;71.083859;3.048834;0;56273.144255
17651.00;E2J1_0;100.00;13.53;17594.00;0.00;A2A3_0;4.60;0.00;tripinfo_flow_0.190 emissions_flow_0.190;57.00;flow_0.190;0;632.42;1.07;0.00;10.62;car;;0;0.00;172882.570374;1930.447340;12.809184;69.510187;2.998943;0;55157.479138
17744.00;E2J1_0;100.00;12.72;17687.00;0.40;A2A3_0;4.60;0.00;tripinfo_flow_0.191 emissions_flow_0.191;57.00;flow_0.191;0;632.42;1.00;0.00;10.60;car;;0;0.00;173425.095949;1932.048472;12.940938;70.092885;3.029187;0;55330.415493
17910.00;E2J1_0;100.00;10.74;17780.00;0.80;A2A3_0;4.60;0.00;tripinfo_flow_0.192 emissions_flow_0.192;130.00;flow_0.192;0;632.42;0.84;0.00;75.02;car;;1;59.00;319153.717644;9211.612316;49.188947;130.815262;8.490567;0;101815.769862
17929.00;E2J1_0;100.00;13.85;17872.00;0.20;A2A3_0;4.60;0.00;tripinfo_flow_0.193 emissions_flow_0.193;57.00;flow_0.193;0;632.42;1.03;0.00;10.59;car;;0;0.00;173623.105910;1944.417199;12.925018;69.880480;3.024544;0;55393.700055
18089.00;E2J1_0;100.00;12.02;17965.00;0.60;A2A3_0;4.60;0.00;tripinfo_flow_0.194 emissions_flow_0.194;124.00;flow_0.194;0;632.42;0.87;0.00;70.32;car;;1;55.00;314337.992886;8630.719997;46.417311;128.342846;8.115480;0;100280.269565
18175.00;E2J1_0;100.00;12.86;18057.00;0.00;A2A3_0;4.60;0.00;tripinfo_flow_0.195 emissions_flow_0.195;118.00;flow_0.195;0;632.42;1.06;0.00;71.67;car;;1;55.00;326633.981187;8858.710686;47.875577;135.442757;8.618763;0;104202.637878
18270.00;E2J1_0;100.00;10.91;18150.00;0.40;A2A3_0;4.60;0.00;tripinfo_flow_0.196 emissions_flow_0.196;120.00;flow_0.196;0;632.42;0.83;0.00;63.60;car;;1;48.00;288234.255593;7963.186117;42.846515;118.304250;7.488241;0;91952.305820
18357.00;E2J1_0;100.00;12.81;18243.00;0.80;A2A3_0;4.60;0.00;tripinfo_flow_0.197 emissions_flow_0.197;114.00;flow_0.197;0;632.42;0.95;0.00;64.96;car;;1;47.00;303198.954988;7891.390651;42.769738;123.921942;7.656868;0;96727.368366
18448.00;E2J1_0;100.00;11.02;18335.00;0.20;A2A3_0;4.60;0.00;tripinfo_flow_0.198 emissions_flow_0.198;113.00;flow_0.198;0;632.42;0.87;0.00;60.25;car;;1;45.00;286949.464843;7588.803713;41.119021;117.184033;7.252756;0;91543.140322
18536.00;E2J1_0;100.00;13.30;18428.00;0.60;A2A3_0;4.60;0.00;tripinfo_flow_0.199 emissions_flow_0.199;108.00;flow_0.199;0;632.42;1.03;0.00;61.10;car;;1;45.00;302662.649127;7734.929202;42.194210;124.894112;7.689334;0;96556.147256
18626.00;E2J1_0;100.00;12.61;18520.00;0.00;A2A3_0;4.60;0.00;tripinfo_flow_0.200 emissions_flow_0.200;106.00;flow_0.200;0;632.42;1.11;0.00;59.66;car;;1;44.00;298674.459280;7474.451382;40.937265;123.099375;7.506050;0;95284.123907
18716.00;E2J1_0;100.00;13.00;18613.00;0.40;A2A3_0;4.60;0.00;tripinfo_flow_0.201 emissions_flow_0.201;103.00;flow_0.201;0;632.42;1.07;0.00;56.81;car;;1;40.00;288417.180846;7127.158773;39.158992;119.585591;7.262563;0;92011.686575
18806.00;E2J1_0;100.00;13.14;18706.00;0.80;A2A3_0;4.60;0.00;tripinfo_flow_0.202 emissions_flow_0.202;100.00;flow_0.202;0;632.42;1.02;0.00;53.12;car;;1;36.00;288562.927195;6828.757726;37.748539;119.076833;7.068972;0;92058.806580
18896.00;E2J1_0;100.00;13.26;18798.00;0.20;A2A3_0;4.60;0.00;tripinfo_flow_0.203 emissions_flow_0.203;98.00;flow_0.203;0;632.42;1.00;0.00;51.52;car;;1;36.00;274787.408676;6483.090555;35.945597;113.722111;6.743598;0;87663.947714
18986.00;E2J1_0;100.00;13.40;18891.00;0.60;A2A3_0;4.60;0.00;tripinfo_flow_0.204 emissions_flow_0.204;95.00;flow_0.204;0;632.42;0.97;0.00;47.61;car;;1;33.00;263524.282936;6021.093921;33.466389;107.379264;6.200279;0;84071.495027
19077.00;E2J1_0;100.00;13.10;18983.00;0.00;A2A3_0;4.60;0.00;tripinfo_flow_0.205 emissions_flow_0.205;94.00;flow_0.205;0;632.42;0.96;0.00;44.69;car;;1;28.00;258021.439177;5780.762017;32.195973;105.305549;6.043165;0;82316.063578
19166.00;E2J1_0;100.00;13.42;19076.00;0.40;A2A3_0;4.60;0.00;tripinfo_flow_0.206 emissions_flow_0.206;90.00;flow_0.206;0;632.42;0.98;0.00;42.88;car;;1;25.00;251792.360323;5537.946429;31.115997;103.754000;5.919690;0;80328.604958
19256.00;E2J1_0;100.00;12.98;19169.00;0.80;A2A3_0;4.60;0.00;tripinfo_flow_0.207 emissions_flow_0.207;87.00;flow_0.207;0;632.42;1.10;0.00;40.13;car;;1;23.00;247208.310615;5157.211715;29.392326;102.313792;5.722106;0;78866.427713
19346.00;E2J1_0;100.00;13.38;19261.00;0.20;A2A3_0;4.60;0.00;tripinfo_flow_0.208 emissions_flow_0.208;85.00;flow_0.208;0;632.42;1.04;0.00;38.95;car;;1;24.00;245036.546291;5016.677048;28.553757;100.394939;5.556054;0;78174.109057
19435.00;E2J1_0;100.00;13.70;19354.00;0.60;A2A3_0;4.60;0.00;tripinfo_flow_0.209 emissions_flow_0.209;81.00;flow_0.209;0;632.42;1.00;0.00;34.01;car;;1;20.00;243411.201812;4700.445691;27.091427;99.427115;5.330469;0;77656.028709
19526.00;E2J1_0;100.00;12.62;19446.00;0.00;A2A3_0;4.60;0.00;tripinfo_flow_0.210 emissions_flow_0.210;80.00;flow_0.210;0;632.42;1.10;0.00;33.21;car;;1;17.00;239244.545758;4568.080111;26.504181;99.013368;5.337958;0;76326.378667
19620.00;E2J1_0;100.00;10.63;19539.00;0.40;A2A3_0;4.60;0.00;tripinfo_flow_0.211 emissions_flow_0.211;81.00;flow_0.211;0;632.42;0.83;0.00;24.47;car;;1;10.00;204230.216935;3710.577816;21.722003;82.201143;4.156623;0;65156.405727
19706.00;E2J1_0;100.00;13.06;19632.00;0.80;A2A3_0;4.60;0.00;tripinfo_flow_0.212 emissions_flow_0.212;74.00;flow_0.212;0;632.42;1.09;0.00;27.86;car;;1;11.00;221382.671261;3873.668212;22.873112;91.619000;4.749244;0;70628.400646
19797.00;E2J1_0;100.00;13.40;19724.00;0.20;A2A3_0;4.60;0.00;tripinfo_flow_0.213 emissions_flow_0.213;73.00;flow_0.213;0;632.42;0.97;0.00;23.93;car;;1;6.00;213808.485253;3326.714158;20.153356;86.812855;4.239560;0;68213.039750
19886.00;E2J1_0;100.00;13.31;19817.00;0.60;A2A3_0;4.60;0.00;tripinfo_flow_0.214 emissions_flow_0.214;69.00;flow_0.214;0;632.42;1.07;0.00;22.22;car;;1;6.00;206942.735580;3181.709141;19.451919;85.006370;4.180111;0;66022.383998
19976.00;E2J1_0;100.00;12.74;19909.00;0.00;A2A3_0;4.60;0.00;tripinfo_flow_0.215 emissions_flow_0.215;67.00;flow_0.215;0;632.42;1.07;0.00;21.08;car;;1;4.00;203868.652867;3001.063178;18.544227;83.601180;4.028813;0;65041.849378
20066.00;E2J1_0;100.00;12.60;20002.00;0.40;A2A3_0;4.60;0.00;tripinfo_flow_0.216 emissions_flow_0.216;64.00;flow_0.216;0;632.42;0.91;0.00;12.89;car;;0;0.00;176934.004693;2175.452051;14.150982;71.470344;3.145005;0;56449.452876
20154.00;E2J1_0;100.00;12.74;20095.00;0.80;A2A3_0;4.60;0.00;tripinfo_flow_0.217 emissions_flow_0.217;59.00;flow_0.217;0;632.42;1.00;0.00;13.02;car;;0;0.00;180761.465334;2146.105253;14.150399;73.614243;3.270379;0;57670.640154
20244.00;E2J1_0;100.00;12.77;20187.00;0.20;A2A3_0;4.60;0.00;tripinfo_flow_0.218 emissions_flow_0.218;57.00;flow_0.218;0;632.42;1.15;0.00;10.19;car;;0;0.00;163404.295436;1869.965029;12.485471;66.605827;2.931262;0;52133.065974
20346.00;E2J1_0;100.00;10.87;20280.00;0.60;A2A3_0;4.60;0.00;tripinfo_flow_0.219 emissions_flow_0.219;66.00;flow_0.219;0;632.42;0.84;0.00;10.09;car;;0;0.00;163656.096657;2084.306292;13.478017;66.091953;2.914481;0;52213.039090
20429.00;E2J1_0;100.00;13.46;20372.00;0.00;A2A3_0;4.60;0.00;tripinfo_flow_0.220 emissions_flow_0.220;57.00;flow_0.220;0;632.42;1.06;0.00;11.33;car;;0;0.00;174321.021473;1921.995398;12.836192;69.912926;2.986765;0;55616.466679
20521.00;E2J1_0;100.00;13.90;20465.00;0.40;A2A3_0;4.60;0.00;tripinfo_flow_0.221 emissions_flow_0.221;56.00;flow_0.221;0;632.42;1.02;0.00;9.97;car;;0;0.00;174013.099844;1882.678008;12.750350;70.238719;2.999773;0;55518.125206
20616.00;E2J1_0;100.00;12.46;20558.00;0.80;A2A3_0;4.60;0.00;tripinfo_flow_0.222 emissions_flow_0.222;58.00;flow_0.222;0;632.42;0.97;0.00;10.13;car;;0;0.00;169955.560382;1923.389298;12.778386;68.091063;2.928515;0;54223.577934
20706.00;E2J1_0;100.00;13.76;20650.00;0.20;A2A3_0;4.60;0.00;tripinfo_flow_0.223 emissions_flow_0.223;56.00;flow_0.223;0;632.42;1.24;0.00;9.56;car;;0;0.00;171347.184707;1893.523330;12.730104;69.537113;3.022571;0;54667.440453
20800.00;E2J1_0;100.00;13.66;20743.00;0.60;A2A3_0;4.60;0.00;tripinfo_flow_0.224 emissions_flow_0.224;57.00;flow_0.224;0;632.42;1.11;0.00;10.78;car;;0;0.00;169374.849470;1966.571269;13.064768;68.886196;3.046458;0;54037.955734
20892.00;E2J1_0;100.00;13.48;20835.00;0.00;A2A3_0;4.60;0.00;tripinfo_flow_0.225 emissions_flow_0.225;57.00;flow_0.225;0;632.42;1.09;0.00;10.95;car;;0;0.00;169215.944918;1853.507389;12.369004;67.182310;2.846094;0;53987.966252
20986.00;E2J1_0;100.00;13.63;20928.00;0.40;A2A3_0;4.60;0.00;tripinfo_flow_0.226 emissions_flow_0.226;58.00;flow_0.226;0;632.42;0.99;0.00;11.29;car;;0;0.00;171605.790101;1955.395500;12.957837;69.047228;2.997232;0;54750.020813
21079.00;E2J1_0;100.00;13.05;21021.00;0.80;A2A3_0;4.60;0.00;tripinfo_flow_0.227 emissions_flow_0.227;58.00;flow_0.227;0;632.42;1.04;0.00;11.83;car;;0;0.00;174613.225627;2113.579699;13.785286;71.257247;3.199059;0;55709.031723
21169.00;E2J1_0;100.00;13.56;21113.00;0.20;A2A3_0;4.60;0.00;tripinfo_flow_0.228 emissions_flow_0.228;56.00;flow_0.228;0;632.42;1.14;0.00;9.98;car;;0;0.00;163007.518378;1807.947338;12.262824;66.354761;2.881607;0;52006.553858
21326.00;E2J1_0;100.00;12.65;21206.00;0.60;A2A3_0;4.60;0.00;tripinfo_flow_0.229 emissions_flow_0.229;120.00;flow_0.229;0;632.42;0.97;0.00;71.92;car;;1;55.00;323150.262889;8808.599323;47.431255;133.019932;8.458792;0;103091.504876
21416.00;E2J1_0;100.00;13.48;21298.00;0.00;A2A3_0;4.60;0.00;tripinfo_flow_0.230 emissions_flow_0.230;118.00;flow_0.230;0;632.42;1.15;0.00;71.46;car;;1;56.00;322543.589102;8684.577615;46.824233;132.390474;8.350077;0;102898.278872
21508.00;E2J1_0;100.00;12.16;21391.00;0.40;A2A3_0;4.60;0.00;tripinfo_flow_0.231 emissions_flow_0.231;117.00;flow_0.231;0;632.42;0.91;0.00;65.65;car;;1;50.00;299436.911396;8044.249669;43.478611;122.397073;7.654579;0;95526.752275
21597.00;E2J1_0;100.00;13.22;21484.00;0.80;A2A3_0;4.60;0.00;tripinfo_flow_0.232 emissions_flow_0.232;113.00;flow_0.232;0;632.42;0.96;0.00;64.63;car;;1;47.00;304601.524191;7940.990492;43.195098;125.997265;7.824739;0;97174.322322
21686.00;E2J1_0;100.00;12.95;21576.00;0.20;A2A3_0;4.60;0.00;tripinfo_flow_0.233 emissions_flow_0.233;110.00;flow_0.233;0;632.42;1.04;0.00;63.43;car;;1;47.00;301974.989769;7801.717474;42.404237;124.353917;7.701174;0;96336.778779
21763.00;E2J1_0;100.00;9.97;21600.00;0.00;A2A1_0;10.10;0.00;tripinfo_flow_1.3 emissions_flow_1.3;163.00;flow_1.3;0;632.08;0.88;60.00;37.78;bus;;2;7.00;390142.995509;11978.353294;63.295223;160.387851;10.702424;0;124461.278622
21775.00;E2J1_0;100.00;13.89;21669.00;0.60;A2A3_0;4.60;0.00;tripinfo_flow_0.234 emissions_flow_0.234;106.00;flow_0.234;0;632.42;1.10;0.00;60.39;car;;1;45.00;297116.644680;7596.756426;41.398714;123.101387;7.615821;0;94786.765603
21866.00;E2J1_0;100.00;12.83;21761.00;0.00;A2A3_0;4.60;0.00;tripinfo_flow_0.235 emissions_flow_0.235;105.00;flow_0.235;0;632.42;1.13;0.00;59.15;car;;1;45.00;290416.935460;7366.330328;40.218382;119.527855;7.314861;0;92649.673345
21957.00;E2J1_0;100.00;12.11;21854.00;0.40;A2A3_0;4.60;0.00;tripinfo_flow_0.236 emissions_flow_0.236;103.00;flow_0.236;0;632.42;0.95;0.00;53.34;car;;1;38.00;272113.947603;6692.628863;36.725676;111.946357;6.736871;0;86810.831881
22046.00;E2J1_0;100.00;13.30;21947.00;0.80;A2A3_0;4.60;0.00;tripinfo_flow_0.237 emissions_flow_0.237;99.00;flow_0.237;0;632.42;1.01;0.00;52.34;car;;1;35.00;281622.128128;6664.453644;36.887225;116.563627;6.916856;0;89844.372076
22136.00;E2J1_0;100.00;13.19;22039.00;0.20;A2A3_0;4.60;0.00;tripinfo_flow_0.238 emissions_flow_0.238;97.00;flow_0.238;0;632.42;0.97;0.00;49.52;car;;1;31.00;273136.110934;6215.194223;34.603707;111.996120;6.474972;0;87137.772241
22226.00;E2J1_0;100.00;13.52;22132.00;0.60;A2A3_0;4.60;0.00;tripinfo_flow_0.239 emissions_flow_0.239;94.00;flow_0.239;0;632.42;0.99;0.00;46.48;car;;1;29.00;265861.033054;5856.653123;32.918532;109.440398;6.259914;0;84816.959229
22316.00;E2J1_0;100.00;12.81;22224.00;0.00;A2A3_0;4.60;0.00;tripinfo_flow_0.240 emissions_flow_0.240;92.00;flow_0.240;0;632.42;1.02;0.00;45.39;car;;1;29.00;258217.044090;5796.558083;32.379149;106.726210;6.172536;0;82378.048033
22406.00;E2J1_0;100.00;12.64;22317.00;0.40;A2A3_0;4.60;0.00;tripinfo_flow_0.241 emissions_flow_0.241;89.00;flow_0.241;0;632.42;1.01;0.00;43.21;car;;1;26.00;249172.338321;5437.353938;30.531241;102.790108;5.864398;0;79492.844815
22496.00;E2J1_0;100.00;12.77;22410.00;0.80;A2A3_0;4.60;0.00;tripinfo_flow_0.242 emissions_flow_0.242;86.00;flow_0.242;0;632.42;0.97;0.00;38.20;car;;1;22.00;239364.682860;5009.968193;28.433758;99.126786;5.541817;0;76364.041839
22585.00;E2J1_0;100.00;13.07;22502.00;0.20;A2A3_0;4.60;0.00;tripinfo_flow_0.243 emissions_flow_0.243;83.00;flow_0.243;0;632.42;1.04;0.00;37.06;car;;1;18.00;233168.815736;4630.624748;26.521122;95.776879;5.237415;0;74388.058887
22675.00;E2J1_0;100.00;13.18;22595.00;0.60;A2A3_0;4.60;0.00;tripinfo_flow_0.244 emissions_flow_0.244;80.00;flow_0.244;0;632.42;1.14;0.00;34.34;car;;1;19.00;231927.546302;4598.168499;26.346131;95.401605;5.208031;0;73992.030262
22766.00;E2J1_0;100.00;13.01;22687.00;0.00;A2A3_0;4.60;0.00;tripinfo_flow_0.245 emissions_flow_0.245;79.00;flow_0.245;0;632.42;1.11;0.00;32.87;car;;1;17.00;231678.877706;4438.695403;25.781551;96.189491;5.204526;0;73912.578079
22858.00;E2J1_0;100.00;12.00;22780.00;0.40;A2A3_0;4.60;0.00;tripinfo_flow_0.246 emissions_flow_0.246;78.00;flow_0.246;0;632.42;0.93;0.00;28.06;car;;1;10.00;215976.221987;3733.346022;22.128107;88.218778;4.470599;0;68903.826445
22949.00;E2J1_0;100.00;11.15;22873.00;0.80;A2A3_0;4.60;0.00;tripinfo_flow_0.247 emissions_flow_0.247;76.00;flow_0.247;0;632.42;0.88;0.00;22.60;car;;1;8.00;203465.511701;3374.341500;20.234135;82.680117;4.076119;0;64912.725499
23036.00;E2J1_0;100.00;12.99;22965.00;0.20;A2A3_0;4.60;0.00;tripinfo_flow_0.248 emissions_flow_0.248;71.00;flow_0.248;0;632.42;0.99;0.00;24.64;car;;1;8.00;207894.244223;3253.157172;19.743389;84.601048;4.129436;0;66326.055154
23126.00;E2J1_0;100.00;12.87;23058.00;0.60;A2A3_0;4.60;0.00;tripinfo_flow_0.249 emissions_flow_0.249;68.00;flow_0.249;0;632.42;0.98;0.00;20.63;car;;1;4.00;199815.700287;3008.551393;18.460428;81.928227;3.960677;0;63748.662257
23218.00;E2J1_0;100.00;11.37;23150.00;0.00;A2A3_0;4.60;0.00;tripinfo_flow_0.250 emissions_flow_0.250;68.00;flow_0.250;0;632.42;0.88;0.00;14.94;car;;0;0.00;178783.525235;2290.586367;14.753769;72.087474;3.193459;0;57039.383795
23321.00;E2J1_0;100.00;9.83;23243.00;0.40;A2A3_0;4.60;0.00;tripinfo_flow_0.251 emissions_flow_0.251;78.00;flow_0.251;0;632.42;0.71;0.00;12.16;car;;0;0.00;162466.357243;2497.837821;15.213882;64.633896;2.940118;0;51832.970819
23397.00;E2J1_0;100.00;12.32;23336.00;0.80;A2A3_0;4.60;0.00;tripinfo_flow_0.252 emissions_flow_0.252;61.00;flow_0.252;0;632.42;0.96;0.00;11.48;car;;0;0.00;168100.629131;1951.748855;12.927828;67.956409;2.953379;0;53631.459176
23484.00;E2J1_0;100.00;13.89;23428.00;0.20;A2A3_0;4.60;0.00;tripinfo_flow_0.253 emissions_flow_0.253;56.00;flow_0.253;0;632.42;1.30;0.00;9.20;car;;0;0.00;172476.191383;1876.870592;12.761270;70.046916;3.039657;0;55027.646211
23579.00;E2J1_0;100.00;13.10;23521.00;0.60;A2A3_0;4.60;0.00;tripinfo_flow_0.254 emissions_flow_0.254;58.00;flow_0.254;0;632.42;1.01;0.00;11.32;car;;0;0.00;168762.426268;1995.529843;13.139911;68.430095;3.016459;0;53842.562039
23681.00;E2J1_0;100.00;11.06;23613.00;0.00;A2A3_0;4.60;0.00;tripinfo_flow_0.255 emissions_flow_0.255;68.00;flow_0.255;0;632.42;0.84;0.00;12.37;car;;0;0.00;168016.935597;2225.455809;14.166075;67.032369;2.951560;0;53604.432646
23779.00;E2J1_0;100.00;9.87;23706.00;0.40;A2A3_0;4.60;0.00;tripinfo_flow_0.256 emissions_flow_0.256;73.00;flow_0.256;0;632.42;0.75;0.00;11.52;car;;0;0.00;165024.780230;2230.942527;14.036603;63.941408;2.680070;0;52650.158578
23856.00;E2J1_0;100.00;13.64;23799.00;0.80;A2A3_0;4.60;0.00;tripinfo_flow_0.257 emissions_flow_0.257;57.00;flow_0.257;0;632.42;1.13;0.00;10.22;car;;0;0.00;170896.889465;1899.209851;12.674487;68.580809;2.938425;0;54523.983524
23947.00;E2J1_0;100.00;13.47;23891.00;0.20;A2A3_0;4.60;0.00;tripinfo_flow_0.258 emissions_flow_0.258;56.00;flow_0.258;0;632.42;1.04;0.00;10.32;car;;0;0.00;171946.730810;1904.707850;12.774916;69.332058;2.996991;0;54858.839457
24043.00;E2J1_0;100.00;12.27;23984.00;0.60;A2A3_0;4.60;0.00;tripinfo_flow_0.259 emissions_flow_0.259;59.00;flow_0.259;0;632.42;0.96;0.00;10.67;car;;0;0.00;174458.642901;1987.033663;13.300800;70.588415;3.063471;0;55659.981521
24132.00;E2J1_0;100.00;13.73;24076.00;0.00;A2A3_0;4.60;0.00;tripinfo_flow_0.260 emissions_flow_0.260;56.00;flow_0.260;0;632.42;1.13;0.00;10.16;car;;0;0.00;171628.764036;1896.613438;12.787364;69.432150;3.014870;0;54757.330300
24228.00;E2J1_0;100.00;12.69;24169.00;0.40;A2A3_0;4.60;0.00;tripinfo_flow_0.261 emissions_flow_0.261;59.00;flow_0.261;0;632.42;0.96;0.00;10.86;car;;0;0.00;173131.522723;1894.179754;12.696047;68.686038;2.876005;0;55237.137727
24320.00;E2J1_0;100.00;12.91;24262.00;0.80;A2A3_0;4.60;0.00;tripinfo_flow_0.262 emissions_flow_0.262;58.00;flow_0.262;0;632.42;0.98;0.00;11.14;car;;0;0.00;170914.529477;1951.655416;13.008032;69.367562;3.031143;0;54529.233291
24478.00;E2J1_0;100.00;12.27;24354.00;0.20;A2A3_0;4.60;0.00;tripinfo_flow_0.263 emissions_flow_0.263;124.00;flow_0.263;0;632.42;0.92;0.00;73.13;car;;1;58.00;320028.012940;8923.998179;47.889271;130.958495;8.370217;0;102095.299963
24567.00;E2J1_0;100.00;12.90;24447.00;0.60;A2A3_0;4.60;0.00;tripinfo_flow_0.264 emissions_flow_0.264;120.00;flow_0.264;0;632.42;0.96;0.00;71.11;car;;1;55.00;318797.478598;8767.720632;47.111492;131.289981;8.374907;0;101702.741918
24656.00;E2J1_0;100.00;12.81;24539.00;0.00;A2A3_0;4.60;0.00;tripinfo_flow_0.265 emissions_flow_0.265;117.00;flow_0.265;0;632.42;1.26;0.00;70.18;car;;1;55.00;318504.260556;8650.844755;46.565575;130.507505;8.277560;0;101609.627575
24746.00;E2J1_0;100.00;13.46;24632.00;0.40;A2A3_0;4.60;0.00;tripinfo_flow_0.266 emissions_flow_0.266;114.00;flow_0.266;0;632.42;0.97;0.00;66.59;car;;1;51.00;309693.221697;8239.694260;44.639505;127.911541;8.041737;0;98798.550935
24839.00;E2J1_0;100.00;11.93;24725.00;0.80;A2A3_0;4.60;0.00;tripinfo_flow_0.267 emissions_flow_0.267;114.00;flow_0.267;0;632.42;0.87;0.00;60.42;car;;1;43.00;282014.053290;7493.809958;40.578940;115.684440;7.190612;0;89968.401104
24926.00;E2J1_0;100.00;13.06;24817.00;0.20;A2A3_0;4.60;0.00;tripinfo_flow_0.268 emissions_flow_0.268;109.00;flow_0.268;0;632.42;1.05;0.00;62.51;car;;1;46.00;293115.596597;7710.146936;41.749833;120.783797;7.547333;0;93510.213526
25016.00;E2J1_0;100.00;12.44;24910.00;0.60;A2A3_0;4.60;0.00;tripinfo_flow_0.269 emissions_flow_0.269;106.00;flow_0.269;0;632.42;0.98;0.00;59.43;car;;1;41.00;290289.416002;7304.455894;40.011479;119.796882;7.302846;0;92608.900500
25109.00;E2J1_0;100.00;10.92;25002.00;0.00;A2A3_0;4.60;0.00;tripinfo_flow_0.270 emissions_flow_0.270;107.00;flow_0.270;0;632.42;0.85;0.00;52.74;car;;1;37.00;268154.678183;6684.799030;36.584679;108.906288;6.503143;0;85547.875310
25196.00;E2J1_0;100.00;12.68;25095.00;0.40;A2A3_0;4.60;0.00;tripinfo_flow_0.271 emissions_flow_0.271;101.00;flow_0.271;0;632.42;0.97;0.00;53.77;car;;1;35.00;274038.447718;6714.951688;37.018821;113.879672;6.880842;0;87424.483190
25289.00;E2J1_0;100.00;10.91;25188.00;0.80;A2A3_0;4.60;0.00;tripinfo_flow_0.272 emissions_flow_0.272;101.00;flow_0.272;0;632.42;0.87;0.00;48.11;car;;1;32.00;258700.429319;6115.256123;33.832701;105.225646;6.125399;0;82532.162828
25376.00;E2J1_0;100.00;12.63;25280.00;0.20;A2A3_0;4.60;0.00;tripinfo_flow_0.273 emissions_flow_0.273;96.00;flow_0.273;0;632.42;1.21;0.00;49.93;car;;1;33.00;270225.751885;6328.906042;35.107560;111.924970;6.614202;0;86208.715748
25466.00;E2J1_0;100.00;12.55;25373.00;0.60;A2A3_0;4.60;0.00;tripinfo_flow_0.274 emissions_flow_0.274;93.00;flow_0.274;0;632.42;0.99;0.00;46.15;car;;1;29.00;258433.896626;5903.599814;32.868773;106.748392;6.219001;0;82447.103126
25557.00;E2J1_0;100.00;13.16;25465.00;0.00;A2A3_0;4.60;0.00;tripinfo_flow_0.275 emissions_flow_0.275;92.00;flow_0.275;0;632.42;0.97;0.00;43.39;car;;1;26.00;254107.673085;5447.301893;30.780630;104.340717;5.866303;0;81067.561707
25646.00;E2J1_0;100.00;13.18;25558.00;0.40;A2A3_0;4.60;0.00;tripinfo_flow_0.276 emissions_flow_0.276;88.00;flow_0.276;0;632.42;0.99;0.00;40.71;car;;1;25.00;252821.958431;5262.114425;29.725076;102.433389;5.647350;0;80658.125981
25736.00;E2J1_0;100.00;12.74;25651.00;0.80;A2A3_0;4.60;0.00;tripinfo_flow_0.277 emissions_flow_0.277;85.00;flow_0.277;0;632.42;1.08;0.00;39.24;car;;1;22.00;249408.342579;5129.540160;29.173985;102.603176;5.677416;0;79568.655309
25827.00;E2J1_0;100.00;11.89;25743.00;0.20;A2A3_0;4.60;0.00;tripinfo_flow_0.278 emissions_flow_0.278;84.00;flow_0.278;0;632.42;0.95;0.00;34.97;car;;1;19.00;225664.161080;4540.930056;25.896250;92.129592;5.023044;0;71993.868555
25915.00;E2J1_0;100.00;13.88;25836.00;0.60;A2A3_0;4.60;0.00;tripinfo_flow_0.279 emissions_flow_0.279;79.00;flow_0.279;0;632.42;1.02;0.00;32.57;car;;1;18.00;235253.112574;4413.874257;25.661404;96.409035;5.114337;0;75053.384485
26013.00;E2J1_0;100.00;9.41;25928.00;0.00;A2A3_0;4.60;0.00;tripinfo_flow_0.280 emissions_flow_0.280;85.00;flow_0.280;0;632.42;0.76;0.00;23.50;car;;1;9.00;193395.791243;3557.600161;20.729497;77.307839;3.864645;0;61699.846958
26096.00;E2J1_0;100.00;12.74;26021.00;0.40;A2A3_0;4.60;0.00;tripinfo_flow_0.281 emissions_flow_0.281;75.00;flow_0.281;0;632.42;1.04;0.00;28.12;car;;1;13.00;221431.167188;3879.573142;22.792529;89.951794;4.618819;0;70644.430776
26186.00;E2J1_0;100.00;13.37;26114.00;0.80;A2A3_0;4.60;0.00;tripinfo_flow_0.282 emissions_flow_0.282;72.00;flow_0.282;0;632.42;0.98;0.00;25.15;car;;1;10.00;218229.119506;3660.122558;21.852385;89.646576;4.548462;0;69622.699869
26278.00;E2J1_0;100.00;11.37;26206.00;0.20;A2A3_0;4.60;0.00;tripinfo_flow_0.283 emissions_flow_0.283;72.00;flow_0.283;0;632.42;0.89;0.00;19.85;car;;1;3.00;192617.608644;2962.797704;18.114198;78.383952;3.764711;0;61452.156111
26366.00;E2J1_0;100.00;12.99;26299.00;0.60;A2A3_0;4.60;0.00;tripinfo_flow_0.284 emissions_flow_0.284;67.00;flow_0.284;0;632.42;1.10;0.00;20.91;car;;1;5.00;198251.808792;2963.552350;18.273484;81.880541;3.985386;0;63249.598637
26456.00;E2J1_0;100.00;13.06;26391.00;0.00;A2A3_0;4.60;0.00;tripinfo_flow_0.285 emissions_flow_0.285;65.00;flow_0.285;0;632.42;1.19;0.00;18.33;car;;1;3.00;194426.929667;2683.798058;16.946629;79.722990;3.735255;0;62029.769654
26545.00;E2J1_0;100.00;13.33;26484.00;0.40;A2A3_0;4.60;0.00;tripinfo_flow_0.286 emissions_flow_0.286;61.00;flow_0.286;0;632.42;0.97;0.00;11.90;car;;0;0.00;181734.557583;2148.434866;14.159319;74.135674;3.283154;0;57981.040168
26635.00;E2J1_0;100.00;13.01;26577.00;0.80;A2A3_0;4.60;0.00;tripinfo_flow_0.287 emissions_flow_0.287;58.00;flow_0.287;0;632.42;0.97;0.00;9.93;car;;0;0.00;171318.127585;1917.557952;12.824955;69.243169;2.992894;0;54658.134036
26726.00;E2J1_0;100.00;13.47;26669.00;0.20;A2A3_0;4.60;0.00;tripinfo_flow_0.288 emissions_flow_0.288;57.00;flow_0.288;0;632.42;1.09;0.00;10.63;car;;0;0.00;167494.099897;1930.348755;12.789289;67.692469;2.963657;0;53438.076602
26819.00;E2J1_0;100.00;13.75;26762.00;0.60;A2A3_0;4.60;0.00;tripinfo_flow_0.289 emissions_flow_0.289;57.00;flow_0.289;0;632.42;1.14;0.00;10.95;car;;0;0.00;161804.693144;1863.406961;12.344182;65.542052;2.882081;0;51622.876524
26914.00;E2J1_0;100.00;12.67;26854.00;0.00;A2A3_0;4.60;0.00;tripinfo_flow_0.290 emissions_flow_0.290;60.00;flow_0.290;0;632.42;1.05;0.00;13.01;car;;0;0.00;174471.322874;1990.702099;13.238996;70.165657;3.047462;0;55664.235825
27006.00;E2J1_0;100.00;13.06;26947.00;0.40;A2A3_0;4.60;0.00;tripinfo_flow_0.291 emissions_flow_0.291;59.00;flow_0.291;0;632.42;0.96;0.00;10.74;car;;0;0.00;166581.655654;1901.851466;12.590378;67.055245;2.907548;0;53147.042593
27097.00;E2J1_0;100.00;12.72;27040.00;0.80;A2A3_0;4.60;0.00;tripinfo_flow_0.292 emissions_flow_0.292;57.00;flow_0.292;0;632.42;1.10;0.00;10.61;car;;0;0.00;172037.708997;1984.738280;13.290792;70.190571;3.102621;0;54887.428712
27190.00;E2J1_0;100.00;12.67;27132.00;0.20;A2A3_0;4.60;0.00;tripinfo_flow_0.293 emissions_flow_0.293;58.00;flow_0.293;0;632.42;0.98;0.00;10.46;car;;0;0.00;181333.571738;1979.958357;13.306750;72.437632;3.073867;0;57853.867633
27284.00;E2J1_0;100.00;13.08;27225.00;0.60;A2A3_0;4.60;0.00;tripinfo_flow_0.294 emissions_flow_0.294;59.00;flow_0.294;0;632.42;0.98;0.00;11.33;car;;0;0.00;175216.901242;1994.672403;13.292894;70.832334;3.067855;0;55901.973160
27373.00;E2J1_0;100.00;13.62;27317.00;0.00;A2A3_0;4.60;0.00;tripinfo_flow_0.295 emissions_flow_0.295;56.00;flow_0.295;0;632.42;1.16;0.00;10.41;car;;0;0.00;165426.485702;1892.343741;12.687321;67.757467;3.011384;0;52778.156879
27467.00;E2J1_0;100.00;12.70;27410.00;0.40;A2A3_0;4.60;0.00;tripinfo_flow_0.296 emissions_flow_0.296;57.00;flow_0.296;0;632.42;1.07;0.00;10.72;car;;0;0.00;165664.249098;1913.520098;12.650665;66.884897;2.914372;0;52854.269611
27627.00;E2J1_0;100.00;12.32;27503.00;0.80;A2A3_0;4.60;0.00;tripinfo_flow_0.297 emissions_flow_0.297;124.00;flow_0.297;0;632.42;0.94;0.00;74.11;car;;1;57.00;322409.782379;9018.689404;48.374075;132.659329;8.530670;0;102854.911142
27716.00;E2J1_0;100.00;12.67;27595.00;0.20;A2A3_0;4.60;0.00;tripinfo_flow_0.298 emissions_flow_0.298;121.00;flow_0.298;0;632.42;0.98;0.00;73.56;car;;1;55.00;321366.309126;9027.313165;48.445091;133.486005;8.641206;0;102521.612753
27806.00;E2J1_0;100.00;13.16;27688.00;0.60;A2A3_0;4.60;0.00;tripinfo_flow_0.299 emissions_flow_0.299;118.00;flow_0.299;0;632.42;1.04;0.00;71.02;car;;1;55.00;321794.026162;8697.479081;46.970100;132.708679;8.412635;0;102658.874503
27896.00;E2J1_0;100.00;13.03;27780.00;0.00;A2A3_0;4.60;0.00;tripinfo_flow_0.300 emissions_flow_0.300;116.00;flow_0.300;0;632.42;0.98;0.00;68.82;car;;1;52.00;313989.538941;8532.124945;46.098739;130.302990;8.304245;0;100168.751516
27987.00;E2J1_0;100.00;12.67;27873.00;0.40;A2A3_0;4.60;0.00;tripinfo_flow_0.301 emissions_flow_0.301;114.00;flow_0.301;0;632.42;0.96;0.00;64.85;car;;1;48.00;308292.422989;8058.758401;43.625706;125.650059;7.759415;0;98352.376043
28075.00;E2J1_0;100.00;13.16;27966.00;0.80;A2A3_0;4.60;0.00;tripinfo_flow_0.302 emissions_flow_0.302;109.00;flow_0.302;0;632.42;1.06;0.00;62.71;car;;1;47.00;305661.401026;7812.802313;42.500880;125.442281;7.720821;0;97513.099073
28166.00;E2J1_0;100.00;13.38;28058.00;0.20;A2A3_0;4.60;0.00;tripinfo_flow_0.303 emissions_flow_0.303;108.00;flow_0.303;0;632.42;0.99;0.00;61.28;car;;1;44.00;297276.406152;7448.867424;40.735740;121.937921;7.415404;0;94838.260461
28256.00;E2J1_0;100.00;12.81;28151.00;0.60;A2A3_0;4.60;0.00;tripinfo_flow_0.304 emissions_flow_0.304;105.00;flow_0.304;0;632.42;0.99;0.00;57.62;car;;1;41.00;283999.422789;6988.571562;38.272450;116.527251;7.031509;0;90602.766500
28346.00;E2J1_0;100.00;13.09;28243.00;0.00;A2A3_0;4.60;0.00;tripinfo_flow_0.305 emissions_flow_0.305;103.00;flow_0.305;0;632.42;1.05;0.00;56.54;car;;1;41.00;286563.714626;7066.354520;38.734160;118.496888;7.203844;0;91420.598375
28438.00;E2J1_0;100.00;12.30;28336.00;0.40;A2A3_0;4.60;0.00;tripinfo_flow_0.306 emissions_flow_0.306;102.00;flow_0.306;0;632.42;0.90;0.00;50.47;car;;1;33.00;271525.848482;6452.127391;35.656805;110.921554;6.506106;0;86623.671422
28526.00;E2J1_0;100.00;13.78;28429.00;0.80;A2A3_0;4.60;0.00;tripinfo_flow_0.307 emissions_flow_0.307;97.00;flow_0.307;0;632.42;1.09;0.00;50.77;car;;1;35.00;277955.472917;6474.278651;36.040478;115.631196;6.835337;0;88674.581062
28615.00;E2J1_0;100.00;13.04;28521.00;0.20;A2A3_0;4.60;0.00;tripinfo_flow_0.308 emissions_flow_0.308;94.00;flow_0.308;0;632.42;1.11;0.00;48.25;car;;1;34.00;274747.157123;6297.556470;34.956398;113.138992;6.621353;0;87651.662331
28706.00;E2J1_0;100.00;13.51;28614.00;0.60;A2A3_0;4.60;0.00;tripinfo_flow_0.309 emissions_flow_0.309;92.00;flow_0.309;0;632.42;1.07;0.00;45.94;car;;1;30.00;268853.290072;5794.512137;32.555466;109.698706;6.199289;0;85772.137774
28796.00;E2J1_0;100.00;12.90;28706.00;0.00;A2A3_0;4.60;0.00;tripinfo_flow_0.310 emissions_flow_0.310;90.00;flow_0.310;0;632.42;1.21;0.00;43.59;car;;1;26.00;265482.431996;5648.780145;31.950163;109.378604;6.159935;0;84696.448132
28885.00;E2J1_0;100.00;12.95;28799.00;0.40;A2A3_0;4.60;0.00;tripinfo_flow_0.311 emissions_flow_0.311;86.00;flow_0.311;0;632.42;1.15;0.00;40.44;car;;1;24.00;243550.436778;5180.693097;29.310099;100.900440;5.703204;0;77699.343491
28962.00;E2J1_0;100.00;9.76;28800.00;0.00;A2A1_0;10.10;0.00;tripinfo_flow_1.4 emissions_flow_1.4;162.00;flow_1.4;0;632.08;1.13;60.00;38.23;bus;;4;12.00;373639.616957;11950.731349;62.786837;154.569831;10.605040;0;119195.588874
28976.00;E2J1_0;100.00;12.68;28892.00;0.80;A2A3_0;4.60;0.00;tripinfo_flow_0.312 emissions_flow_0.312;84.00;flow_0.312;0;632.42;0.98;0.00;35.74;car;;1;19.00;237674.279586;4849.482984;27.691753;98.361780;5.447692;0;75824.949573
29066.00;E2J1_0;100.00;13.30;28984.00;0.20;A2A3_0;4.60;0.00;tripinfo_flow_0.313 emissions_flow_0.313;82.00;flow_0.313;0;632.42;1.18;0.00;35.57;car;;1;20.00;238869.782247;4604.861576;26.503884;97.205292;5.196009;0;76207.306044
29156.00;E2J1_0;100.00;12.72;29077.00;0.60;A2A3_0;4.60;0.00;tripinfo_flow_0.314 emissions_flow_0.314;79.00;flow_0.314;0;632.42;1.13;0.00;32.72;car;;1;16.00;232432.973314;4350.144794;25.236206;95.285824;5.052357;0;74153.691949
29246.00;E2J1_0;100.00;13.89;29169.00;0.00;A2A3_0;4.60;0.00;tripinfo_flow_0.315 emissions_flow_0.315;77.00;flow_0.315;0;632.42;1.16;0.00;30.70;car;;1;15.00;231133.695778;4179.544014;24.531906;95.729589;5.042870;0;73739.085387
29338.00;E2J1_0;100.00;11.82;29262.00;0.40;A2A3_0;4.60;0.00;tripinfo_flow_0.316 emissions_flow_0.316;76.00;flow_0.316;0;632.42;0.87;0.00;23.79;car;;1;9.00;203243.375125;3407.889672;20.351590;82.102068;4.051556;0;64841.952324
29429.00;E2J1_0;100.00;11.42;29355.00;0.80;A2A3_0;4.60;0.00;tripinfo_flow_0.317 emissions_flow_0.317;74.00;flow_0.317;0;632.42;0.87;0.00;20.77;car;;1;5.00;195316.205796;3005.019723;18.369299;78.937845;3.755123;0;62313.241143
29520.00;E2J1_0;100.00;10.56;29447.00;0.20;A2A3_0;4.60;0.00;tripinfo_flow_0.318 emissions_flow_0.318;73.00;flow_0.318;0;632.42;0.82;0.00;16.95;car;;1;2.00;184953.147749;2743.945285;16.921329;74.050638;3.399839;0;59007.284622
29607.00;E2J1_0;100.00;12.00;29540.00;0.60;A2A3_0;4.60;0.00;tripinfo_flow_0.319 emissions_flow_0.319;67.00;flow_0.319;0;632.42;0.94;0.00;17.28;car;;1;2.00;190913.625287;2722.905542;16.909906;77.776051;3.664194;0;60908.900017
29696.00;E2J1_0;100.00;13.64;29632.00;0.00;A2A3_0;4.60;0.00;tripinfo_flow_0.320 emissions_flow_0.320;64.00;flow_0.320;0;632.42;1.01;0.00;17.48;car;;1;1.00;203119.033325;2673.627668;17.025045;83.210901;3.835915;0;64803.159290
29786.00;E2J1_0;100.00;12.12;29725.00;0.40;A2A3_0;4.60;0.00;tripinfo_flow_0.321 emissions_flow_0.321;61.00;flow_0.321;0;632.42;0.93;0.00;10.96;car;;0;0.00;163538.285281;1960.208968;12.907608;66.792302;2.965313;0;52175.553818
29878.00;E2J1_0;100.00;12.34;29818.00;0.80;A2A3_0;4.60;0.00;tripinfo_flow_0.322 emissions_flow_0.322;60.00;flow_0.322;0;632.42;0.95;0.00;10.40;car;;0;0.00;166578.940533;1884.038181;12.474950;66.530674;2.844705;0;53146.339615
29967.00;E2J1_0;100.00;12.80;29910.00;0.20;A2A3_0;4.60;0.00;tripinfo_flow_0.323 emissions_flow_0.323;57.00;flow_0.323;0;632.42;1.00;0.00;11.20;car;;0;0.00;167634.685294;1918.764658;12.657796;67.387483;2.939062;0;53483.109722
30066.00;E2J1_0;100.00;11.32;30003.00;0.60;A2A3_0;4.60;0.00;tripinfo_flow_0.324 emissions_flow_0.324;63.00;flow_0.324;0;632.42;0.90;0.00;10.88;car;;0;0.00;162593.315933;1887.116281;12.456467;64.752344;2.752805;0;51874.606245
30155.00;E2J1_0;100.00;12.26;30095.00;0.00;A2A3_0;4.60;0.00;tripinfo_flow_0.325 emissions_flow_0.325;60.00;flow_0.325;0;632.42;0.96;0.00;11.77;car;;0;0.00;160554.748327;1872.820248;12.328342;64.123728;2.777499;0;51224.249734
30246.00;E2J1_0;100.00;13.69;30188.00;0.40;A2A3_0;4.60;0.00;tripinfo_flow_0.326 emissions_flow_0.326;58.00;flow_0.326;0;632.42;1.02;0.00;11.69;car;;0;0.00;175081.093207;2114.522465;13.969032;71.568168;3.204898;0;55858.197422
30337.00;E2J1_0;100.00;13.71;30281.00;0.80;A2A3_0;4.60;0.00;tripinfo_flow_0.327 emissions_flow_0.327;56.00;flow_0.327;0;632.42;1.01;0.00;10.18;car;;0;0.00;170068.259046;1901.767545;12.707292;69.037376;3.004185;0;54259.352496
30435.00;E2J1_0;100.00;11.99;30373.00;0.20;A2A3_0;4.60;0.00;tripinfo_flow_0.328 emissions_flow_0.328;62.00;flow_0.328;0;632.42;0.93;0.00;11.92;car;;0;0.00;171416.429223;2073.045038;13.568681;69.749111;3.096626;0;54689.059060
30521.00;E2J1_0;100.00;13.05;30466.00;0.60;A2A3_0;4.60;0.00;tripinfo_flow_0.329 emissions_flow_0.329;55.00;flow_0.329;0;632.42;1.18;0.00;9.47;car;;0;0.00;163082.084079;1770.182284;11.974299;65.661753;2.815622;0;52030.690233
30621.00;E2J1_0;100.00;12.21;30558.00;0.00;A2A3_0;4.60;0.00;tripinfo_flow_0.330 emissions_flow_0.330;63.00;flow_0.330;0;632.42;0.89;0.00;10.86;car;;0;0.00;171124.638636;2081.618762;13.660078;69.776916;3.088798;0;54595.838406
30708.00;E2J1_0;100.00;13.72;30651.00;0.40;A2A3_0;4.60;0.00;tripinfo_flow_0.331 emissions_flow_0.331;57.00;flow_0.331;0;632.42;1.16;0.00;10.14;car;;0;0.00;164390.541495;1773.109730;12.003602;65.991006;2.802713;0;52448.215958
30866.00;E2J1_0;100.00;13.33;30744.00;0.80;A2A3_0;4.60;0.00;tripinfo_flow_0.332 emissions_flow_0.332;122.00;flow_0.332;0;632.42;1.02;0.00;75.67;car;;1;58.00;332233.826523;9173.786958;49.360358;137.126441;8.790846;0;105989.088692
30957.00;E2J1_0;100.00;13.09;30836.00;0.20;A2A3_0;4.60;0.00;tripinfo_flow_0.333 emissions_flow_0.333;121.00;flow_0.333;0;632.42;0.96;0.00;72.15;car;;1;56.00;325627.937745;8983.514947;48.226282;134.122492;8.592463;0;103881.789843
31046.00;E2J1_0;100.00;13.18;30929.00;0.60;A2A3_0;4.60;0.00;tripinfo_flow_0.334 emissions_flow_0.334;117.00;flow_0.334;0;632.42;1.17;0.00;70.64;car;;1;54.00;316560.364525;8538.320352;46.141141;130.372815;8.245359;0;100989.291441
31136.00;E2J1_0;100.00;13.65;31021.00;0.00;A2A3_0;4.60;0.00;tripinfo_flow_0.335 emissions_flow_0.335;115.00;flow_0.335;0;632.42;1.11;0.00;68.64;car;;1;53.00;313106.109315;8442.499310;45.570257;129.113198;8.188609;0;99887.319368
31229.00;E2J1_0;100.00;10.88;31114.00;0.40;A2A3_0;4.60;0.00;tripinfo_flow_0.336 emissions_flow_0.336;115.00;flow_0.336;0;632.42;0.86;0.00;61.23;car;;1;45.00;293395.337719;7577.374950;41.248730;119.821844;7.326131;0;93599.750883
31316.00;E2J1_0;100.00;13.85;31207.00;0.80;A2A3_0;4.60;0.00;tripinfo_flow_0.337 emissions_flow_0.337;109.00;flow_0.337;0;632.42;1.00;0.00;62.67;car;;1;45.00;301942.084761;7553.314124;41.285105;123.365977;7.485160;0;96326.911338
31406.00;E2J1_0;100.00;13.09;31299.00;0.20;A2A3_0;4.60;0.00;tripinfo_flow_0.338 emissions_flow_0.338;107.00;flow_0.338;0;632.42;0.95;0.00;58.88;car;;1;45.00;293266.176322;7457.904493;40.583490;119.943183;7.344523;0;93558.855264
31496.00;E2J1_0;100.00;13.51;31392.00;0.60;A2A3_0;4.60;0.00;tripinfo_flow_0.339 emissions_flow_0.339;104.00;flow_0.339;0;632.42;0.98;0.00;56.21;car;;1;39.00;284007.793158;6919.375641;37.922989;116.449922;6.963882;0;90605.541641
31587.00;E2J1_0;100.00;12.66;31484.00;0.00;A2A3_0;4.60;0.00;tripinfo_flow_0.340 emissions_flow_0.340;103.00;flow_0.340;0;632.42;0.94;0.00;53.02;car;;1;36.00;275523.622017;6500.289453;35.970854;112.647666;6.605728;0;87899.165110
31675.00;E2J1_0;100.00;13.44;31577.00;0.40;A2A3_0;4.60;0.00;tripinfo_flow_0.341 emissions_flow_0.341;98.00;flow_0.341;0;632.42;1.11;0.00;52.40;car;;1;36.00;280631.106178;6582.119414;36.468741;115.887622;6.847871;0;89528.407524
31771.00;E2J1_0;100.00;11.03;31670.00;0.80;A2A3_0;4.60;0.00;tripinfo_flow_0.342 emissions_flow_0.342;101.00;flow_0.342;0;632.42;0.82;0.00;44.27;car;;1;29.00;242167.019696;5689.723310;31.504698;98.073602;5.650898;0;77257.656830
31856.00;E2J1_0;100.00;12.79;31762.00;0.20;A2A3_0;4.60;0.00;tripinfo_flow_0.343 emissions_flow_0.343;94.00;flow_0.343;0;632.42;1.13;0.00;47.76;car;;1;32.00;272052.289237;6178.486520;34.477408;112.402335;6.557265;0;86791.820422
31949.00;E2J1_0;100.00;12.10;31855.00;0.60;A2A3_0;4.60;0.00;tripinfo_flow_0.344 emissions_flow_0.344;94.00;flow_0.344;0;632.42;0.90;0.00;42.45;car;;1;27.00;245858.679991;5476.180077;30.699536;100.949372;5.750229;0;78435.511028
32036.00;E2J1_0;100.00;13.82;31947.00;0.00;A2A3_0;4.60;0.00;tripinfo_flow_0.345 emissions_flow_0.345;89.00;flow_0.345;0;632.42;1.02;0.00;42.13;car;;1;24.00;254790.190383;5440.101085;30.713411;104.810572;5.894411;0;81285.327142
32131.00;E2J1_0;100.00;10.68;32040.00;0.40;A2A3_0;4.60;0.00;tripinfo_flow_0.346 emissions_flow_0.346;91.00;flow_0.346;0;632.42;0.82;0.00;34.16;car;;1;18.00;219094.811814;4521.464083;25.710780;88.425262;4.748916;0;69897.917242
32217.00;E2J1_0;100.00;12.35;32133.00;0.80;A2A3_0;4.60;0.00;tripinfo_flow_0.347 emissions_flow_0.347;84.00;flow_0.347;0;632.42;0.97;0.00;35.41;car;;1;21.00;238255.889860;4636.695663;26.675536;96.854077;5.180947;0;76011.353898
32305.00;E2J1_0;100.00;13.89;32225.00;0.20;A2A3_0;4.60;0.00;tripinfo_flow_0.348 emissions_flow_0.348;80.00;flow_0.348;0;632.42;1.03;0.00;34.11;car;;1;19.00;240865.229890;4666.594666;26.944844;100.117871;5.445253;0;76843.235469
32397.00;E2J1_0;100.00;13.18;32318.00;0.60;A2A3_0;4.60;0.00;tripinfo_flow_0.349 emissions_flow_0.349;79.00;flow_0.349;0;632.42;0.98;0.00;30.73;car;;1;15.00;231830.310463;4162.451077;24.445476;94.762897;4.917566;0;73961.708038
32486.00;E2J1_0;100.00;13.89;32410.00;0.00;A2A3_0;4.60;0.00;tripinfo_flow_0.350 emissions_flow_0.350;76.00;flow_0.350;0;632.42;1.03;0.00;29.01;car;;1;12.00;223102.253697;3906.047908;23.070337;92.168721;4.788368;0;71177.061658
32576.00;E2J1_0;100.00;12.63;32503.00;0.40;A2A3_0;4.60;0.00;tripinfo_flow_0.351 emissions_flow_0.351;73.00;flow_0.351;0;632.42;0.96;0.00;25.24;car;;1;8.00;211600.009780;3465.455501;20.764673;86.111944;4.283573;0;67508.124065
32667.00;E2J1_0;100.00;12.68;32596.00;0.80;A2A3_0;4.60;0.00;tripinfo_flow_0.352 emissions_flow_0.352;71.00;flow_0.352;0;632.42;0.95;0.00;22.62;car;;1;7.00;206452.694948;3279.520507;19.887057;84.682886;4.164598;0;65865.810748
32756.00;E2J1_0;100.00;13.08;32688.00;0.20;A2A3_0;4.60;0.00;tripinfo_flow_0.353 emissions_flow_0.353;68.00;flow_0.353;0;632.42;1.08;0.00;22.11;car;;1;7.00;205930.282687;3064.457968;18.733797;83.430863;3.993801;0;65699.922188
32848.00;E2J1_0;100.00;10.96;32781.00;0.60;A2A3_0;4.60;0.00;tripinfo_flow_0.354 emissions_flow_0.354;67.00;flow_0.354;0;632.42;0.86;0.00;12.82;car;;0;0.00;175242.561890;2223.659215;14.391625;70.742831;3.112471;0;55909.629543
32936.00;E2J1_0;100.00;13.81;32873.00;0.00;A2A3_0;4.60;0.00;tripinfo_flow_0.355 emissions_flow_0.355;63.00;flow_0.355;0;632.42;1.19;0.00;16.90;car;;1;2.00;197934.916931;2621.732982;16.588842;80.750226;3.732222;0;63149.337925
33027.00;E2J1_0;100.00;12.97;32966.00;0.40;A2A3_0;4.60;0.00;tripinfo_flow_0.356 emissions_flow_0.356;61.00;flow_0.356;0;632.42;0.95;0.00;11.39;car;;0;0.00;173169.871586;2077.007074;13.615529;70.445164;3.121388;0;55248.551672
33116.00;E2J1_0;100.00;13.84;33059.00;0.80;A2A3_0;4.60;0.00;tripinfo_flow_0.357 emissions_flow_0.357;57.00;flow_0.357;0;632.42;1.20;0.00;10.99;car;;0;0.00;165472.877542;1861.638469;12.446242;66.895768;2.920828;0;52793.295126
33215.00;E2J1_0;100.00;12.01;33151.00;0.20;A2A3_0;4.60;0.00;tripinfo_flow_0.358 emissions_flow_0.358;64.00;flow_0.358;0;632.42;0.90;0.00;12.52;car;;0;0.00;165531.279428;2006.438578;13.128405;66.314564;2.869605;0;52811.694830
33302.00;E2J1_0;100.00;13.18;33244.00;0.60;A2A3_0;4.60;0.00;tripinfo_flow_0.359 emissions_flow_0.359;58.00;flow_0.359;0;632.42;0.99;0.00;11.98;car;;0;0.00;178381.978724;2046.883231;13.552484;71.991067;3.136531;0;56911.834955
33392.00;E2J1_0;100.00;13.55;33336.00;0.00;A2A3_0;4.60;0.00;tripinfo_flow_0.360 emissions_flow_0.360;56.00;flow_0.360;0;632.42;1.12;0.00;9.61;car;;0;0.00;169257.060034;1787.527637;12.085459;67.562855;2.842822;0;54001.083764
33486.00;E2J1_0;100.00;12.68;33429.00;0.40;A2A3_0;4.60;0.00;tripinfo_flow_0.361 emissions_flow_0.361;57.00;flow_0.361;0;632.42;1.11;0.00;10.83;car;;0;0.00;169588.032166;1835.866175;12.353958;67.820836;2.885975;0;54106.566092
33580.00;E2J1_0;100.00;13.00;33522.00;0.80;A2A3_0;4.60;0.00;tripinfo_flow_0.362 emissions_flow_0.362;58.00;flow_0.362;0;632.42;1.00;0.00;11.46;car;;0;0.00;173369.429851;1913.103971;12.696161;69.124141;2.948351;0;55313.036054
33671.00;E2J1_0;100.00;13.40;33614.00;0.20;A2A3_0;4.60;0.00;tripinfo_flow_0.363 emissions_flow_0.363;57.00;flow_0.363;0;632.42;1.14;0.00;10.65;car;;0;0.00;167792.596302;1854.330955;12.490988;67.736851;2.917084;0;53533.415537
33765.00;E2J1_0;100.00;13.25;33707.00;0.60;A2A3_0;4.60;0.00;tripinfo_flow_0.364 emissions_flow_0.364;58.00;flow_0.364;0;632.42;1.02;0.00;11.65;car;;0;0.00;172901.835844;2067.709767;13.688790;71.016905;3.190103;0;55162.864701
33856.00;E2J1_0;100.00;12.84;33799.00;0.00;A2A3_0;4.60;0.00;tripinfo_flow_0.365 emissions_flow_0.365;57.00;flow_0.365;0;632.42;1.11;0.00;11.21;car;;0;0.00;162030.297624;1821.891677;12.082530;65.025053;2.814857;0;51695.110329
34017.00;E2J1_0;100.00;12.27;33892.00;0.40;A2A3_0;4.60;0.00;tripinfo_flow_0.366 emissions_flow_0.366;125.00;flow_0.366;0;632.42;0.94;0.00;75.95;car;;1;60.00;322305.816885;9057.526039;48.501430;131.883412;8.475126;0;102821.903780
34105.00;E2J1_0;100.00;13.45;33985.00;0.80;A2A3_0;4.60;0.00;tripinfo_flow_0.367 emissions_flow_0.367;120.00;flow_0.367;0;632.42;1.01;0.00;74.30;car;;1;57.00;324079.289446;9007.251524;48.288444;133.629914;8.598622;0;103387.649942
34198.00;E2J1_0;100.00;12.42;34077.00;0.20;A2A3_0;4.60;0.00;tripinfo_flow_0.368 emissions_flow_0.368;121.00;flow_0.368;0;632.42;0.91;0.00;70.36;car;;1;55.00;314387.908946;8696.464667;46.776048;129.394225;8.257439;0;100295.857825
34287.00;E2J1_0;100.00;11.66;34170.00;0.60;A2A3_0;4.60;0.00;tripinfo_flow_0.369 emissions_flow_0.369;117.00;flow_0.369;0;632.42;0.93;0.00;66.81;car;;1;51.00;297500.586094;8109.484923;43.737208;122.638319;7.771580;0;94908.585087
34381.00;E2J1_0;100.00;10.09;34262.00;0.00;A2A3_0;4.60;0.00;tripinfo_flow_0.370 emissions_flow_0.370;119.00;flow_0.370;0;632.42;0.81;0.00;62.23;car;;1;45.00;284747.953735;7788.858807;41.974819;116.763370;7.346189;0;90840.222286
34466.00;E2J1_0;100.00;13.34;34355.00;0.40;A2A3_0;4.60;0.00;tripinfo_flow_0.371 emissions_flow_0.371;111.00;flow_0.371;0;632.42;1.10;0.00;64.42;car;;1;48.00;309521.372163;8122.995058;44.092129;128.292624;8.040321;0;98743.815305
34555.00;E2J1_0;100.00;13.30;34448.00;0.80;A2A3_0;4.60;0.00;tripinfo_flow_0.372 emissions_flow_0.372;107.00;flow_0.372;0;632.42;1.08;0.00;60.11;car;;1;45.00;297526.505892;7621.748870;41.611881;123.449697;7.633357;0;94917.377419
34647.00;E2J1_0;100.00;11.60;34540.00;0.20;A2A3_0;4.60;0.00;tripinfo_flow_0.373 emissions_flow_0.373;107.00;flow_0.373;0;632.42;0.92;0.00;56.88;car;;1;42.00;282961.296382;7261.314771;39.588395;116.764501;7.188565;0;90270.857478
34740.00;E2J1_0;100.00;10.52;34633.00;0.60;A2A3_0;4.60;0.00;tripinfo_flow_0.374 emissions_flow_0.374;107.00;flow_0.374;0;632.42;0.84;0.00;51.97;car;;1;36.00;264816.164279;6652.761975;36.380424;107.901392;6.479049;0;84482.623093
34830.00;E2J1_0;100.00;11.06;34725.00;0.00;A2A3_0;4.60;0.00;tripinfo_flow_0.375 emissions_flow_0.375;105.00;flow_0.375;0;632.42;0.85;0.00;49.51;car;;1;33.00;262760.720497;6354.611843;35.000930;106.786068;6.266673;0;83827.283666
34917.00;E2J1_0;100.00;12.92;34818.00;0.40;A2A3_0;4.60;0.00;tripinfo_flow_0.376 emissions_flow_0.376;99.00;flow_0.376;0;632.42;0.96;0.00;50.23;car;;1;34.00;274720.382911;6332.549788;35.084906;112.117026;6.517561;0;87643.261934
35010.00;E2J1_0;100.00;11.64;34911.00;0.80;A2A3_0;4.60;0.00;tripinfo_flow_0.377 emissions_flow_0.377;99.00;flow_0.377;0;632.42;0.85;0.00;44.37;car;;1;29.00;251265.694768;5841.568404;32.422704;102.294090;5.901702;0;80160.360747
35095.00;E2J1_0;100.00;13.58;35003.00;0.20;A2A3_0;4.60;0.00;tripinfo_flow_0.378 emissions_flow_0.378;92.00;flow_0.378;0;632.42;1.14;0.00;46.11;car;;1;30.00;265498.601585;5832.316078;32.749270;109.147567;6.225708;0;84701.435960
35185.00;E2J1_0;100.00;12.61;35096.00;0.60;A2A3_0;4.60;0.00;tripinfo_flow_0.379 emissions_flow_0.379;89.00;flow_0.379;0;632.42;1.10;0.00;43.35;car;;1;29.00;260258.187954;5618.086638;31.548040;106.599019;6.043322;0;83029.926135
35276.00;E2J1_0;100.00;13.86;35188.00;0.00;A2A3_0;4.60;0.00;tripinfo_flow_0.380 emissions_flow_0.380;88.00;flow_0.380;0;632.42;1.06;0.00;41.74;car;;1;25.00;258632.607920;5346.102868;30.420042;106.599695;5.928589;0;82511.358287
35366.00;E2J1_0;100.00;13.30;35281.00;0.40;A2A3_0;4.60;0.00;tripinfo_flow_0.381 emissions_flow_0.381;85.00;flow_0.381;0;632.42;0.99;0.00;37.85;car;;1;21.00;238480.762292;4852.844770;27.635257;98.112905;5.398730;0;76082.472323
35458.00;E2J1_0;100.00;12.39;35374.00;0.80;A2A3_0;4.60;0.00;tripinfo_flow_0.382 emissions_flow_0.382;84.00;flow_0.382;0;632.42;0.90;0.00;31.73;car;;1;17.00;222070.578342;4297.709646;24.823947;90.643094;4.813860;0;70847.503894
35546.00;E2J1_0;100.00;12.80;35466.00;0.20;A2A3_0;4.60;0.00;tripinfo_flow_0.383 emissions_flow_0.383;80.00;flow_0.383;0;632.42;1.19;0.00;33.24;car;;1;17.00;233499.141780;4456.579687;25.767632;95.936057;5.142326;0;74493.652498
35638.00;E2J1_0;100.00;12.17;35559.00;0.60;A2A3_0;4.60;0.00;tripinfo_flow_0.384 emissions_flow_0.384;79.00;flow_0.384;0;632.42;0.93;0.00;28.62;car;;1;12.00;214209.004703;3852.258299;22.609113;87.118994;4.475195;0;68339.919521
35725.00;E2J1_0;100.00;12.85;35651.00;0.00;A2A3_0;4.60;0.00;tripinfo_flow_0.385 emissions_flow_0.385;74.00;flow_0.385;0;632.42;1.07;0.00;27.40;car;;1;12.00;221030.052683;3783.897116;22.443856;90.982565;4.674923;0;70516.195518
35816.00;E2J1_0;100.00;13.28;35744.00;0.40;A2A3_0;4.60;0.00;tripinfo_flow_0.386 emissions_flow_0.386;72.00;flow_0.386;0;632.42;1.11;0.00;25.61;car;;1;11.00;219448.938724;3637.238938;21.782285;90.047095;4.561858;0;70012.001889
35906.00;E2J1_0;100.00;12.90;35837.00;0.80;A2A3_0;4.60;0.00;tripinfo_flow_0.387 emissions_flow_0.387;69.00;flow_0.387;0;632.42;1.00;0.00;21.07;car;;1;6.00;205362.721428;3143.472655;19.280508;85.105895;4.183748;0;65518.049343
35996.00;E2J1_0;100.00;13.72;35929.00;0.20;A2A3_0;4.60;0.00;tripinfo_flow_0.388 emissions_flow_0.388;67.00;flow_0.388;0;632.42;1.12;0.00;21.28;car;;1;5.00;208782.650506;3132.006454;19.329191;86.077216;4.187957;0;66609.349520
36086.00;E2J1_0;100.00;13.39;36022.00;0.60;A2A3_0;4.60;0.00;tripinfo_flow_0.389 emissions_flow_0.389;64.00;flow_0.389;0;632.42;1.14;0.00;17.53;car;;1;2.00;206068.844925;2963.635326;18.531670;85.404476;4.114362;0;65743.577873
36163.00;E2J1_0;100.00;9.09;36000.00;0.00;A2A1_0;10.10;0.00;tripinfo_flow_1.5 emissions_flow_1.5;163.00;flow_1.5;0;632.08;1.19;60.00;38.93;bus;;2;12.00;379000.114590;11904.610447;62.696760;156.188038;10.580816;0;120906.098331
36176.00;E2J1_0;100.00;13.50;36114.00;0.00;A2A3_0;4.60;0.00;tripinfo_flow_0.390 emissions_flow_0.390;62.00;flow_0.390;0;632.42;0.98;0.00;14.00;car;;0;0.00;195041.739041;2434.431873;15.805435;79.741558;3.616524;0;62226.393580
36264.00;E2J1_0;100.00;13.79;36207.00;0.40;A2A3_0;4.60;0.00;tripinfo_flow_0.391 emissions_flow_0.391;57.00;flow_0.391;0;632.42;1.12;0.00;10.90;car;;0;0.00;166557.809204;1839.841428;12.288719;66.765552;2.874188;0;53139.682323
36357.00;E2J1_0;100.00;12.83;36300.00;0.80;A2A3_0;4.60;0.00;tripinfo_flow_0.392 emissions_flow_0.392;57.00;flow_0.392;0;632.42;1.26;0.00;10.75;car;;0;0.00;169013.707966;1868.542707;12.453023;67.669369;2.885914;0;53923.232798
36449.00;E2J1_0;100.00;12.82;36392.00;0.20;A2A3_0;4.60;0.00;tripinfo_flow_0.393 emissions_flow_0.393;57.00;flow_0.393;0;632.42;1.07;0.00;11.30;car;;0;0.00;164391.220948;1831.384449;12.319813;66.496159;2.866830;0;52448.134942
36544.00;E2J1_0;100.00;12.70;36485.00;0.60;A2A3_0;4.60;0.00;tripinfo_flow_0.394 emissions_flow_0.394;59.00;flow_0.394;0;632.42;0.98;0.00;11.28;car;;0;0.00;167068.791178;1843.926073;12.349869;66.901803;2.855629;0;53302.652606
36633.00;E2J1_0;100.00;13.50;36577.00;0.00;A2A3_0;4.60;0.00;tripinfo_flow_0.395 emissions_flow_0.395;56.00;flow_0.395;0;632.42;1.03;0.00;10.22;car;;0;0.00;171367.997757;1916.972862;12.858158;69.405822;3.017245;0;54674.054318
36727.00;E2J1_0;100.00;13.72;36670.00;0.40;A2A3_0;4.60;0.00;tripinfo_flow_0.396 emissions_flow_0.396;57.00;flow_0.396;0;632.42;1.02;0.00;10.39;car;;0;0.00;174850.326006;1894.551883;12.650270;69.751656;2.951813;0;55785.543404
36819.00;E2J1_0;100.00;13.06;36763.00;0.80;A2A3_0;4.60;0.00;tripinfo_flow_0.397 emissions_flow_0.397;56.00;flow_0.397;0;632.42;1.09;0.00;10.08;car;;0;0.00;168680.494850;1871.996785;12.585061;68.384574;2.967143;0;53816.621227
36912.00;E2J1_0;100.00;13.35;36855.00;0.20;A2A3_0;4.60;0.00;tripinfo_flow_0.398 emissions_flow_0.398;57.00;flow_0.398;0;632.42;1.10;0.00;10.91;car;;0;0.00;163934.630094;1824.597662;12.252547;66.205027;2.858177;0;52302.535494
37007.00;E2J1_0;100.00;13.17;36948.00;0.60;A2A3_0;4.60;0.00;tripinfo_flow_0.399 emissions_flow_0.399;59.00;flow_0.399;0;632.42;0.95;0.00;10.52;car;;0;0.00;178705.309085;1979.494809;13.283851;71.897650;3.069806;0;57015.082751
37099.00;E2J1_0;100.00;12.41;37040.00;0.00;A2A3_0;4.60;0.00;tripinfo_flow_0.400 emissions_flow_0.400;59.00;flow_0.400;0;632.42;0.96;0.00;10.89;car;;0;0.00;167956.106166;1878.105420;12.637881;67.742406;2.913095;0;53585.500630
37260.00;E2J1_0;100.00;11.33;37133.00;0.40;A2A3_0;4.60;0.00;tripinfo_flow_0.401 emissions_flow_0.401;127.00;flow_0.401;0;632.42;0.86;0.00;72.67;car;;1;58.00;318899.359534;9061.392331;48.516046;131.162337;8.476442;0;101734.720856
37346.00;E2J1_0;100.00;13.62;37226.00;0.80;A2A3_0;4.60;0.00;tripinfo_flow_0.402 emissions_flow_0.402;120.00;flow_0.402;0;632.42;1.01;0.00;73.61;car;;1;56.00;323996.143876;8823.521666;47.332564;131.870861;8.374717;0;103361.948143
37436.00;E2J1_0;100.00;12.70;37318.00;0.20;A2A3_0;4.60;0.00;tripinfo_flow_0.403 emissions_flow_0.403;118.00;flow_0.403;0;632.42;0.99;0.00;71.56;car;;1;57.00;320179.212877;8819.701512;47.316459;131.530740;8.412165;0;102143.715944
37526.00;E2J1_0;100.00;12.86;37411.00;0.60;A2A3_0;4.60;0.00;tripinfo_flow_0.404 emissions_flow_0.404;115.00;flow_0.404;0;632.42;1.10;0.00;68.59;car;;1;53.00;315231.998623;8490.931409;45.815905;130.147325;8.246012;0;100565.485329
37617.00;E2J1_0;100.00;13.00;37503.00;0.00;A2A3_0;4.60;0.00;tripinfo_flow_0.405 emissions_flow_0.405;114.00;flow_0.405;0;632.42;0.98;0.00;65.97;car;;1;51.00;308678.485090;8184.916697;44.342383;127.359365;7.977602;0;98474.909441
37706.00;E2J1_0;100.00;12.54;37596.00;0.40;A2A3_0;4.60;0.00;tripinfo_flow_0.406 emissions_flow_0.406;110.00;flow_0.406;0;632.42;0.97;0.00;61.81;car;;1;46.00;293286.941547;7665.184424;41.725200;121.531587;7.564918;0;93564.624409
37801.00;E2J1_0;100.00;10.21;37689.00;0.80;A2A3_0;4.60;0.00;tripinfo_flow_0.407 emissions_flow_0.407;112.00;flow_0.407;0;632.42;0.80;0.00;54.10;car;;1;39.00;268049.778222;6899.210841;37.561062;109.101063;6.606338;0;85513.982934
37886.00;E2J1_0;100.00;13.22;37781.00;0.20;A2A3_0;4.60;0.00;tripinfo_flow_0.408 emissions_flow_0.408;105.00;flow_0.408;0;632.42;1.00;0.00;58.58;car;;1;41.00;292304.774333;7279.810721;39.758673;120.393173;7.318397;0;93252.165797
37976.00;E2J1_0;100.00;13.69;37874.00;0.60;A2A3_0;4.60;0.00;tripinfo_flow_0.409 emissions_flow_0.409;102.00;flow_0.409;0;632.42;1.07;0.00;54.27;car;;1;39.00;280320.544410;6888.852261;37.838233;115.534441;6.972012;0;89428.940534
38066.00;E2J1_0;100.00;12.76;37966.00;0.00;A2A3_0;4.60;0.00;tripinfo_flow_0.410 emissions_flow_0.410;100.00;flow_0.410;0;632.42;1.13;0.00;54.08;car;;1;38.00;279675.574078;6788.568608;37.428282;116.119775;7.000503;0;89223.046617
38156.00;E2J1_0;100.00;13.53;38059.00;0.40;A2A3_0;4.60;0.00;tripinfo_flow_0.411 emissions_flow_0.411;97.00;flow_0.411;0;632.42;1.11;0.00;50.27;car;;1;34.00;277730.686332;6571.905023;36.324275;114.871506;6.814660;0;88602.959625
38247.00;E2J1_0;100.00;11.57;38152.00;0.80;A2A3_0;4.60;0.00;tripinfo_flow_0.412 emissions_flow_0.412;95.00;flow_0.412;0;632.42;0.92;0.00;44.73;car;;1;29.00;254625.627049;5803.645615;32.408723;105.047826;6.085131;0;81232.130376
38336.00;E2J1_0;100.00;13.57;38244.00;0.20;A2A3_0;4.60;0.00;tripinfo_flow_0.413 emissions_flow_0.413;92.00;flow_0.413;0;632.42;1.03;0.00;45.24;car;;1;28.00;263884.048904;5736.645430;32.101188;107.951670;6.122436;0;84186.644353
38427.00;E2J1_0;100.00;12.68;38337.00;0.60;A2A3_0;4.60;0.00;tripinfo_flow_0.414 emissions_flow_0.414;90.00;flow_0.414;0;632.42;0.94;0.00;40.18;car;;1;25.00;244237.432147;5235.302200;29.408620;99.586467;5.582734;0;77918.893263
38516.00;E2J1_0;100.00;13.16;38429.00;0.00;A2A3_0;4.60;0.00;tripinfo_flow_0.415 emissions_flow_0.415;87.00;flow_0.415;0;632.42;1.05;0.00;40.07;car;;1;24.00;250459.161817;5107.313632;28.910030;101.579647;5.556442;0;79904.475092
38606.00;E2J1_0;100.00;12.75;38522.00;0.40;A2A3_0;4.60;0.00;tripinfo_flow_0.416 emissions_flow_0.416;84.00;flow_0.416;0;632.42;0.97;0.00;35.54;car;;1;19.00;239686.307561;4660.744116;26.677941;97.176454;5.199685;0;76467.851404
38696.00;E2J1_0;100.00;13.71;38615.00;0.80;A2A3_0;4.60;0.00;tripinfo_flow_0.417 emissions_flow_0.417;81.00;flow_0.417;0;632.42;1.01;0.00;33.75;car;;1;17.00;236601.884611;4633.257268;26.719358;98.454075;5.382213;0;75482.976426
38785.00;E2J1_0;100.00;12.88;38707.00;0.20;A2A3_0;4.60;0.00;tripinfo_flow_0.418 emissions_flow_0.418;78.00;flow_0.418;0;632.42;1.01;0.00;31.73;car;;1;18.00;231710.941515;4428.417982;25.563632;95.235628;5.132921;0;73923.209964
38879.00;E2J1_0;100.00;11.05;38800.00;0.60;A2A3_0;4.60;0.00;tripinfo_flow_0.419 emissions_flow_0.419;79.00;flow_0.419;0;632.42;0.88;0.00;26.26;car;;1;10.00;206127.094237;3640.491795;21.410237;83.019983;4.185407;0;65761.783125
38966.00;E2J1_0;100.00;13.59;38892.00;0.00;A2A3_0;4.60;0.00;tripinfo_flow_0.420 emissions_flow_0.420;74.00;flow_0.420;0;632.42;1.05;0.00;27.66;car;;1;12.00;223424.323380;3841.258611;22.744407;91.701176;4.685369;0;71280.069983
39056.00;E2J1_0;100.00;12.87;38985.00;0.40;A2A3_0;4.60;0.00;tripinfo_flow_0.421 emissions_flow_0.421;71.00;flow_0.421;0;632.42;1.05;0.00;24.72;car;;1;7.00;217229.274904;3397.231201;20.570450;88.160041;4.300816;0;69304.398408
39147.00;E2J1_0;100.00;12.37;39078.00;0.80;A2A3_0;4.60;0.00;tripinfo_flow_0.422 emissions_flow_0.422;69.00;flow_0.422;0;632.42;0.97;0.00;20.18;car;;1;4.00;201211.957971;2958.825656;18.067156;80.778422;3.818344;0;64194.797309
39236.00;E2J1_0;100.00;12.97;39170.00;0.20;A2A3_0;4.60;0.00;tripinfo_flow_0.423 emissions_flow_0.423;66.00;flow_0.423;0;632.42;1.23;0.00;19.73;car;;1;5.00;203460.735918;2909.352210;18.044323;82.388707;3.879281;0;64912.174530
39326.00;E2J1_0;100.00;12.99;39263.00;0.60;A2A3_0;4.60;0.00;tripinfo_flow_0.424 emissions_flow_0.424;63.00;flow_0.424;0;632.42;1.32;0.00;16.30;car;;0;0.00;190623.715818;2536.729614;16.066422;78.195646;3.627331;0;60816.579032
39422.00;E2J1_0;100.00;10.68;39355.00;0.00;A2A3_0;4.60;0.00;tripinfo_flow_0.425 emissions_flow_0.425;67.00;flow_0.425;0;632.42;0.83;0.00;11.54;car;;0;0.00;160182.860487;2010.157419;12.987585;63.382091;2.709967;0;51105.345369
39505.00;E2J1_0;100.00;13.21;39448.00;0.40;A2A3_0;4.60;0.00;tripinfo_flow_0.426 emissions_flow_0.426;57.00;flow_0.426;0;632.42;1.05;0.00;10.41;car;;0;0.00;174738.000051;1993.855459;13.241263;70.750250;3.097174;0;55749.209558
39599.00;E2J1_0;100.00;13.71;39541.00;0.80;A2A3_0;4.60;0.00;tripinfo_flow_0.427 emissions_flow_0.427;58.00;flow_0.427;0;632.42;1.05;0.00;11.69;car;;0;0.00;169089.420221;2011.248816;13.293822;69.162634;3.092526;0;53946.677274
39706.00;E2J1_0;100.00;9.61;39633.00;0.20;A2A3_0;4.60;0.00;tripinfo_flow_0.428 emissions_flow_0.428;73.00;flow_0.428;0;632.42;0.76;0.00;12.18;car;;0;0.00;168441.537680;2312.322829;14.518311;66.095822;2.842032;0;53739.987543
39784.00;E2J1_0;100.00;13.27;39726.00;0.60;A2A3_0;4.60;0.00;tripinfo_flow_0.429 emissions_flow_0.429;58.00;flow_0.429;0;632.42;1.06;0.00;12.11;car;;0;0.00;171977.684077;2000.935983;13.243437;69.661196;3.050097;0;54868.415548
39881.00;E2J1_0;100.00;12.09;39818.00;0.00;A2A3_0;4.60;0.00;tripinfo_flow_0.430 emissions_flow_0.430;63.00;flow_0.430;0;632.42;0.88;0.00;10.28;car;;0;0.00;162181.058090;1897.284134;12.588682;64.940360;2.769251;0;51742.902368
39969.00;E2J1_0;100.00;12.82;39911.00;0.40;A2A3_0;4.60;0.00;tripinfo_flow_0.431 emissions_flow_0.431;58.00;flow_0.431;0;632.42;1.04;0.00;11.53;car;;0;0.00;170542.179994;2039.959043;13.384660;69.809139;3.137643;0;54410.168625
40061.00;E2J1_0;100.00;13.67;40004.00;0.80;A2A3_0;4.60;0.00;tripinfo_flow_0.432 emissions_flow_0.432;57.00;flow_0.432;0;632.42;1.17;0.00;10.98;car;;0;0.00;166429.163680;1813.447715;12.244879;66.749867;2.838601;0;53098.602235
40159.00;E2J1_0;100.00;11.79;40096.00;0.20;A2A3_0;4.60;0.00;tripinfo_flow_0.433 emissions_flow_0.433;63.00;flow_0.433;0;632.42;0.93;0.00;12.78;car;;0;0.00;164291.335360;1940.922630;12.779371;65.572865;2.815549;0;52416.274498
40252.00;E2J1_0;100.00;12.02;40189.00;0.60;A2A3_0;4.60;0.00;tripinfo_flow_0.434 emissions_flow_0.434;63.00;flow_0.434;0;632.42;0.89;0.00;11.27;car;;0;0.00;168759.319064;2091.803407;13.647555;68.724795;3.058264;0;53841.176810
40342.00;E2J1_0;100.00;12.68;40281.00;0.00;A2A3_0;4.60;0.00;tripinfo_flow_0.435 emissions_flow_0.435;61.00;flow_0.435;0;632.42;0.93;0.00;10.46;car;;0;0.00;170095.990117;2009.887946;13.314935;69.282930;3.049876;0;54267.829615
40430.00;E2J1_0;100.00;13.58;40374.00;0.40;A2A3_0;4.60;0.00;tripinfo_flow_0.436 emissions_flow_0.436;56.00;flow_0.436;0;632.42;1.11;0.00;10.42;car;;0;0.00;164830.971329;1741.543009;11.866452;65.901103;2.759128;0;52588.842312
40586.00;E2J1_0;100.00;13.53;40467.00;0.80;A2A3_0;4.60;0.00;tripinfo_flow_0.437 emissions_flow_0.437;119.00;flow_0.437;0;632.42;1.24;0.00;72.84;car;;1;56.00;323930.848870;8810.292166;47.303482;132.786736;8.451741;0;103340.879277
40677.00;E2J1_0;100.00;12.50;40559.00;0.20;A2A3_0;4.60;0.00;tripinfo_flow_0.438 emissions_flow_0.438;118.00;flow_0.438;0;632.42;0.96;0.00;69.62;car;;1;54.00;309568.167645;8414.432490;45.244282;127.064784;8.048918;0;98758.680489
40767.00;E2J1_0;100.00;12.80;40652.00;0.60;A2A3_0;4.60;0.00;tripinfo_flow_0.439 emissions_flow_0.439;115.00;flow_0.439;0;632.42;0.97;0.00;67.37;car;;1;52.00;309873.781289;8408.357070;45.412839;128.584292;8.181345;0;98855.740088
40855.00;E2J1_0;100.00;13.02;40744.00;0.00;A2A3_0;4.60;0.00;tripinfo_flow_0.440 emissions_flow_0.440;111.00;flow_0.440;0;632.42;1.02;0.00;65.18;car;;1;50.00;309579.800336;8041.671592;43.751401;127.922818;7.958157;0;98762.672617
40946.00;E2J1_0;100.00;12.88;40837.00;0.40;A2A3_0;4.60;0.00;tripinfo_flow_0.441 emissions_flow_0.441;109.00;flow_0.441;0;632.42;1.20;0.00;63.18;car;;1;47.00;301972.941007;7729.744007;42.096835;123.942608;7.622016;0;96336.343008
41039.00;E2J1_0;100.00;11.68;40930.00;0.80;A2A3_0;4.60;0.00;tripinfo_flow_0.442 emissions_flow_0.442;109.00;flow_0.442;0;632.42;0.88;0.00;54.69;car;;1;39.00;276519.051651;7047.419679;38.491035;114.205529;6.986415;0;88215.600447
41126.00;E2J1_0;100.00;13.05;41022.00;0.20;A2A3_0;4.60;0.00;tripinfo_flow_0.443 emissions_flow_0.443;104.00;flow_0.443;0;632.42;1.12;0.00;57.20;car;;1;43.00;293822.014527;7295.704250;39.860315;120.759939;7.331914;0;93736.338805
41216.00;E2J1_0;100.00;13.56;41115.00;0.60;A2A3_0;4.60;0.00;tripinfo_flow_0.444 emissions_flow_0.444;101.00;flow_0.444;0;632.42;1.07;0.00;54.46;car;;1;38.00;288399.048594;6975.180811;38.393384;118.738844;7.109502;0;92006.390858
41309.00;E2J1_0;100.00;11.38;41207.00;0.00;A2A3_0;4.60;0.00;tripinfo_flow_0.445 emissions_flow_0.445;102.00;flow_0.445;0;632.42;0.89;0.00;49.34;car;;1;34.00;257766.192745;6075.837602;33.546311;104.127962;6.045575;0;82234.394049
41396.00;E2J1_0;100.00;12.41;41300.00;0.40;A2A3_0;4.60;0.00;tripinfo_flow_0.446 emissions_flow_0.446;96.00;flow_0.446;0;632.42;0.98;0.00;48.87;car;;1;32.00;261885.790657;6047.876892;33.590621;107.742374;6.295069;0;83548.386109
41486.00;E2J1_0;100.00;13.58;41393.00;0.80;A2A3_0;4.60;0.00;tripinfo_flow_0.447 emissions_flow_0.447;93.00;flow_0.447;0;632.42;0.99;0.00;45.53;car;;1;28.00;256633.539029;5828.777695;32.457109;105.804852;6.140236;0;81872.854188
41579.00;E2J1_0;100.00;10.84;41485.00;0.20;A2A3_0;4.60;0.00;tripinfo_flow_0.448 emissions_flow_0.448;94.00;flow_0.448;0;632.42;0.86;0.00;40.33;car;;1;24.00;235299.702399;5317.877617;29.715660;96.044863;5.471147;0;75066.926433
41668.00;E2J1_0;100.00;11.76;41578.00;0.60;A2A3_0;4.60;0.00;tripinfo_flow_0.449 emissions_flow_0.449;90.00;flow_0.449;0;632.42;0.89;0.00;38.49;car;;1;23.00;227676.323793;4902.602881;27.657609;93.157987;5.202310;0;72635.160806
41756.00;E2J1_0;100.00;13.08;41670.00;0.00;A2A3_0;4.60;0.00;tripinfo_flow_0.450 emissions_flow_0.450;86.00;flow_0.450;0;632.42;1.08;0.00;39.69;car;;1;23.00;250848.090875;5084.325598;28.874898;102.010290;5.578711;0;80028.500412
41845.00;E2J1_0;100.00;12.61;41763.00;0.40;A2A3_0;4.60;0.00;tripinfo_flow_0.451 emissions_flow_0.451;82.00;flow_0.451;0;632.42;1.11;0.00;36.31;car;;1;22.00;238442.775126;4875.674318;27.755629;98.825111;5.494362;0;76070.151469
41942.00;E2J1_0;100.00;10.82;41856.00;0.80;A2A3_0;4.60;0.00;tripinfo_flow_0.452 emissions_flow_0.452;86.00;flow_0.452;0;632.42;0.80;0.00;27.20;car;;1;12.00;207639.204326;3970.876084;22.996562;84.499152;4.401337;0;66243.425447
42032.00;E2J1_0;100.00;9.54;41948.00;0.20;A2A3_0;4.60;0.00;tripinfo_flow_0.453 emissions_flow_0.453;84.00;flow_0.453;0;632.42;0.77;0.00;23.89;car;;1;8.00;198421.536147;3604.256177;21.120824;80.604597;4.085028;0;63302.961105
42116.00;E2J1_0;100.00;13.72;42041.00;0.60;A2A3_0;4.60;0.00;tripinfo_flow_0.454 emissions_flow_0.454;75.00;flow_0.454;0;632.42;1.12;0.00;28.39;car;;1;12.00;224505.651891;3944.017474;23.304800;92.643818;4.806887;0;71624.773742
42208.00;E2J1_0;100.00;12.33;42133.00;0.00;A2A3_0;4.60;0.00;tripinfo_flow_0.455 emissions_flow_0.455;75.00;flow_0.455;0;632.42;0.92;0.00;24.05;car;;1;9.00;209770.567755;3537.530271;21.144032;85.898062;4.317568;0;66924.057283
42296.00;E2J1_0;100.00;12.91;42226.00;0.40;A2A3_0;4.60;0.00;tripinfo_flow_0.456 emissions_flow_0.456;70.00;flow_0.456;0;632.42;1.01;0.00;24.16;car;;1;6.00;211105.932410;3337.215617;20.316010;87.267504;4.337955;0;67350.237611
42386.00;E2J1_0;100.00;13.21;42319.00;0.80;A2A3_0;4.60;0.00;tripinfo_flow_0.457 emissions_flow_0.457;67.00;flow_0.457;0;632.42;1.16;0.00;20.82;car;;1;4.00;200366.294907;2862.691186;17.834804;82.343899;3.910988;0;63924.516869
42476.00;E2J1_0;100.00;13.58;42411.00;0.20;A2A3_0;4.60;0.00;tripinfo_flow_0.458 emissions_flow_0.458;65.00;flow_0.458;0;632.42;1.21;0.00;18.57;car;;1;3.00;201889.226660;2841.088645;17.757902;82.914243;3.932214;0;64410.506444
42564.00;E2J1_0;100.00;13.42;42504.00;0.60;A2A3_0;4.60;0.00;tripinfo_flow_0.459 emissions_flow_0.459;60.00;flow_0.459;0;632.42;1.06;0.00;13.46;car;;0;0.00;184412.025135;2303.544159;14.893796;75.780916;3.459609;0;58834.988978
42654.00;E2J1_0;100.00;13.55;42596.00;0.00;A2A3_0;4.60;0.00;tripinfo_flow_0.460 emissions_flow_0.460;58.00;flow_0.460;0;632.42;0.99;0.00;10.76;car;;0;0.00;172542.221589;1863.170124;12.614726;68.896608;2.889279;0;55049.015600
42747.00;E2J1_0;100.00;13.52;42689.00;0.40;A2A3_0;4.60;0.00;tripinfo_flow_0.461 emissions_flow_0.461;58.00;flow_0.461;0;632.42;1.00;0.00;11.28;car;;0;0.00;171977.836315;1975.832075;13.094028;69.529032;3.026577;0;54868.578403
42839.00;E2J1_0;100.00;13.32;42782.00;0.80;A2A3_0;4.60;0.00;tripinfo_flow_0.462 emissions_flow_0.462;57.00;flow_0.462;0;632.42;1.06;0.00;10.56;car;;0;0.00;168156.306740;1905.569121;12.734109;68.242683;2.982046;0;53649.292232
42938.00;E2J1_0;100.00;11.03;42874.00;0.20;A2A3_0;4.60;0.00;tripinfo_flow_0.463 emissions_flow_0.463;64.00;flow_0.463;0;632.42;0.87;0.00;9.99;car;;0;0.00;160926.063131;1945.697689;12.769720;65.259743;2.863773;0;51342.176743
43024.00;E2J1_0;100.00;13.78;42967.00;0.60;A2A3_0;4.60;0.00;tripinfo_flow_0.464 emissions_flow_0.464;57.00;flow_0.464;0;632.42;1.04;0.00;11.29;car;;0;0.00;170829.638303;1922.787665;12.744066;68.368307;2.939589;0;54502.540767
43119.00;E2J1_0;100.00;12.31;43059.00;0.00;A2A3_0;4.60;0.00;tripinfo_flow_0.465 emissions_flow_0.465;60.00;flow_0.465;0;632.42;0.94;0.00;10.80;car;;0;0.00;173744.531526;2008.901956;13.398809;70.113302;3.035666;0;55432.127193
43209.00;E2J1_0;100.00;13.56;43152.00;0.40;A2A3_0;4.60;0.00;tripinfo_flow_0.466 emissions_flow_0.466;57.00;flow_0.466;0;632.42;1.04;0.00;10.89;car;;0;0.00;166151.055895;1870.153463;12.491220;67.240351;2.931853;0;53009.629078
43302.00;E2J1_0;100.00;13.74;43245.00;0.80;A2A3_0;4.60;0.00;tripinfo_flow_0.467 emissions_flow_0.467;57.00;flow_0.467;0;632.42;1.04;0.00;11.18;car;;0;0.00;175480.371790;1935.570769;13.016087;70.453089;3.020479;0;55986.316317
43363.00;E2J1_0;100.00;9.60;43200.00;0.00;A2A1_0;10.10;0.00;tripinfo_flow_1.6 emissions_flow_1.6;163.00;flow_1.6;0;632.08;1.02;60.00;38.29;bus;;1;10.00;386362.301348;11978.754496;63.234103;159.644185;10.748249;0;123254.822018
43397.00;E2J1_0;100.00;12.64;43337.00;0.20;A2A3_0;4.60;0.00;tripinfo_flow_0.468 emissions_flow_0.468;60.00;flow_0.468;0;632.42;0.96;0.00;11.41;car;;0;0.00;167359.308328;1927.239914;12.812988;67.341893;2.910729;0;53395.049136
43488.00;E2J1_0;100.00;12.79;43430.00;0.60;A2A3_0;4.60;0.00;tripinfo_flow_0.469 emissions_flow_0.469;58.00;flow_0.469;0;632.42;0.98;0.00;10.85;car;;0;0.00;167277.941853;1919.161811;12.719929;67.895910;2.972042;0;53369.018234
43581.00;E2J1_0;100.00;13.48;43522.00;0.00;A2A3_0;4.60;0.00;tripinfo_flow_0.470 emissions_flow_0.470;59.00;flow_0.470;0;632.42;0.99;0.00;12.27;car;;0;0.00;174743.546930;2039.130071;13.511332;70.978079;3.123545;0;55750.775156
43738.00;E2J1_0;100.00;11.73;43615.00;0.40;A2A3_0;4.60;0.00;tripinfo_flow_0.471 emissions_flow_0.471;123.00;flow_0.471;0;632.42;0.88;0.00;69.57;car;;1;56.00;307349.314026;8785.366029;46.998770;126.990332;8.257993;0;98049.842821
43828.00;E2J1_0;100.00;12.70;43708.00;0.80;A2A3_0;4.60;0.00;tripinfo_flow_0.472 emissions_flow_0.472;120.00;flow_0.472;0;632.42;0.94;0.00;70.67;car;;1;53.00;314477.719415;8485.662037;45.758799;128.734552;8.100268;0;100325.043132
43915.00;E2J1_0;100.00;13.86;43800.00;0.20;A2A3_0;4.60;0.00;tripinfo_flow_0.473 emissions_flow_0.473;115.00;flow_0.473;0;632.42;1.03;0.00;69.25;car;;1;53.00;317539.922230;8608.280364;46.428300;131.135562;8.336460;0;101301.662916
44005.00;E2J1_0;100.00;13.30;43893.00;0.60;A2A3_0;4.60;0.00;tripinfo_flow_0.474 emissions_flow_0.474;112.00;flow_0.474;0;632.42;1.04;0.00;66.23;car;;1;48.00;310419.112074;8107.111450;43.965888;127.861865;7.960038;0;99030.515816
44096.00;E2J1_0;100.00;13.27;43985.00;0.00;A2A3_0;4.60;0.00;tripinfo_flow_0.475 emissions_flow_0.475;111.00;flow_0.475;0;632.42;1.08;0.00;64.02;car;;1;49.00;302094.929741;7858.717257;42.625056;124.472684;7.745338;0;96374.966658
44186.00;E2J1_0;100.00;13.23;44078.00;0.40;A2A3_0;4.60;0.00;tripinfo_flow_0.476 emissions_flow_0.476;108.00;flow_0.476;0;632.42;0.99;0.00;61.60;car;;1;46.00;294704.983555;7623.242265;41.541109;122.739320;7.631698;0;94017.004946
44276.00;E2J1_0;100.00;13.57;44171.00;0.80;A2A3_0;4.60;0.00;tripinfo_flow_0.477 emissions_flow_0.477;105.00;flow_0.477;0;632.42;0.98;0.00;57.38;car;;1;41.00;286394.821530;7116.370837;39.011764;117.669373;7.112170;0;91366.743184
44366.00;E2J1_0;100.00;12.99;44263.00;0.20;A2A3_0;4.60;0.00;tripinfo_flow_0.478 emissions_flow_0.478;103.00;flow_0.478;0;632.42;1.08;0.00;57.41;car;;1;40.00;284023.009213;7050.975710;38.557444;116.357308;7.024809;0;90610.260637
44456.00;E2J1_0;100.00;13.83;44356.00;0.60;A2A3_0;4.60;0.00;tripinfo_flow_0.479 emissions_flow_0.479;100.00;flow_0.479;0;632.42;1.24;0.00;53.13;car;;1;39.00;285653.513614;6832.398442;37.750712;118.283306;7.077211;0;91130.414883
44546.00;E2J1_0;100.00;12.61;44448.00;0.00;A2A3_0;4.60;0.00;tripinfo_flow_0.480 emissions_flow_0.480;98.00;flow_0.480;0;632.42;1.06;0.00;51.96;car;;1;36.00;277650.958976;6606.495366;36.609371;115.204189;6.875480;0;88577.332846
44636.00;E2J1_0;100.00;13.62;44541.00;0.40;A2A3_0;4.60;0.00;tripinfo_flow_0.481 emissions_flow_0.481;95.00;flow_0.481;0;632.42;1.09;0.00;48.74;car;;1;32.00;269956.180089;6136.040117;34.214831;110.906728;6.433451;0;86123.256312
44727.00;E2J1_0;100.00;12.27;44634.00;0.80;A2A3_0;4.60;0.00;tripinfo_flow_0.482 emissions_flow_0.482;93.00;flow_0.482;0;632.42;0.94;0.00;43.56;car;;1;26.00;255881.179129;5639.067211;31.549656;104.444472;5.935454;0;81633.349592
44815.00;E2J1_0;100.00;13.69;44726.00;0.20;A2A3_0;4.60;0.00;tripinfo_flow_0.483 emissions_flow_0.483;89.00;flow_0.483;0;632.42;1.08;0.00;42.06;car;;1;27.00;257768.017347;5505.473664;30.968915;106.085616;6.000668;0;82235.423805
44906.00;E2J1_0;100.00;12.65;44819.00;0.60;A2A3_0;4.60;0.00;tripinfo_flow_0.484 emissions_flow_0.484;87.00;flow_0.484;0;632.42;1.04;0.00;40.74;car;;1;25.00;251659.211626;5368.686211;30.405479;104.094997;5.883074;0;80286.272272
44996.00;E2J1_0;100.00;12.98;44911.00;0.00;A2A3_0;4.60;0.00;tripinfo_flow_0.485 emissions_flow_0.485;85.00;flow_0.485;0;632.42;1.16;0.00;38.49;car;;1;23.00;249330.680530;5147.604037;29.266094;102.299204;5.681369;0;79543.953485
45086.00;E2J1_0;100.00;12.67;45004.00;0.40;A2A3_0;4.60;0.00;tripinfo_flow_0.486 emissions_flow_0.486;82.00;flow_0.486;0;632.42;1.13;0.00;35.71;car;;1;19.00;240013.541360;4613.310768;26.630293;98.245484;5.284226;0;76572.059015
45176.00;E2J1_0;100.00;12.90;45097.00;0.80;A2A3_0;4.60;0.00;tripinfo_flow_0.487 emissions_flow_0.487;79.00;flow_0.487;0;632.42;1.18;0.00;32.93;car;;1;17.00;232593.780723;4327.124784;25.097957;94.906628;5.032155;0;74205.238976
45269.00;E2J1_0;100.00;11.69;45189.00;0.20;A2A3_0;4.60;0.00;tripinfo_flow_0.488 emissions_flow_0.488;80.00;flow_0.488;0;632.42;0.85;0.00;25.46;car;;1;11.00;206746.241216;3617.419702;21.401182;83.827481;4.214606;0;65959.170647
45356.00;E2J1_0;100.00;13.23;45282.00;0.60;A2A3_0;4.60;0.00;tripinfo_flow_0.489 emissions_flow_0.489;74.00;flow_0.489;0;632.42;1.11;0.00;27.82;car;;1;11.00;224342.945196;3831.792144;22.704855;92.057258;4.689036;0;71573.197645
45447.00;E2J1_0;100.00;11.73;45374.00;0.00;A2A3_0;4.60;0.00;tripinfo_flow_0.490 emissions_flow_0.490;73.00;flow_0.490;0;632.42;0.93;0.00;23.24;car;;1;7.00;199891.646285;3254.800197;19.613161;82.010549;4.077278;0;63772.465161
45536.00;E2J1_0;100.00;12.98;45467.00;0.40;A2A3_0;4.60;0.00;tripinfo_flow_0.491 emissions_flow_0.491;69.00;flow_0.491;0;632.42;1.17;0.00;22.14;car;;1;6.00;210045.464133;3348.990785;20.324782;86.743936;4.337307;0;67011.934828
45625.00;E2J1_0;100.00;13.33;45560.00;0.80;A2A3_0;4.60;0.00;tripinfo_flow_0.492 emissions_flow_0.492;65.00;flow_0.492;0;632.42;1.24;0.00;19.44;car;;1;4.00;200574.461339;2894.467306;17.902844;82.104820;3.935172;0;63991.063709
45716.00;E2J1_0;100.00;13.42;45652.00;0.20;A2A3_0;4.60;0.00;tripinfo_flow_0.493 emissions_flow_0.493;64.00;flow_0.493;0;632.42;1.07;0.00;17.64;car;;1;2.00;201071.546981;2701.039520;17.148436;82.609864;3.855157;0;64149.775522
45806.00;E2J1_0;100.00;12.66;45745.00;0.60;A2A3_0;4.60;0.00;tripinfo_flow_0.494 emissions_flow_0.494;61.00;flow_0.494;0;632.42;0.92;0.00;10.19;car;;0;0.00;169896.198042;1968.555797;13.084320;68.368590;2.940667;0;54204.372563
45899.00;E2J1_0;100.00;12.69;45837.00;0.00;A2A3_0;4.60;0.00;tripinfo_flow_0.495 emissions_flow_0.495;62.00;flow_0.495;0;632.42;0.93;0.00;11.95;car;;0;0.00;177317.561552;2140.739191;14.007085;71.466699;3.129365;0;56571.971191
45989.00;E2J1_0;100.00;12.46;45930.00;0.40;A2A3_0;4.60;0.00;tripinfo_flow_0.496 emissions_flow_0.496;59.00;flow_0.496;0;632.42;0.96;0.00;11.16;car;;0;0.00;165941.757123;1900.195646;12.633680;66.866759;2.886956;0;52942.798128
46080.00;E2J1_0;100.00;13.81;46023.00;0.80;A2A3_0;4.60;0.00;tripinfo_flow_0.497 emissions_flow_0.497;57.00;flow_0.497;0;632.42;1.11;0.00;11.25;car;;0;0.00;176855.028256;1957.719271;13.146058;71.102549;3.053516;0;56424.860252
46171.00;E2J1_0;100.00;12.80;46115.00;0.20;A2A3_0;4.60;0.00;tripinfo_flow_0.498 emissions_flow_0.498;56.00;flow_0.498;0;632.42;1.02;0.00;10.13;car;;0;0.00;170775.789994;1936.849716;12.998372;69.726173;3.076511;0;54484.896590
46265.00;E2J1_0;100.00;12.62;46208.00;0.60;A2A3_0;4.60;0.00;tripinfo_flow_0.499 emissions_flow_0.499;57.00;flow_0.499;0;632.42;1.01;0.00;10.59;car;;0;0.00;169191.046697;1861.816255;12.512761;68.040993;2.932966;0;53979.719757
46378.00;E2J1_0;100.00;9.26;46300.00;0.00;A2A3_0;4.60;0.00;tripinfo_flow_0.500 emissions_flow_0.500;78.00;flow_0.500;0;632.42;0.69;0.00;11.12;car;;0;0.00;158627.976719;2351.554420;14.417329;61.982185;2.699652;0;50608.777322
46450.00;E2J1_0;100.00;13.54;46393.00;0.40;A2A3_0;4.60;0.00;tripinfo_flow_0.501 emissions_flow_0.501;57.00;flow_0.501;0;632.42;1.05;0.00;10.75;car;;0;0.00;165001.207681;1843.499459;12.278246;66.399980;2.854003;0;52642.909640
46544.00;E2J1_0;100.00;13.42;46486.00;0.80;A2A3_0;4.60;0.00;tripinfo_flow_0.502 emissions_flow_0.502;58.00;flow_0.502;0;632.42;1.12;0.00;11.37;car;;0;0.00;172241.001430;1883.308851;12.722766;68.947881;2.930105;0;54952.874504
46636.00;E2J1_0;100.00;12.86;46578.00;0.20;A2A3_0;4.60;0.00;tripinfo_flow_0.503 emissions_flow_0.503;58.00;flow_0.503;0;632.42;1.01;0.00;12.23;car;;0;0.00;170158.656427;2022.917517;13.338572;69.382955;3.095167;0;54287.885688
46728.00;E2J1_0;100.00;13.79;46671.00;0.60;A2A3_0;4.60;0.00;tripinfo_flow_0.504 emissions_flow_0.504;57.00;flow_0.504;0;632.42;1.01;0.00;10.94;car;;0;0.00;167832.648628;1989.361273;13.098091;69.012098;3.112638;0;53545.664758
46819.00;E2J1_0;100.00;12.70;46763.00;0.00;A2A3_0;4.60;0.00;tripinfo_flow_0.505 emissions_flow_0.505;56.00;flow_0.505;0;632.42;1.09;0.00;10.03;car;;0;0.00;166638.099001;1845.070304;12.452056;67.724837;2.937592;0;53164.940972
46976.00;E2J1_0;100.00;13.19;46856.00;0.40;A2A3_0;4.60;0.00;tripinfo_flow_0.506 emissions_flow_0.506;120.00;flow_0.506;0;632.42;1.07;0.00;73.10;car;;1;57.00;325551.727919;8887.291014;47.839020;133.869841;8.509966;0;103857.679423
47066.00;E2J1_0;100.00;12.69;46949.00;0.80;A2A3_0;4.60;0.00;tripinfo_flow_0.507 emissions_flow_0.507;117.00;flow_0.507;0;632.42;1.08;0.00;70.40;car;;1;55.00;319524.104054;8564.094375;46.137592;130.830603;8.233096;0;101935.163787
47157.00;E2J1_0;100.00;12.26;47041.00;0.20;A2A3_0;4.60;0.00;tripinfo_flow_0.508 emissions_flow_0.508;116.00;flow_0.508;0;632.42;0.91;0.00;65.37;car;;1;49.00;300172.681844;8035.449875;43.489332;124.019912;7.794419;0;95761.137900
47247.00;E2J1_0;100.00;11.88;47134.00;0.60;A2A3_0;4.60;0.00;tripinfo_flow_0.509 emissions_flow_0.509;113.00;flow_0.509;0;632.42;0.91;0.00;62.15;car;;1;46.00;293496.964015;7738.089982;41.961659;120.263141;7.459266;0;93631.898686
47337.00;E2J1_0;100.00;12.17;47226.00;0.00;A2A3_0;4.60;0.00;tripinfo_flow_0.510 emissions_flow_0.510;111.00;flow_0.510;0;632.42;0.92;0.00;60.59;car;;1;44.00;287608.366478;7451.474237;40.514364;118.178523;7.282392;0;91753.399447
47426.00;E2J1_0;100.00;12.63;47319.00;0.40;A2A3_0;4.60;0.00;tripinfo_flow_0.511 emissions_flow_0.511;107.00;flow_0.511;0;632.42;1.03;0.00;61.05;car;;1;43.00;293292.921052;7430.232772;40.620133;120.757689;7.388748;0;93567.138649
47516.00;E2J1_0;100.00;12.65;47412.00;0.80;A2A3_0;4.60;0.00;tripinfo_flow_0.512 emissions_flow_0.512;104.00;flow_0.512;0;632.42;1.05;0.00;57.87;car;;1;41.00;295827.832100;7351.922666;40.272190;122.418138;7.452099;0;94375.915243
47606.00;E2J1_0;100.00;13.10;47504.00;0.20;A2A3_0;4.60;0.00;tripinfo_flow_0.513 emissions_flow_0.513;102.00;flow_0.513;0;632.42;1.03;0.00;55.40;car;;1;39.00;281900.001850;6926.633704;37.964862;115.980427;6.997823;0;89932.931841
47696.00;E2J1_0;100.00;13.35;47597.00;0.60;A2A3_0;4.60;0.00;tripinfo_flow_0.514 emissions_flow_0.514;99.00;flow_0.514;0;632.42;1.11;0.00;53.31;car;;1;38.00;281609.904261;6765.447161;37.224454;115.788701;6.919495;0;89840.644681
47789.00;E2J1_0;100.00;11.91;47689.00;0.00;A2A3_0;4.60;0.00;tripinfo_flow_0.515 emissions_flow_0.515;100.00;flow_0.515;0;632.42;0.86;0.00;47.08;car;;1;32.00;252210.215476;6011.022463;33.208717;103.443344;6.087505;0;80461.302291
47877.00;E2J1_0;100.00;12.51;47782.00;0.40;A2A3_0;4.60;0.00;tripinfo_flow_0.516 emissions_flow_0.516;95.00;flow_0.516;0;632.42;0.98;0.00;47.47;car;;1;30.00;269204.442265;6089.877272;34.044527;110.878825;6.414517;0;85883.330786
47967.00;E2J1_0;100.00;13.22;47875.00;0.80;A2A3_0;4.60;0.00;tripinfo_flow_0.517 emissions_flow_0.517;92.00;flow_0.517;0;632.42;0.97;0.00;43.65;car;;1;27.00;258443.582005;5624.862938;31.610063;106.058539;6.012302;0;82450.759479
48055.00;E2J1_0;100.00;13.40;47967.00;0.20;A2A3_0;4.60;0.00;tripinfo_flow_0.518 emissions_flow_0.518;88.00;flow_0.518;0;632.42;1.02;0.00;42.36;car;;1;25.00;254337.100945;5468.199326;30.971622;105.763701;6.017748;0;81140.351612
48146.00;E2J1_0;100.00;13.26;48060.00;0.60;A2A3_0;4.60;0.00;tripinfo_flow_0.519 emissions_flow_0.519;86.00;flow_0.519;0;632.42;0.99;0.00;39.70;car;;1;22.00;237949.617143;4960.688634;28.014901;97.421501;5.429911;0;75913.066279
48236.00;E2J1_0;100.00;13.70;48152.00;0.00;A2A3_0;4.60;0.00;tripinfo_flow_0.520 emissions_flow_0.520;84.00;flow_0.520;0;632.42;1.01;0.00;37.61;car;;1;20.00;250182.923940;5051.144707;28.847989;103.121529;5.667594;0;79815.829563
48326.00;E2J1_0;100.00;13.21;48245.00;0.40;A2A3_0;4.60;0.00;tripinfo_flow_0.521 emissions_flow_0.521;81.00;flow_0.521;0;632.42;1.02;0.00;34.51;car;;1;19.00;240416.502626;4621.510331;26.781320;99.602530;5.379396;0;76700.196773
48416.00;E2J1_0;100.00;12.92;48338.00;0.80;A2A3_0;4.60;0.00;tripinfo_flow_0.522 emissions_flow_0.522;78.00;flow_0.522;0;632.42;0.99;0.00;30.93;car;;1;14.00;223952.488917;4129.510931;24.036139;91.932248;4.848438;0;71448.180456
48505.00;E2J1_0;100.00;13.60;48430.00;0.20;A2A3_0;4.60;0.00;tripinfo_flow_0.523 emissions_flow_0.523;75.00;flow_0.523;0;632.42;1.21;0.00;28.98;car;;1;12.00;222820.863366;3937.791132;23.106062;91.309297;4.719973;0;71087.459865
48595.00;E2J1_0;100.00;13.15;48523.00;0.60;A2A3_0;4.60;0.00;tripinfo_flow_0.524 emissions_flow_0.524;72.00;flow_0.524;0;632.42;1.02;0.00;26.23;car;;1;11.00;218410.117345;3761.448115;22.381355;90.645978;4.681808;0;69680.040736
48686.00;E2J1_0;100.00;12.98;48615.00;0.00;A2A3_0;4.60;0.00;tripinfo_flow_0.525 emissions_flow_0.525;71.00;flow_0.525;0;632.42;0.97;0.00;23.60;car;;1;8.00;212148.321136;3370.840792;20.397694;87.000204;4.306169;0;67682.992597
48775.00;E2J1_0;100.00;13.13;48708.00;0.40;A2A3_0;4.60;0.00;tripinfo_flow_0.526 emissions_flow_0.526;67.00;flow_0.526;0;632.42;0.99;0.00;20.23;car;;1;3.00;204420.822061;2954.107609;18.355359;83.829597;4.010587;0;65218.065904
48865.00;E2J1_0;100.00;13.05;48801.00;0.80;A2A3_0;4.60;0.00;tripinfo_flow_0.527 emissions_flow_0.527;64.00;flow_0.527;0;632.42;1.04;0.00;17.55;car;;1;2.00;196229.233002;2653.188902;16.733047;80.033162;3.725874;0;62605.082173
48959.00;E2J1_0;100.00;11.33;48893.00;0.20;A2A3_0;4.60;0.00;tripinfo_flow_0.528 emissions_flow_0.528;66.00;flow_0.528;0;632.42;0.86;0.00;11.95;car;;0;0.00;154038.335663;1927.751561;12.516932;61.987457;2.710191;0;49144.699221
49047.00;E2J1_0;100.00;12.74;48986.00;0.60;A2A3_0;4.60;0.00;tripinfo_flow_0.529 emissions_flow_0.529;61.00;flow_0.529;0;632.42;0.95;0.00;11.09;car;;0;0.00;170271.423271;1989.865801;13.145062;68.493172;2.962287;0;54324.112259
49144.00;E2J1_0;100.00;10.86;49078.00;0.00;A2A3_0;4.60;0.00;tripinfo_flow_0.530 emissions_flow_0.530;66.00;flow_0.530;0;632.42;0.85;0.00;11.18;car;;0;0.00;155688.166838;1852.709943;12.168748;61.328242;2.558817;0;49671.567548
49233.00;E2J1_0;100.00;12.65;49171.00;0.40;A2A3_0;4.60;0.00;tripinfo_flow_0.531 emissions_flow_0.531;62.00;flow_0.531;0;632.42;0.93;0.00;11.51;car;;0;0.00;176436.092927;1960.189481;13.171309;70.411089;2.966211;0;56291.214606
49321.00;E2J1_0;100.00;13.05;49264.00;0.80;A2A3_0;4.60;0.00;tripinfo_flow_0.532 emissions_flow_0.532;57.00;flow_0.532;0;632.42;1.10;0.00;10.62;car;;0;0.00;164793.864362;1815.464786;12.243911;66.542972;2.860422;0;52576.707243
49412.00;E2J1_0;100.00;13.53;49356.00;0.20;A2A3_0;4.60;0.00;tripinfo_flow_0.533 emissions_flow_0.533;56.00;flow_0.533;0;632.42;1.17;0.00;9.67;car;;0;0.00;166436.409280;1736.815717;11.855585;66.559171;2.785957;0;53101.106514
49507.00;E2J1_0;100.00;13.15;49449.00;0.60;A2A3_0;4.60;0.00;tripinfo_flow_0.534 emissions_flow_0.534;58.00;flow_0.534;0;632.42;1.12;0.00;11.68;car;;0;0.00;173189.125317;2004.052762;13.241128;69.589969;3.042616;0;55255.156279
49598.00;E2J1_0;100.00;12.77;49541.00;0.00;A2A3_0;4.60;0.00;tripinfo_flow_0.535 emissions_flow_0.535;57.00;flow_0.535;0;632.42;1.02;0.00;10.67;car;;0;0.00;173628.511542;1913.565743;12.861971;69.579330;2.979503;0;55395.539266
49697.00;E2J1_0;100.00;11.83;49634.00;0.40;A2A3_0;4.60;0.00;tripinfo_flow_0.536 emissions_flow_0.536;63.00;flow_0.536;0;632.42;0.90;0.00;11.58;car;;0;0.00;164829.303732;1958.006245;12.847997;65.884572;2.840054;0;52587.850860
49785.00;E2J1_0;100.00;13.54;49727.00;0.80;A2A3_0;4.60;0.00;tripinfo_flow_0.537 emissions_flow_0.537;58.00;flow_0.537;0;632.42;1.01;0.00;10.81;car;;0;0.00;170065.494038;2019.998527;13.342851;69.586131;3.118552;0;54258.101417
49875.00;E2J1_0;100.00;13.29;49819.00;0.20;A2A3_0;4.60;0.00;tripinfo_flow_0.538 emissions_flow_0.538;56.00;flow_0.538;0;632.42;1.04;0.00;10.06;car;;0;0.00;168299.573109;1895.305458;12.670586;68.223719;2.981405;0;53695.077683
49971.00;E2J1_0;100.00;13.53;49912.00;0.60;A2A3_0;4.60;0.00;tripinfo_flow_0.539 emissions_flow_0.539;59.00;flow_0.539;0;632.42;0.98;0.00;11.19;car;;0;0.00;173899.242154;1986.080420;13.193921;70.196070;3.051371;0;55481.622223
50126.00;E2J1_0;100.00;13.14;50004.00;0.00;A2A3_0;4.60;0.00;tripinfo_flow_0.540 emissions_flow_0.540;122.00;flow_0.540;0;632.42;1.00;0.00;75.57;car;;1;59.00;334697.758029;9202.695456;49.536007;137.969959;8.828723;0;106775.262149
50216.00;E2J1_0;100.00;12.97;50097.00;0.40;A2A3_0;4.60;0.00;tripinfo_flow_0.541 emissions_flow_0.541;119.00;flow_0.541;0;632.42;1.17;0.00;72.84;car;;1;58.00;321471.137549;8986.933733;48.259822;133.317787;8.624549;0;102555.243818
50307.00;E2J1_0;100.00;12.71;50190.00;0.80;A2A3_0;4.60;0.00;tripinfo_flow_0.542 emissions_flow_0.542;117.00;flow_0.542;0;632.42;0.96;0.00;69.04;car;;1;53.00;311741.237147;8338.654747;45.061816;127.901497;8.037073;0;99452.125504
50397.00;E2J1_0;100.00;12.74;50282.00;0.20;A2A3_0;4.60;0.00;tripinfo_flow_0.543 emissions_flow_0.543;115.00;flow_0.543;0;632.42;0.97;0.00;66.49;car;;1;50.00;309266.214772;8135.046960;44.087067;127.289864;7.930040;0;98662.590776
50488.00;E2J1_0;100.00;11.34;50375.00;0.60;A2A3_0;4.60;0.00;tripinfo_flow_0.544 emissions_flow_0.544;113.00;flow_0.544;0;632.42;0.89;0.00;60.71;car;;1;45.00;283040.914416;7497.102981;40.600715;116.040909;7.214788;0;90296.091830
50561.00;E2J1_0;100.00;9.21;50400.00;0.00;A2A1_0;10.10;0.00;tripinfo_flow_1.7 emissions_flow_1.7;161.00;flow_1.7;0;632.08;1.02;60.00;36.74;bus;;2;11.00;375408.590516;11691.578903;61.669067;155.017788;10.458062;0;119760.391773
50580.00;E2J1_0;100.00;11.38;50467.00;0.00;A2A3_0;4.60;0.00;tripinfo_flow_0.545 emissions_flow_0.545;113.00;flow_0.545;0;632.42;0.84;0.00;57.59;car;;1;41.00;272841.097336;7103.563691;38.591864;111.439058;6.836000;0;87042.369394
50668.00;E2J1_0;100.00;12.15;50560.00;0.40;A2A3_0;4.60;0.00;tripinfo_flow_0.546 emissions_flow_0.546;108.00;flow_0.546;0;632.42;0.90;0.00;56.28;car;;1;40.00;276820.598859;6978.504720;38.063516;112.844439;6.824961;0;88312.377033
50756.00;E2J1_0;100.00;13.02;50653.00;0.80;A2A3_0;4.60;0.00;tripinfo_flow_0.547 emissions_flow_0.547;103.00;flow_0.547;0;632.42;1.13;0.00;56.76;car;;1;41.00;292851.474341;7249.646196;39.706501;121.119875;7.368502;0;93426.482995
50847.00;E2J1_0;100.00;13.01;50745.00;0.20;A2A3_0;4.60;0.00;tripinfo_flow_0.548 emissions_flow_0.548;102.00;flow_0.548;0;632.42;1.00;0.00;55.55;car;;1;40.00;284951.294254;6865.430338;37.708651;116.395123;6.924948;0;90906.828271
50937.00;E2J1_0;100.00;12.23;50838.00;0.60;A2A3_0;4.60;0.00;tripinfo_flow_0.549 emissions_flow_0.549;99.00;flow_0.549;0;632.42;0.96;0.00;50.67;car;;1;35.00;270288.828731;6347.793071;35.113704;110.729415;6.508120;0;86229.159673
51026.00;E2J1_0;100.00;13.36;50930.00;0.00;A2A3_0;4.60;0.00;tripinfo_flow_0.550 emissions_flow_0.550;96.00;flow_0.550;0;632.42;0.99;0.00;48.42;car;;1;31.00;267346.454483;6069.381520;33.839299;109.676214;6.348452;0;85290.722617
51117.00;E2J1_0;100.00;11.80;51023.00;0.40;A2A3_0;4.60;0.00;tripinfo_flow_0.551 emissions_flow_0.551;94.00;flow_0.551;0;632.42;0.93;0.00;44.15;car;;1;28.00;252934.283431;5673.385941;31.707967;103.512525;5.920995;0;80692.938294
51205.00;E2J1_0;100.00;13.52;51116.00;0.80;A2A3_0;4.60;0.00;tripinfo_flow_0.552 emissions_flow_0.552;89.00;flow_0.552;0;632.42;1.13;0.00;43.47;car;;1;27.00;260139.035210;5658.586282;31.761496;107.193791;6.111535;0;82991.639795
51297.00;E2J1_0;100.00;13.07;51208.00;0.20;A2A3_0;4.60;0.00;tripinfo_flow_0.553 emissions_flow_0.553;89.00;flow_0.553;0;632.42;0.95;0.00;40.54;car;;1;23.00;238255.055698;5125.018848;28.920645;97.876134;5.499019;0;76010.035707
51385.00;E2J1_0;100.00;13.57;51301.00;0.60;A2A3_0;4.60;0.00;tripinfo_flow_0.554 emissions_flow_0.554;84.00;flow_0.554;0;632.42;0.99;0.00;37.44;car;;1;22.00;252895.231888;5112.196402;29.308867;105.245441;5.836784;0;80680.808426
51476.00;E2J1_0;100.00;12.65;51393.00;0.00;A2A3_0;4.60;0.00;tripinfo_flow_0.555 emissions_flow_0.555;83.00;flow_0.555;0;632.42;1.00;0.00;35.90;car;;1;19.00;242942.864070;4795.255483;27.498940;99.945145;5.441923;0;77506.255542
51570.00;E2J1_0;100.00;11.49;51486.00;0.40;A2A3_0;4.60;0.00;tripinfo_flow_0.556 emissions_flow_0.556;84.00;flow_0.556;0;632.42;0.83;0.00;28.90;car;;1;14.00;208851.015698;3977.454426;23.042768;84.383506;4.380602;0;66630.291014
51656.00;E2J1_0;100.00;13.47;51579.00;0.80;A2A3_0;4.60;0.00;tripinfo_flow_0.557 emissions_flow_0.557;77.00;flow_0.557;0;632.42;0.98;0.00;29.34;car;;1;13.00;224764.020626;4105.133339;24.024181;92.560272;4.872001;0;71707.021454
51747.00;E2J1_0;100.00;12.08;51671.00;0.20;A2A3_0;4.60;0.00;tripinfo_flow_0.558 emissions_flow_0.558;76.00;flow_0.558;0;632.42;0.93;0.00;26.09;car;;1;11.00;213475.895758;3717.101079;21.994509;87.307033;4.454424;0;68106.081311
51836.00;E2J1_0;100.00;13.12;51764.00;0.60;A2A3_0;4.60;0.00;tripinfo_flow_0.559 emissions_flow_0.559;72.00;flow_0.559;0;632.42;1.07;0.00;26.21;car;;1;8.00;220938.278949;3706.659341;22.066762;90.571215;4.593839;0;70487.121459
51929.00;E2J1_0;100.00;11.80;51856.00;0.00;A2A3_0;4.60;0.00;tripinfo_flow_0.560 emissions_flow_0.560;73.00;flow_0.560;0;632.42;0.86;0.00;18.80;car;;1;3.00;192938.352767;2849.205329;17.614852;77.935468;3.634104;0;61554.762670
52019.00;E2J1_0;100.00;11.10;51949.00;0.40;A2A3_0;4.60;0.00;tripinfo_flow_0.561 emissions_flow_0.561;70.00;flow_0.561;0;632.42;0.86;0.00;16.12;car;;1;1.00;192890.371426;2700.603551;16.956969;78.397181;3.619305;0;61539.540754
52105.00;E2J1_0;100.00;13.02;52042.00;0.80;A2A3_0;4.60;0.00;tripinfo_flow_0.562 emissions_flow_0.562;63.00;flow_0.562;0;632.42;1.24;0.00;17.51;car;;1;2.00;190817.441616;2527.942917;16.076777;78.202844;3.622690;0;60878.445601
52196.00;E2J1_0;100.00;12.92;52134.00;0.20;A2A3_0;4.60;0.00;tripinfo_flow_0.563 emissions_flow_0.563;62.00;flow_0.563;0;632.42;1.03;0.00;15.53;car;;0;0.00;198719.454478;2509.636283;16.156111;80.948761;3.670191;0;63399.809233
52285.00;E2J1_0;100.00;13.07;52227.00;0.60;A2A3_0;4.60;0.00;tripinfo_flow_0.564 emissions_flow_0.564;58.00;flow_0.564;0;632.42;1.06;0.00;11.54;car;;0;0.00;176276.444474;2052.868866;13.514559;71.298904;3.135729;0;56240.000425
52379.00;E2J1_0;100.00;11.98;52319.00;0.00;A2A3_0;4.60;0.00;tripinfo_flow_0.565 emissions_flow_0.565;60.00;flow_0.565;0;632.42;0.93;0.00;10.10;car;;0;0.00;169302.250662;1909.901018;12.831072;68.201778;2.920970;0;54014.949687
52474.00;E2J1_0;100.00;12.13;52412.00;0.40;A2A3_0;4.60;0.00;tripinfo_flow_0.566 emissions_flow_0.566;62.00;flow_0.566;0;632.42;0.90;0.00;11.05;car;;0;0.00;166738.888053;1919.719151;12.774536;66.470814;2.807548;0;53197.196122
52563.00;E2J1_0;100.00;12.54;52505.00;0.80;A2A3_0;4.60;0.00;tripinfo_flow_0.567 emissions_flow_0.567;58.00;flow_0.567;0;632.42;0.97;0.00;10.04;car;;0;0.00;170282.382532;1942.531387;12.920572;68.796166;2.993763;0;54327.655579
52655.00;E2J1_0;100.00;12.84;52597.00;0.20;A2A3_0;4.60;0.00;tripinfo_flow_0.568 emissions_flow_0.568;58.00;flow_0.568;0;632.42;1.02;0.00;11.56;car;;0;0.00;168108.790530;1943.405891;12.843812;68.040203;2.972221;0;53634.132828
52750.00;E2J1_0;100.00;12.82;52690.00;0.60;A2A3_0;4.60;0.00;tripinfo_flow_0.569 emissions_flow_0.569;60.00;flow_0.569;0;632.42;0.97;0.00;12.34;car;;0;0.00;170161.177154;1930.100869;12.905842;68.292484;2.927219;0;54289.079416
52841.00;E2J1_0;100.00;12.74;52782.00;0.00;A2A3_0;4.60;0.00;tripinfo_flow_0.570 emissions_flow_0.570;59.00;flow_0.570;0;632.42;0.98;0.00;11.38;car;;0;0.00;176825.847415;2113.358891;13.810265;71.991839;3.211329;0;56415.040061
52936.00;E2J1_0;100.00;12.10;52875.00;0.40;A2A3_0;4.60;0.00;tripinfo_flow_0.571 emissions_flow_0.571;61.00;flow_0.571;0;632.42;0.93;0.00;11.53;car;;0;0.00;167078.628410;1924.729482;12.771713;67.009688;2.874227;0;53305.541863
53028.00;E2J1_0;100.00;12.28;52968.00;0.80;A2A3_0;4.60;0.00;tripinfo_flow_0.572 emissions_flow_0.572;60.00;flow_0.572;0;632.42;0.95;0.00;11.25;car;;0;0.00;161530.513671;1831.926823;12.274129;65.055406;2.797251;0;51535.437476
53120.00;E2J1_0;100.00;12.42;53060.00;0.20;A2A3_0;4.60;0.00;tripinfo_flow_0.573 emissions_flow_0.573;60.00;flow_0.573;0;632.42;0.98;0.00;11.84;car;;0;0.00;166477.795544;1949.061636;12.833646;67.157249;2.933476;0;53113.763431
53277.00;E2J1_0;100.00;11.88;53153.00;0.60;A2A3_0;4.60;0.00;tripinfo_flow_0.574 emissions_flow_0.574;124.00;flow_0.574;0;632.42;0.92;0.00;74.26;car;;1;58.00;311609.189502;8953.378725;47.889014;128.860991;8.406403;0;99408.744837
53366.00;E2J1_0;100.00;13.21;53245.00;0.00;A2A3_0;4.60;0.00;tripinfo_flow_0.575 emissions_flow_0.575;121.00;flow_0.575;0;632.42;1.07;0.00;73.88;car;;1;59.00;330897.802456;9156.083606;49.232467;136.973389;8.812207;0;105562.756333
53456.00;E2J1_0;100.00;13.67;53338.00;0.40;A2A3_0;4.60;0.00;tripinfo_flow_0.576 emissions_flow_0.576;118.00;flow_0.576;0;632.42;1.12;0.00;72.02;car;;1;56.00;325156.776998;8833.160521;47.468712;133.208615;8.455696;0;103731.961933
53546.00;E2J1_0;100.00;12.91;53431.00;0.80;A2A3_0;4.60;0.00;tripinfo_flow_0.577 emissions_flow_0.577;115.00;flow_0.577;0;632.42;1.00;0.00;68.10;car;;1;51.00;317018.024971;8313.537066;44.992145;130.117815;8.099553;0;101135.803091
53636.00;E2J1_0;100.00;12.89;53523.00;0.20;A2A3_0;4.60;0.00;tripinfo_flow_0.578 emissions_flow_0.578;113.00;flow_0.578;0;632.42;1.09;0.00;66.85;car;;1;50.00;308730.371427;8142.725958;44.151572;127.455688;7.979230;0;98491.549446
53726.00;E2J1_0;100.00;13.28;53616.00;0.60;A2A3_0;4.60;0.00;tripinfo_flow_0.579 emissions_flow_0.579;110.00;flow_0.579;0;632.42;1.01;0.00;63.55;car;;1;45.00;302775.636537;7776.545448;42.409929;125.312272;7.748080;0;96592.015946
53817.00;E2J1_0;100.00;13.05;53708.00;0.00;A2A3_0;4.60;0.00;tripinfo_flow_0.580 emissions_flow_0.580;109.00;flow_0.580;0;632.42;0.95;0.00;59.63;car;;1;44.00;290864.198294;7347.840461;40.013444;118.990411;7.252873;0;92792.600691
53908.00;E2J1_0;100.00;11.87;53801.00;0.40;A2A3_0;4.60;0.00;tripinfo_flow_0.581 emissions_flow_0.581;107.00;flow_0.581;0;632.42;0.93;0.00;56.41;car;;1;41.00;279683.764294;6994.333499;38.268787;114.560584;6.929244;0;89225.756318
53996.00;E2J1_0;100.00;12.62;53894.00;0.80;A2A3_0;4.60;0.00;tripinfo_flow_0.582 emissions_flow_0.582;102.00;flow_0.582;0;632.42;1.06;0.00;55.04;car;;1;39.00;290193.091332;6954.394843;38.303698;118.902322;7.082747;0;92579.037126
54086.00;E2J1_0;100.00;13.11;53986.00;0.20;A2A3_0;4.60;0.00;tripinfo_flow_0.583 emissions_flow_0.583;100.00;flow_0.583;0;632.42;1.06;0.00;53.33;car;;1;37.00;281834.381712;6753.959744;37.330295;116.305558;6.930860;0;89912.050279
54176.00;E2J1_0;100.00;13.01;54079.00;0.60;A2A3_0;4.60;0.00;tripinfo_flow_0.584 emissions_flow_0.584;97.00;flow_0.584;0;632.42;1.25;0.00;50.62;car;;1;36.00;268992.694823;6431.618171;35.418061;110.619052;6.587065;0;85815.467952
54266.00;E2J1_0;100.00;13.56;54171.00;0.00;A2A3_0;4.60;0.00;tripinfo_flow_0.585 emissions_flow_0.585;95.00;flow_0.585;0;632.42;1.06;0.00;48.90;car;;1;31.00;274010.457567;6048.691802;33.893252;112.515340;6.432021;0;87416.972342
54356.00;E2J1_0;100.00;13.67;54264.00;0.40;A2A3_0;4.60;0.00;tripinfo_flow_0.586 emissions_flow_0.586;92.00;flow_0.586;0;632.42;1.05;0.00;45.30;car;;1;29.00;261078.115182;5772.473187;32.308029;107.372459;6.139826;0;83291.107186
54446.00;E2J1_0;100.00;13.56;54357.00;0.80;A2A3_0;4.60;0.00;tripinfo_flow_0.587 emissions_flow_0.587;89.00;flow_0.587;0;632.42;1.12;0.00;42.47;car;;1;26.00;255968.935531;5466.575661;30.856160;105.367497;5.946010;0;81661.367891
54536.00;E2J1_0;100.00;13.43;54449.00;0.20;A2A3_0;4.60;0.00;tripinfo_flow_0.588 emissions_flow_0.588;87.00;flow_0.588;0;632.42;0.97;0.00;39.09;car;;1;22.00;243331.711963;5182.600423;29.417091;101.224140;5.725336;0;77629.355453
54628.00;E2J1_0;100.00;11.63;54542.00;0.60;A2A3_0;4.60;0.00;tripinfo_flow_0.589 emissions_flow_0.589;86.00;flow_0.589;0;632.42;0.93;0.00;35.43;car;;1;19.00;230658.663034;4675.910564;26.736794;95.045429;5.210945;0;73586.868438
54715.00;E2J1_0;100.00;13.15;54634.00;0.00;A2A3_0;4.60;0.00;tripinfo_flow_0.590 emissions_flow_0.590;81.00;flow_0.590;0;632.42;1.11;0.00;34.72;car;;1;19.00;233325.485324;4626.807946;26.449758;96.085279;5.247339;0;74437.989691
54810.00;E2J1_0;100.00;11.69;54727.00;0.40;A2A3_0;4.60;0.00;tripinfo_flow_0.591 emissions_flow_0.591;83.00;flow_0.591;0;632.42;0.87;0.00;29.39;car;;1;12.00;211993.277036;3801.861887;22.309227;85.199124;4.300823;0;67633.249171
54896.00;E2J1_0;100.00;13.72;54820.00;0.80;A2A3_0;4.60;0.00;tripinfo_flow_0.592 emissions_flow_0.592;76.00;flow_0.592;0;632.42;1.00;0.00;28.50;car;;1;10.00;222036.230829;3804.359572;22.503111;90.837051;4.620363;0;70837.296151
54986.00;E2J1_0;100.00;13.18;54912.00;0.20;A2A3_0;4.60;0.00;tripinfo_flow_0.593 emissions_flow_0.593;74.00;flow_0.593;0;632.42;0.99;0.00;26.77;car;;1;12.00;226676.436507;3836.479641;22.833802;92.597422;4.695799;0;72317.826221
55076.00;E2J1_0;100.00;12.63;55005.00;0.60;A2A3_0;4.60;0.00;tripinfo_flow_0.594 emissions_flow_0.594;71.00;flow_0.594;0;632.42;1.05;0.00;24.06;car;;1;8.00;209227.731239;3366.865890;20.247632;85.786737;4.284882;0;66751.246990
55166.00;E2J1_0;100.00;13.53;55097.00;0.00;A2A3_0;4.60;0.00;tripinfo_flow_0.595 emissions_flow_0.595;69.00;flow_0.595;0;632.42;1.00;0.00;22.42;car;;1;6.00;209820.444247;3170.947518;19.515984;86.605411;4.235594;0;66940.391062
55258.00;E2J1_0;100.00;11.77;55190.00;0.40;A2A3_0;4.60;0.00;tripinfo_flow_0.596 emissions_flow_0.596;68.00;flow_0.596;0;632.42;0.90;0.00;16.83;car;;0;0.00;186935.872796;2522.285859;15.958303;75.294904;3.409991;0;59640.206236
55346.00;E2J1_0;100.00;12.24;55283.00;0.80;A2A3_0;4.60;0.00;tripinfo_flow_0.597 emissions_flow_0.597;63.00;flow_0.597;0;632.42;0.92;0.00;13.12;car;;0;0.00;177529.562621;2109.645508;13.840732;71.285289;3.084863;0;56639.718899
55435.00;E2J1_0;100.00;12.52;55375.00;0.20;A2A3_0;4.60;0.00;tripinfo_flow_0.598 emissions_flow_0.598;60.00;flow_0.598;0;632.42;0.95;0.00;11.28;car;;0;0.00;168581.610708;1953.760792;13.008061;68.495081;2.985465;0;53784.787637
55529.00;E2J1_0;100.00;12.25;55468.00;0.60;A2A3_0;4.60;0.00;tripinfo_flow_0.599 emissions_flow_0.599;61.00;flow_0.599;0;632.42;0.94;0.00;11.49;car;;0;0.00;166716.123607;1882.975634;12.588047;66.482837;2.808817;0;53190.053320
55621.00;E2J1_0;100.00;11.87;55560.00;0.00;A2A3_0;4.60;0.00;tripinfo_flow_0.600 emissions_flow_0.600;61.00;flow_0.600;0;632.42;0.93;0.00;10.85;car;;0;0.00;172404.469716;1933.918696;12.882323;68.307874;2.867001;0;55005.067742
55710.00;E2J1_0;100.00;12.75;55653.00;0.40;A2A3_0;4.60;0.00;tripinfo_flow_0.601 emissions_flow_0.601;57.00;flow_0.601;0;632.42;1.06;0.00;11.24;car;;0;0.00;166158.591086;1870.664867;12.423729;66.718840;2.862794;0;53012.185620
55803.00;E2J1_0;100.00;13.71;55746.00;0.80;A2A3_0;4.60;0.00;tripinfo_flow_0.602 emissions_flow_0.602;57.00;flow_0.602;0;632.42;1.05;0.00;10.67;car;;0;0.00;172357.539030;1858.852145;12.455485;68.501274;2.907153;0;54990.353486
55894.00;E2J1_0;100.00;12.80;55838.00;0.20;A2A3_0;4.60;0.00;tripinfo_flow_0.603 emissions_flow_0.603;56.00;flow_0.603;0;632.42;1.13;0.00;10.44;car;;0;0.00;163379.619013;1862.969040;12.420190;66.302723;2.909722;0;52125.304003
55988.00;E2J1_0;100.00;13.86;55931.00;0.60;A2A3_0;4.60;0.00;tripinfo_flow_0.604 emissions_flow_0.604;57.00;flow_0.604;0;632.42;1.02;0.00;11.05;car;;0;0.00;175773.875372;2040.563790;13.545683;71.831043;3.208527;0;56079.448893
56081.00;E2J1_0;100.00;13.00;56023.00;0.00;A2A3_0;4.60;0.00;tripinfo_flow_0.605 emissions_flow_0.605;58.00;flow_0.605;0;632.42;0.96;0.00;9.63;car;;0;0.00;171993.722873;1891.662049;12.669006;68.930732;2.937574;0;54873.921644
56173.00;E2J1_0;100.00;13.46;56116.00;0.40;A2A3_0;4.60;0.00;tripinfo_flow_0.606 emissions_flow_0.606;57.00;flow_0.606;0;632.42;1.14;0.00;10.16;car;;0;0.00;168639.832977;1842.157455;12.403611;67.741365;2.897531;0;53803.899562
56265.00;E2J1_0;100.00;12.67;56209.00;0.80;A2A3_0;4.60;0.00;tripinfo_flow_0.607 emissions_flow_0.607;56.00;flow_0.607;0;632.42;1.00;0.00;10.24;car;;0;0.00;172545.621517;1980.887055;13.190271;70.598239;3.128414;0;55049.479948
56359.00;E2J1_0;100.00;12.95;56301.00;0.20;A2A3_0;4.60;0.00;tripinfo_flow_0.608 emissions_flow_0.608;58.00;flow_0.608;0;632.42;1.01;0.00;10.90;car;;0;0.00;173404.978280;2008.675210;13.327434;70.493845;3.121348;0;55323.765924
56516.00;E2J1_0;100.00;13.88;56394.00;0.60;A2A3_0;4.60;0.00;tripinfo_flow_0.609 emissions_flow_0.609;122.00;flow_0.609;0;632.42;1.11;0.00;75.71;car;;1;59.00;333536.693780;9146.539534;49.094697;136.686836;8.731757;0;106405.215391
56606.00;E2J1_0;100.00;13.08;56486.00;0.00;A2A3_0;4.60;0.00;tripinfo_flow_0.610 emissions_flow_0.610;120.00;flow_0.610;0;632.42;1.00;0.00;73.62;car;;1;55.00;331206.586992;9032.443226;48.544480;136.066150;8.653592;0;105661.786746
56698.00;E2J1_0;100.00;11.30;56579.00;0.40;A2A3_0;4.60;0.00;tripinfo_flow_0.611 emissions_flow_0.611;119.00;flow_0.611;0;632.42;0.90;0.00;67.64;car;;1;50.00;301291.204927;8227.053777;44.281261;123.305868;7.793821;0;96118.083922
56786.00;E2J1_0;100.00;13.56;56672.00;0.80;A2A3_0;4.60;0.00;tripinfo_flow_0.612 emissions_flow_0.612;114.00;flow_0.612;0;632.42;1.18;0.00;68.02;car;;1;50.00;317959.589391;8368.413645;45.288584;131.118071;8.205309;0;101435.985513
56876.00;E2J1_0;100.00;13.45;56764.00;0.20;A2A3_0;4.60;0.00;tripinfo_flow_0.613 emissions_flow_0.613;112.00;flow_0.613;0;632.42;1.02;0.00;64.99;car;;1;49.00;306070.182216;8125.290808;43.904648;126.234071;7.930677;0;97642.880824
56966.00;E2J1_0;100.00;12.69;56857.00;0.60;A2A3_0;4.60;0.00;tripinfo_flow_0.614 emissions_flow_0.614;109.00;flow_0.614;0;632.42;1.02;0.00;62.30;car;;1;45.00;299719.041552;7630.734592;41.680836;123.925583;7.619848;0;95617.032426
57056.00;E2J1_0;100.00;13.83;56949.00;0.00;A2A3_0;4.60;0.00;tripinfo_flow_0.615 emissions_flow_0.615;107.00;flow_0.615;0;632.42;1.13;0.00;60.80;car;;1;45.00;302170.893369;7665.747284;41.877934;124.766031;7.659230;0;96399.345769
57146.00;E2J1_0;100.00;13.36;57042.00;0.40;A2A3_0;4.60;0.00;tripinfo_flow_0.616 emissions_flow_0.616;104.00;flow_0.616;0;632.42;1.10;0.00;57.88;car;;1;42.00;298638.289690;7257.615390;39.891800;122.698315;7.362535;0;95273.013662
57236.00;E2J1_0;100.00;13.39;57135.00;0.80;A2A3_0;4.60;0.00;tripinfo_flow_0.617 emissions_flow_0.617;101.00;flow_0.617;0;632.42;1.08;0.00;54.36;car;;1;36.00;283224.357120;6834.967282;37.642711;116.700178;6.988388;0;90355.541386
57326.00;E2J1_0;100.00;13.14;57227.00;0.20;A2A3_0;4.60;0.00;tripinfo_flow_0.618 emissions_flow_0.618;99.00;flow_0.618;0;632.42;1.05;0.00;52.72;car;;1;37.00;275309.197128;6498.725255;35.874173;113.066326;6.685983;0;87830.738644
57418.00;E2J1_0;100.00;12.32;57320.00;0.60;A2A3_0;4.60;0.00;tripinfo_flow_0.619 emissions_flow_0.619;98.00;flow_0.619;0;632.42;0.90;0.00;46.39;car;;1;32.00;262825.932626;6061.141405;33.672269;107.938844;6.279416;0;83848.263365
57507.00;E2J1_0;100.00;12.54;57412.00;0.00;A2A3_0;4.60;0.00;tripinfo_flow_0.620 emissions_flow_0.620;95.00;flow_0.620;0;632.42;0.93;0.00;43.77;car;;1;29.00;255587.478686;5620.066242;31.409519;103.518513;5.838008;0;81539.883289
57598.00;E2J1_0;100.00;11.21;57505.00;0.40;A2A3_0;4.60;0.00;tripinfo_flow_0.621 emissions_flow_0.621;93.00;flow_0.621;0;632.42;0.90;0.00;40.72;car;;1;25.00;243500.334974;5301.493431;29.824801;99.323934;5.571970;0;77683.499029
57686.00;E2J1_0;100.00;13.09;57598.00;0.80;A2A3_0;4.60;0.00;tripinfo_flow_0.622 emissions_flow_0.622;88.00;flow_0.622;0;632.42;1.03;0.00;41.59;car;;1;25.00;249378.150511;5320.037039;29.867284;101.821938;5.701104;0;79559.028077
57764.00;E2J1_0;100.00;9.21;57600.00;0.00;A2A1_0;10.10;0.00;tripinfo_flow_1.8 emissions_flow_1.8;164.00;flow_1.8;0;632.08;1.05;60.00;40.19;bus;;2;11.00;386302.451150;12174.787410;64.082626;159.209209;10.798618;0;123235.558983
57776.00;E2J1_0;100.00;12.65;57690.00;0.20;A2A3_0;4.60;0.00;tripinfo_flow_0.623 emissions_flow_0.623;86.00;flow_0.623;0;632.42;1.22;0.00;39.89;car;;1;24.00;247563.472522;5171.108809;29.407882;101.909497;5.682112;0;78979.916813
57865.00;E2J1_0;100.00;13.21;57783.00;0.60;A2A3_0;4.60;0.00;tripinfo_flow_0.624 emissions_flow_0.624;82.00;flow_0.624;0;632.42;1.01;0.00;34.85;car;;1;18.00;238707.280241;4632.787952;26.604090;97.453580;5.225383;0;76155.327660
57956.00;E2J1_0;100.00;13.26;57875.00;0.00;A2A3_0;4.60;0.00;tripinfo_flow_0.625 emissions_flow_0.625;81.00;flow_0.625;0;632.42;1.03;0.00;34.32;car;;1;17.00;234688.063885;4488.632251;25.825932;95.714035;5.101440;0;74873.180388
58045.00;E2J1_0;100.00;13.77;57968.00;0.40;A2A3_0;4.60;0.00;tripinfo_flow_0.626 emissions_flow_0.626;77.00;flow_0.626;0;632.42;1.13;0.00;31.32;car;;1;18.00;231183.453983;4352.056227;25.328139;95.475731;5.111946;0;73754.817758
58136.00;E2J1_0;100.00;13.47;58061.00;0.80;A2A3_0;4.60;0.00;tripinfo_flow_0.627 emissions_flow_0.627;75.00;flow_0.627;0;632.42;1.02;0.00;29.16;car;;1;14.00;222835.918253;3931.933103;23.167290;91.067803;4.690403;0;71092.316620
58226.00;E2J1_0;100.00;12.82;58153.00;0.20;A2A3_0;4.60;0.00;tripinfo_flow_0.628 emissions_flow_0.628;73.00;flow_0.628;0;632.42;0.99;0.00;25.83;car;;1;9.00;213323.871995;3618.690329;21.595502;87.935743;4.490458;0;68057.590007
58316.00;E2J1_0;100.00;13.71;58246.00;0.60;A2A3_0;4.60;0.00;tripinfo_flow_0.629 emissions_flow_0.629;70.00;flow_0.629;0;632.42;1.05;0.00;24.00;car;;1;8.00;213741.496269;3415.269453;20.563913;87.304239;4.345450;0;68191.461069
58406.00;E2J1_0;100.00;13.58;58338.00;0.00;A2A3_0;4.60;0.00;tripinfo_flow_0.630 emissions_flow_0.630;68.00;flow_0.630;0;632.42;0.98;0.00;20.97;car;;1;5.00;207615.676916;3080.546480;18.978268;84.733253;4.055100;0;66237.326892
58498.00;E2J1_0;100.00;12.28;58431.00;0.40;A2A3_0;4.60;0.00;tripinfo_flow_0.631 emissions_flow_0.631;67.00;flow_0.631;0;632.42;0.93;0.00;16.59;car;;0;0.00;192532.040132;2666.510092;16.817768;78.825310;3.662100;0;61425.148992
58586.00;E2J1_0;100.00;13.24;58524.00;0.80;A2A3_0;4.60;0.00;tripinfo_flow_0.632 emissions_flow_0.632;62.00;flow_0.632;0;632.42;1.06;0.00;15.12;car;;0;0.00;197304.713002;2558.584816;16.347302;80.912924;3.733097;0;62948.212359
58674.00;E2J1_0;100.00;13.33;58616.00;0.20;A2A3_0;4.60;0.00;tripinfo_flow_0.633 emissions_flow_0.633;58.00;flow_0.633;0;632.42;1.10;0.00;11.93;car;;0;0.00;186263.044226;2200.933744;14.562243;76.643099;3.459458;0;59425.692342
58769.00;E2J1_0;100.00;13.16;58709.00;0.60;A2A3_0;4.60;0.00;tripinfo_flow_0.634 emissions_flow_0.634;60.00;flow_0.634;0;632.42;0.95;0.00;11.14;car;;0;0.00;171987.641722;2077.350536;13.643443;70.172488;3.130604;0;54871.289873
58864.00;E2J1_0;100.00;12.11;58801.00;0.00;A2A3_0;4.60;0.00;tripinfo_flow_0.635 emissions_flow_0.635;63.00;flow_0.635;0;632.42;0.91;0.00;11.37;car;;0;0.00;170516.964572;2024.497224;13.333384;67.788789;2.885850;0;54402.556667
58959.00;E2J1_0;100.00;10.88;58894.00;0.40;A2A3_0;4.60;0.00;tripinfo_flow_0.636 emissions_flow_0.636;65.00;flow_0.636;0;632.42;0.84;0.00;9.78;car;;0;0.00;148669.377216;1825.366699;11.938653;59.928193;2.597560;0;47431.788531
59043.00;E2J1_0;100.00;12.81;58987.00;0.80;A2A3_0;4.60;0.00;tripinfo_flow_0.637 emissions_flow_0.637;56.00;flow_0.637;0;632.42;1.04;0.00;10.15;car;;0;0.00;168782.858736;1802.307567;12.175034;67.708038;2.860296;0;53849.628880
59138.00;E2J1_0;100.00;13.14;59079.00;0.20;A2A3_0;4.60;0.00;tripinfo_flow_0.638 emissions_flow_0.638;59.00;flow_0.638;0;632.42;0.97;0.00;11.11;car;;0;0.00;171359.326889;1936.539787;12.752516;67.906967;2.865306;0;54671.693404
59233.00;E2J1_0;100.00;12.85;59172.00;0.60;A2A3_0;4.60;0.00;tripinfo_flow_0.639 emissions_flow_0.639;61.00;flow_0.639;0;632.42;0.96;0.00;12.17;car;;0;0.00;169824.834334;2052.995179;13.483799;69.190908;3.079715;0;54181.274827
59333.00;E2J1_0;100.00;10.99;59264.00;0.00;A2A3_0;4.60;0.00;tripinfo_flow_0.640 emissions_flow_0.640;69.00;flow_0.640;0;632.42;0.81;0.00;11.82;car;;0;0.00;165591.961408;2137.976167;13.678565;64.894840;2.734238;0;52831.116538
59414.00;E2J1_0;100.00;12.74;59357.00;0.40;A2A3_0;4.60;0.00;tripinfo_flow_0.641 emissions_flow_0.641;57.00;flow_0.641;0;632.42;1.04;0.00;11.27;car;;0;0.00;163823.803714;1883.551186;12.392641;66.164026;2.894826;0;52267.153692
59508.00;E2J1_0;100.00;12.66;59450.00;0.80;A2A3_0;4.60;0.00;tripinfo_flow_0.642 emissions_flow_0.642;58.00;flow_0.642;0;632.42;1.01;0.00;11.48;car;;0;0.00;170827.125227;1872.915697;12.482292;67.685710;2.850727;0;54502.039860
59601.00;E2J1_0;100.00;13.05;59542.00;0.20;A2A3_0;4.60;0.00;tripinfo_flow_0.643 emissions_flow_0.643;59.00;flow_0.643;0;632.42;0.97;0.00;10.57;car;;0;0.00;171795.482523;1914.944823;12.767793;68.550200;2.929829;0;54810.765440
59759.00;E2J1_0;100.00;11.60;59635.00;0.60;A2A3_0;4.60;0.00;tripinfo_flow_0.644 emissions_flow_0.644;124.00;flow_0.644;0;632.42;0.87;0.00;70.28;car;;1;55.00;306070.971953;8607.984501;46.165256;125.421025;8.031026;0;97642.483303
59845.00;E2J1_0;100.00;13.76;59727.00;0.00;A2A3_0;4.60;0.00;tripinfo_flow_0.645 emissions_flow_0.645;118.00;flow_0.645;0;632.42;1.00;0.00;72.03;car;;1;56.00;323832.685299;8731.894717;47.098784;132.973363;8.419729;0;103309.535000
59936.00;E2J1_0;100.00;13.39;59820.00;0.40;A2A3_0;4.60;0.00;tripinfo_flow_0.646 emissions_flow_0.646;116.00;flow_0.646;0;632.42;1.00;0.00;69.47;car;;1;53.00;319789.945069;8560.781598;46.380124;132.932999;8.413508;0;102019.311652
60025.00;E2J1_0;100.00;13.18;59913.00;0.80;A2A3_0;4.60;0.00;tripinfo_flow_0.647 emissions_flow_0.647;112.00;flow_0.647;0;632.42;1.10;0.00;66.39;car;;1;52.00;307888.209578;8167.188427;44.256522;127.080240;7.981456;0;98222.839651
60116.00;E2J1_0;100.00;12.71;60005.00;0.20;A2A3_0;4.60;0.00;tripinfo_flow_0.648 emissions_flow_0.648;111.00;flow_0.648;0;632.42;1.03;0.00;64.68;car;;1;48.00;305148.563329;7971.455420;43.245698;126.297179;7.892258;0;97348.929192
60208.00;E2J1_0;100.00;11.95;60098.00;0.60;A2A3_0;4.60;0.00;tripinfo_flow_0.649 emissions_flow_0.649;110.00;flow_0.649;0;632.42;0.88;0.00;57.24;car;;1;41.00;280203.812419;7138.429686;38.943016;114.674511;6.977752;0;89391.443370
60300.00;E2J1_0;100.00;10.48;60190.00;0.00;A2A3_0;4.60;0.00;tripinfo_flow_0.650 emissions_flow_0.650;110.00;flow_0.650;0;632.42;0.83;0.00;53.43;car;;1;40.00;266874.987099;6898.240636;37.532775;108.723607;6.621215;0;85139.172518
60386.00;E2J1_0;100.00;13.22;60283.00;0.40;A2A3_0;4.60;0.00;tripinfo_flow_0.651 emissions_flow_0.651;103.00;flow_0.651;0;632.42;0.98;0.00;56.03;car;;1;39.00;289428.851945;6951.597473;38.215527;118.662988;7.059793;0;92335.139231
60475.00;E2J1_0;100.00;13.81;60376.00;0.80;A2A3_0;4.60;0.00;tripinfo_flow_0.652 emissions_flow_0.652;99.00;flow_0.652;0;632.42;1.06;0.00;52.64;car;;1;38.00;284257.039871;6830.638305;37.681294;117.696548;7.045400;0;90684.845044
60568.00;E2J1_0;100.00;11.78;60468.00;0.20;A2A3_0;4.60;0.00;tripinfo_flow_0.653 emissions_flow_0.653;100.00;flow_0.653;0;632.42;0.88;0.00;47.33;car;;1;33.00;254703.817669;6138.274624;33.884829;105.029358;6.229877;0;81256.567583
60656.00;E2J1_0;100.00;12.76;60561.00;0.60;A2A3_0;4.60;0.00;tripinfo_flow_0.654 emissions_flow_0.654;95.00;flow_0.654;0;632.42;1.19;0.00;48.97;car;;1;33.00;263775.596558;5991.388523;33.408044;108.121843;6.266548;0;84151.578289
60746.00;E2J1_0;100.00;12.67;60653.00;0.00;A2A3_0;4.60;0.00;tripinfo_flow_0.655 emissions_flow_0.655;93.00;flow_0.655;0;632.42;1.05;0.00;46.01;car;;1;31.00;267168.497250;5979.301361;33.497526;110.161412;6.354562;0;85233.919792
60835.00;E2J1_0;100.00;12.71;60746.00;0.40;A2A3_0;4.60;0.00;tripinfo_flow_0.656 emissions_flow_0.656;89.00;flow_0.656;0;632.42;1.00;0.00;43.20;car;;1;27.00;250629.288518;5490.520342;30.785074;102.993909;5.870033;0;79957.745518
60926.00;E2J1_0;100.00;12.73;60839.00;0.80;A2A3_0;4.60;0.00;tripinfo_flow_0.657 emissions_flow_0.657;87.00;flow_0.657;0;632.42;1.06;0.00;41.12;car;;1;24.00;245024.149161;5182.047121;29.371266;101.374161;5.692277;0;78169.544407
61015.00;E2J1_0;100.00;13.63;60931.00;0.20;A2A3_0;4.60;0.00;tripinfo_flow_0.658 emissions_flow_0.658;84.00;flow_0.658;0;632.42;1.07;0.00;37.45;car;;1;20.00;243450.812322;4894.864509;27.891878;99.797695;5.451341;0;77668.294798
61107.00;E2J1_0;100.00;12.89;61024.00;0.60;A2A3_0;4.60;0.00;tripinfo_flow_0.659 emissions_flow_0.659;83.00;flow_0.659;0;632.42;0.94;0.00;33.75;car;;1;18.00;230857.602564;4437.645131;25.611390;94.095683;5.004843;0;73651.019683
61197.00;E2J1_0;100.00;13.84;61116.00;0.00;A2A3_0;4.60;0.00;tripinfo_flow_0.660 emissions_flow_0.660;81.00;flow_0.660;0;632.42;1.00;0.00;34.46;car;;1;19.00;243106.127728;4695.572853;27.106962;100.354481;5.432497;0;77558.383662
61286.00;E2J1_0;100.00;13.83;61209.00;0.40;A2A3_0;4.60;0.00;tripinfo_flow_0.661 emissions_flow_0.661;77.00;flow_0.661;0;632.42;1.07;0.00;29.83;car;;1;14.00;227914.748162;4117.570509;24.043926;93.275216;4.879184;0;72712.542787
61376.00;E2J1_0;100.00;13.31;61302.00;0.80;A2A3_0;4.60;0.00;tripinfo_flow_0.662 emissions_flow_0.662;74.00;flow_0.662;0;632.42;1.14;0.00;27.55;car;;1;11.00;221034.066353;3773.347226;22.409477;90.714529;4.657464;0;70517.570073
61468.00;E2J1_0;100.00;11.55;61394.00;0.20;A2A3_0;4.60;0.00;tripinfo_flow_0.663 emissions_flow_0.663;74.00;flow_0.663;0;632.42;0.88;0.00;21.03;car;;1;5.00;201491.169262;3153.641136;19.153299;81.658338;3.935960;0;64283.177050
61555.00;E2J1_0;100.00;13.44;61487.00;0.60;A2A3_0;4.60;0.00;tripinfo_flow_0.664 emissions_flow_0.664;68.00;flow_0.664;0;632.42;1.02;0.00;22.17;car;;1;6.00;209888.319893;3179.602962;19.519991;86.612443;4.250108;0;66962.070389
61648.00;E2J1_0;100.00;11.06;61579.00;0.00;A2A3_0;4.60;0.00;tripinfo_flow_0.665 emissions_flow_0.665;69.00;flow_0.665;0;632.42;0.89;0.00;16.88;car;;1;1.00;180623.856388;2493.548976;15.711560;73.272956;3.359119;0;57626.148319
61736.00;E2J1_0;100.00;13.33;61672.00;0.40;A2A3_0;4.60;0.00;tripinfo_flow_0.666 emissions_flow_0.666;64.00;flow_0.666;0;632.42;1.18;0.00;18.11;car;;0;0.00;197765.610718;2662.586426;16.898264;81.103696;3.778083;0;63095.074312
61826.00;E2J1_0;100.00;13.66;61765.00;0.80;A2A3_0;4.60;0.00;tripinfo_flow_0.667 emissions_flow_0.667;61.00;flow_0.667;0;632.42;1.13;0.00;14.93;car;;0;0.00;197681.975076;2578.156864;16.442443;81.595826;3.799558;0;63068.422044
61914.00;E2J1_0;100.00;13.87;61857.00;0.20;A2A3_0;4.60;0.00;tripinfo_flow_0.668 emissions_flow_0.668;57.00;flow_0.668;0;632.42;1.02;0.00;10.65;car;;0;0.00;173734.609856;1932.721845;13.013030;70.487364;3.062863;0;55429.085212
62009.00;E2J1_0;100.00;12.59;61950.00;0.60;A2A3_0;4.60;0.00;tripinfo_flow_0.669 emissions_flow_0.669;59.00;flow_0.669;0;632.42;0.99;0.00;11.75;car;;0;0.00;169384.525505;2007.485044;13.175284;68.465740;3.023152;0;54041.108306
62101.00;E2J1_0;100.00;13.50;62042.00;0.00;A2A3_0;4.60;0.00;tripinfo_flow_0.670 emissions_flow_0.670;59.00;flow_0.670;0;632.42;0.99;0.00;11.61;car;;0;0.00;178075.251598;2000.525453;13.388168;71.607189;3.065811;0;56814.051168
62193.00;E2J1_0;100.00;13.46;62135.00;0.40;A2A3_0;4.60;0.00;tripinfo_flow_0.671 emissions_flow_0.671;58.00;flow_0.671;0;632.42;1.02;0.00;11.39;car;;0;0.00;176057.690256;1975.516061;13.153389;70.747816;3.052989;0;56170.467298
62284.00;E2J1_0;100.00;12.80;62228.00;0.80;A2A3_0;4.60;0.00;tripinfo_flow_0.672 emissions_flow_0.672;56.00;flow_0.672;0;632.42;1.13;0.00;9.73;car;;0;0.00;165790.675248;1762.846602;12.046643;66.859172;2.850249;0;52894.863722
62379.00;E2J1_0;100.00;13.39;62320.00;0.20;A2A3_0;4.60;0.00;tripinfo_flow_0.673 emissions_flow_0.673;59.00;flow_0.673;0;632.42;0.97;0.00;11.07;car;;0;0.00;172731.690814;1986.469044;13.201608;69.751896;3.032573;0;55109.054651
62472.00;E2J1_0;100.00;12.26;62413.00;0.60;A2A3_0;4.60;0.00;tripinfo_flow_0.674 emissions_flow_0.674;59.00;flow_0.674;0;632.42;0.97;0.00;10.76;car;;0;0.00;165440.553564;1983.328921;12.886071;66.717307;2.946657;0;52782.806043
62567.00;E2J1_0;100.00;12.26;62505.00;0.00;A2A3_0;4.60;0.00;tripinfo_flow_0.675 emissions_flow_0.675;62.00;flow_0.675;0;632.42;0.92;0.00;11.32;car;;0;0.00;165976.396308;1942.008507;12.856931;67.099192;2.913227;0;52953.665214
62654.00;E2J1_0;100.00;13.20;62598.00;0.40;A2A3_0;4.60;0.00;tripinfo_flow_0.676 emissions_flow_0.676;56.00;flow_0.676;0;632.42;1.10;0.00;10.28;car;;0;0.00;173766.090112;1917.001050;12.952824;70.473020;3.049286;0;55439.152178
62818.00;E2J1_0;100.00;11.66;62691.00;0.80;A2A3_0;4.60;0.00;tripinfo_flow_0.677 emissions_flow_0.677;127.00;flow_0.677;0;632.42;0.89;0.00;75.16;car;;1;60.00;316951.947549;9197.597591;49.042507;130.141437;8.502188;0;101113.312077
62840.00;E2J1_0;100.00;13.31;62783.00;0.20;A2A3_0;4.60;0.00;tripinfo_flow_0.678 emissions_flow_0.678;57.00;flow_0.678;0;632.42;1.11;0.00;11.15;car;;0;0.00;165928.736400;1876.582228;12.520824;67.417568;2.956745;0;52938.606778
63002.00;E2J1_0;100.00;10.18;62876.00;0.60;A2A3_0;4.60;0.00;tripinfo_flow_0.679 emissions_flow_0.679;126.00;flow_0.679;0;632.42;0.79;0.00;66.53;car;;1;50.00;287380.228631;8217.375919;43.902047;116.933776;7.484778;0;91679.708803
63085.00;E2J1_0;100.00;13.79;62968.00;0.00;A2A3_0;4.60;0.00;tripinfo_flow_0.680 emissions_flow_0.680;117.00;flow_0.680;0;632.42;1.22;0.00;71.47;car;;1;56.00;324500.862135;8829.603060;47.659702;134.600376;8.596869;0;103522.129721
63178.00;E2J1_0;100.00;12.04;63061.00;0.40;A2A3_0;4.60;0.00;tripinfo_flow_0.681 emissions_flow_0.681;117.00;flow_0.681;0;632.42;0.90;0.00;65.92;car;;1;51.00;301173.984059;8103.806260;43.764501;122.537358;7.651244;0;96081.045073
63266.00;E2J1_0;100.00;13.25;63154.00;0.80;A2A3_0;4.60;0.00;tripinfo_flow_0.682 emissions_flow_0.682;112.00;flow_0.682;0;632.42;1.10;0.00;66.07;car;;1;50.00;310354.509698;8092.136552;43.877310;127.228218;7.903651;0;99010.124995
63356.00;E2J1_0;100.00;13.66;63246.00;0.20;A2A3_0;4.60;0.00;tripinfo_flow_0.683 emissions_flow_0.683;110.00;flow_0.683;0;632.42;1.09;0.00;63.07;car;;1;48.00;310707.430499;7881.936924;43.001347;127.633720;7.805068;0;99122.890290
63447.00;E2J1_0;100.00;12.82;63339.00;0.60;A2A3_0;4.60;0.00;tripinfo_flow_0.684 emissions_flow_0.684;108.00;flow_0.684;0;632.42;0.93;0.00;58.02;car;;1;43.00;288052.690813;7273.753395;39.771608;118.044413;7.170045;0;91895.508009
63537.00;E2J1_0;100.00;12.32;63431.00;0.00;A2A3_0;4.60;0.00;tripinfo_flow_0.685 emissions_flow_0.685;106.00;flow_0.685;0;632.42;0.95;0.00;56.87;car;;1;41.00;284480.836225;7202.245212;39.277089;117.202182;7.170818;0;90755.885315
63626.00;E2J1_0;100.00;13.40;63524.00;0.40;A2A3_0;4.60;0.00;tripinfo_flow_0.686 emissions_flow_0.686;102.00;flow_0.686;0;632.42;1.06;0.00;55.06;car;;1;39.00;279211.430999;7034.817378;38.446256;115.821590;7.098491;0;89074.655772
63716.00;E2J1_0;100.00;13.13;63617.00;0.80;A2A3_0;4.60;0.00;tripinfo_flow_0.687 emissions_flow_0.687;99.00;flow_0.687;0;632.42;1.10;0.00;52.05;car;;1;36.00;277640.099842;6513.946513;36.003763;113.920436;6.696516;0;88574.415193
63806.00;E2J1_0;100.00;12.83;63709.00;0.20;A2A3_0;4.60;0.00;tripinfo_flow_0.688 emissions_flow_0.688;97.00;flow_0.688;0;632.42;0.98;0.00;49.21;car;;1;35.00;277479.361143;6428.703780;35.794461;114.830728;6.746690;0;88522.907603
63896.00;E2J1_0;100.00;13.57;63802.00;0.60;A2A3_0;4.60;0.00;tripinfo_flow_0.689 emissions_flow_0.689;94.00;flow_0.689;0;632.42;1.19;0.00;47.48;car;;1;31.00;267805.830963;6080.628355;33.700235;109.421214;6.337447;0;85437.529042
63986.00;E2J1_0;100.00;13.46;63894.00;0.00;A2A3_0;4.60;0.00;tripinfo_flow_0.690 emissions_flow_0.690;92.00;flow_0.690;0;632.42;1.10;0.00;45.97;car;;1;30.00;261644.055553;5957.002485;33.057250;107.540186;6.271954;0;83471.533283
64076.00;E2J1_0;100.00;13.60;63987.00;0.40;A2A3_0;4.60;0.00;tripinfo_flow_0.691 emissions_flow_0.691;89.00;flow_0.691;0;632.42;1.00;0.00;42.19;car;;1;26.00;256882.394759;5435.271107;30.630797;104.839647;5.843535;0;81953.167964
64168.00;E2J1_0;100.00;12.73;64080.00;0.80;A2A3_0;4.60;0.00;tripinfo_flow_0.692 emissions_flow_0.692;88.00;flow_0.692;0;632.42;0.93;0.00;38.12;car;;1;22.00;243139.579503;4906.096780;27.986343;98.633062;5.334951;0;77569.155555
64257.00;E2J1_0;100.00;12.51;64172.00;0.20;A2A3_0;4.60;0.00;tripinfo_flow_0.693 emissions_flow_0.693;85.00;flow_0.693;0;632.42;0.94;0.00;35.25;car;;1;19.00;232606.169159;4586.734314;26.295310;94.886753;5.103141;0;74208.684863
64346.00;E2J1_0;100.00;13.13;64265.00;0.60;A2A3_0;4.60;0.00;tripinfo_flow_0.694 emissions_flow_0.694;81.00;flow_0.694;0;632.42;0.98;0.00;33.13;car;;1;19.00;233190.928437;4462.234769;25.858222;95.594340;5.113316;0;74395.334500
64437.00;E2J1_0;100.00;12.20;64357.00;0.00;A2A3_0;4.60;0.00;tripinfo_flow_0.695 emissions_flow_0.695;80.00;flow_0.695;0;632.42;0.96;0.00;31.34;car;;1;14.00;219294.379097;3949.758657;23.158730;89.646098;4.651495;0;69962.267435
64526.00;E2J1_0;100.00;13.79;64450.00;0.40;A2A3_0;4.60;0.00;tripinfo_flow_0.696 emissions_flow_0.696;76.00;flow_0.696;0;632.42;1.00;0.00;28.92;car;;1;12.00;228020.842486;3997.088453;23.576467;94.285921;4.899863;0;72746.213186
64616.00;E2J1_0;100.00;13.82;64543.00;0.80;A2A3_0;4.60;0.00;tripinfo_flow_0.697 emissions_flow_0.697;73.00;flow_0.697;0;632.42;1.00;0.00;26.80;car;;1;8.00;218763.581351;3594.261130;21.396499;88.796327;4.442895;0;69793.742928
64706.00;E2J1_0;100.00;12.92;64635.00;0.20;A2A3_0;4.60;0.00;tripinfo_flow_0.698 emissions_flow_0.698;71.00;flow_0.698;0;632.42;0.99;0.00;24.01;car;;1;7.00;209127.146640;3404.682423;20.422865;85.928684;4.306285;0;66718.994346
64796.00;E2J1_0;100.00;12.78;64728.00;0.60;A2A3_0;4.60;0.00;tripinfo_flow_0.699 emissions_flow_0.699;68.00;flow_0.699;0;632.42;1.09;0.00;21.80;car;;1;5.00;200736.405093;3053.371807;18.644631;82.530389;4.031183;0;64042.363321
64886.00;E2J1_0;100.00;13.75;64820.00;0.00;A2A3_0;4.60;0.00;tripinfo_flow_0.700 emissions_flow_0.700;66.00;flow_0.700;0;632.42;1.05;0.00;19.59;car;;1;3.00;206257.180492;2909.039180;18.239736;84.851435;4.017662;0;65803.933898
64962.00;E2J1_0;100.00;9.18;64800.00;0.00;A2A1_0;10.10;0.00;tripinfo_flow_1.9 emissions_flow_1.9;162.00;flow_1.9;0;632.08;0.79;60.00;37.29;bus;;2;9.00;385267.343037;11989.185679;63.228886;158.723953;10.683185;0;122905.558751
64975.00;E2J1_0;100.00;12.61;64913.00;0.40;A2A3_0;4.60;0.00;tripinfo_flow_0.701 emissions_flow_0.701;62.00;flow_0.701;0;632.42;1.14;0.00;16.43;car;;0;0.00;190838.790778;2481.289557;15.979554;78.789866;3.649826;0;60885.080917
65064.00;E2J1_0;100.00;13.71;65006.00;0.80;A2A3_0;4.60;0.00;tripinfo_flow_0.702 emissions_flow_0.702;58.00;flow_0.702;0;632.42;1.01;0.00;11.40;car;;0;0.00;168590.852063;1970.948087;13.057002;68.813656;3.063400;0;53787.735297
65155.00;E2J1_0;100.00;13.43;65098.00;0.20;A2A3_0;4.60;0.00;tripinfo_flow_0.703 emissions_flow_0.703;57.00;flow_0.703;0;632.42;1.08;0.00;10.93;car;;0;0.00;169996.824497;1894.124054;12.708030;68.475804;2.950804;0;54236.710463
65251.00;E2J1_0;100.00;13.55;65191.00;0.60;A2A3_0;4.60;0.00;tripinfo_flow_0.704 emissions_flow_0.704;60.00;flow_0.704;0;632.42;0.99;0.00;12.30;car;;0;0.00;171226.459345;2058.491059;13.537391;69.709949;3.110355;0;54628.537351
65339.00;E2J1_0;100.00;13.74;65283.00;0.00;A2A3_0;4.60;0.00;tripinfo_flow_0.705 emissions_flow_0.705;56.00;flow_0.705;0;632.42;1.14;0.00;9.87;car;;0;0.00;166344.857703;1785.568527;12.069536;66.820099;2.851896;0;53071.772847
65435.00;E2J1_0;100.00;12.75;65376.00;0.40;A2A3_0;4.60;0.00;tripinfo_flow_0.706 emissions_flow_0.706;59.00;flow_0.706;0;632.42;0.99;0.00;11.97;car;;0;0.00;169010.732526;1957.229138;12.915380;67.965242;2.958472;0;53922.014932
65525.00;E2J1_0;100.00;13.20;65469.00;0.80;A2A3_0;4.60;0.00;tripinfo_flow_0.707 emissions_flow_0.707;56.00;flow_0.707;0;632.42;1.18;0.00;9.61;car;;0;0.00;165986.066749;1764.444808;11.952492;66.361197;2.811618;0;52957.419393
65618.00;E2J1_0;100.00;13.31;65561.00;0.20;A2A3_0;4.60;0.00;tripinfo_flow_0.708 emissions_flow_0.708;57.00;flow_0.708;0;632.42;1.14;0.00;11.10;car;;0;0.00;167554.089103;1788.476396;11.954874;66.273566;2.761745;0;53457.923688
65717.00;E2J1_0;100.00;11.50;65654.00;0.60;A2A3_0;4.60;0.00;tripinfo_flow_0.709 emissions_flow_0.709;63.00;flow_0.709;0;632.42;0.91;0.00;11.87;car;;0;0.00;165540.573709;1957.422136;12.886521;66.229991;2.842130;0;52814.757060
65802.00;E2J1_0;100.00;13.38;65746.00;0.00;A2A3_0;4.60;0.00;tripinfo_flow_0.710 emissions_flow_0.710;56.00;flow_0.710;0;632.42;1.01;0.00;10.37;car;;0;0.00;165489.087133;1778.387600;11.977039;65.933469;2.788359;0;52798.893615
65900.00;E2J1_0;100.00;11.89;65839.00;0.40;A2A3_0;4.60;0.00;tripinfo_flow_0.711 emissions_flow_0.711;61.00;flow_0.711;0;632.42;0.93;0.00;10.97;car;;0;0.00;164345.439911;1973.343596;12.981628;66.925387;2.963999;0;52433.120462
66059.00;E2J1_0;100.00;11.31;65932.00;0.80;A2A3_0;4.60;0.00;tripinfo_flow_0.712 emissions_flow_0.712;127.00;flow_0.712;0;632.42;0.87;0.00;73.77;car;;1;58.00;309430.239937;8863.983271;47.318259;125.799155;8.116067;0;98714.225062
66081.00;E2J1_0;100.00;12.88;66024.00;0.20;A2A3_0;4.60;0.00;tripinfo_flow_0.713 emissions_flow_0.713;57.00;flow_0.713;0;632.42;1.07;0.00;10.16;car;;0;0.00;166075.404859;1838.924434;12.342409;66.892259;2.878292;0;52985.622504
66236.00;E2J1_0;100.00;12.65;66117.00;0.60;A2A3_0;4.60;0.00;tripinfo_flow_0.714 emissions_flow_0.714;119.00;flow_0.714;0;632.42;1.11;0.00;72.31;car;;1;57.00;322254.507950;8905.433061;47.823922;132.876472;8.539712;0;102805.589164
66330.00;E2J1_0;100.00;11.15;66209.00;0.00;A2A3_0;4.60;0.00;tripinfo_flow_0.715 emissions_flow_0.715;121.00;flow_0.715;0;632.42;0.86;0.00;66.39;car;;1;52.00;297497.961992;8248.431673;44.358276;122.054813;7.753625;0;94907.628474
66416.00;E2J1_0;100.00;13.28;66302.00;0.40;A2A3_0;4.60;0.00;tripinfo_flow_0.716 emissions_flow_0.716;114.00;flow_0.716;0;632.42;1.00;0.00;67.65;car;;1;52.00;315314.474118;8250.717463;44.618339;128.871299;8.011933;0;100592.577564
66511.00;E2J1_0;100.00;10.64;66395.00;0.80;A2A3_0;4.60;0.00;tripinfo_flow_0.717 emissions_flow_0.717;116.00;flow_0.717;0;632.42;0.82;0.00;58.85;car;;1;44.00;274433.577055;7437.473786;40.138575;112.330848;7.016964;0;87549.878023
66596.00;E2J1_0;100.00;13.65;66487.00;0.20;A2A3_0;4.60;0.00;tripinfo_flow_0.718 emissions_flow_0.718;109.00;flow_0.718;0;632.42;1.01;0.00;61.87;car;;1;46.00;302006.185972;7659.103639;41.769617;124.700444;7.650232;0;96346.805033
66686.00;E2J1_0;100.00;13.76;66580.00;0.60;A2A3_0;4.60;0.00;tripinfo_flow_0.719 emissions_flow_0.719;106.00;flow_0.719;0;632.42;1.09;0.00;59.05;car;;1;42.00;297145.698796;7513.544228;41.068466;122.763147;7.541122;0;94796.223907
66776.00;E2J1_0;100.00;12.72;66672.00;0.00;A2A3_0;4.60;0.00;tripinfo_flow_0.720 emissions_flow_0.720;104.00;flow_0.720;0;632.42;1.01;0.00;57.75;car;;1;42.00;288609.241380;7072.221699;38.738838;118.098218;7.099777;0;92073.593731
66866.00;E2J1_0;100.00;12.75;66765.00;0.40;A2A3_0;4.60;0.00;tripinfo_flow_0.721 emissions_flow_0.721;101.00;flow_0.721;0;632.42;1.31;0.00;54.78;car;;1;40.00;274706.593453;6905.980759;37.832791;114.080721;6.992577;0;87637.492813
66956.00;E2J1_0;100.00;13.13;66858.00;0.80;A2A3_0;4.60;0.00;tripinfo_flow_0.722 emissions_flow_0.722;98.00;flow_0.722;0;632.42;1.03;0.00;50.87;car;;1;34.00;273805.742035;6568.545831;36.117382;112.810393;6.728428;0;87350.841594
67047.00;E2J1_0;100.00;12.19;66950.00;0.20;A2A3_0;4.60;0.00;tripinfo_flow_0.723 emissions_flow_0.723;97.00;flow_0.723;0;632.42;0.95;0.00;47.45;car;;1;31.00;250732.891664;5980.744539;33.007474;103.272044;6.120271;0;79989.973990
67136.00;E2J1_0;100.00;12.83;67043.00;0.60;A2A3_0;4.60;0.00;tripinfo_flow_0.724 emissions_flow_0.724;93.00;flow_0.724;0;632.42;1.01;0.00;46.34;car;;1;30.00;262765.714986;5998.930628;33.482829;108.834005;6.353393;0;83828.981692
67226.00;E2J1_0;100.00;13.18;67135.00;0.00;A2A3_0;4.60;0.00;tripinfo_flow_0.725 emissions_flow_0.725;91.00;flow_0.725;0;632.42;0.99;0.00;43.49;car;;1;27.00;260288.063229;5547.792726;31.296614;106.881149;6.024931;0;83039.410762
67317.00;E2J1_0;100.00;12.93;67228.00;0.40;A2A3_0;4.60;0.00;tripinfo_flow_0.726 emissions_flow_0.726;89.00;flow_0.726;0;632.42;0.94;0.00;38.65;car;;1;24.00;247122.719033;5083.352591;28.922715;100.174896;5.459462;0;78839.791621
67405.00;E2J1_0;100.00;12.94;67321.00;0.80;A2A3_0;4.60;0.00;tripinfo_flow_0.727 emissions_flow_0.727;84.00;flow_0.727;0;632.42;1.12;0.00;37.86;car;;1;23.00;245104.201043;4991.798230;28.414782;100.418615;5.530425;0;78195.718208
67496.00;E2J1_0;100.00;13.35;67413.00;0.20;A2A3_0;4.60;0.00;tripinfo_flow_0.728 emissions_flow_0.728;83.00;flow_0.728;0;632.42;1.08;0.00;36.09;car;;1;20.00;239348.504224;4807.334184;27.550296;99.155364;5.470608;0;76359.211027
67589.00;E2J1_0;100.00;11.65;67506.00;0.60;A2A3_0;4.60;0.00;tripinfo_flow_0.729 emissions_flow_0.729;83.00;flow_0.729;0;632.42;0.87;0.00;29.57;car;;1;13.00;210930.537676;3967.102903;23.033942;85.483921;4.441425;0;67293.756601
67676.00;E2J1_0;100.00;12.94;67598.00;0.00;A2A3_0;4.60;0.00;tripinfo_flow_0.730 emissions_flow_0.730;78.00;flow_0.730;0;632.42;0.99;0.00;31.57;car;;1;16.00;224102.424891;4184.231092;24.249241;91.985112;4.902756;0;71496.009857
67765.00;E2J1_0;100.00;13.88;67691.00;0.40;A2A3_0;4.60;0.00;tripinfo_flow_0.731 emissions_flow_0.731;74.00;flow_0.731;0;632.42;1.10;0.00;28.01;car;;1;12.00;226333.225505;3905.961725;23.113462;92.790559;4.753669;0;72208.140910
67855.00;E2J1_0;100.00;12.63;67784.00;0.80;A2A3_0;4.60;0.00;tripinfo_flow_0.732 emissions_flow_0.732;71.00;flow_0.732;0;632.42;1.04;0.00;25.34;car;;1;10.00;216455.552965;3546.798687;21.328779;89.098527;4.490021;0;69056.962099
67946.00;E2J1_0;100.00;13.15;67876.00;0.20;A2A3_0;4.60;0.00;tripinfo_flow_0.733 emissions_flow_0.733;70.00;flow_0.733;0;632.42;1.00;0.00;23.38;car;;1;6.00;208718.647627;3226.656018;19.578596;84.780799;4.128443;0;66589.245372
68038.00;E2J1_0;100.00;12.01;67969.00;0.60;A2A3_0;4.60;0.00;tripinfo_flow_0.734 emissions_flow_0.734;69.00;flow_0.734;0;632.42;0.92;0.00;18.22;car;;1;1.00;192739.424400;2705.055986;16.951609;78.694540;3.673815;0;61491.342831
68126.00;E2J1_0;100.00;13.71;68061.00;0.00;A2A3_0;4.60;0.00;tripinfo_flow_0.735 emissions_flow_0.735;65.00;flow_0.735;0;632.42;1.05;0.00;18.29;car;;1;2.00;205235.499032;2835.130806;17.778015;83.647370;3.914306;0;65478.351972
68215.00;E2J1_0;100.00;12.74;68154.00;0.40;A2A3_0;4.60;0.00;tripinfo_flow_0.736 emissions_flow_0.736;61.00;flow_0.736;0;632.42;0.95;0.00;11.78;car;;0;0.00;176468.580399;2075.727943;13.721658;71.692909;3.145511;0;56301.046747
68307.00;E2J1_0;100.00;12.55;68247.00;0.80;A2A3_0;4.60;0.00;tripinfo_flow_0.737 emissions_flow_0.737;60.00;flow_0.737;0;632.42;0.98;0.00;11.65;car;;0;0.00;167547.669880;2078.774738;13.560236;68.430149;3.093271;0;53454.665196
68396.00;E2J1_0;100.00;13.24;68339.00;0.20;A2A3_0;4.60;0.00;tripinfo_flow_0.738 emissions_flow_0.738;57.00;flow_0.738;0;632.42;1.12;0.00;10.23;car;;0;0.00;166703.460828;1843.378234;12.270066;66.822190;2.872019;0;53186.159286
68492.00;E2J1_0;100.00;13.16;68432.00;0.60;A2A3_0;4.60;0.00;tripinfo_flow_0.739 emissions_flow_0.739;60.00;flow_0.739;0;632.42;0.95;0.00;11.44;car;;0;0.00;165703.178081;1900.602457;12.651046;67.014836;2.920962;0;52866.616559
68581.00;E2J1_0;100.00;13.70;68524.00;0.00;A2A3_0;4.60;0.00;tripinfo_flow_0.740 emissions_flow_0.740;57.00;flow_0.740;0;632.42;1.14;0.00;10.25;car;;0;0.00;171084.091362;1922.677156;12.844422;69.528233;3.036007;0;54583.404075
68674.00;E2J1_0;100.00;13.75;68617.00;0.40;A2A3_0;4.60;0.00;tripinfo_flow_0.741 emissions_flow_0.741;57.00;flow_0.741;0;632.42;1.06;0.00;10.16;car;;0;0.00;167112.051612;1845.346969;12.306778;67.012454;2.874217;0;53316.511238
68773.00;E2J1_0;100.00;11.69;68710.00;0.80;A2A3_0;4.60;0.00;tripinfo_flow_0.742 emissions_flow_0.742;63.00;flow_0.742;0;632.42;0.88;0.00;10.67;car;;0;0.00;161242.697144;1808.129845;12.131357;63.832889;2.645372;0;51443.849283
68858.00;E2J1_0;100.00;13.41;68802.00;0.20;A2A3_0;4.60;0.00;tripinfo_flow_0.743 emissions_flow_0.743;56.00;flow_0.743;0;632.42;1.03;0.00;10.13;car;;0;0.00;172483.006466;1830.329714;12.415273;69.140422;2.919867;0;55030.183134
68952.00;E2J1_0;100.00;13.20;68895.00;0.60;A2A3_0;4.60;0.00;tripinfo_flow_0.744 emissions_flow_0.744;57.00;flow_0.744;0;632.42;0.97;0.00;9.73;car;;0;0.00;170615.536077;1816.124462;12.314253;68.179099;2.863793;0;54434.353069
69050.00;E2J1_0;100.00;11.66;68987.00;0.00;A2A3_0;4.60;0.00;tripinfo_flow_0.745 emissions_flow_0.745;63.00;flow_0.745;0;632.42;0.90;0.00;11.12;car;;0;0.00;163983.658755;1932.672034;12.743313;65.980129;2.849665;0;52317.948006
69141.00;E2J1_0;100.00;12.52;69080.00;0.40;A2A3_0;4.60;0.00;tripinfo_flow_0.746 emissions_flow_0.746;61.00;flow_0.746;0;632.42;0.93;0.00;11.77;car;;0;0.00;166443.516189;1939.577517;12.899331;67.302882;2.917084;0;53102.697823
69230.00;E2J1_0;100.00;12.72;69173.00;0.80;A2A3_0;4.60;0.00;tripinfo_flow_0.747 emissions_flow_0.747;57.00;flow_0.747;0;632.42;1.04;0.00;11.20;car;;0;0.00;168821.962618;1926.856030;12.843397;68.585541;3.004043;0;53861.624914
69386.00;E2J1_0;100.00;12.95;69265.00;0.20;A2A3_0;4.60;0.00;tripinfo_flow_0.748 emissions_flow_0.748;121.00;flow_0.748;0;632.42;1.00;0.00;75.09;car;;1;58.00;332270.435336;9165.080533;49.203269;137.038961;8.800557;0;106000.879161
69477.00;E2J1_0;100.00;12.26;69358.00;0.60;A2A3_0;4.60;0.00;tripinfo_flow_0.749 emissions_flow_0.749;119.00;flow_0.749;0;632.42;0.95;0.00;69.93;car;;1;53.00;310091.301024;8646.595749;46.439849;128.312954;8.260630;0;98924.915471
69565.00;E2J1_0;100.00;12.89;69450.00;0.00;A2A3_0;4.60;0.00;tripinfo_flow_0.750 emissions_flow_0.750;115.00;flow_0.750;0;632.42;1.05;0.00;69.38;car;;1;53.00;322034.223960;8521.891013;46.138713;132.404929;8.290334;0;102735.921981
69656.00;E2J1_0;100.00;13.28;69543.00;0.40;A2A3_0;4.60;0.00;tripinfo_flow_0.751 emissions_flow_0.751;113.00;flow_0.751;0;632.42;1.13;0.00;66.78;car;;1;49.00;306692.751723;8071.249728;43.655939;125.853327;7.849921;0;97841.787334
69746.00;E2J1_0;100.00;13.68;69636.00;0.80;A2A3_0;4.60;0.00;tripinfo_flow_0.752 emissions_flow_0.752;110.00;flow_0.752;0;632.42;0.99;0.00;63.56;car;;1;46.00;306778.226640;7836.127925;42.729066;126.596289;7.794719;0;97869.136434
69836.00;E2J1_0;100.00;13.16;69728.00;0.20;A2A3_0;4.60;0.00;tripinfo_flow_0.753 emissions_flow_0.753;108.00;flow_0.753;0;632.42;1.05;0.00;61.65;car;;1;46.00;302698.593907;7620.020829;41.592927;124.312246;7.599222;0;96568.032635
69926.00;E2J1_0;100.00;13.59;69821.00;0.60;A2A3_0;4.60;0.00;tripinfo_flow_0.754 emissions_flow_0.754;105.00;flow_0.754;0;632.42;1.06;0.00;58.58;car;;1;44.00;296706.966182;7435.164583;40.651077;122.921842;7.529992;0;94656.274012
70017.00;E2J1_0;100.00;12.18;69913.00;0.00;A2A3_0;4.60;0.00;tripinfo_flow_0.755 emissions_flow_0.755;104.00;flow_0.755;0;632.42;0.94;0.00;54.92;car;;1;38.00;275570.027094;6744.499742;37.064968;112.794894;6.743529;0;87913.607827
70106.00;E2J1_0;100.00;12.95;70006.00;0.40;A2A3_0;4.60;0.00;tripinfo_flow_0.756 emissions_flow_0.756;100.00;flow_0.756;0;632.42;1.02;0.00;53.97;car;;1;39.00;285491.534827;6890.782682;37.979469;117.521034;7.033540;0;91078.854242
70196.00;E2J1_0;100.00;13.65;70099.00;0.80;A2A3_0;4.60;0.00;tripinfo_flow_0.757 emissions_flow_0.757;97.00;flow_0.757;0;632.42;1.14;0.00;49.89;car;;1;36.00;275666.509192;6490.389174;35.876735;113.732417;6.739847;0;87944.605003
70286.00;E2J1_0;100.00;13.23;70191.00;0.20;A2A3_0;4.60;0.00;tripinfo_flow_0.758 emissions_flow_0.758;95.00;flow_0.758;0;632.42;1.01;0.00;48.75;car;;1;32.00;263132.550317;6147.588818;34.090582;108.973684;6.428499;0;83945.833508
70376.00;E2J1_0;100.00;12.13;70284.00;0.60;A2A3_0;4.60;0.00;tripinfo_flow_0.759 emissions_flow_0.759;92.00;flow_0.759;0;632.42;0.96;0.00;43.84;car;;1;28.00;253228.442174;5583.644984;31.260430;103.936541;5.921771;0;80786.872442
70467.00;E2J1_0;100.00;12.79;70376.00;0.00;A2A3_0;4.60;0.00;tripinfo_flow_0.760 emissions_flow_0.760;91.00;flow_0.760;0;632.42;0.94;0.00;41.36;car;;1;25.00;246271.422264;5218.841646;29.421251;99.996159;5.552182;0;78567.972593
70556.00;E2J1_0;100.00;13.32;70469.00;0.40;A2A3_0;4.60;0.00;tripinfo_flow_0.761 emissions_flow_0.761;87.00;flow_0.761;0;632.42;0.97;0.00;39.01;car;;1;22.00;246453.736052;5161.872850;29.160800;100.689943;5.581991;0;78626.073481
70648.00;E2J1_0;100.00;11.81;70562.00;0.80;A2A3_0;4.60;0.00;tripinfo_flow_0.762 emissions_flow_0.762;86.00;flow_0.762;0;632.42;0.89;0.00;33.78;car;;1;17.00;223795.582049;4509.155935;25.827325;91.577190;4.958440;0;71397.496385
70736.00;E2J1_0;100.00;13.23;70654.00;0.20;A2A3_0;4.60;0.00;tripinfo_flow_0.763 emissions_flow_0.763;82.00;flow_0.763;0;632.42;1.14;0.00;35.84;car;;1;19.00;241877.700291;4650.843986;26.770437;98.627027;5.277979;0;77166.894585
70830.00;E2J1_0;100.00;11.11;70747.00;0.60;A2A3_0;4.60;0.00;tripinfo_flow_0.764 emissions_flow_0.764;83.00;flow_0.764;0;632.42;0.85;0.00;28.15;car;;1;12.00;216026.979196;3923.199904;22.966628;86.957606;4.414515;0;68920.033341
70916.00;E2J1_0;100.00;13.24;70839.00;0.00;A2A3_0;4.60;0.00;tripinfo_flow_0.765 emissions_flow_0.765;77.00;flow_0.765;0;632.42;1.14;0.00;31.05;car;;1;14.00;228890.701650;4054.367423;23.865913;93.426829;4.832451;0;73024.034635
71006.00;E2J1_0;100.00;13.60;70932.00;0.40;A2A3_0;4.60;0.00;tripinfo_flow_0.766 emissions_flow_0.766;74.00;flow_0.766;0;632.42;1.03;0.00;27.73;car;;1;9.00;220510.865378;3729.729021;22.170279;90.646376;4.629330;0;70350.670117
71095.00;E2J1_0;100.00;13.79;71025.00;0.80;A2A3_0;4.60;0.00;tripinfo_flow_0.767 emissions_flow_0.767;70.00;flow_0.767;0;632.42;1.03;0.00;24.11;car;;1;7.00;220192.589465;3457.237493;21.044557;90.654773;4.493589;0;70249.390683
71192.00;E2J1_0;100.00;10.36;71117.00;0.20;A2A3_0;4.60;0.00;tripinfo_flow_0.768 emissions_flow_0.768;75.00;flow_0.768;0;632.42;0.76;0.00;14.37;car;;1;1.00;168360.699959;2486.497396;15.339700;67.378823;3.058445;0;53713.584148
71276.00;E2J1_0;100.00;13.13;71210.00;0.60;A2A3_0;4.60;0.00;tripinfo_flow_0.769 emissions_flow_0.769;66.00;flow_0.769;0;632.42;0.98;0.00;18.44;car;;1;1.00;196517.466076;2717.906382;17.067758;80.401162;3.774484;0;62696.820921
71365.00;E2J1_0;100.00;12.82;71302.00;0.00;A2A3_0;4.60;0.00;tripinfo_flow_0.770 emissions_flow_0.770;63.00;flow_0.770;0;632.42;1.07;0.00;17.28;car;;1;2.00;199389.667745;2560.101677;16.364226;81.003136;3.684066;0;63613.678122
71454.00;E2J1_0;100.00;13.36;71395.00;0.40;A2A3_0;4.60;0.00;tripinfo_flow_0.771 emissions_flow_0.771;59.00;flow_0.771;0;632.42;1.00;0.00;12.19;car;;0;0.00;187043.861513;2141.653540;14.305804;76.155939;3.334201;0;59675.097050
71561.00;E2J1_0;100.00;9.95;71488.00;0.80;A2A3_0;4.60;0.00;tripinfo_flow_0.772 emissions_flow_0.772;73.00;flow_0.772;0;632.42;0.77;0.00;12.21;car;;0;0.00;158912.650967;2212.588298;13.867168;63.137209;2.777257;0;50699.617044
71646.00;E2J1_0;100.00;11.59;71580.00;0.20;A2A3_0;4.60;0.00;tripinfo_flow_0.773 emissions_flow_0.773;66.00;flow_0.773;0;632.42;0.88;0.00;12.35;car;;0;0.00;172383.504754;2210.437931;14.238519;69.326323;3.062160;0;54997.561156
71732.00;E2J1_0;100.00;13.84;71673.00;0.60;A2A3_0;4.60;0.00;tripinfo_flow_0.774 emissions_flow_0.774;59.00;flow_0.774;0;632.42;1.04;0.00;12.56;car;;0;0.00;177774.959167;2034.456218;13.518825;71.999459;3.153210;0;56718.081010
71840.00;E2J1_0;100.00;10.33;71765.00;0.00;A2A3_0;4.60;0.00;tripinfo_flow_0.775 emissions_flow_0.775;75.00;flow_0.775;0;632.42;0.75;0.00;12.62;car;;0;0.00;167780.028570;2398.646210;14.938516;67.239053;3.016210;0;53528.405041
71915.00;E2J1_0;100.00;12.81;71858.00;0.40;A2A3_0;4.60;0.00;tripinfo_flow_0.776 emissions_flow_0.776;57.00;flow_0.776;0;632.42;1.03;0.00;10.58;car;;0;0.00;168478.762744;1865.473637;12.557270;68.022575;2.931337;0;53752.342150
72011.00;E2J1_0;100.00;12.30;71951.00;0.80;A2A3_0;4.60;0.00;tripinfo_flow_0.777 emissions_flow_0.777;60.00;flow_0.777;0;632.42;0.96;0.00;11.64;car;;0;0.00;164837.021820;2066.696000;13.423783;67.558525;3.051584;0;52589.708768
72101.00;E2J1_0;100.00;13.48;72043.00;0.20;A2A3_0;4.60;0.00;tripinfo_flow_0.778 emissions_flow_0.778;58.00;flow_0.778;0;632.42;1.00;0.00;11.74;car;;0;0.00;171969.411770;2012.637434;13.285310;70.165612;3.115771;0;54865.638347
72164.00;E2J1_0;100.00;9.03;72000.00;0.00;A2A1_0;10.10;0.00;tripinfo_flow_1.10 emissions_flow_1.10;164.00;flow_1.10;0;632.08;0.98;60.00;39.15;bus;;1;12.00;391751.586063;12423.574335;65.343584;161.757532;11.028258;0;124973.738676
72195.00;E2J1_0;100.00;12.88;72136.00;0.60;A2A3_0;4.60;0.00;tripinfo_flow_0.779 emissions_flow_0.779;59.00;flow_0.779;0;632.42;0.97;0.00;10.85;car;;0;0.00;176620.376600;2073.096110;13.733131;72.205011;3.198310;0;56349.381592
72285.00;E2J1_0;100.00;13.42;72228.00;0.00;A2A3_0;4.60;0.00;tripinfo_flow_0.780 emissions_flow_0.780;57.00;flow_0.780;0;632.42;1.04;0.00;11.09;car;;0;0.00;169689.601442;1898.336062;12.646644;68.286328;2.950865;0;54138.741769
72380.00;E2J1_0;100.00;13.44;72321.00;0.40;A2A3_0;4.60;0.00;tripinfo_flow_0.781 emissions_flow_0.781;59.00;flow_0.781;0;632.42;0.99;0.00;11.57;car;;0;0.00;176591.277418;2043.494134;13.441790;70.898425;3.076823;0;56340.617940
72472.00;E2J1_0;100.00;13.12;72414.00;0.80;A2A3_0;4.60;0.00;tripinfo_flow_0.782 emissions_flow_0.782;58.00;flow_0.782;0;632.42;0.97;0.00;10.11;car;;0;0.00;166635.118753;1882.711584;12.538272;67.307330;2.919860;0;53164.056343
72626.00;E2J1_0;100.00;13.18;72506.00;0.20;A2A3_0;4.60;0.00;tripinfo_flow_0.783 emissions_flow_0.783;120.00;flow_0.783;0;632.42;1.01;0.00;73.35;car;;1;58.00;328927.693119;9064.301020;48.747938;135.980894;8.712184;0;104934.339931
72716.00;E2J1_0;100.00;12.64;72599.00;0.60;A2A3_0;4.60;0.00;tripinfo_flow_0.784 emissions_flow_0.784;117.00;flow_0.784;0;632.42;0.95;0.00;68.99;car;;1;53.00;311655.183095;8491.924387;45.802370;128.522184;8.153626;0;99424.201240
72809.00;E2J1_0;100.00;11.11;72691.00;0.00;A2A3_0;4.60;0.00;tripinfo_flow_0.785 emissions_flow_0.785;118.00;flow_0.785;0;632.42;0.89;0.00;65.20;car;;1;51.00;292553.415304;8098.580279;43.526441;120.003035;7.635299;0;93330.292339
72895.00;E2J1_0;100.00;12.85;72784.00;0.40;A2A3_0;4.60;0.00;tripinfo_flow_0.786 emissions_flow_0.786;111.00;flow_0.786;0;632.42;1.10;0.00;64.61;car;;1;50.00;308381.764437;8004.334073;43.518210;127.322253;7.906843;0;98380.516925
72987.00;E2J1_0;100.00;12.00;72877.00;0.80;A2A3_0;4.60;0.00;tripinfo_flow_0.787 emissions_flow_0.787;110.00;flow_0.787;0;632.42;0.95;0.00;60.72;car;;1;44.00;292615.822111;7456.018929;40.513440;119.511126;7.298802;0;93351.350976
73078.00;E2J1_0;100.00;12.19;72969.00;0.20;A2A3_0;4.60;0.00;tripinfo_flow_0.788 emissions_flow_0.788;109.00;flow_0.788;0;632.42;0.93;0.00;59.24;car;;1;43.00;288036.714986;7313.464004;39.933806;118.075015;7.191791;0;91890.358155
73166.00;E2J1_0;100.00;12.78;73062.00;0.60;A2A3_0;4.60;0.00;tripinfo_flow_0.789 emissions_flow_0.789;104.00;flow_0.789;0;632.42;0.97;0.00;56.25;car;;1;39.00;283779.138032;7116.451279;38.992713;117.349091;7.151075;0;90531.940768
73256.00;E2J1_0;100.00;13.55;73154.00;0.00;A2A3_0;4.60;0.00;tripinfo_flow_0.790 emissions_flow_0.790;102.00;flow_0.790;0;632.42;1.04;0.00;55.37;car;;1;39.00;283314.181449;6866.353165;37.632844;116.152932;6.966723;0;90384.404820
73347.00;E2J1_0;100.00;12.08;73247.00;0.40;A2A3_0;4.60;0.00;tripinfo_flow_0.791 emissions_flow_0.791;100.00;flow_0.791;0;632.42;0.95;0.00;50.67;car;;1;35.00;273335.465825;6485.362379;35.832590;112.367102;6.643185;0;87200.888720
73439.00;E2J1_0;100.00;11.42;73340.00;0.80;A2A3_0;4.60;0.00;tripinfo_flow_0.792 emissions_flow_0.792;99.00;flow_0.792;0;632.42;0.87;0.00;45.21;car;;1;30.00;251630.661326;5806.542470;32.251594;102.316908;5.888612;0;80276.927535
73526.00;E2J1_0;100.00;13.28;73432.00;0.20;A2A3_0;4.60;0.00;tripinfo_flow_0.793 emissions_flow_0.793;94.00;flow_0.793;0;632.42;1.00;0.00;47.18;car;;1;31.00;268131.258226;6024.132761;33.543579;110.093920;6.351627;0;85541.222912
73616.00;E2J1_0;100.00;13.20;73525.00;0.60;A2A3_0;4.60;0.00;tripinfo_flow_0.794 emissions_flow_0.794;91.00;flow_0.794;0;632.42;1.08;0.00;44.51;car;;1;28.00;263605.772870;5744.399402;32.326794;108.947089;6.229923;0;84097.470658
73706.00;E2J1_0;100.00;13.55;73617.00;0.00;A2A3_0;4.60;0.00;tripinfo_flow_0.795 emissions_flow_0.795;89.00;flow_0.795;0;632.42;1.01;0.00;42.63;car;;1;27.00;260626.886899;5499.516973;31.095552;107.169998;6.006161;0;83147.544641
73795.00;E2J1_0;100.00;12.65;73710.00;0.40;A2A3_0;4.60;0.00;tripinfo_flow_0.796 emissions_flow_0.796;85.00;flow_0.796;0;632.42;1.16;0.00;39.30;car;;1;25.00;248297.914172;5145.626721;29.244897;102.113975;5.675041;0;79214.352671
73886.00;E2J1_0;100.00;13.07;73803.00;0.80;A2A3_0;4.60;0.00;tripinfo_flow_0.797 emissions_flow_0.797;83.00;flow_0.797;0;632.42;0.98;0.00;35.41;car;;1;20.00;242856.665496;4846.105376;27.690305;99.752457;5.437375;0;77478.720814
73975.00;E2J1_0;100.00;12.65;73895.00;0.20;A2A3_0;4.60;0.00;tripinfo_flow_0.798 emissions_flow_0.798;80.00;flow_0.798;0;632.42;1.14;0.00;34.31;car;;1;19.00;237778.722570;4562.699638;26.334604;97.952889;5.275807;0;75858.902200
74068.00;E2J1_0;100.00;12.35;73988.00;0.60;A2A3_0;4.60;0.00;tripinfo_flow_0.799 emissions_flow_0.799;80.00;flow_0.799;0;632.42;0.91;0.00;29.09;car;;1;12.00;218559.325715;3964.729789;23.196491;89.014451;4.597910;0;69727.738110
74159.00;E2J1_0;100.00;11.46;74080.00;0.00;A2A3_0;4.60;0.00;tripinfo_flow_0.800 emissions_flow_0.800;79.00;flow_0.800;0;632.42;0.84;0.00;24.04;car;;1;11.00;204699.407263;3674.402195;21.599715;83.310876;4.248294;0;65305.924682
74246.00;E2J1_0;100.00;13.65;74173.00;0.40;A2A3_0;4.60;0.00;tripinfo_flow_0.801 emissions_flow_0.801;73.00;flow_0.801;0;632.42;1.12;0.00;26.39;car;;1;9.00;218647.074740;3691.787853;21.948621;89.523732;4.544270;0;69756.146232
74339.00;E2J1_0;100.00;11.58;74266.00;0.80;A2A3_0;4.60;0.00;tripinfo_flow_0.802 emissions_flow_0.802;73.00;flow_0.802;0;632.42;0.87;0.00;19.40;car;;1;4.00;190804.844038;2989.836903;18.197421;77.457527;3.720803;0;60873.750652
74426.00;E2J1_0;100.00;13.42;74358.00;0.20;A2A3_0;4.60;0.00;tripinfo_flow_0.803 emissions_flow_0.803;68.00;flow_0.803;0;632.42;1.19;0.00;20.44;car;;1;4.00;208994.608067;3061.352938;18.821789;85.365701;4.101559;0;66677.411624
74516.00;E2J1_0;100.00;12.64;74451.00;0.60;A2A3_0;4.60;0.00;tripinfo_flow_0.804 emissions_flow_0.804;65.00;flow_0.804;0;632.42;1.14;0.00;18.81;car;;1;3.00;197264.957074;2833.865390;17.562939;80.350851;3.816358;0;62935.289098
74606.00;E2J1_0;100.00;12.78;74543.00;0.00;A2A3_0;4.60;0.00;tripinfo_flow_0.805 emissions_flow_0.805;63.00;flow_0.805;0;632.42;1.03;0.00;16.57;car;;0;0.00;194020.185036;2456.633391;15.794035;78.443313;3.532934;0;61900.726982
74694.00;E2J1_0;100.00;13.47;74636.00;0.40;A2A3_0;4.60;0.00;tripinfo_flow_0.806 emissions_flow_0.806;58.00;flow_0.806;0;632.42;1.05;0.00;11.91;car;;0;0.00;177420.321933;1989.140557;13.357031;71.721492;3.112274;0;56605.040415
74785.00;E2J1_0;100.00;13.03;74729.00;0.80;A2A3_0;4.60;0.00;tripinfo_flow_0.807 emissions_flow_0.807;56.00;flow_0.807;0;632.42;1.10;0.00;10.14;car;;0;0.00;165406.358503;1694.517528;11.439422;64.829893;2.645471;0;52772.998558
74878.00;E2J1_0;100.00;13.51;74821.00;0.20;A2A3_0;4.60;0.00;tripinfo_flow_0.808 emissions_flow_0.808;57.00;flow_0.808;0;632.42;1.09;0.00;10.34;car;;0;0.00;169431.686366;1950.887868;12.948224;69.142676;3.056766;0;54056.050906
74975.00;E2J1_0;100.00;12.42;74914.00;0.60;A2A3_0;4.60;0.00;tripinfo_flow_0.809 emissions_flow_0.809;61.00;flow_0.809;0;632.42;0.95;0.00;11.94;car;;0;0.00;167604.668328;1948.030516;12.815293;66.912338;2.875835;0;53473.494770
75069.00;E2J1_0;100.00;11.98;75006.00;0.00;A2A3_0;4.60;0.00;tripinfo_flow_0.810 emissions_flow_0.810;63.00;flow_0.810;0;632.42;0.92;0.00;12.21;car;;0;0.00;167491.398577;2086.858815;13.587499;67.835675;3.006247;0;53436.769936
75157.00;E2J1_0;100.00;13.42;75099.00;0.40;A2A3_0;4.60;0.00;tripinfo_flow_0.811 emissions_flow_0.811;58.00;flow_0.811;0;632.42;1.03;0.00;10.77;car;;0;0.00;173269.284186;2030.161190;13.368423;70.424350;3.120963;0;55280.473024
75253.00;E2J1_0;100.00;12.23;75192.00;0.80;A2A3_0;4.60;0.00;tripinfo_flow_0.812 emissions_flow_0.812;61.00;flow_0.812;0;632.42;0.95;0.00;12.02;car;;0;0.00;166773.115643;1936.945369;12.746076;66.760595;2.873799;0;53208.146477
75341.00;E2J1_0;100.00;12.72;75284.00;0.20;A2A3_0;4.60;0.00;tripinfo_flow_0.813 emissions_flow_0.813;57.00;flow_0.813;0;632.42;1.06;0.00;10.45;car;;0;0.00;166937.911649;1851.089774;12.406722;67.295676;2.886804;0;53260.780906
75435.00;E2J1_0;100.00;12.75;75377.00;0.60;A2A3_0;4.60;0.00;tripinfo_flow_0.814 emissions_flow_0.814;58.00;flow_0.814;0;632.42;1.11;0.00;11.44;car;;0;0.00;161290.901528;1774.076900;11.956209;64.458367;2.730641;0;51459.272118
75526.00;E2J1_0;100.00;13.87;75469.00;0.00;A2A3_0;4.60;0.00;tripinfo_flow_0.815 emissions_flow_0.815;57.00;flow_0.815;0;632.42;1.10;0.00;10.29;car;;0;0.00;167565.454691;1875.936789;12.576758;67.658536;2.921464;0;53460.914696
75689.00;E2J1_0;100.00;12.12;75562.00;0.40;A2A3_0;4.60;0.00;tripinfo_flow_0.816 emissions_flow_0.816;127.00;flow_0.816;0;632.42;0.88;0.00;74.25;car;;1;57.00;319111.993091;9098.009948;48.677503;130.749513;8.449665;0;101802.675454
75780.00;E2J1_0;100.00;11.11;75655.00;0.80;A2A3_0;4.60;0.00;tripinfo_flow_0.817 emissions_flow_0.817;125.00;flow_0.817;0;632.42;0.81;0.00;67.87;car;;1;54.00;297980.961726;8470.835234;45.328926;121.716917;7.811632;0;95061.537991
75866.00;E2J1_0;100.00;12.66;75747.00;0.20;A2A3_0;4.60;0.00;tripinfo_flow_0.818 emissions_flow_0.818;119.00;flow_0.818;0;632.42;0.99;0.00;71.37;car;;1;55.00;318577.657061;8820.717090;47.453123;132.305468;8.522828;0;101632.216381
75956.00;E2J1_0;100.00;12.89;75840.00;0.60;A2A3_0;4.60;0.00;tripinfo_flow_0.819 emissions_flow_0.819;116.00;flow_0.819;0;632.42;0.99;0.00;68.62;car;;1;51.00;315272.049280;8343.166686;45.125121;129.907170;8.145134;0;100578.553793
76046.00;E2J1_0;100.00;12.75;75932.00;0.00;A2A3_0;4.60;0.00;tripinfo_flow_0.820 emissions_flow_0.820;114.00;flow_0.820;0;632.42;1.00;0.00;67.70;car;;1;53.00;315546.474767;8405.138873;45.463705;130.666036;8.234447;0;100665.822029
76136.00;E2J1_0;100.00;12.78;76025.00;0.40;A2A3_0;4.60;0.00;tripinfo_flow_0.821 emissions_flow_0.821;111.00;flow_0.821;0;632.42;0.99;0.00;64.38;car;;1;48.00;313692.218612;8087.906051;44.021301;129.557557;8.027832;0;100074.740340
76226.00;E2J1_0;100.00;12.83;76118.00;0.80;A2A3_0;4.60;0.00;tripinfo_flow_0.822 emissions_flow_0.822;108.00;flow_0.822;0;632.42;1.00;0.00;62.04;car;;1;44.00;299354.021936;7544.378961;41.189500;122.493133;7.449349;0;95501.099985
76315.00;E2J1_0;100.00;13.78;76210.00;0.20;A2A3_0;4.60;0.00;tripinfo_flow_0.823 emissions_flow_0.823;105.00;flow_0.823;0;632.42;1.02;0.00;59.23;car;;1;42.00;288473.902121;7203.383501;39.438742;118.635902;7.215122;0;92029.997845
76413.00;E2J1_0;100.00;9.57;76303.00;0.60;A2A3_0;4.60;0.00;tripinfo_flow_0.824 emissions_flow_0.824;110.00;flow_0.824;0;632.42;0.76;0.00;48.65;car;;1;33.00;251689.148500;6297.857318;34.409360;101.183913;5.961570;0;80295.098522
76496.00;E2J1_0;100.00;13.43;76395.00;0.00;A2A3_0;4.60;0.00;tripinfo_flow_0.825 emissions_flow_0.825;101.00;flow_0.825;0;632.42;1.04;0.00;54.00;car;;1;38.00;286879.097288;6869.904294;37.842647;118.109391;7.040454;0;91521.607556
76586.00;E2J1_0;100.00;12.99;76488.00;0.40;A2A3_0;4.60;0.00;tripinfo_flow_0.826 emissions_flow_0.826;98.00;flow_0.826;0;632.42;1.18;0.00;51.86;car;;1;36.00;277516.588957;6520.692219;36.092210;114.579549;6.792426;0;88534.831148
76676.00;E2J1_0;100.00;13.77;76581.00;0.80;A2A3_0;4.60;0.00;tripinfo_flow_0.827 emissions_flow_0.827;95.00;flow_0.827;0;632.42;1.00;0.00;48.72;car;;1;31.00;269848.037415;6117.540065;34.057355;110.831816;6.413811;0;86088.796091
76766.00;E2J1_0;100.00;13.79;76673.00;0.20;A2A3_0;4.60;0.00;tripinfo_flow_0.828 emissions_flow_0.828;93.00;flow_0.828;0;632.42;1.15;0.00;46.54;car;;1;30.00;269061.424889;5885.459325;33.050008;110.801690;6.334257;0;85838.085105
76856.00;E2J1_0;100.00;13.24;76766.00;0.60;A2A3_0;4.60;0.00;tripinfo_flow_0.829 emissions_flow_0.829;90.00;flow_0.829;0;632.42;1.00;0.00;43.34;car;;1;27.00;259073.942777;5624.033433;31.564003;106.179485;6.016179;0;82651.998429
76946.00;E2J1_0;100.00;13.31;76858.00;0.00;A2A3_0;4.60;0.00;tripinfo_flow_0.830 emissions_flow_0.830;88.00;flow_0.830;0;632.42;1.01;0.00;41.45;car;;1;24.00;250918.379683;5233.281194;29.640425;102.701468;5.695362;0;80050.440673
77042.00;E2J1_0;100.00;10.81;76951.00;0.40;A2A3_0;4.60;0.00;tripinfo_flow_0.831 emissions_flow_0.831;91.00;flow_0.831;0;632.42;0.79;0.00;31.45;car;;1;17.00;216244.958894;4413.131564;25.163825;87.527299;4.681108;0;68988.702933
77126.00;E2J1_0;100.00;12.84;77044.00;0.80;A2A3_0;4.60;0.00;tripinfo_flow_0.832 emissions_flow_0.832;82.00;flow_0.832;0;632.42;1.08;0.00;35.39;car;;1;19.00;238094.223256;4720.957524;27.075509;98.406594;5.395440;0;75959.241578
77216.00;E2J1_0;100.00;13.15;77136.00;0.20;A2A3_0;4.60;0.00;tripinfo_flow_0.833 emissions_flow_0.833;80.00;flow_0.833;0;632.42;0.97;0.00;32.53;car;;1;16.00;233887.572053;4364.199737;25.372912;95.766543;5.059540;0;74617.773319
77306.00;E2J1_0;100.00;12.74;77229.00;0.60;A2A3_0;4.60;0.00;tripinfo_flow_0.834 emissions_flow_0.834;77.00;flow_0.834;0;632.42;1.09;0.00;30.96;car;;1;14.00;230076.930275;4176.432495;24.538404;94.760684;4.968585;0;73402.044861
77402.00;E2J1_0;100.00;9.43;77321.00;0.00;A2A3_0;4.60;0.00;tripinfo_flow_0.835 emissions_flow_0.835;81.00;flow_0.835;0;632.42;0.76;0.00;20.09;car;;1;5.00;185762.002727;3157.723485;18.790947;74.993916;3.659910;0;59264.555341
77488.00;E2J1_0;100.00;11.39;77414.00;0.40;A2A3_0;4.60;0.00;tripinfo_flow_0.836 emissions_flow_0.836;74.00;flow_0.836;0;632.42;0.90;0.00;22.48;car;;1;6.00;200605.473023;3231.137780;19.480594;80.821586;3.919039;0;64000.635096
77576.00;E2J1_0;100.00;13.27;77507.00;0.80;A2A3_0;4.60;0.00;tripinfo_flow_0.837 emissions_flow_0.837;69.00;flow_0.837;0;632.42;0.97;0.00;20.74;car;;1;6.00;204851.978204;3018.926088;18.478547;82.730871;3.945108;0;65355.976171
77669.00;E2J1_0;100.00;11.38;77599.00;0.20;A2A3_0;4.60;0.00;tripinfo_flow_0.838 emissions_flow_0.838;70.00;flow_0.838;0;632.42;0.86;0.00;16.15;car;;0;0.00;179806.081710;2530.285499;15.849333;73.027715;3.376801;0;57365.130063
77756.00;E2J1_0;100.00;13.51;77692.00;0.60;A2A3_0;4.60;0.00;tripinfo_flow_0.839 emissions_flow_0.839;64.00;flow_0.839;0;632.42;1.10;0.00;17.44;car;;1;1.00;201537.660264;2681.668237;17.000769;81.995674;3.772588;0;64298.774300
77845.00;E2J1_0;100.00;13.09;77784.00;0.00;A2A3_0;4.60;0.00;tripinfo_flow_0.840 emissions_flow_0.840;61.00;flow_0.840;0;632.42;0.96;0.00;11.86;car;;0;0.00;178441.227000;2142.477806;14.141669;73.469268;3.305731;0;56930.063873
77936.00;E2J1_0;100.00;13.05;77877.00;0.40;A2A3_0;4.60;0.00;tripinfo_flow_0.841 emissions_flow_0.841;59.00;flow_0.841;0;632.42;0.96;0.00;10.86;car;;0;0.00;169007.486248;1889.026874;12.644430;67.932699;2.908499;0;53921.034670
78033.00;E2J1_0;100.00;11.67;77970.00;0.80;A2A3_0;4.60;0.00;tripinfo_flow_0.842 emissions_flow_0.842;63.00;flow_0.842;0;632.42;0.91;0.00;11.86;car;;0;0.00;165727.765294;1988.897056;13.033421;66.362535;2.867667;0;52874.424586
78120.00;E2J1_0;100.00;13.57;78062.00;0.20;A2A3_0;4.60;0.00;tripinfo_flow_0.843 emissions_flow_0.843;58.00;flow_0.843;0;632.42;0.99;0.00;10.97;car;;0;0.00;177544.099561;2044.408357;13.579265;71.633898;3.123090;0;56644.486542
78212.00;E2J1_0;100.00;13.41;78155.00;0.60;A2A3_0;4.60;0.00;tripinfo_flow_0.844 emissions_flow_0.844;57.00;flow_0.844;0;632.42;1.03;0.00;10.53;car;;0;0.00;175524.962987;2051.484505;13.531683;71.495919;3.173135;0;56000.079231
78305.00;E2J1_0;100.00;13.88;78247.00;0.00;A2A3_0;4.60;0.00;tripinfo_flow_0.845 emissions_flow_0.845;58.00;flow_0.845;0;632.42;1.07;0.00;11.55;car;;0;0.00;172226.054408;1882.883784;12.620974;68.916730;2.926759;0;54948.135900
78398.00;E2J1_0;100.00;13.80;78340.00;0.40;A2A3_0;4.60;0.00;tripinfo_flow_0.846 emissions_flow_0.846;58.00;flow_0.846;0;632.42;1.17;0.00;11.59;car;;0;0.00;174865.650723;2022.694958;13.402873;70.640520;3.099869;0;55789.921736
78498.00;E2J1_0;100.00;11.38;78433.00;0.80;A2A3_0;4.60;0.00;tripinfo_flow_0.847 emissions_flow_0.847;65.00;flow_0.847;0;632.42;0.84;0.00;10.41;car;;0;0.00;163012.270438;1958.559003;12.824453;64.504474;2.725419;0;52008.197922
78596.00;E2J1_0;100.00;10.07;78525.00;0.20;A2A3_0;4.60;0.00;tripinfo_flow_0.848 emissions_flow_0.848;71.00;flow_0.848;0;632.42;0.79;0.00;11.64;car;;0;0.00;165502.730399;2180.995585;13.899468;65.719646;2.842283;0;52802.335017
78681.00;E2J1_0;100.00;11.77;78618.00;0.60;A2A3_0;4.60;0.00;tripinfo_flow_0.849 emissions_flow_0.849;63.00;flow_0.849;0;632.42;0.92;0.00;11.91;car;;0;0.00;166308.004811;1990.049461;13.073105;66.570260;2.869918;0;53059.580946
78771.00;E2J1_0;100.00;12.54;78710.00;0.00;A2A3_0;4.60;0.00;tripinfo_flow_0.850 emissions_flow_0.850;61.00;flow_0.850;0;632.42;0.96;0.00;12.86;car;;0;0.00;172347.402787;2019.258929;13.233153;68.888186;2.971063;0;54986.600584
78926.00;E2J1_0;100.00;12.80;78803.00;0.40;A2A3_0;4.60;0.00;tripinfo_flow_0.851 emissions_flow_0.851;123.00;flow_0.851;0;632.42;1.07;0.00;75.91;car;;1;59.00;339444.939168;9276.877566;49.900767;139.692239;8.897881;0;108289.868260
79016.00;E2J1_0;100.00;12.82;78896.00;0.80;A2A3_0;4.60;0.00;tripinfo_flow_0.852 emissions_flow_0.852;120.00;flow_0.852;0;632.42;0.99;0.00;73.57;car;;1;58.00;323844.261874;9017.347464;48.364235;133.868152;8.628279;0;103312.513576
79105.00;E2J1_0;100.00;13.31;78988.00;0.20;A2A3_0;4.60;0.00;tripinfo_flow_0.853 emissions_flow_0.853;117.00;flow_0.853;0;632.42;1.17;0.00;71.46;car;;1;54.00;316541.216081;8692.808177;46.835228;131.385732;8.421875;0;100982.687735
79196.00;E2J1_0;100.00;13.40;79081.00;0.60;A2A3_0;4.60;0.00;tripinfo_flow_0.854 emissions_flow_0.854;115.00;flow_0.854;0;632.42;1.17;0.00;69.15;car;;1;52.00;315245.102086;8316.065984;44.948947;129.491259;8.110728;0;100570.161766
79286.00;E2J1_0;100.00;12.88;79173.00;0.00;A2A3_0;4.60;0.00;tripinfo_flow_0.855 emissions_flow_0.855;113.00;flow_0.855;0;632.42;0.98;0.00;65.19;car;;1;48.00;306477.151430;7822.215724;42.463847;124.774472;7.653695;0;97773.668577
79364.00;E2J1_0;100.00;9.40;79200.00;0.00;A2A1_0;10.10;0.00;tripinfo_flow_1.11 emissions_flow_1.11;164.00;flow_1.11;0;632.08;0.75;60.00;38.56;bus;;2;5.00;388055.024180;11995.534368;63.334474;160.005920;10.731789;0;123794.932963
79379.00;E2J1_0;100.00;11.87;79266.00;0.40;A2A3_0;4.60;0.00;tripinfo_flow_0.856 emissions_flow_0.856;113.00;flow_0.856;0;632.42;0.88;0.00;60.66;car;;1;43.00;290120.557226;7538.685305;41.018081;119.324323;7.350151;0;92554.719015
79466.00;E2J1_0;100.00;13.89;79359.00;0.80;A2A3_0;4.60;0.00;tripinfo_flow_0.857 emissions_flow_0.857;107.00;flow_0.857;0;632.42;1.01;0.00;59.17;car;;1;43.00;296028.793863;7521.799203;41.081773;122.536154;7.549289;0;94439.787742
79557.00;E2J1_0;100.00;12.87;79451.00;0.20;A2A3_0;4.60;0.00;tripinfo_flow_0.858 emissions_flow_0.858;106.00;flow_0.858;0;632.42;0.94;0.00;56.73;car;;1;39.00;280310.751918;7070.174418;38.632568;115.254956;7.006088;0;89425.561925
79646.00;E2J1_0;100.00;13.40;79544.00;0.60;A2A3_0;4.60;0.00;tripinfo_flow_0.859 emissions_flow_0.859;102.00;flow_0.859;0;632.42;1.01;0.00;55.08;car;;1;40.00;285960.129234;7080.785541;38.894703;118.697678;7.214263;0;91227.760951
79739.00;E2J1_0;100.00;11.51;79636.00;0.00;A2A3_0;4.60;0.00;tripinfo_flow_0.860 emissions_flow_0.860;103.00;flow_0.860;0;632.42;0.86;0.00;48.97;car;;1;34.00;258981.377341;6299.790195;34.697182;105.952000;6.272996;0;82621.358267
79825.00;E2J1_0;100.00;13.22;79729.00;0.40;A2A3_0;4.60;0.00;tripinfo_flow_0.861 emissions_flow_0.861;96.00;flow_0.861;0;632.42;1.05;0.00;49.57;car;;1;34.00;273905.243847;6401.711304;35.500291;112.851053;6.656545;0;87382.796990
79916.00;E2J1_0;100.00;13.42;79822.00;0.80;A2A3_0;4.60;0.00;tripinfo_flow_0.862 emissions_flow_0.862;94.00;flow_0.862;0;632.42;1.07;0.00;47.45;car;;1;33.00;271046.331422;6094.759759;33.918690;110.956811;6.389815;0;86471.313519
80006.00;E2J1_0;100.00;13.25;79914.00;0.20;A2A3_0;4.60;0.00;tripinfo_flow_0.863 emissions_flow_0.863;92.00;flow_0.863;0;632.42;1.12;0.00;45.83;car;;1;29.00;262815.611520;5972.835132;33.362043;109.069478;6.366660;0;83844.878698
80096.00;E2J1_0;100.00;12.61;80007.00;0.60;A2A3_0;4.60;0.00;tripinfo_flow_0.864 emissions_flow_0.864;89.00;flow_0.864;0;632.42;1.13;0.00;42.72;car;;1;26.00;253785.127771;5427.632428;30.644170;104.576656;5.903956;0;80964.628629
80188.00;E2J1_0;100.00;11.87;80099.00;0.00;A2A3_0;4.60;0.00;tripinfo_flow_0.865 emissions_flow_0.865;89.00;flow_0.865;0;632.42;0.91;0.00;37.37;car;;1;21.00;238398.713318;4919.051809;27.950257;97.385164;5.347622;0;76056.294091
80276.00;E2J1_0;100.00;13.81;80192.00;0.40;A2A3_0;4.60;0.00;tripinfo_flow_0.866 emissions_flow_0.866;84.00;flow_0.866;0;632.42;1.00;0.00;37.10;car;;1;21.00;250998.991261;5024.410452;28.750716;103.133813;5.654856;0;80076.352890
80366.00;E2J1_0;100.00;13.03;80285.00;0.80;A2A3_0;4.60;0.00;tripinfo_flow_0.867 emissions_flow_0.867;81.00;flow_0.867;0;632.42;1.06;0.00;33.92;car;;1;18.00;233133.045475;4484.082981;25.882808;95.514222;5.122558;0;74376.903054
80456.00;E2J1_0;100.00;12.98;80377.00;0.20;A2A3_0;4.60;0.00;tripinfo_flow_0.868 emissions_flow_0.868;79.00;flow_0.868;0;632.42;0.98;0.00;31.82;car;;1;15.00;230259.358803;4243.095071;24.669841;94.128990;4.939174;0;73460.410370
80546.00;E2J1_0;100.00;12.92;80470.00;0.60;A2A3_0;4.60;0.00;tripinfo_flow_0.869 emissions_flow_0.869;76.00;flow_0.869;0;632.42;0.96;0.00;28.02;car;;1;13.00;224404.334583;3989.896614;23.499298;92.261883;4.784858;0;71592.433840
80636.00;E2J1_0;100.00;13.44;80562.00;0.00;A2A3_0;4.60;0.00;tripinfo_flow_0.870 emissions_flow_0.870;74.00;flow_0.870;0;632.42;1.27;0.00;27.74;car;;1;12.00;220913.826968;3884.347289;22.803316;90.501723;4.687864;0;70479.147472
80727.00;E2J1_0;100.00;12.34;80655.00;0.40;A2A3_0;4.60;0.00;tripinfo_flow_0.871 emissions_flow_0.871;72.00;flow_0.871;0;632.42;0.95;0.00;22.64;car;;1;7.00;212045.236960;3323.578789;20.193108;86.688049;4.246131;0;67650.205421
80816.00;E2J1_0;100.00;12.64;80748.00;0.80;A2A3_0;4.60;0.00;tripinfo_flow_0.872 emissions_flow_0.872;68.00;flow_0.872;0;632.42;1.01;0.00;21.94;car;;1;6.00;209242.237475;3269.406099;19.912739;86.752670;4.324764;0;66755.683445
80906.00;E2J1_0;100.00;13.58;80840.00;0.20;A2A3_0;4.60;0.00;tripinfo_flow_0.873 emissions_flow_0.873;66.00;flow_0.873;0;632.42;1.14;0.00;19.85;car;;1;4.00;203653.643363;2892.107902;17.952697;82.957210;3.930725;0;64973.621828
80996.00;E2J1_0;100.00;12.19;80933.00;0.60;A2A3_0;4.60;0.00;tripinfo_flow_0.874 emissions_flow_0.874;63.00;flow_0.874;0;632.42;0.92;0.00;12.40;car;;0;0.00;175412.476109;2101.518844;13.782318;70.563562;3.075421;0;55964.221555
81084.00;E2J1_0;100.00;13.10;81025.00;0.00;A2A3_0;4.60;0.00;tripinfo_flow_0.875 emissions_flow_0.875;59.00;flow_0.875;0;632.42;1.01;0.00;12.16;car;;0;0.00;185570.580139;2208.981787;14.615674;75.906397;3.384267;0;59204.821069
81190.00;E2J1_0;100.00;9.98;81118.00;0.40;A2A3_0;4.60;0.00;tripinfo_flow_0.876 emissions_flow_0.876;72.00;flow_0.876;0;632.42;0.77;0.00;11.71;car;;0;0.00;155325.336190;2097.900071;13.262483;61.569219;2.669685;0;49555.251893
81268.00;E2J1_0;100.00;13.69;81211.00;0.80;A2A3_0;4.60;0.00;tripinfo_flow_0.877 emissions_flow_0.877;57.00;flow_0.877;0;632.42;1.05;0.00;11.41;car;;0;0.00;175655.563473;1966.913183;13.167195;70.635116;3.041688;0;56042.114298
81359.00;E2J1_0;100.00;13.65;81303.00;0.20;A2A3_0;4.60;0.00;tripinfo_flow_0.878 emissions_flow_0.878;56.00;flow_0.878;0;632.42;1.06;0.00;9.88;car;;0;0.00;165975.342978;1824.577742;12.308456;67.102438;2.895327;0;52953.629986
81453.00;E2J1_0;100.00;13.15;81396.00;0.60;A2A3_0;4.60;0.00;tripinfo_flow_0.879 emissions_flow_0.879;57.00;flow_0.879;0;632.42;1.05;0.00;11.17;car;;0;0.00;174911.484873;1939.981846;13.025244;70.717998;3.066315;0;55804.668255
81546.00;E2J1_0;100.00;13.38;81488.00;0.00;A2A3_0;4.60;0.00;tripinfo_flow_0.880 emissions_flow_0.880;58.00;flow_0.880;0;632.42;1.02;0.00;11.34;car;;0;0.00;169520.847515;1900.541964;12.695816;68.251228;2.952525;0;54084.864739
81640.00;E2J1_0;100.00;13.17;81581.00;0.40;A2A3_0;4.60;0.00;tripinfo_flow_0.881 emissions_flow_0.881;59.00;flow_0.881;0;632.42;0.97;0.00;11.04;car;;0;0.00;170329.491411;1945.777898;12.940370;68.603713;2.961372;0;54342.719980
81731.00;E2J1_0;100.00;12.98;81674.00;0.80;A2A3_0;4.60;0.00;tripinfo_flow_0.882 emissions_flow_0.882;57.00;flow_0.882;0;632.42;1.08;0.00;10.61;car;;0;0.00;169518.269735;1879.141507;12.620480;68.277040;2.931927;0;54084.031374
81823.00;E2J1_0;100.00;13.33;81766.00;0.20;A2A3_0;4.60;0.00;tripinfo_flow_0.883 emissions_flow_0.883;57.00;flow_0.883;0;632.42;1.02;0.00;11.31;car;;0;0.00;174836.775299;1995.581005;13.360606;71.400090;3.151776;0;55780.492985
81920.00;E2J1_0;100.00;12.40;81859.00;0.60;A2A3_0;4.60;0.00;tripinfo_flow_0.884 emissions_flow_0.884;61.00;flow_0.884;0;632.42;0.94;0.00;11.01;car;;0;0.00;168601.886813;2028.321147;13.242958;67.563824;2.940150;0;53791.446918
82079.00;E2J1_0;100.00;12.10;81951.00;0.00;A2A3_0;4.60;0.00;tripinfo_flow_0.885 emissions_flow_0.885;128.00;flow_0.885;0;632.42;0.88;0.00;75.37;car;;1;59.00;326130.362888;9326.487747;49.890945;133.794187;8.653619;0;104041.565041
82171.00;E2J1_0;100.00;10.19;82044.00;0.40;A2A3_0;4.60;0.00;tripinfo_flow_0.886 emissions_flow_0.886;127.00;flow_0.886;0;632.42;0.81;0.00;68.37;car;;1;55.00;299793.235874;8578.331517;45.862279;122.724292;7.902525;0;95639.529396
82256.00;E2J1_0;100.00;13.06;82137.00;0.80;A2A3_0;4.60;0.00;tripinfo_flow_0.887 emissions_flow_0.887;119.00;flow_0.887;0;632.42;0.94;0.00;70.56;car;;1;54.00;314125.524653;8642.088780;46.520432;129.085862;8.216501;0;100212.312661
82346.00;E2J1_0;100.00;13.64;82229.00;0.20;A2A3_0;4.60;0.00;tripinfo_flow_0.888 emissions_flow_0.888;117.00;flow_0.888;0;632.42;1.02;0.00;70.02;car;;1;55.00;322584.723331;8838.570884;47.705430;134.472117;8.611926;0;102910.478220
82436.00;E2J1_0;100.00;12.60;82322.00;0.60;A2A3_0;4.60;0.00;tripinfo_flow_0.889 emissions_flow_0.889;114.00;flow_0.889;0;632.42;0.97;0.00;65.74;car;;1;49.00;300482.765235;7880.698179;42.747384;123.885655;7.726654;0;95860.487087
82526.00;E2J1_0;100.00;13.68;82414.00;0.00;A2A3_0;4.60;0.00;tripinfo_flow_0.890 emissions_flow_0.890;112.00;flow_0.890;0;632.42;1.05;0.00;65.22;car;;1;49.00;311363.747007;8151.606861;44.246253;128.942643;8.058658;0;99331.620951
82616.00;E2J1_0;100.00;13.06;82507.00;0.40;A2A3_0;4.60;0.00;tripinfo_flow_0.891 emissions_flow_0.891;109.00;flow_0.891;0;632.42;1.04;0.00;62.96;car;;1;48.00;302675.507204;7868.666491;42.705343;125.006989;7.781492;0;96560.101554
82712.00;E2J1_0;100.00;9.65;82600.00;0.80;A2A3_0;4.60;0.00;tripinfo_flow_0.892 emissions_flow_0.892;112.00;flow_0.892;0;632.42;0.78;0.00;52.37;car;;1;37.00;262753.545750;6704.323758;36.494738;105.485909;6.285697;0;83824.809198
82797.00;E2J1_0;100.00;11.82;82692.00;0.20;A2A3_0;4.60;0.00;tripinfo_flow_0.893 emissions_flow_0.893;105.00;flow_0.893;0;632.42;0.94;0.00;54.53;car;;1;39.00;273585.241285;6858.725744;37.555556;113.134945;6.889854;0;87279.864577
82885.00;E2J1_0;100.00;13.57;82785.00;0.60;A2A3_0;4.60;0.00;tripinfo_flow_0.894 emissions_flow_0.894;100.00;flow_0.894;0;632.42;1.04;0.00;54.37;car;;1;37.00;281790.426761;6722.320986;37.061162;115.908123;6.875714;0;89898.223012
82976.00;E2J1_0;100.00;13.30;82877.00;0.00;A2A3_0;4.60;0.00;tripinfo_flow_0.895 emissions_flow_0.895;99.00;flow_0.895;0;632.42;1.21;0.00;52.83;car;;1;37.00;278036.251851;6704.260289;36.903403;114.676755;6.862408;0;88700.378867
83068.00;E2J1_0;100.00;12.00;82970.00;0.40;A2A3_0;4.60;0.00;tripinfo_flow_0.896 emissions_flow_0.896;98.00;flow_0.896;0;632.42;0.91;0.00;47.23;car;;1;32.00;255970.188479;6007.313263;33.292350;105.005972;6.144809;0;81660.998670
83157.00;E2J1_0;100.00;12.05;83063.00;0.80;A2A3_0;4.60;0.00;tripinfo_flow_0.897 emissions_flow_0.897;94.00;flow_0.897;0;632.42;0.90;0.00;42.47;car;;1;26.00;246689.182997;5399.676765;30.294300;100.109068;5.614136;0;78700.958480
83246.00;E2J1_0;100.00;13.44;83155.00;0.20;A2A3_0;4.60;0.00;tripinfo_flow_0.898 emissions_flow_0.898;91.00;flow_0.898;0;632.42;1.09;0.00;44.18;car;;1;28.00;262018.760375;5754.975288;32.206352;107.436214;6.125875;0;83591.383830
83338.00;E2J1_0;100.00;12.03;83248.00;0.60;A2A3_0;4.60;0.00;tripinfo_flow_0.899 emissions_flow_0.899;90.00;flow_0.899;0;632.42;0.93;0.00;39.27;car;;1;24.00;239784.272103;5081.076194;28.648548;97.671972;5.420879;0;76498.269610
83425.00;E2J1_0;100.00;13.53;83340.00;0.00;A2A3_0;4.60;0.00;tripinfo_flow_0.900 emissions_flow_0.900;85.00;flow_0.900;0;632.42;1.01;0.00;38.46;car;;1;22.00;247946.012226;5141.173138;29.157649;102.226090;5.696600;0;79102.020921
83516.00;E2J1_0;100.00;13.49;83433.00;0.40;A2A3_0;4.60;0.00;tripinfo_flow_0.901 emissions_flow_0.901;83.00;flow_0.901;0;632.42;1.06;0.00;36.48;car;;1;21.00;238920.802158;4833.765148;27.593231;98.762426;5.453891;0;76222.783401
83608.00;E2J1_0;100.00;11.75;83526.00;0.80;A2A3_0;4.60;0.00;tripinfo_flow_0.902 emissions_flow_0.902;82.00;flow_0.902;0;632.42;0.92;0.00;31.09;car;;1;13.00;216617.897531;4096.745961;23.744031;88.089471;4.625716;0;69108.167841
83700.00;E2J1_0;100.00;10.90;83618.00;0.20;A2A3_0;4.60;0.00;tripinfo_flow_0.903 emissions_flow_0.903;82.00;flow_0.903;0;632.42;0.82;0.00;25.36;car;;1;11.00;206318.724535;3739.690417;21.912586;83.154728;4.208167;0;65822.705268
83788.00;E2J1_0;100.00;11.85;83711.00;0.60;A2A3_0;4.60;0.00;tripinfo_flow_0.904 emissions_flow_0.904;77.00;flow_0.904;0;632.42;0.91;0.00;25.20;car;;1;11.00;215667.822555;3666.599215;21.736680;87.401616;4.381553;0;68805.749789
83877.00;E2J1_0;100.00;12.36;83803.00;0.00;A2A3_0;4.60;0.00;tripinfo_flow_0.905 emissions_flow_0.905;74.00;flow_0.905;0;632.42;0.95;0.00;24.42;car;;1;8.00;206626.056031;3397.937042;20.342524;84.065351;4.182600;0;65921.217403
83965.00;E2J1_0;100.00;13.48;83896.00;0.40;A2A3_0;4.60;0.00;tripinfo_flow_0.906 emissions_flow_0.906;69.00;flow_0.906;0;632.42;1.09;0.00;23.14;car;;1;7.00;211950.126044;3381.398746;20.320039;86.427375;4.293042;0;67620.013677
84056.00;E2J1_0;100.00;13.03;83989.00;0.80;A2A3_0;4.60;0.00;tripinfo_flow_0.907 emissions_flow_0.907;67.00;flow_0.907;0;632.42;0.97;0.00;19.83;car;;1;2.00;199843.384249;2848.354821;17.661854;81.265002;3.837715;0;63757.985160
84146.00;E2J1_0;100.00;13.25;84081.00;0.20;A2A3_0;4.60;0.00;tripinfo_flow_0.908 emissions_flow_0.908;65.00;flow_0.908;0;632.42;0.99;0.00;17.54;car;;1;1.00;191949.452560;2604.023437;16.452305;79.239857;3.726054;0;61239.295665
84238.00;E2J1_0;100.00;12.09;84174.00;0.60;A2A3_0;4.60;0.00;tripinfo_flow_0.909 emissions_flow_0.909;64.00;flow_0.909;0;632.42;0.91;0.00;12.19;car;;0;0.00;173438.698633;2050.209364;13.485547;68.898627;2.929592;0;55334.747469
84330.00;E2J1_0;100.00;11.44;84266.00;0.00;A2A3_0;4.60;0.00;tripinfo_flow_0.910 emissions_flow_0.910;64.00;flow_0.910;0;632.42;0.89;0.00;11.52;car;;0;0.00;168039.824510;2010.889112;13.165499;66.986290;2.869229;0;53612.141489
84416.00;E2J1_0;100.00;13.82;84359.00;0.40;A2A3_0;4.60;0.00;tripinfo_flow_0.911 emissions_flow_0.911;57.00;flow_0.911;0;632.42;1.12;0.00;11.21;car;;0;0.00;171563.060993;1858.334108;12.423763;68.225950;2.877259;0;54736.807825
84512.00;E2J1_0;100.00;13.46;84452.00;0.80;A2A3_0;4.60;0.00;tripinfo_flow_0.912 emissions_flow_0.912;60.00;flow_0.912;0;632.42;0.97;0.00;11.47;car;;0;0.00;177632.063115;2086.803472;13.784380;71.855536;3.153383;0;56672.392571
84603.00;E2J1_0;100.00;12.95;84544.00;0.20;A2A3_0;4.60;0.00;tripinfo_flow_0.913 emissions_flow_0.913;59.00;flow_0.913;0;632.42;0.97;0.00;11.32;car;;0;0.00;170917.260171;1967.394072;13.023713;68.348833;2.946281;0;54530.389309
84695.00;E2J1_0;100.00;13.09;84637.00;0.60;A2A3_0;4.60;0.00;tripinfo_flow_0.914 emissions_flow_0.914;58.00;flow_0.914;0;632.42;1.05;0.00;11.34;car;;0;0.00;174085.172771;2003.349087;13.334065;70.807714;3.115503;0;55540.769205
84791.00;E2J1_0;100.00;12.14;84729.00;0.00;A2A3_0;4.60;0.00;tripinfo_flow_0.915 emissions_flow_0.915;62.00;flow_0.915;0;632.42;0.90;0.00;10.48;car;;0;0.00;172661.128221;1993.059437;13.292639;69.689723;3.005347;0;55086.439506
84883.00;E2J1_0;100.00;12.92;84822.00;0.40;A2A3_0;4.60;0.00;tripinfo_flow_0.916 emissions_flow_0.916;61.00;flow_0.916;0;632.42;0.95;0.00;11.77;car;;0;0.00;171637.350014;1865.809591;12.574146;68.047462;2.834664;0;54760.415750
84973.00;E2J1_0;100.00;12.33;84915.00;0.80;A2A3_0;4.60;0.00;tripinfo_flow_0.917 emissions_flow_0.917;58.00;flow_0.917;0;632.42;0.96;0.00;9.93;car;;0;0.00;165628.841982;1837.692584;12.273983;66.267144;2.828046;0;52843.242387
85072.00;E2J1_0;100.00;10.96;85007.00;0.20;A2A3_0;4.60;0.00;tripinfo_flow_0.918 emissions_flow_0.918;65.00;flow_0.918;0;632.42;0.88;0.00;11.68;car;;0;0.00;164465.117338;1975.964072;12.949561;65.387255;2.781413;0;52471.657783
85157.00;E2J1_0;100.00;12.66;85100.00;0.60;A2A3_0;4.60;0.00;tripinfo_flow_0.919 emissions_flow_0.919;57.00;flow_0.919;0;632.42;1.00;0.00;10.92;car;;0;0.00;166061.590574;1929.676771;12.688851;67.523310;3.002176;0;52980.946740
85318.00;E2J1_0;100.00;12.00;85192.00;0.00;A2A3_0;4.60;0.00;tripinfo_flow_0.920 emissions_flow_0.920;126.00;flow_0.920;0;632.42;0.92;0.00;75.88;car;;1;60.00;323253.203746;9153.939392;48.953562;131.486040;8.453359;0;103124.243155
85408.00;E2J1_0;100.00;11.31;85285.00;0.40;A2A3_0;4.60;0.00;tripinfo_flow_0.921 emissions_flow_0.921;123.00;flow_0.921;0;632.42;0.90;0.00;71.03;car;;1;57.00;315043.577345;8782.169154;47.120084;128.513112;8.197112;0;100505.275501
85496.00;E2J1_0;100.00;13.56;85378.00;0.80;A2A3_0;4.60;0.00;tripinfo_flow_0.922 emissions_flow_0.922;118.00;flow_0.922;0;632.42;1.02;0.00;70.75;car;;1;56.00;324730.443943;8815.382826;47.631858;134.408304;8.567277;0;103595.481966
85588.00;E2J1_0;100.00;11.94;85470.00;0.20;A2A3_0;4.60;0.00;tripinfo_flow_0.923 emissions_flow_0.923;118.00;flow_0.923;0;632.42;0.90;0.00;66.67;car;;1;50.00;307098.350499;8296.284157;44.670589;125.166794;7.860937;0;97970.995617
85675.00;E2J1_0;100.00;13.37;85563.00;0.60;A2A3_0;4.60;0.00;tripinfo_flow_0.924 emissions_flow_0.924;112.00;flow_0.924;0;632.42;1.11;0.00;66.01;car;;1;51.00;313105.314758;8146.920866;44.187394;128.787841;8.008696;0;99887.604124
85765.00;E2J1_0;100.00;12.75;85655.00;0.00;A2A3_0;4.60;0.00;tripinfo_flow_0.925 emissions_flow_0.925;110.00;flow_0.925;0;632.42;1.00;0.00;63.70;car;;1;47.00;304323.605474;7854.446828;42.762551;125.571748;7.758705;0;97085.926870
85856.00;E2J1_0;100.00;13.77;85748.00;0.40;A2A3_0;4.60;0.00;tripinfo_flow_0.926 emissions_flow_0.926;108.00;flow_0.926;0;632.42;1.00;0.00;61.75;car;;1;45.00;298351.225488;7618.932805;41.447796;122.900175;7.589373;0;95180.867010
85946.00;E2J1_0;100.00;13.37;85841.00;0.80;A2A3_0;4.60;0.00;tripinfo_flow_0.927 emissions_flow_0.927;105.00;flow_0.927;0;632.42;1.07;0.00;58.71;car;;1;42.00;296959.184283;7433.761174;40.571869;122.445543;7.484757;0;94736.961536
86039.00;E2J1_0;100.00;12.21;85933.00;0.20;A2A3_0;4.60;0.00;tripinfo_flow_0.928 emissions_flow_0.928;106.00;flow_0.928;0;632.42;0.89;0.00;54.14;car;;1;38.00;282058.651407;6979.489345;38.340279;116.326496;7.000758;0;89983.183092
86126.00;E2J1_0;100.00;13.05;86026.00;0.60;A2A3_0;4.60;0.00;tripinfo_flow_0.929 emissions_flow_0.929;100.00;flow_0.929;0;632.42;1.00;0.00;53.11;car;;1;36.00;281998.435797;6718.668644;37.077685;115.961250;6.880102;0;89964.616927
86221.00;E2J1_0;100.00;10.41;86118.00;0.00;A2A3_0;4.60;0.00;tripinfo_flow_0.930 emissions_flow_0.930;103.00;flow_0.930;0;632.42;0.83;0.00;46.94;car;;1;31.00;248305.179950;6089.338708;33.452955;101.172317;5.988827;0;79215.398377
86308.00;E2J1_0;100.00;12.22;86211.00;0.40;A2A3_0;4.60;0.00;tripinfo_flow_0.931 emissions_flow_0.931;97.00;flow_0.931;0;632.42;0.92;0.00;46.13;car;;1;30.00;253519.604442;5888.939159;32.643416;103.672320;6.029968;0;80879.401447
86396.00;E2J1_0;100.00;13.83;86304.00;0.80;A2A3_0;4.60;0.00;tripinfo_flow_0.932 emissions_flow_0.932;92.00;flow_0.932;0;632.42;1.11;0.00;45.87;car;;1;30.00;267759.573669;5848.746101;32.800051;109.863643;6.253292;0;85422.897756
86486.00;E2J1_0;100.00;13.78;86396.00;0.20;A2A3_0;4.60;0.00;tripinfo_flow_0.933 emissions_flow_0.933;90.00;flow_0.933;0;632.42;1.09;0.00;43.55;car;;1;28.00;257111.597546;5663.181926;31.765263;106.387523;6.130310;0;82025.565420
